asset_id,cluster,umap_x,umap_y,smooth,disk,spiral,bar,merger,disturbed,ring,irregular,bulge
260773,-1,15.296856,7.04836,0.688,0.312,0.6,0.2,0.0,0.0,0.0,0.2,0.3
208868,-1,15.378765,0.6949031,0.922,0.059,0.0,0.0,1.0,0.0,0.0,0.0,1.0
204909,-1,14.630763,4.6695776,0.188,0.792,0.853,0.735,0.042,0.208,0.208,0.542,0.324
284707,4,17.054821,7.245454,0.426,0.574,0.5,0.5,0.0,0.0,0.0,0.0,0.5
151005,6,10.396172,9.054339,0.6,0.32,0.375,0.0,0.0,0.353,0.118,0.294,0.0
8862,-1,15.519216,1.1670377,0.864,0.091,0.0,0.25,0.333,0.0,0.0,0.0,0.75
253877,-1,11.655833,9.593772,0.535,0.372,0.6,0.0,0.176,0.176,0.059,0.412,0.2
61098,-1,16.487724,8.374289,0.156,0.822,1.0,0.118,0.0,0.0,0.5,0.25,0.647
31475,6,8.1483,11.203464,0.613,0.323,0.2,0.1,0.154,0.0,0.0,0.462,0.0
65850,-1,15.442271,3.7942784,0.895,0.079,0.667,0.0,0.222,0.0,0.0,0.0,1.0
190766,6,9.4394865,9.910283,0.857,0.102,0.6,0.0,0.0,0.667,0.333,0.0,0.2
229179,6,10.45497,10.205672,0.25,0.714,0.833,0.833,0.2,0.4,0.0,0.2,0.056
24360,-1,14.25352,3.7227774,0.783,0.152,0.0,0.0,0.0,0.5,0.0,0.5,0.833
245917,-1,17.293146,0.49957186,0.911,0.044,0.0,0.5,0.0,0.0,0.0,0.0,0.5
88930,-1,12.991361,6.9921117,0.667,0.303,1.0,0.091,0.0,0.333,0.0,0.333,0.091
81771,-1,17.122747,0.22570801,0.822,0.133,0.0,0.0,0.0,0.0,0.0,0.0,0.833
284171,-1,14.359989,1.5824099,0.125,0.875,0.683,0.976,0.0,0.04,0.8,0.04,0.512
217983,-1,16.03386,3.691998,0.822,0.133,0.4,0.6,0.091,0.364,0.0,0.545,0.8
160577,-1,12.325417,7.5695047,0.654,0.346,0.0,0.0,0.0,0.333,0.0,0.333,0.0
92629,-1,14.765812,0.48423928,0.769,0.205,0.375,0.0,0.0,0.0,0.0,0.0,0.375
251097,6,9.28075,11.244026,0.459,0.432,0.312,0.188,0.062,0.125,0.062,0.562,0.125
190610,-1,16.779465,3.3943086,0.978,0.0,0.0,0.0,0.0,0.5,0.0,0.5,0.0
116363,-1,14.922273,0.25353658,0.902,0.049,0.0,0.0,0.125,0.0,0.0,0.0,0.5
294752,-1,14.169099,8.269382,0.6,0.35,0.538,0.077,0.0,0.0,0.5,0.0,0.692
114032,-1,15.525704,8.952195,0.184,0.789,0.909,0.182,0.0,0.167,0.167,0.333,0.591
263888,6,9.366113,11.232065,0.528,0.444,0.364,0.273,0.0,0.182,0.0,0.636,0.0
69224,-1,16.533073,2.4783196,0.692,0.256,0.2,0.0,0.0,0.0,0.3,0.0,0.8
153423,-1,16.506914,-0.0015180348,0.909,0.045,0.5,0.0,0.0,0.0,0.0,0.0,1.0
217501,-1,13.951061,2.2836664,0.2,0.8,0.071,0.286,0.0,0.0,1.0,0.0,0.786
89731,-1,14.946055,5.1862216,0.55,0.45,0.444,0.0,0.133,0.333,0.0,0.267,0.222
206163,-1,16.827147,4.704989,0.702,0.234,0.0,0.25,0.211,0.211,0.026,0.474,0.375
4836,-1,11.791584,7.633932,0.857,0.143,0.167,0.167,0.231,0.077,0.077,0.538,0.0
212408,-1,16.520676,8.123572,0.451,0.529,0.667,0.667,0.0,0.0,0.0,0.0,0.0
214386,-1,15.229261,0.7293745,0.878,0.098,0.0,0.0,0.0,0.0,0.0,0.0,0.75
123193,-1,16.457745,1.8395712,0.94,0.02,0.0,0.0,0.25,0.25,0.0,0.0,0.0
113103,-1,16.490881,5.397045,0.795,0.182,0.25,0.0,0.0,0.5,0.0,0.0,0.5
232973,-1,16.75723,4.6840696,0.886,0.091,0.0,0.0,0.0,0.5,0.0,0.25,0.667
241589,-1,14.130642,4.6049333,0.787,0.17,0.0,0.0,0.167,0.0,0.167,0.0,0.5
169539,-1,15.252638,2.1002975,0.897,0.103,0.0,0.25,0.0,0.0,0.5,0.5,0.5
20845,-1,17.283236,3.3384662,0.867,0.133,0.333,0.167,0.0,0.333,0.0,0.0,0.167
20250,-1,14.904928,9.146491,0.905,0.048,0.0,0.0,0.0,0.0,0.375,0.0,0.5
131429,-1,16.138113,1.7436272,0.833,0.133,0.25,0.0,0.0,0.0,0.0,0.0,0.5
86859,-1,16.050608,5.1621704,0.707,0.195,0.0,0.143,0.5,0.1,0.0,0.2,0.571
119532,-1,16.110556,2.4502008,0.915,0.064,0.0,0.0,0.0,0.0,0.0,0.0,0.0
263426,6,8.41392,11.144172,0.63,0.239,0.0,0.0,0.167,0.125,0.0,0.583,0.0
141695,-1,14.752959,2.8787615,0.108,0.892,0.7,0.533,0.0,0.056,0.778,0.056,0.4
271652,-1,17.94334,1.7190337,0.929,0.0,0.0,0.0,0.0,0.0,0.0,0.333,0.0
237440,-1,15.049364,6.8592167,0.955,0.045,0.0,0.0,0.0,0.4,0.2,0.0,1.0
47065,-1,13.83698,1.8669817,0.692,0.282,0.0,0.571,0.636,0.0,0.0,0.061,0.714
235210,-1,16.914288,4.329475,0.849,0.075,0.0,0.0,0.0,0.0,0.5,0.0,0.75
168423,-1,17.75469,2.9347425,0.787,0.191,0.0,0.0,0.125,0.667,0.0,0.0,0.333
21444,-1,17.253767,2.1571782,0.791,0.186,0.0,0.0,0.447,0.053,0.0,0.0,0.625
90911,-1,17.628057,4.047178,0.822,0.133,0.0,0.0,0.5,0.0,0.0,0.0,0.5
10402,-1,17.522102,2.3075929,0.902,0.049,0.0,0.0,0.0,0.0,0.5,0.0,1.0
149266,6,14.2772455,4.5788627,0.622,0.351,0.25,0.167,0.0,0.0,0.889,0.0,0.5
40879,-1,16.472816,1.2366464,0.895,0.105,0.0,0.0,0.25,0.0,0.0,0.0,0.75
127844,-1,14.314847,7.3658237,0.826,0.174,0.143,0.286,0.0,0.0,0.0,1.0,0.286
132583,-1,16.52691,5.9662786,0.61,0.366,0.0,0.0,1.0,0.0,0.0,0.0,0.0
41260,-1,13.950663,3.6486888,0.024,0.976,0.878,0.098,0.111,0.333,0.222,0.222,0.585
150053,-1,13.876426,4.84323,0.875,0.1,0.0,0.5,0.0,0.0,0.0,0.0,0.5
53050,-1,16.731522,6.8736653,0.667,0.312,0.0,0.5,0.0,0.143,0.0,0.0,0.0
119760,-1,13.870614,6.011909,0.071,0.893,1.0,1.0,0.5,0.0,0.5,0.0,0.44
105789,-1,14.466048,7.1609797,0.75,0.2,0.25,0.125,0.333,0.0,0.333,0.333,0.125
10221,-1,11.613349,9.596477,0.316,0.658,0.957,0.13,0.0,0.333,0.333,0.333,0.391
204258,-1,13.139417,7.8742056,0.559,0.382,0.583,0.333,0.0,0.091,0.091,0.364,0.5
247878,6,9.418013,11.367828,0.422,0.533,0.261,0.043,0.0,0.118,0.412,0.294,0.0
115098,-1,16.42608,1.7050686,0.927,0.073,0.0,0.0,0.0,0.5,0.0,0.5,0.667
189466,-1,14.949832,9.650937,0.088,0.895,1.0,0.362,0.0,0.091,0.545,0.0,0.298
14373,3,17.216042,5.0119667,0.915,0.043,0.0,0.0,0.0,0.5,0.25,0.25,1.0
192650,-1,14.699775,0.6890764,0.863,0.078,0.25,0.75,0.0,0.5,0.0,0.0,0.5
161061,-1,16.875816,7.4430594,0.468,0.511,0.0,0.0,0.0,0.0,0.0,0.0,0.0
214332,-1,16.583153,0.88916177,0.952,0.048,0.0,0.0,0.0,0.0,0.0,0.25,1.0
259908,6,11.282188,8.70961,0.441,0.529,0.556,0.333,0.167,0.333,0.0,0.25,0.0
115559,-1,14.6819515,4.6805887,0.486,0.457,0.25,0.062,0.077,0.0,0.923,0.0,0.688
57345,-1,16.090223,9.061085,0.042,0.896,1.0,0.279,0.333,0.0,0.0,0.0,0.279
222675,-1,16.52464,2.9003181,0.932,0.023,0.0,0.0,0.4,0.15,0.0,0.0,1.0
23221,-1,11.874005,9.347959,0.0,1.0,1.0,0.907,0.0,0.286,0.0,0.286,0.326
45135,-1,16.746525,2.1341748,0.93,0.047,0.0,0.0,0.333,0.0,0.0,0.222,0.5
109010,-1,17.259241,4.714642,0.93,0.023,0.0,0.0,0.0,0.5,0.0,0.5,0.0
102306,-1,16.851175,4.8891,0.659,0.341,0.3,0.0,0.0,0.25,0.5,0.0,0.7
137541,6,10.268677,9.048913,0.86,0.116,0.4,0.0,0.0,0.5,0.0,0.5,0.2
277634,-1,15.471126,4.516122,0.848,0.13,0.0,0.0,0.0,0.692,0.077,0.0,0.4
172535,-1,11.779256,9.174604,0.875,0.075,1.0,0.333,0.0,1.0,0.0,0.0,0.0
237991,-1,14.55177,9.538874,0.738,0.238,0.4,0.0,1.0,0.0,0.0,0.0,0.1
261903,6,9.391646,11.002224,0.775,0.2,0.125,0.125,0.071,0.071,0.0,0.571,0.0
184208,-1,12.262866,10.023192,0.263,0.737,0.357,0.036,0.0,0.217,0.0,0.652,0.214
150786,-1,17.782715,3.9284897,0.939,0.041,0.0,0.0,0.0,0.5,0.0,0.0,0.5
204079,-1,12.197533,9.969439,0.413,0.565,0.667,0.63,0.2,0.2,0.0,0.4,0.0
140734,-1,15.375905,4.163899,0.81,0.19,0.2,0.8,0.167,0.5,0.0,0.167,0.4
254871,-1,15.450336,1.3459877,0.686,0.257,0.0,0.125,0.0,0.04,0.04,0.04,0.125
101960,-1,13.436779,3.365977,0.487,0.513,0.2,0.4,0.182,0.182,0.0,0.045,1.0
30292,-1,17.84379,0.89562213,0.741,0.185,0.0,0.0,0.526,0.053,0.0,0.0,0.4
25250,-1,15.003771,9.340099,0.795,0.159,0.143,0.429,0.0,0.0,0.0,0.0,0.286
179978,-1,14.726199,8.592354,0.594,0.312,0.2,0.4,0.0,0.0,0.75,0.0,0.0
130239,-1,13.662839,3.1624422,0.9,0.075,0.0,0.667,0.0,0.0,0.0,0.0,1.0
218764,-1,15.330461,5.7181973,0.907,0.07,0.0,0.0,0.0,0.75,0.083,0.0,0.667
82959,-1,13.719992,2.851261,0.75,0.227,0.167,0.167,0.679,0.0,0.036,0.107,0.833
234728,-1,13.12003,8.847819,0.686,0.314,0.727,0.0,0.0,0.0,0.75,0.25,0.545
153205,-1,13.299378,7.444688,0.351,0.649,0.429,0.429,0.0,0.5,0.167,0.333,0.0
256381,4,17.18369,7.192447,0.353,0.618,0.0,0.0,0.0,0.0,0.4,0.0,0.0
92725,-1,17.93985,4.5299673,0.933,0.044,0.0,0.0,0.0,0.5,0.0,0.25,0.5
208325,-1,13.512566,2.5543954,0.794,0.088,0.0,0.0,0.619,0.0,0.048,0.0,0.667
253583,-1,10.104181,9.380637,0.8,0.125,0.25,0.25,0.091,0.091,0.0,0.091,0.0
89482,6,11.864802,7.6149583,0.054,0.946,1.0,0.265,0.0,0.0,0.0,0.333,0.118
183615,-1,17.070885,5.4242435,0.909,0.068,0.0,0.0,0.0,0.846,0.077,0.0,0.5
249662,-1,16.934834,2.9494357,0.342,0.632,0.87,0.783,0.333,0.333,0.0,0.0,0.696
27944,-1,11.532504,9.587623,0.0,0.972,1.0,0.156,0.0,0.333,0.111,0.222,0.406
144882,-1,16.223774,6.1686873,0.739,0.196,0.429,0.0,0.0,0.0,0.0,1.0,0.286
252473,6,8.92463,11.293782,0.081,0.838,0.862,0.0,0.0,0.125,0.125,0.5,0.379
172616,-1,12.599373,8.665639,0.302,0.535,0.476,0.714,0.0,0.125,0.042,0.458,0.048
81111,-1,15.698519,9.08812,0.413,0.587,0.708,0.083,0.0,0.111,0.111,0.0,0.042
133425,-1,18.09067,3.9310005,0.923,0.051,0.0,0.0,0.0,0.333,0.0,0.0,0.0
162348,-1,15.80723,9.025518,0.07,0.884,0.972,0.167,0.0,0.833,0.0,0.167,0.306
254461,-1,17.04877,1.6111791,0.776,0.102,0.0,0.0,0.0,0.0,0.0,0.0,0.5
15739,6,10.404604,10.294252,0.81,0.143,0.0,0.0,0.0,0.25,0.25,0.25,0.0
183414,-1,14.672909,1.1647322,0.947,0.026,0.0,1.0,0.333,0.0,0.333,0.0,0.0
15493,-1,15.331796,0.20447755,0.353,0.647,0.409,0.727,0.0,0.1,0.2,0.4,0.591
10847,-1,15.635506,7.739441,0.881,0.095,0.5,0.0,0.143,0.143,0.0,0.0,0.25
225078,-1,14.706552,4.612373,0.725,0.25,0.125,0.0,0.0,0.0,0.0,0.0,0.375
255222,-1,14.889905,4.7011533,0.684,0.237,0.0,0.222,0.308,0.0,0.0,0.0,0.889
40523,-1,17.493912,2.4713469,0.78,0.146,0.0,0.0,0.0,0.333,0.0,0.0,0.4
74391,-1,16.903591,8.303781,0.744,0.186,0.0,0.0,0.174,0.043,0.0,0.261,0.2
92552,-1,15.513339,2.379692,0.644,0.289,0.333,0.083,0.0,0.25,0.25,0.25,0.5
152490,6,9.746334,10.561442,0.571,0.429,0.75,0.333,0.0,0.4,0.0,0.2,0.0
245135,5,16.485094,-0.33243698,0.841,0.136,0.0,0.0,0.25,0.0,0.0,0.0,0.667
53150,-1,12.263561,10.17312,0.463,0.537,0.722,0.278,0.1,0.1,0.0,0.4,0.278
180807,-1,16.105537,2.7089484,0.725,0.25,0.2,0.1,0.0,0.125,0.125,0.0,0.6
207080,-1,15.360201,0.13423246,0.927,0.049,0.0,0.0,1.0,0.0,0.0,0.0,0.5
200052,-1,16.726192,7.622661,0.146,0.829,0.857,0.714,0.1,0.1,0.1,0.0,0.143
291183,4,16.944572,7.350037,0.618,0.382,0.0,0.0,0.0,0.0,0.0,0.0,0.0
204808,3,17.02286,3.876565,0.9,0.1,0.0,0.0,0.0,0.0,0.0,0.0,0.333
60491,-1,12.89544,8.164076,0.857,0.114,0.25,0.0,0.0,0.5,0.0,0.0,0.0
157122,-1,17.547977,2.973207,0.825,0.14,0.375,0.0,0.0,0.167,0.0,0.167,0.125
160706,-1,15.984807,0.057244305,0.804,0.157,0.2,0.0,0.571,0.0,0.0,0.0,0.4
187345,-1,14.614822,7.9808245,0.881,0.085,0.333,0.0,0.0,0.0,0.0,0.0,0.0
24656,-1,14.38269,2.1319196,0.867,0.089,0.25,0.0,0.385,0.0,0.0,0.231,0.75
30821,6,8.622334,10.426788,0.526,0.447,0.529,0.059,0.0,0.0,0.5,0.4,0.118
251003,4,16.376364,7.7722654,0.436,0.538,0.0,0.0,0.0,0.0,0.0,0.0,0.0
156945,-1,13.332517,4.7042727,0.674,0.256,0.0,0.0,0.0,0.0,0.0,0.667,0.0
18802,-1,14.095176,8.555473,0.889,0.111,0.25,0.25,0.0,1.0,0.0,0.0,0.25
12363,6,9.610812,10.213484,0.714,0.214,1.0,0.0,0.0,0.0,0.0,0.0,0.0
210990,-1,14.692756,7.4058485,0.55,0.4,1.0,0.333,0.0,0.0,0.0,0.0,0.0
236138,6,8.353094,10.752591,0.933,0.0,0.0,0.0,0.0,0.0,0.0,0.0,0.0
60955,-1,14.044242,8.6011915,0.325,0.65,0.846,0.423,0.0,0.2,0.2,0.6,0.154
16066,-1,14.309389,2.3197114,0.851,0.106,0.0,0.0,0.0,1.0,0.0,0.0,0.0
130177,-1,16.382364,5.640918,0.043,0.957,0.977,0.432,0.083,0.125,0.083,0.125,0.523
95986,-1,14.777428,4.7708745,0.667,0.31,0.385,0.077,0.0,0.0,1.0,0.0,0.846
24795,6,8.250032,10.854331,0.767,0.209,0.333,0.0,0.0,0.167,0.167,0.5,0.0
35693,-1,14.587559,7.220245,0.595,0.405,0.5,0.0,0.0,0.111,0.111,0.0,0.357
200928,-1,14.869222,9.38143,0.133,0.8,1.0,0.686,0.0,0.333,0.0,0.333,0.25
231125,-1,10.286258,8.9660635,0.864,0.068,0.0,0.0,0.4,0.0,0.0,0.0,0.333
21325,-1,17.162334,5.476119,0.955,0.023,0.0,0.0,0.111,0.222,0.0,0.0,1.0
220319,-1,15.482673,2.1319232,0.818,0.136,0.0,0.167,0.6,0.2,0.2,0.0,1.0
217403,-1,14.0788965,8.843772,0.372,0.628,0.368,0.0,0.0,0.0,0.0,0.0,0.474
183887,-1,13.549901,8.242836,0.868,0.132,0.2,0.2,0.0,0.0,0.25,0.0,0.4
13226,-1,13.571707,6.2932825,0.78,0.146,0.0,0.0,0.0,0.2,0.0,0.6,0.833
200923,-1,17.230633,2.4605756,0.913,0.043,0.0,0.0,0.0,0.0,0.0,1.0,0.0
87810,-1,17.462328,3.0201566,0.898,0.082,0.0,0.0,0.333,0.0,0.0,0.167,0.5
55355,-1,16.357683,1.5681804,0.795,0.154,0.167,0.5,0.0,0.0,0.0,0.25,0.667
13703,-1,12.274532,7.803445,0.913,0.0,0.0,0.0,0.0,0.5,0.0,0.0,0.0
247069,-1,11.985706,8.445177,0.462,0.462,0.5,0.0,0.0,0.0,0.0,0.0,0.0
249565,-1,13.362252,8.554896,0.844,0.156,0.0,0.0,0.286,0.286,0.0,0.0,0.0
92718,-1,16.601004,8.302861,0.905,0.048,1.0,0.0,0.333,0.0,0.0,0.25,0.0
54602,-1,17.22212,1.7493284,0.902,0.098,0.5,0.0,0.0,0.2,0.0,0.0,0.5
163793,-1,16.492855,6.2053146,0.644,0.311,0.0,0.071,0.176,0.118,0.0,0.471,0.429
161215,-1,15.808701,3.5335753,0.667,0.333,0.444,0.333,0.125,0.375,0.125,0.0,0.556
77255,-1,15.129513,4.376635,0.273,0.705,0.3,0.067,0.0,0.032,0.968,0.0,0.367
21379,-1,17.971697,3.6423917,0.889,0.083,0.667,0.0,0.0,0.833,0.0,0.0,0.667
128161,-1,17.665092,4.1573606,0.837,0.14,0.25,0.0,0.0,0.0,0.0,0.0,0.0
21189,-1,15.99911,0.11010026,0.578,0.4,0.222,0.167,0.125,0.125,0.5,0.0,0.5
211645,-1,15.973405,4.8356934,0.875,0.075,0.0,0.0,0.0,0.0,0.0,0.0,1.0
81211,6,10.758064,10.234423,0.333,0.667,0.722,0.583,0.1,0.3,0.2,0.4,0.111
141283,-1,13.611398,1.4536356,0.75,0.167,0.0,0.0,0.077,0.0,0.0,0.0,0.667
101481,-1,15.625857,1.1531584,0.848,0.087,0.0,0.0,0.143,0.0,0.0,0.0,0.5
290205,6,9.334172,11.46231,0.208,0.736,0.5,0.105,0.0,0.057,0.0,0.543,0.132
12223,-1,13.525117,9.323208,0.771,0.229,0.5,0.0,0.286,0.143,0.143,0.286,0.25
156524,-1,14.380556,9.774674,0.243,0.73,0.808,0.0,0.0,0.5,0.0,0.5,0.269
154937,-1,16.131443,1.6857411,0.816,0.132,0.5,0.0,0.0,0.333,0.0,0.333,1.0
45497,-1,16.37748,2.8186297,0.896,0.104,0.0,0.0,0.0,0.0,0.0,0.0,0.8
243502,-1,16.602968,3.2521622,0.816,0.184,0.4,0.2,0.0,0.25,0.0,0.5,0.4
163653,-1,13.447262,4.4300323,0.933,0.044,0.0,0.0,0.0,0.0,0.0,0.0,0.0
277528,-1,14.10338,6.610388,0.878,0.102,0.0,0.0,0.0,0.0,0.0,0.0,0.25
245765,6,9.890815,9.999764,0.851,0.085,0.5,0.0,0.0,0.667,0.0,0.0,0.0
68224,-1,16.759674,4.4571342,0.837,0.07,0.0,0.0,0.0,0.2,0.0,0.0,0.667
252305,4,17.062296,7.545428,0.844,0.111,0.2,0.0,0.154,0.385,0.0,0.462,0.0
205727,-1,17.0624,4.52764,0.909,0.045,0.5,0.0,0.0,1.0,0.0,0.0,0.5
62590,-1,15.806813,7.195183,0.659,0.341,0.286,0.143,0.0,0.0,1.0,0.0,0.714
284657,-1,15.253084,8.852842,0.769,0.231,0.0,0.0,0.0,0.0,0.0,0.0,0.4
20610,-1,14.263414,3.2938292,0.103,0.897,0.962,0.077,0.0,0.5,0.25,0.0,0.692
175113,-1,14.448867,3.4679604,0.822,0.111,0.0,0.0,0.0,0.0,0.333,0.333,0.0
196346,-1,17.373676,3.2349958,0.822,0.156,0.286,0.429,0.0,0.0,0.5,0.5,0.714
14530,-1,13.269219,4.308402,0.9,0.075,0.0,0.0,0.0,0.0,1.0,0.0,0.333
2611,-1,12.904489,8.763664,0.524,0.452,0.316,0.0,0.0,0.167,0.0,0.833,0.053
8333,6,8.38228,11.3613205,0.634,0.317,0.308,0.0,0.059,0.176,0.059,0.588,0.0
166412,-1,15.663201,2.365883,0.87,0.087,0.0,0.0,0.0,0.0,0.25,0.0,0.333
11787,6,9.253051,11.180988,0.83,0.106,0.0,0.0,0.0,0.0,0.0,0.375,0.2
72517,-1,14.717935,9.642263,0.351,0.649,0.222,0.917,0.0,0.0,0.75,0.083,0.667
38177,-1,15.669937,3.3218727,0.894,0.021,0.0,0.0,0.0,0.429,0.143,0.0,1.0
161815,-1,15.70618,2.6095455,0.851,0.106,0.0,0.0,0.0,0.0,0.5,0.0,0.8
227197,-1,15.684734,2.10836,0.809,0.128,0.833,0.0,0.5,0.5,0.0,0.0,0.5
257117,-1,17.098436,7.089015,0.171,0.8,0.0,0.0,0.0,0.111,0.0,0.0,0.0
195083,-1,12.887634,9.354556,0.319,0.617,0.828,0.31,0.0,0.25,0.25,0.25,0.138
236110,-1,15.239668,1.7568413,0.72,0.2,0.1,0.1,0.607,0.0,0.0,0.071,0.3
119237,-1,14.229243,8.078809,0.76,0.22,0.5,0.125,0.0,0.0,0.0,0.333,0.0
55907,-1,13.495392,2.1375632,0.375,0.625,0.0,0.667,0.133,0.2,0.0,0.067,0.667
6673,6,10.429738,10.39797,0.414,0.483,0.3,0.1,0.0,0.333,0.167,0.5,0.1
151170,6,8.813862,10.612309,0.205,0.75,0.5,0.469,0.038,0.038,0.0,0.808,0.125
100694,-1,13.104598,8.821019,0.0,0.977,1.0,0.146,0.25,0.0,0.25,0.0,0.488
91638,-1,14.825591,4.8402934,0.19,0.762,0.0,0.0,0.0,0.0,0.0,0.0,0.0
167864,-1,11.98743,8.971013,0.024,0.952,0.974,0.359,0.417,0.083,0.0,0.042,0.051
129939,-1,17.274271,1.6060967,0.881,0.071,0.0,0.0,0.5,0.0,0.0,0.1,0.667
205387,-1,17.46604,5.2789583,0.894,0.021,0.0,0.0,0.0,0.0,0.0,0.0,0.0
160580,-1,13.812877,3.0433059,0.938,0.042,0.5,0.0,0.5,0.0,0.0,0.5,0.5
8032,-1,14.074892,7.5737233,0.244,0.756,0.724,0.31,0.333,0.083,0.0,0.458,0.276
138660,-1,16.59089,0.23473945,0.951,0.049,0.0,0.0,0.286,0.0,0.0,0.0,1.0
290181,-1,13.6517,3.5433636,0.0,0.974,0.8,0.714,0.0,0.0,0.929,0.0,0.571
11784,-1,16.032545,3.7037103,0.568,0.432,0.5,0.25,0.048,0.048,0.048,0.0,0.75
85717,-1,15.443431,3.9154298,0.816,0.102,0.0,0.25,0.0,0.0,0.0,0.0,0.75
279602,-1,13.818337,2.9742541,0.913,0.087,0.0,0.0,0.0,0.333,0.333,0.333,0.75
122594,-1,12.2076,7.11375,0.513,0.385,1.0,0.467,0.0,0.2,0.2,0.4,0.067
144819,-1,13.349488,2.7694142,0.846,0.077,0.0,0.0,0.0,1.0,0.0,0.0,0.333
126369,-1,16.845316,1.926525,0.86,0.12,0.0,0.0,0.0,0.0,0.0,0.0,0.667
111727,-1,9.746501,8.854293,0.744,0.179,0.667,0.0,0.0,0.5,0.0,0.0,0.167
60271,-1,17.106218,2.5799086,0.788,0.154,0.0,0.0,0.067,0.6,0.0,0.0,0.375
196556,-1,17.049328,4.0162997,0.615,0.385,0.286,0.0,0.071,0.0,0.5,0.0,0.357
125837,-1,12.43918,7.7358146,0.829,0.171,0.2,0.2,0.0,0.0,0.0,0.0,0.2
27121,-1,14.682739,0.8498179,0.86,0.07,0.0,0.0,0.25,0.083,0.0,0.0,1.0
16959,6,8.532437,10.805477,0.775,0.125,0.25,0.0,0.0,0.0,0.0,0.333,0.5
191479,5,17.805752,1.1979342,0.867,0.111,0.0,0.0,0.0,0.0,0.0,0.0,0.5
172991,-1,16.593128,2.3595712,0.881,0.119,1.0,0.0,0.0,0.0,0.0,0.0,0.0
191969,-1,13.9426565,3.783135,0.824,0.147,0.0,0.0,0.0,1.0,0.0,0.0,0.0
225368,-1,14.640615,0.8175437,0.868,0.079,0.0,0.333,0.0,0.0,0.0,0.0,0.667
211999,-1,15.744749,4.683218,0.886,0.091,0.0,0.333,0.0,0.0,0.0,1.0,0.0
213308,-1,11.244356,9.383635,0.176,0.824,1.0,0.179,0.0,0.0,0.0,1.0,0.179
107991,-1,16.708492,3.8125308,0.62,0.36,0.056,0.333,0.077,0.077,0.615,0.0,0.556
241030,-1,17.865217,3.0812833,0.844,0.067,0.0,0.333,0.0,0.125,0.0,0.0,1.0
212413,-1,13.370454,9.426466,0.378,0.595,0.476,0.524,0.077,0.154,0.769,0.0,0.381
216419,-1,12.375791,7.4182644,0.771,0.188,0.25,0.0,0.0,0.25,0.5,0.0,0.25
82302,-1,14.468676,6.1131854,0.81,0.071,0.333,0.333,0.0,1.0,0.0,0.0,0.333
80750,-1,17.75679,3.029377,0.958,0.042,0.0,0.0,0.0,0.0,0.0,0.0,0.0
199330,-1,17.25137,3.0679739,0.848,0.152,0.5,0.0,0.0,0.0,0.0,0.5,0.0
257712,-1,14.51086,7.2968845,0.667,0.31,0.385,0.0,0.0,0.0,0.5,0.0,0.154
103240,-1,15.294028,0.17721392,0.889,0.089,0.0,0.0,0.0,1.0,0.0,0.0,0.75
193385,6,9.044211,9.852124,0.952,0.048,0.0,0.0,0.75,0.0,0.0,0.0,0.5
59938,-1,14.588958,3.896784,0.755,0.204,0.0,0.1,0.0,0.0,0.5,0.0,0.8
232367,-1,14.728778,0.42839056,0.907,0.023,0.0,0.0,0.0,0.0,0.0,0.0,1.0
148314,-1,13.067566,7.913579,0.696,0.304,0.6,0.3,0.0,0.0,0.0,0.667,0.1
129239,-1,13.757292,1.4358975,0.891,0.109,0.0,0.0,0.0,0.0,0.0,0.0,0.8
126283,-1,14.382467,1.1945674,0.739,0.217,0.0,0.0,0.286,0.143,0.0,0.143,0.0
106460,-1,14.911445,0.5520395,0.86,0.093,0.25,0.25,0.0,0.0,0.0,0.25,0.25
207987,-1,17.772383,4.677013,0.535,0.442,0.263,0.053,0.615,0.128,0.0,0.231,0.211
140548,-1,14.838271,1.9668103,0.837,0.116,0.2,0.2,0.167,0.0,0.0,0.0,0.4
292203,-1,13.706865,2.999379,0.632,0.316,0.333,0.5,0.0,0.167,0.667,0.0,0.667
197006,1,16.06485,3.4437547,0.851,0.085,0.0,0.0,0.0,0.5,0.0,0.0,0.333
172118,-1,18.103567,2.9501586,0.867,0.089,0.0,0.0,1.0,0.0,0.0,0.0,0.75
242905,-1,15.677779,0.33502495,0.775,0.225,0.714,0.0,0.333,0.333,0.0,0.167,0.286
16565,1,16.403719,3.8225589,0.857,0.119,0.2,0.2,0.0,0.0,0.0,0.0,0.6
137613,-1,16.750305,2.550474,0.811,0.162,0.333,0.167,0.0,0.0,0.25,0.0,0.333
250907,-1,12.302015,10.532008,0.0,0.958,0.978,0.152,0.0,0.6,0.2,0.2,0.283
228932,-1,17.220354,1.8814082,0.875,0.075,0.333,0.0,0.0,0.0,0.0,0.0,1.0
263399,6,8.37154,11.310673,0.359,0.59,0.0,0.0,0.0,0.091,0.0,0.455,0.0
189317,-1,10.677633,8.279452,0.091,0.886,1.0,0.179,0.545,0.182,0.0,0.0,0.179
74274,1,16.594929,3.0882716,0.596,0.385,0.0,0.0,0.167,0.167,0.0,0.167,0.0
173314,-1,15.769385,5.286756,0.927,0.018,0.0,0.0,0.0,0.0,0.0,0.0,0.0
188277,-1,16.66264,-0.4719646,0.653,0.082,0.0,0.0,0.167,0.0,0.0,0.083,0.0
17021,-1,15.610813,1.8223348,0.939,0.0,0.0,0.0,0.0,0.5,0.0,0.0,0.0
217747,-1,16.4564,3.3126247,0.306,0.694,1.0,0.042,0.273,0.364,0.182,0.0,0.375
162983,-1,15.110685,9.65493,0.324,0.676,0.609,0.087,0.0,0.182,0.545,0.182,0.304
1946,6,9.402858,11.293714,0.125,0.875,0.794,0.086,0.176,0.118,0.176,0.471,0.118
44866,-1,14.636756,9.059256,0.019,0.981,0.9,0.1,0.167,0.0,0.5,0.0,0.38
122749,-1,10.051815,10.44133,0.805,0.073,0.5,0.0,0.167,0.0,0.167,0.333,0.5
41226,-1,14.956864,5.1020794,0.652,0.326,0.4,0.067,0.0,0.111,0.667,0.0,0.533
95013,-1,16.900665,1.7666495,0.939,0.061,0.0,0.0,0.286,0.143,0.0,0.0,0.5
66921,-1,13.219185,4.9296336,0.783,0.13,0.0,0.0,0.0,0.0,0.0,0.0,0.333
84421,-1,15.959696,3.6003234,0.733,0.244,0.143,0.0,0.0,0.333,0.0,0.5,0.714
167442,-1,12.807977,9.319653,0.889,0.111,0.0,0.25,0.0,0.333,0.0,0.0,0.5
60337,-1,16.41107,5.403502,0.347,0.571,0.037,0.0,0.0,0.0,0.724,0.0,0.481
16359,6,10.273419,10.926769,0.159,0.795,0.829,0.0,0.0,0.143,0.0,0.429,0.171
83,1,16.464006,2.6478384,0.868,0.079,0.0,0.0,0.167,0.167,0.167,0.0,0.333
200162,-1,12.063595,7.570816,0.921,0.026,0.0,0.0,0.0,0.0,0.0,0.0,0.0
85567,-1,14.712566,0.9195818,0.741,0.074,0.0,0.0,0.4,0.0,0.0,0.0,0.5
73113,-1,13.782956,2.956416,0.786,0.19,0.143,0.0,0.0,0.0,0.667,0.0,0.143
140951,-1,15.665431,4.1369357,0.622,0.356,0.077,0.077,0.0,0.0,0.25,0.0,0.385
44637,-1,15.350282,8.042354,0.721,0.233,0.2,0.1,0.32,0.04,0.04,0.04,0.6
226393,6,12.898508,5.7625284,0.359,0.538,0.556,0.667,0.1,0.2,0.1,0.1,0.111
150133,-1,14.179733,5.35182,0.93,0.023,0.0,0.0,0.333,0.0,0.0,0.0,0.0
225379,-1,17.8094,3.7045803,0.885,0.077,0.25,0.25,0.417,0.0,0.0,0.0,0.25
153687,-1,15.449998,5.6395683,0.818,0.159,0.286,0.143,0.0,0.0,0.2,0.4,0.571
100929,6,8.826583,10.717667,0.797,0.169,0.444,0.556,0.0,0.0,0.083,0.333,0.0
286442,-1,15.610376,7.341847,0.105,0.895,0.966,0.276,0.0,0.0,1.0,0.0,0.379
101072,-1,14.109299,3.5978167,0.735,0.245,0.0,0.0,0.0,0.2,0.0,0.0,0.5
8106,6,9.600453,9.068036,0.41,0.487,0.706,0.176,0.077,0.385,0.0,0.308,0.471
194099,-1,13.943751,3.418595,0.977,0.0,0.0,0.0,1.0,0.0,0.0,0.0,0.0
7413,-1,14.346356,3.6045277,0.326,0.628,0.815,0.333,0.0,0.222,0.0,0.667,0.444
134433,-1,10.733436,8.276938,0.872,0.077,0.0,0.333,0.111,0.778,0.111,0.0,0.333
163444,-1,12.258453,10.12558,0.0,1.0,0.975,0.375,0.0,0.286,0.429,0.0,0.175
270443,-1,16.97027,7.9920564,0.081,0.892,0.0,1.0,0.0,0.0,0.0,0.0,0.0
40964,-1,18.010466,3.8986235,0.816,0.132,0.2,0.0,0.0,0.5,0.0,0.5,0.4
294077,-1,16.512623,6.28916,0.41,0.564,0.722,0.556,0.0,0.0,0.5,0.0,0.222
164486,-1,15.260649,5.6810255,0.857,0.119,0.0,0.0,0.0,0.5,0.0,0.5,0.5
145212,-1,16.424631,0.3826007,0.844,0.133,0.0,0.0,0.2,0.0,0.0,0.2,0.333
50286,-1,13.767329,4.503459,0.94,0.02,0.0,0.0,0.0,1.0,0.0,0.0,0.0
83418,-1,16.510632,3.7127588,0.932,0.045,0.0,0.0,0.0,0.0,1.0,0.0,1.0
286866,3,17.708479,4.780925,0.778,0.2,0.25,0.125,0.0,0.667,0.0,0.0,0.375
116765,-1,14.19152,3.6566806,0.769,0.205,0.286,0.0,0.182,0.0,0.0,0.0,0.714
286585,-1,9.522819,10.838109,0.135,0.865,0.969,0.562,0.0,0.286,0.0,0.571,0.125
123274,-1,15.388726,0.75054395,0.641,0.256,0.0,0.111,0.517,0.034,0.0,0.0,0.667
227782,-1,12.810496,6.5949416,0.844,0.067,0.0,0.0,0.0,0.0,0.0,0.0,0.667
224183,-1,13.467159,8.407344,0.571,0.405,0.0,0.0,0.333,0.0,0.067,0.0,0.0
193466,-1,14.992399,7.382913,0.837,0.116,0.0,0.333,0.0,0.0,0.0,0.0,0.0
161145,-1,16.080196,5.581614,0.796,0.185,0.1,0.6,0.0,0.0,0.25,0.25,0.6
208302,-1,14.662697,7.09432,0.424,0.515,0.5,0.0,0.25,0.125,0.0,0.125,0.0
173229,-1,16.227104,6.793499,0.579,0.368,0.0,0.2,0.0,0.5,0.5,0.0,0.2
226875,-1,16.728006,1.4847035,0.857,0.095,0.0,0.0,0.273,0.0,0.0,0.091,0.5
235278,-1,16.428268,1.1839141,0.909,0.068,0.0,0.0,0.0,0.5,0.0,0.5,0.667
187329,-1,16.739386,0.41548106,0.87,0.074,0.0,0.0,0.0,0.143,0.0,0.0,0.5
225172,-1,13.918223,10.046557,0.0,1.0,0.97,0.121,0.333,0.167,0.083,0.333,0.182
240179,-1,14.247145,9.610139,0.762,0.19,0.571,0.0,0.0,0.25,0.0,0.5,0.286
145002,-1,15.68342,5.8439736,0.769,0.173,0.0,0.0,0.0,0.4,0.0,0.0,0.0
142892,-1,15.776559,5.1680417,0.891,0.043,0.0,0.0,0.0,0.0,0.0,1.0,1.0
166591,-1,13.453479,8.924117,0.5,0.438,0.667,0.19,0.125,0.125,0.0,0.25,0.048
139184,-1,16.335978,4.018995,0.977,0.023,1.0,0.0,0.0,0.0,1.0,0.0,0.0
276126,-1,16.03693,2.6848528,0.762,0.143,0.25,0.0,0.0,0.0,0.0,0.333,0.75
244877,-1,17.771843,2.617754,0.884,0.047,0.0,0.0,0.5,0.0,0.0,0.0,1.0
45913,-1,13.598589,2.6889513,0.829,0.146,0.167,0.667,0.0,0.0,0.0,0.0,0.333
246499,-1,12.976015,9.572256,0.029,0.941,0.967,0.1,0.0,0.333,0.0,0.0,0.167
86776,-1,16.168465,-0.25726235,0.804,0.109,0.0,0.0,0.0,0.0,0.0,0.0,0.5
206707,-1,14.753279,1.57994,0.86,0.093,0.25,0.0,0.0,0.0,0.333,0.0,0.5
34866,-1,13.715899,1.9873856,0.814,0.14,0.333,0.333,0.182,0.0,0.0,0.0,0.667
208115,-1,14.999657,2.547643,0.667,0.308,0.333,0.111,0.0,0.0,1.0,0.0,0.222
93456,5,16.937868,0.17314807,0.845,0.086,0.0,0.0,0.0,0.0,0.0,0.0,0.5
266684,6,8.721378,9.828479,0.034,0.966,1.0,0.333,0.286,0.643,0.0,0.0,0.074
282438,-1,12.468145,9.905496,0.064,0.915,1.0,0.238,0.143,0.286,0.571,0.0,0.357
273589,-1,8.492355,11.160242,0.541,0.405,0.133,0.6,0.176,0.176,0.0,0.471,0.267
237144,-1,15.440342,8.904405,0.511,0.489,0.524,0.19,0.167,0.167,0.25,0.167,0.19
227886,-1,14.802176,3.382663,0.943,0.019,0.0,0.0,0.0,0.333,0.0,0.0,1.0
123213,-1,15.055899,9.060587,0.359,0.641,0.5,0.0,0.074,0.0,0.481,0.0,0.458
137805,-1,16.285074,8.571535,0.5,0.5,0.0,0.0,0.5,0.0,0.5,0.0,0.0
42338,-1,13.015622,9.5377865,0.029,0.971,0.935,0.355,0.0,0.0,1.0,0.0,0.097
263229,-1,17.984476,2.4741266,0.806,0.139,0.0,0.0,0.167,0.333,0.0,0.0,0.4
159038,-1,16.325281,3.725726,0.861,0.056,0.0,0.5,0.167,0.667,0.0,0.0,0.0
119606,-1,15.454866,3.831127,0.864,0.114,0.2,0.2,0.0,0.0,1.0,0.0,0.2
82407,-1,17.24321,2.5375001,0.857,0.095,0.0,0.25,0.0,0.0,0.0,0.0,0.75
84954,-1,16.440107,1.9584094,0.932,0.068,0.333,0.0,0.0,0.0,0.0,0.0,0.667
182166,-1,18.067362,3.196142,0.8,0.178,0.143,0.0,0.69,0.0,0.0,0.069,0.714
188982,-1,16.145203,8.8613,0.65,0.325,0.636,0.364,0.0,0.333,0.0,0.667,0.364
274053,3,17.639471,3.2445745,0.638,0.34,0.143,0.714,0.0,0.0,0.583,0.167,0.571
289832,-1,14.447882,8.650904,0.02,0.941,1.0,0.652,0.071,0.429,0.0,0.286,0.609
139992,-1,14.69106,2.0712996,0.4,0.578,0.304,0.957,0.0,0.167,0.833,0.0,0.565
271964,-1,16.958263,7.1720324,0.575,0.325,0.333,0.0,0.154,0.077,0.077,0.154,0.0
185442,-1,15.60253,0.34639403,0.87,0.087,0.0,0.0,0.0,0.0,0.2,0.0,0.5
117829,6,9.1419935,10.550506,0.571,0.381,0.0,0.0,0.0,0.333,0.0,0.667,0.0
238339,-1,15.935208,4.526293,0.838,0.135,0.0,0.0,0.0,0.0,0.0,0.0,0.4
82996,-1,15.122365,0.64729995,0.935,0.043,0.0,0.0,0.0,0.0,0.0,0.0,1.0
271006,-1,12.159653,9.150679,0.714,0.171,0.0,0.2,0.467,0.067,0.0,0.0,0.0
126783,-1,17.454365,4.2317505,0.805,0.098,0.0,0.25,0.0,0.0,1.0,0.0,0.75
157783,-1,13.535612,2.9316957,0.714,0.184,0.111,0.111,0.154,0.077,0.038,0.0,0.444
194386,-1,13.454456,7.307377,0.043,0.891,1.0,0.538,0.143,0.143,0.0,0.571,0.026
172321,-1,14.3132305,5.277574,0.8,0.133,0.0,0.0,0.429,0.143,0.0,0.0,0.5
113045,-1,16.393465,3.023623,0.791,0.163,0.143,0.0,0.25,0.0,0.0,0.188,0.857
46018,-1,15.29671,0.054483026,0.818,0.091,0.0,0.0,0.0,0.0,0.0,0.0,0.667
139790,-1,13.218045,3.353873,0.795,0.077,0.0,0.333,0.25,0.0,0.0,0.0,0.667
282424,6,9.038733,11.373835,0.0,1.0,1.0,0.196,0.0,0.0,0.0,1.0,0.087
82162,-1,16.374792,4.0904236,0.864,0.045,0.0,0.0,0.333,0.667,0.0,0.0,0.5
235397,-1,15.169958,3.7271512,0.833,0.139,0.667,1.0,0.0,0.0,0.6,0.0,0.667
141099,6,10.275303,8.933347,0.884,0.07,0.0,0.0,0.0,0.0,0.0,0.667,0.0
51418,-1,13.538061,8.958626,0.65,0.3,0.5,0.0,0.0,0.0,0.25,0.25,0.6
191008,4,16.75515,7.7667727,0.743,0.257,0.0,0.0,0.0,0.5,0.0,0.5,0.0
255056,-1,14.19054,8.339681,0.432,0.568,0.714,0.0,0.0,0.333,0.0,0.167,0.333
72235,-1,15.785307,5.2047167,0.771,0.167,0.125,0.25,0.0,0.0,0.5,0.0,0.75
6646,-1,9.996396,9.442051,0.415,0.537,0.909,0.182,0.111,0.333,0.0,0.278,0.045
118353,-1,16.500418,0.077928305,0.913,0.065,0.0,0.0,0.0,0.0,0.125,0.0,1.0
126028,-1,14.545287,7.9874263,0.805,0.171,1.0,0.0,0.0,1.0,0.0,0.0,0.0
198629,-1,10.54872,8.853321,0.525,0.45,0.643,0.0,0.333,0.0,0.0,0.0,0.214
138953,-1,16.437428,1.4777287,0.933,0.067,0.333,0.0,1.0,0.0,0.0,0.0,0.0
112313,-1,15.4272375,4.080251,0.108,0.865,0.379,0.241,0.0,0.0,0.944,0.0,0.621
34764,6,8.20402,10.495773,0.78,0.171,0.333,0.333,0.0,0.167,0.0,0.333,0.333
207723,-1,16.509977,4.9436183,0.559,0.382,0.364,0.0,0.0,0.067,0.933,0.0,0.545
18321,-1,17.369116,0.30230436,0.951,0.049,0.0,0.0,0.2,0.0,0.2,0.0,1.0
17552,-1,15.664277,8.884671,0.0,1.0,0.976,0.976,0.0,0.333,0.333,0.0,0.69
73604,-1,16.445694,5.676418,0.537,0.463,0.133,0.0,0.0,0.0,1.0,0.0,0.533
225524,-1,13.113771,7.9970927,0.522,0.457,0.474,0.056,0.0,0.2,0.2,0.4,0.056
201501,-1,14.654571,8.384952,0.706,0.255,0.364,0.182,0.0,0.25,0.0,0.25,0.182
30165,-1,17.65004,1.8392038,0.795,0.136,0.0,0.0,0.0,0.0,0.25,0.0,0.4
87952,-1,11.935505,9.9969635,0.188,0.781,0.68,0.08,0.0,0.0,0.9,0.0,0.32
221230,-1,15.834354,7.210743,0.791,0.163,0.0,0.0,0.0,0.0,0.0,0.0,0.0
102729,-1,13.565123,3.3781343,0.844,0.089,0.0,0.0,0.25,0.0,0.0,0.0,0.0
201124,-1,16.99933,2.1779203,0.915,0.021,0.0,0.0,0.0,0.0,0.0,0.0,0.0
273539,6,11.763007,8.477132,0.526,0.447,0.706,0.059,0.0,0.5,0.25,0.0,0.059
226131,-1,11.868592,8.74018,0.0,1.0,0.952,0.69,0.0,0.5,0.0,0.0,0.512
211607,-1,17.191345,4.3949914,0.833,0.146,0.143,0.0,0.0,0.0,0.0,0.5,0.429
254402,-1,14.082373,3.155687,0.828,0.172,0.0,0.0,0.0,0.0,0.667,0.0,0.6
101984,6,11.688032,8.190217,0.829,0.146,0.6,0.0,0.0,0.0,0.0,0.0,0.0
212377,-1,13.007705,5.899467,0.625,0.35,0.125,0.25,0.0,0.0,0.0,0.0,0.75
54055,-1,15.651205,2.9906561,0.75,0.205,0.0,0.0,0.725,0.025,0.0,0.025,0.556
273498,-1,12.973488,10.07271,0.378,0.622,0.773,0.045,0.0,0.2,0.0,0.4,0.091
225552,6,12.666455,6.222491,0.886,0.091,0.0,0.0,0.0,0.0,0.0,0.0,0.5
27721,-1,13.776235,8.018348,0.608,0.333,0.231,0.538,0.316,0.0,0.0,0.0,0.231
124812,6,10.932374,9.779862,0.368,0.605,0.636,0.364,0.0,0.182,0.0,0.727,0.045
183795,-1,11.656246,9.099369,0.023,0.977,1.0,0.095,0.0,0.0,0.0,0.0,0.714
216634,-1,12.347882,7.142072,0.833,0.048,0.5,0.0,0.0,0.333,0.0,0.667,0.0
204075,-1,16.444948,0.46381447,0.825,0.125,0.0,0.0,0.0,0.0,0.0,0.0,0.6
88244,-1,16.121874,4.777728,0.733,0.244,0.1,0.7,0.0,0.0,1.0,0.0,0.5
208202,-1,13.298535,5.07806,0.946,0.0,0.0,0.0,0.0,0.0,0.0,1.0,0.0
254432,-1,13.144413,8.498347,0.6,0.371,0.818,0.0,0.0,0.167,0.0,0.167,0.25
107591,-1,14.93298,0.86409456,0.897,0.051,0.0,0.0,0.0,0.0,1.0,0.0,1.0
89457,-1,15.995829,5.343864,0.933,0.044,0.0,0.0,0.0,0.5,0.0,0.5,0.5
259630,6,10.141765,10.366719,0.857,0.143,0.2,0.2,0.25,0.25,0.0,0.5,0.0
209267,-1,16.608635,3.6571872,0.932,0.023,0.0,0.0,0.0,0.0,1.0,0.0,0.0
157921,-1,17.083467,1.0927978,0.844,0.089,0.0,0.0,0.143,0.0,0.0,0.0,1.0
37643,-1,13.466804,4.348098,0.68,0.28,0.0,0.0,0.0,0.077,0.462,0.077,0.625
273262,6,9.424586,10.795217,0.5,0.444,0.0,0.0,0.0,0.0,0.0,0.0,0.0
215442,6,10.022975,10.214668,0.543,0.435,0.167,0.111,0.0,0.217,0.0,0.652,0.0
197111,-1,16.452587,0.8359912,0.864,0.068,0.0,0.0,0.0,0.0,0.0,0.0,0.0
12861,-1,15.622194,6.7107296,0.372,0.628,0.0,1.0,0.0,0.0,0.0,1.0,0.5
111584,-1,13.29306,8.734407,0.0,1.0,0.935,0.161,0.0,0.0,1.0,0.0,0.645
94234,-1,16.818575,1.3786216,0.852,0.111,0.2,0.0,0.6,0.0,0.0,0.08,1.0
145182,-1,15.966258,4.773543,0.956,0.022,0.0,0.0,0.167,0.167,0.0,0.0,1.0
102292,-1,14.604102,1.2814708,0.947,0.026,0.0,1.0,0.0,0.0,0.0,0.0,1.0
133230,-1,13.455855,8.489636,0.0,0.979,1.0,0.065,0.5,0.0,0.0,0.0,0.043
67005,-1,16.51486,8.865652,0.795,0.179,0.429,0.143,0.25,0.1,0.0,0.1,0.429
41823,-1,17.848007,1.9784334,0.833,0.125,0.0,0.0,0.333,0.167,0.167,0.0,0.667
222254,-1,16.954008,0.51621777,0.95,0.025,0.0,0.0,0.25,0.0,0.0,0.0,0.0
168174,6,10.267037,8.848257,0.2,0.733,1.0,0.121,0.0,0.5,0.0,0.3,0.576
107066,-1,14.304459,7.863665,0.75,0.2,0.571,0.143,0.0,0.0,0.0,0.0,0.0
131461,-1,10.61392,9.732447,0.689,0.267,0.333,0.167,0.077,0.0,0.077,0.385,0.0
274737,-1,13.886501,6.025376,0.867,0.044,0.0,0.0,0.0,0.0,0.0,0.0,1.0
13108,-1,17.80637,2.0336323,0.884,0.07,0.667,0.0,0.0,0.0,0.0,0.0,0.667
130092,-1,13.046026,7.152442,0.875,0.1,0.25,0.0,0.0,0.143,0.0,0.571,0.0
190704,-1,11.497176,8.476805,0.553,0.342,0.923,0.462,0.25,0.333,0.0,0.167,0.077
235641,-1,16.266365,5.3158693,0.242,0.697,0.667,0.095,0.52,0.0,0.12,0.0,0.667
51885,-1,12.595107,9.509179,0.722,0.278,0.5,0.0,0.0,0.25,0.0,0.75,0.2
261553,6,8.655756,10.751155,0.745,0.191,0.5,0.5,0.0,0.0,0.0,0.0,0.0
44581,-1,14.691835,2.4580927,0.806,0.161,0.222,0.222,0.677,0.032,0.0,0.0,0.556
151745,-1,17.763206,4.79104,0.852,0.131,0.0,0.0,0.0,0.077,0.0,0.077,0.75
221511,-1,15.242433,5.012779,0.837,0.14,0.333,0.167,0.583,0.0,0.083,0.0,0.333
135078,-1,16.034636,1.7463039,0.86,0.07,0.0,0.5,0.0,0.0,0.0,0.0,1.0
239833,-1,15.98256,2.267592,0.83,0.132,0.0,0.0,0.0,0.0,0.125,0.125,0.714
4598,-1,14.503502,3.8078794,0.372,0.558,0.0,1.0,0.0,0.0,0.0,0.0,1.0
261025,-1,9.389621,9.9321,0.2,0.778,0.914,0.2,0.2,0.2,0.0,0.2,0.171
85074,-1,12.969682,9.459462,0.349,0.605,0.727,0.182,0.0,0.25,0.25,0.25,0.318
74837,4,16.944796,7.4392443,0.548,0.405,0.0,0.062,0.684,0.026,0.026,0.053,0.25
77093,-1,13.460292,8.271546,0.088,0.912,1.0,0.298,0.0,0.25,0.25,0.25,0.043
106953,-1,15.453252,9.006816,0.512,0.488,0.389,0.111,0.2,0.2,0.2,0.1,0.556
253357,-1,13.027919,10.085308,0.784,0.216,0.375,0.0,0.6,0.0,0.0,0.0,0.125
267679,-1,17.494717,1.5960531,0.884,0.093,0.25,0.0,0.0,0.0,0.0,0.667,0.5
255106,-1,17.731787,0.97644025,0.867,0.111,0.25,0.0,0.0,0.0,0.0,0.0,0.25
154996,-1,11.8664255,8.859125,0.707,0.268,0.333,0.0,0.1,0.2,0.2,0.3,0.111
93873,-1,15.346862,8.876206,0.176,0.765,0.923,0.385,0.0,0.25,0.0,0.25,0.231
246736,5,17.78465,0.6749919,0.956,0.044,0.5,0.0,0.6,0.0,0.0,0.0,1.0
85828,6,9.585051,9.380718,0.773,0.114,0.2,0.0,0.0,0.0,0.0,0.6,0.0
87508,6,9.698894,8.9234085,0.911,0.067,0.333,0.0,0.0,1.0,0.0,0.0,0.0
207016,-1,13.935408,3.7168102,0.679,0.286,0.5,0.0,0.308,0.154,0.0,0.077,0.875
56307,6,9.781779,9.725586,0.027,0.946,0.971,0.765,0.0,0.5,0.0,0.25,0.059
77636,-1,17.829859,4.1892734,0.886,0.114,0.0,1.0,0.0,1.0,0.0,0.0,0.0
142813,-1,11.6772175,7.6568985,0.83,0.128,0.25,0.25,0.667,0.333,0.0,0.0,0.0
100080,-1,12.823755,6.096582,0.023,0.977,1.0,0.769,0.062,0.312,0.188,0.125,0.308
91952,-1,16.988585,0.4380419,0.773,0.159,0.0,0.0,0.0,0.25,0.0,0.5,0.571
28919,-1,15.882024,1.4419055,0.891,0.065,0.0,0.0,0.0,0.4,0.0,0.2,0.333
235768,-1,13.827371,5.342496,0.745,0.128,0.4,0.0,0.667,0.0,0.0,0.167,0.6
126333,-1,15.46177,2.2916882,0.843,0.059,0.0,0.0,0.0,0.0,0.0,0.0,1.0
66657,-1,15.8047695,4.904864,0.775,0.2,0.167,0.0,0.0,0.2,0.4,0.0,0.833
4435,-1,14.201427,8.311326,0.308,0.692,0.926,0.074,0.0,0.25,0.25,0.5,0.148
128052,-1,14.883652,2.0958173,0.87,0.087,0.25,0.0,0.0,0.0,0.0,0.0,0.5
12703,-1,16.94339,8.2031,0.643,0.31,0.0,0.0,0.0,0.0,0.2,0.0,0.0
103095,-1,17.3693,2.693051,0.977,0.023,0.0,0.0,0.429,0.071,0.0,0.071,1.0
19196,6,10.696857,8.287891,0.791,0.163,0.667,0.0,0.0,0.444,0.0,0.333,0.0
9940,-1,15.372091,0.018801257,0.826,0.13,0.167,0.0,0.214,0.071,0.0,0.071,0.5
109741,-1,13.462572,9.0148325,0.068,0.909,0.816,0.105,0.0,1.0,0.0,0.0,0.342
149467,-1,15.290034,3.5042,0.764,0.182,0.3,0.0,0.0,0.0,0.667,0.0,0.8
135420,-1,15.588494,3.622354,0.023,0.977,0.0,1.0,0.0,0.077,0.231,0.077,1.0
128001,-1,17.478266,4.189444,0.867,0.067,0.0,0.0,0.0,0.0,0.0,0.0,0.667
253093,-1,14.476696,8.156818,0.839,0.097,0.333,0.333,1.0,0.0,0.0,0.0,0.0
73042,6,8.929318,10.385859,0.659,0.293,0.0,0.0,0.053,0.053,0.0,0.211,0.545
172148,-1,13.32731,7.5660353,0.162,0.838,0.8,0.567,0.0,0.455,0.0,0.182,0.167
112039,-1,13.70959,9.611949,0.549,0.392,0.611,0.278,0.45,0.1,0.0,0.0,0.0
159400,-1,11.758288,10.203877,0.073,0.927,0.973,0.189,0.182,0.182,0.273,0.091,0.405
210732,6,12.329486,9.194273,0.079,0.868,0.848,0.212,0.0,0.0,0.0,0.75,0.03
237782,-1,15.062292,3.0070941,0.765,0.206,0.143,0.0,0.0,0.0,1.0,0.0,0.714
189811,-1,16.472916,3.3545659,0.868,0.132,0.0,0.0,0.0,0.0,0.0,0.0,0.6
235198,-1,13.526952,4.3552814,0.381,0.619,0.0,0.0,0.0,0.333,0.0,0.0,0.0
204081,-1,16.98833,5.448624,0.844,0.111,0.0,0.2,0.0,0.25,0.0,0.5,0.4
139388,-1,14.941561,2.1791625,0.804,0.098,0.4,0.2,0.0,0.0,0.0,0.2,0.4
54571,-1,17.333765,4.0396147,0.761,0.152,0.286,0.429,0.5,0.0,0.0,0.0,0.571
50034,-1,17.309134,5.451015,0.565,0.326,0.0,0.0,0.345,0.103,0.0,0.138,0.167
266670,-1,12.6578,8.589522,0.839,0.097,0.333,0.0,0.0,0.0,0.0,0.0,0.0
178537,-1,17.648354,2.027893,0.881,0.071,0.0,0.0,0.567,0.033,0.0,0.1,0.333
260219,-1,14.553217,4.2417407,0.48,0.52,0.636,0.273,0.0,0.167,0.5,0.0,0.727
61205,-1,15.095505,1.044433,0.792,0.042,0.0,0.0,0.412,0.0,0.0,0.0,0.0
110812,-1,14.7473135,1.0474186,0.953,0.023,0.0,0.0,0.0,0.0,0.0,0.0,0.0
279727,-1,17.394644,3.3673363,0.735,0.224,0.4,0.3,0.5,0.0,0.0,0.0,0.4
124570,6,9.209284,10.178485,0.5,0.477,0.429,0.429,0.0,0.25,0.083,0.583,0.071
101534,-1,10.37349,8.659029,0.848,0.13,0.0,0.0,0.667,0.0,0.0,0.0,0.333
64135,-1,14.934084,5.5490656,0.257,0.743,1.0,0.692,0.839,0.0,0.0,0.0,0.731
23523,-1,17.819584,1.4801948,0.867,0.089,0.0,0.25,0.0,1.0,0.0,0.0,0.5
12487,-1,13.590254,9.552435,0.302,0.698,0.333,0.767,0.0,0.0,0.905,0.048,0.3
138140,-1,14.830161,6.4287076,0.698,0.256,0.222,0.0,0.438,0.0,0.062,0.0,0.222
245939,6,12.100308,8.178599,0.732,0.195,0.0,1.0,1.0,0.0,0.0,0.0,0.0
273769,-1,14.276787,8.748042,0.256,0.667,0.846,0.154,0.0,0.4,0.2,0.0,0.423
64636,-1,18.11083,3.1485274,0.956,0.022,0.0,0.0,0.0,0.8,0.0,0.0,0.0
244396,6,9.40224,10.764813,0.25,0.75,0.308,0.192,0.037,0.074,0.037,0.778,0.192
260844,-1,13.226638,6.5370936,0.61,0.341,0.385,0.385,0.0,0.667,0.0,0.0,0.154
167202,-1,14.749317,3.7410128,0.886,0.114,0.0,0.0,0.0,0.0,0.0,0.0,0.8
226193,-1,17.630438,4.29225,0.778,0.133,0.167,0.0,0.0,0.125,0.0,0.75,1.0
65152,-1,15.9719095,3.4809096,0.69,0.286,0.5,0.3,0.25,0.375,0.0,0.125,0.5
181168,-1,16.460903,5.344084,0.595,0.351,0.462,0.308,0.0,0.5,0.214,0.0,0.308
242865,-1,16.748592,-0.28225377,0.818,0.068,0.0,0.0,0.75,0.0,0.0,0.25,0.333
238633,-1,16.2214,0.87174165,0.606,0.394,0.0,0.0,0.0,0.0,0.0,0.0,0.0
192974,-1,15.368009,9.005431,0.0,0.966,1.0,0.038,0.0,1.0,0.0,0.0,0.667
186917,-1,17.683949,0.70438504,0.867,0.089,0.0,0.0,0.1,0.0,0.0,0.0,0.75
240969,-1,16.009645,9.010485,0.49,0.49,0.75,0.375,0.0,0.0,0.25,0.0,0.625
57560,-1,10.66457,8.464662,0.725,0.275,0.5,0.167,1.0,0.0,0.0,0.0,0.0
186895,6,10.24458,9.212327,0.74,0.24,0.167,0.0,0.0,0.0,0.0,1.0,0.167
49225,-1,13.8720045,3.4263613,0.825,0.125,0.25,0.0,1.0,0.0,0.0,0.0,0.75
52467,-1,13.422471,7.601797,0.694,0.25,0.5,0.0,0.0,0.0,0.5,0.125,0.125
199555,-1,13.664874,8.245128,0.405,0.568,0.762,0.095,0.143,0.143,0.571,0.143,0.429
153391,6,9.097162,10.122084,0.86,0.1,0.25,0.25,0.0,0.0,0.0,0.0,0.0
122403,6,10.479702,9.597726,0.159,0.841,0.861,0.139,0.037,0.519,0.0,0.222,0.028
1016,-1,14.250089,3.6161902,0.929,0.048,0.0,0.0,0.0,0.0,0.0,0.667,0.0
100769,-1,15.011198,9.727869,0.186,0.791,0.824,0.559,0.0,0.0,1.0,0.0,0.5
17650,6,10.210408,9.145717,0.73,0.27,0.4,0.0,0.0,0.0,0.0,1.0,0.0
151236,-1,15.398825,2.955932,0.878,0.102,0.25,0.0,0.0,0.125,0.125,0.25,0.5
210738,-1,17.680574,3.9564002,0.925,0.075,0.0,0.333,1.0,0.0,0.0,0.0,0.333
198020,-1,16.231129,0.58259666,0.925,0.025,0.0,0.0,0.8,0.0,0.0,0.0,0.0
157806,-1,10.773377,8.83791,0.81,0.167,0.333,0.0,0.0,0.0,0.0,0.0,0.0
181347,6,9.3928585,10.7869215,0.278,0.722,0.84,0.08,0.0,0.2,0.067,0.533,0.0
94188,-1,17.77885,1.3896128,0.851,0.106,0.0,0.0,0.0,0.0,0.0,0.0,0.5
118683,-1,15.42271,3.880078,0.741,0.222,0.0,0.0,0.0,0.0,0.0,0.0,0.75
48402,-1,16.37868,0.560274,0.837,0.163,0.0,0.0,0.0,0.0,0.0,0.0,0.8
138348,6,9.632806,9.034583,0.854,0.098,0.25,0.0,0.0,0.0,0.0,0.667,0.0
142246,-1,14.367786,9.901367,0.026,0.921,1.0,0.457,0.0,0.4,0.2,0.2,0.543
95592,-1,15.06054,5.572596,0.881,0.071,0.0,0.5,0.0,0.0,0.0,0.0,0.0
167083,-1,16.721575,6.3474464,0.786,0.19,0.2,0.0,0.0,0.0,0.0,0.0,0.6
97885,-1,16.948748,2.5815573,0.976,0.024,0.0,0.0,0.0,0.0,0.0,0.0,0.0
239090,-1,16.303257,5.8397026,0.911,0.067,0.0,0.0,0.0,0.167,0.167,0.167,0.0
114519,-1,16.00438,7.446646,0.8,0.2,0.167,0.333,0.0,0.0,0.5,0.0,0.5
218917,-1,10.736109,8.2677355,0.956,0.022,1.0,0.0,0.0,0.818,0.091,0.0,1.0
209963,-1,16.432142,2.0280433,0.867,0.067,0.0,0.0,0.0,0.0,0.0,1.0,0.333
178324,-1,17.34546,0.13792491,0.867,0.111,0.0,0.0,0.5,0.0,0.0,0.0,1.0
258436,-1,17.149553,3.894192,0.079,0.868,0.903,0.548,0.0,0.0,0.5,0.0,0.323
131690,-1,14.3826885,1.9894576,0.83,0.128,0.167,0.0,0.0,0.0,0.0,0.0,0.667
177254,-1,14.974209,8.767534,0.458,0.521,0.421,0.053,0.0,0.0,0.5,0.0,0.737
154583,-1,13.967439,5.100637,0.489,0.467,0.2,1.0,0.3,0.0,0.1,0.0,0.6
176037,-1,12.062658,10.135924,0.0,1.0,1.0,0.133,0.0,0.25,0.0,0.25,0.3
139896,-1,16.369156,4.5102024,0.674,0.279,0.0,0.182,0.658,0.026,0.0,0.0,0.636
225247,6,11.745057,8.890771,0.207,0.793,1.0,0.0,0.0,0.25,0.0,0.0,0.0
188601,-1,13.928779,2.6514356,0.382,0.618,0.5,0.05,0.0,0.059,0.765,0.059,0.6
143582,-1,15.524778,7.575971,0.667,0.278,0.333,0.667,0.2,0.0,0.0,0.2,0.111
283160,-1,15.739438,9.029587,0.192,0.808,0.923,0.462,0.167,0.167,0.167,0.0,0.077
273286,-1,14.601338,7.5610905,0.548,0.405,0.0,0.0,0.0,0.2,0.0,0.0,0.0
44729,-1,10.787537,9.914589,0.61,0.171,0.714,0.286,0.333,0.056,0.0,0.0,0.0
246385,-1,13.442994,8.533071,0.738,0.19,0.625,0.25,0.0,0.0,0.5,0.0,0.125
173099,-1,16.489048,8.330854,0.44,0.5,0.583,0.625,0.914,0.0,0.029,0.0,0.458
191022,-1,11.5073805,8.181762,0.079,0.921,0.971,0.0,0.0,0.667,0.0,0.333,0.286
199742,6,12.335393,8.644053,0.786,0.19,0.375,0.375,0.0,0.0,0.0,0.0,0.125
169077,-1,16.160473,1.7230734,0.886,0.091,0.0,0.0,0.0,0.0,0.5,0.0,0.667
40456,-1,13.665253,1.4096906,0.78,0.146,0.0,0.167,0.0,0.0,0.5,0.0,0.5
224165,-1,17.228354,1.9084082,0.773,0.227,0.0,0.0,0.25,0.0,0.125,0.0,0.444
38723,-1,15.706645,5.5979867,0.886,0.023,0.0,0.0,0.0,0.0,1.0,0.0,1.0
4182,-1,16.452194,2.7935445,0.884,0.047,0.0,0.0,0.0,0.0,0.0,0.0,0.5
16884,-1,17.651026,1.2705721,0.841,0.023,0.0,0.0,0.0,1.0,0.0,0.0,0.0
274469,-1,16.90504,3.5987797,0.143,0.857,0.318,1.0,0.0,0.375,0.0,0.0,0.682
220924,-1,14.357604,5.308118,0.865,0.054,0.0,0.0,0.0,0.0,0.0,0.0,1.0
259066,6,8.226846,11.030286,0.765,0.206,0.0,0.0,0.0,0.071,0.0,0.643,0.0
168189,-1,14.289234,7.003456,0.667,0.314,0.0,0.0,0.0,0.0,0.0,1.0,0.0
254179,-1,17.806278,1.4946458,0.915,0.064,0.0,0.0,0.0,0.333,0.0,0.0,0.333
257585,-1,16.875872,-0.34951374,0.87,0.043,0.0,0.0,1.0,0.0,0.0,0.0,0.0
161882,-1,16.2672,2.3240345,0.921,0.079,0.333,0.0,0.0,0.0,0.0,0.0,0.333
270538,-1,14.542976,8.200403,0.95,0.05,0.0,0.0,0.56,0.12,0.0,0.08,0.0
218436,-1,17.216558,4.646475,0.826,0.109,0.0,0.0,0.0,0.0,0.0,0.0,0.0
286284,-1,15.043913,1.9160126,0.896,0.042,0.0,0.0,0.0,1.0,0.0,0.0,1.0
149841,-1,16.349186,7.1198883,0.2,0.8,0.0,0.0,0.0,0.2,0.2,0.0,1.0
253511,-1,13.742392,9.049995,0.219,0.719,0.913,0.435,0.111,0.0,0.111,0.111,0.522
210201,-1,13.437293,7.3223624,0.735,0.265,0.75,0.5,0.333,0.0,0.333,0.333,0.5
76010,-1,12.228441,7.4241858,0.878,0.082,0.25,0.0,0.0,1.0,0.0,0.0,0.5
93881,-1,15.81103,0.74239695,0.878,0.073,0.333,0.333,0.562,0.0,0.062,0.0,1.0
27480,-1,12.197457,7.008804,0.907,0.047,0.0,0.0,0.0,0.333,0.0,0.667,0.5
46307,-1,10.412833,9.420725,0.078,0.882,1.0,0.267,0.0,0.333,0.0,0.333,0.111
19014,6,8.627152,9.963282,0.689,0.222,0.1,0.1,0.292,0.125,0.0,0.375,0.2
136209,-1,14.436712,1.1221774,0.891,0.022,0.0,0.0,0.0,0.0,1.0,0.0,1.0
187965,6,12.942453,5.622056,0.702,0.281,0.0,0.0,0.214,0.071,0.071,0.357,1.0
11913,-1,15.371545,9.120028,0.744,0.205,0.333,0.0,0.364,0.0,0.0,0.091,0.5
21832,-1,15.80566,0.06723583,0.896,0.083,0.25,0.0,0.0,0.0,0.0,0.0,1.0
284569,6,8.94829,9.784342,0.638,0.191,0.444,0.111,0.077,0.0,0.077,0.538,0.556
266330,-1,17.566795,3.8150957,0.864,0.136,0.167,0.0,0.235,0.059,0.0,0.118,0.667
102867,-1,17.899729,0.9741072,0.933,0.067,0.0,0.0,0.0,0.333,0.0,0.333,0.667
259047,-1,13.876154,8.601556,0.419,0.548,0.75,0.125,0.125,0.125,0.0,0.5,0.125
24325,-1,16.250477,0.92595285,0.724,0.241,0.143,0.0,0.25,0.125,0.125,0.125,0.429
246684,-1,15.287802,9.229579,0.641,0.333,0.833,0.0,0.2,0.2,0.2,0.0,0.333
206911,-1,17.076418,0.8728485,0.909,0.045,0.5,0.0,0.0,0.0,0.0,0.0,0.0
35721,-1,15.579352,0.85471034,0.487,0.513,0.0,1.0,0.0,0.0,0.0,0.0,0.0
21641,-1,16.680569,6.3257813,0.75,0.25,0.0,0.0,0.0,0.0,0.0,0.0,0.0
41854,6,15.551451,2.7144847,0.395,0.605,0.0,0.0,0.071,0.071,0.0,0.0,0.0
185524,-1,17.478424,2.181365,0.898,0.041,0.0,0.0,0.25,0.25,0.0,0.5,1.0
249371,6,10.53409,8.673727,0.326,0.609,0.0,0.5,0.278,0.167,0.0,0.167,0.0
181889,4,15.305868,7.3498983,0.8,0.171,0.5,0.0,0.0,0.0,0.0,0.0,0.5
211049,-1,16.365005,3.2638946,0.917,0.056,0.0,0.5,0.0,0.333,0.333,0.333,0.5
144609,-1,17.523706,4.303719,0.955,0.023,0.0,0.0,0.5,0.0,0.0,0.5,1.0
7162,6,12.240957,8.081552,0.7,0.3,0.0,1.0,0.5,0.5,0.0,0.0,1.0
280107,-1,17.285662,3.7250137,0.667,0.283,0.312,0.0,0.0,0.375,0.25,0.25,0.5
8855,-1,15.237901,6.583647,0.738,0.214,0.444,0.111,0.0,0.143,0.286,0.143,0.556
247990,-1,12.751757,9.307611,0.743,0.143,0.8,0.0,0.143,0.0,0.0,0.0,0.0
171812,-1,16.94346,8.198851,0.636,0.345,0.231,0.0,0.167,0.233,0.0,0.367,0.385
115585,-1,13.765468,2.7652647,0.878,0.073,0.0,0.0,0.0,0.0,0.6,0.0,0.0
229415,-1,13.270121,7.866849,0.891,0.065,0.333,0.0,0.0,0.5,0.0,0.0,0.0
123804,-1,17.201906,2.8750992,0.929,0.048,0.0,1.0,0.0,0.0,0.0,0.0,0.5
252686,-1,16.544346,6.821661,0.805,0.146,0.0,0.0,0.412,0.059,0.0,0.059,0.0
84307,-1,13.0683365,6.6761136,0.976,0.0,0.0,0.0,0.0,0.0,0.0,0.0,0.0
143872,-1,15.809381,6.612106,0.294,0.706,0.444,0.5,0.067,0.067,0.6,0.267,0.389
215039,-1,16.834837,0.28055796,0.867,0.089,0.25,0.0,0.0,0.692,0.077,0.0,0.25
235227,-1,15.123195,7.33053,0.789,0.211,0.5,0.167,0.2,0.0,0.0,0.0,0.417
156532,-1,14.396504,4.6963377,0.78,0.22,0.0,0.167,0.125,0.0,0.375,0.0,0.667
260815,6,10.001528,9.285607,0.469,0.469,0.783,0.348,0.143,0.286,0.0,0.429,0.087
282115,4,16.791103,7.534733,0.023,0.953,0.0,0.0,0.0,0.167,0.167,0.0,0.0
230808,-1,14.248643,3.3797748,0.92,0.06,0.0,0.0,0.0,0.125,0.0,0.125,0.667
2271,-1,14.628871,8.294827,0.225,0.75,0.667,0.4,0.0,0.077,0.385,0.462,0.433
14331,-1,12.651349,7.7316747,0.864,0.068,0.0,0.0,0.0,0.0,0.0,1.0,0.0
96013,-1,16.58719,8.090796,0.294,0.667,0.0,0.0,0.0,0.0,0.0,0.0,0.0
117465,-1,12.592991,9.531698,0.438,0.562,0.944,0.0,0.0,0.0,0.0,0.0,0.278
8354,-1,13.746506,9.857862,0.724,0.241,0.5,0.0,0.6,0.0,0.2,0.0,0.167
39767,-1,17.053978,2.8889046,0.75,0.225,0.25,0.0,0.0,0.167,0.667,0.0,0.75
62536,-1,18.067347,3.9670045,0.25,0.75,0.0,0.5,0.0,0.0,0.0,0.333,0.5
173412,6,8.449689,11.043021,0.816,0.163,0.167,0.0,0.0,0.182,0.0,0.636,0.0
145221,-1,16.378695,6.2841935,0.789,0.211,0.625,0.143,0.0,0.333,0.0,0.667,0.25
160062,-1,14.188962,6.8554244,0.959,0.02,0.0,0.0,0.0,0.0,0.0,0.333,0.0
45038,-1,17.307943,1.5843627,0.9,0.075,0.0,0.0,0.0,0.333,0.333,0.0,0.667
172996,-1,17.49466,1.8953825,0.814,0.093,0.333,0.0,0.0,0.5,0.0,0.5,1.0
63728,-1,15.650822,1.2153585,0.949,0.051,1.0,0.0,0.0,0.0,1.0,0.0,1.0
54046,-1,15.077569,1.3216375,0.878,0.098,0.25,0.25,0.1,0.0,0.0,0.0,1.0
277581,-1,11.794936,9.773855,0.1,0.875,0.886,0.343,0.0,0.25,0.0,0.5,0.057
294221,-1,16.650642,6.664666,0.894,0.043,0.0,0.0,0.5,0.0,0.0,0.0,0.0
262009,-1,17.159578,1.1559618,0.826,0.152,0.286,0.143,0.25,0.0,0.083,0.167,0.286
190543,6,8.827858,10.942417,0.225,0.75,0.655,0.483,0.0,0.273,0.318,0.318,0.0
282188,-1,15.999377,2.0236204,0.814,0.14,0.0,0.0,0.556,0.056,0.0,0.0,1.0
113327,6,9.372349,9.617435,0.732,0.268,0.333,0.0,0.0,0.333,0.0,0.333,0.0
143808,-1,17.690016,2.81304,0.513,0.487,0.0,0.2,0.0,0.0,0.667,0.0,0.8
73348,-1,15.96908,4.27687,0.87,0.043,0.0,0.0,0.077,0.846,0.0,0.0,0.5
111101,6,8.949556,9.938288,0.867,0.044,0.5,0.0,0.2,0.4,0.0,0.0,0.5
258635,-1,13.709041,7.6530294,0.682,0.25,0.0,0.0,0.0,0.25,0.0,0.0,0.0
256072,6,8.592919,10.923872,0.5,0.432,0.222,0.111,0.2,0.2,0.0,0.067,0.444
118094,-1,13.699339,10.176542,0.061,0.939,1.0,0.1,0.125,0.375,0.0,0.0,0.4
216080,-1,16.850037,2.8721857,0.935,0.043,0.0,0.0,0.0,0.0,0.0,0.0,0.5
89555,-1,13.972523,2.0121114,0.905,0.095,0.25,0.0,0.0,0.2,0.2,0.0,0.75
47899,-1,16.907963,5.664796,0.891,0.055,0.0,0.0,1.0,0.0,0.0,0.0,0.667
101183,-1,14.202776,8.154407,0.646,0.354,0.235,0.0,0.2,0.1,0.2,0.1,0.176
22806,-1,16.359053,1.8121389,0.93,0.07,0.0,0.0,0.1,0.1,0.1,0.1,0.0
9402,-1,15.224869,5.6960444,0.884,0.047,0.0,0.0,0.0,0.0,0.0,0.0,0.0
53824,-1,16.074635,3.0356956,0.613,0.355,0.714,0.571,0.0,0.0,0.0,1.0,0.286
178753,-1,14.020279,6.175791,0.171,0.829,0.69,0.172,0.6,0.067,0.2,0.0,0.586
205841,-1,14.579023,1.6197845,0.978,0.022,0.0,0.0,0.333,0.0,0.0,0.0,1.0
192841,-1,15.059104,7.9454207,0.047,0.953,1.0,0.436,0.2,0.2,0.2,0.2,0.462
93552,-1,14.580131,1.1696526,0.85,0.05,0.5,0.0,0.0,0.0,0.0,0.0,0.5
266391,-1,13.171351,10.200247,0.028,0.972,1.0,0.571,0.0,1.0,0.0,0.0,0.314
217954,-1,14.634814,9.741532,0.243,0.757,1.0,0.115,0.0,0.75,0.0,0.0,0.115
143647,-1,15.491047,5.1012917,0.854,0.122,0.0,0.0,0.0,0.0,1.0,0.0,0.0
101026,-1,12.636049,6.1944213,0.6,0.267,0.0,0.091,0.1,0.1,0.0,0.55,0.909
55075,-1,15.764265,0.4342499,0.729,0.125,0.0,0.167,0.238,0.0,0.0,0.0,0.333
82848,-1,16.291742,8.886706,0.789,0.211,0.143,0.143,0.348,0.043,0.0,0.087,0.571
83470,-1,14.362506,1.8486879,0.806,0.194,0.143,0.286,0.0,0.0,0.5,0.0,0.286
164008,-1,16.76332,0.9956492,0.854,0.073,0.0,0.0,0.0,0.0,0.0,0.0,0.667
25588,-1,14.050407,7.7259026,0.605,0.368,0.615,0.231,0.0,0.143,0.0,0.571,0.231
212732,-1,15.656315,4.350369,0.875,0.075,0.333,0.0,0.0,0.0,0.0,0.0,0.667
35049,-1,14.219219,7.7449956,0.649,0.243,0.5,0.0,0.0,0.0,0.0,0.0,0.0
208389,-1,17.806255,3.3517618,0.698,0.279,0.444,0.0,0.0,1.0,0.0,0.0,0.556
139717,-1,13.381281,3.013379,0.737,0.237,0.0,0.0,0.333,0.0,0.167,0.0,0.5
69794,-1,16.21688,6.3179197,0.744,0.256,0.0,0.0,0.667,0.0,0.0,0.0,1.0
81567,-1,15.709406,0.9961133,0.722,0.222,0.25,0.167,0.5,0.071,0.0,0.107,0.167
135458,-1,17.636927,4.916467,0.822,0.111,0.2,0.2,0.167,0.167,0.0,0.167,0.8
92779,-1,12.623624,7.01152,0.744,0.14,0.167,0.167,0.0,0.333,0.0,0.0,0.333
155738,-1,15.251083,8.675467,0.205,0.795,0.833,0.111,0.0,0.0,1.0,0.0,0.111
251856,-1,12.264351,8.584434,0.907,0.07,1.0,0.0,0.0,0.4,0.0,0.0,0.0
102086,-1,14.686592,9.262853,0.051,0.949,1.0,0.056,0.0,0.0,0.0,0.25,0.111
108774,4,17.038754,7.1195316,0.795,0.154,0.0,0.0,0.5,0.167,0.0,0.0,0.0
195069,-1,15.075596,7.9114537,0.54,0.44,0.0,0.0,0.0,0.0,0.0,0.0,0.0
21711,-1,14.242879,8.957984,0.038,0.925,0.979,0.75,0.095,0.429,0.143,0.286,0.292
208808,-1,16.825123,-0.20022082,0.578,0.4,0.647,0.235,0.0,0.3,0.5,0.1,0.765
98806,-1,14.502403,8.632775,0.098,0.878,0.971,0.171,0.2,0.0,0.1,0.4,0.114
68908,6,9.734042,9.684041,0.625,0.375,0.571,0.143,0.0,0.333,0.333,0.0,0.0
173421,-1,14.932532,2.6641665,0.792,0.167,0.125,0.625,0.333,0.333,0.0,0.067,0.375
188980,-1,14.25296,9.875294,0.14,0.84,0.825,0.9,0.0,0.1,0.8,0.0,0.525
138185,-1,17.264002,3.882007,0.884,0.093,0.25,0.0,0.333,0.333,0.0,0.0,1.0
30937,-1,16.94531,0.25379193,0.93,0.023,0.0,0.0,0.0,0.0,0.0,0.0,1.0
225289,-1,15.508544,8.734856,0.775,0.2,0.125,0.125,0.4,0.2,0.0,0.0,0.375
166452,-1,14.713421,4.837972,0.4,0.567,0.438,0.059,0.0,0.0,0.0,0.0,0.312
45063,-1,16.6316,3.878135,0.421,0.553,0.667,0.476,0.053,0.053,0.684,0.053,0.524
233595,-1,14.988572,7.817306,0.0,0.981,1.0,0.1,0.0,0.0,0.25,0.5,0.2
108124,-1,14.974738,1.8696424,0.824,0.137,0.143,0.0,0.0,0.0,0.0,0.0,0.714
28850,6,8.228688,11.147989,0.905,0.0,0.0,0.0,0.0,0.667,0.333,0.0,0.0
94748,-1,15.117855,2.8482525,0.854,0.122,0.0,0.2,0.5,0.0,0.071,0.071,0.4
223189,-1,10.608034,8.656584,0.714,0.257,0.375,0.625,0.2,0.0,0.0,0.2,0.25
191121,-1,17.103275,7.7931213,0.395,0.553,0.0,0.0,0.2,0.0,0.0,0.2,0.0
120448,-1,14.262961,2.3291202,0.878,0.049,0.0,0.0,0.591,0.0,0.0,0.0,0.5
42354,-1,15.21374,1.7083417,0.907,0.07,0.0,0.0,0.0,0.0,0.0,0.0,0.5
75975,-1,16.386526,4.571926,0.846,0.128,0.2,0.0,0.0,0.0,0.0,0.0,0.8
50987,-1,14.804847,7.4068666,0.477,0.523,0.636,0.273,0.0,0.25,0.25,0.5,0.091
205400,-1,17.178839,1.5266379,0.921,0.026,0.0,0.0,0.333,0.0,0.0,0.0,1.0
45805,-1,17.803072,4.8177223,0.863,0.078,0.25,0.5,0.0,0.4,0.2,0.0,0.5
248194,-1,10.806657,9.201352,0.9,0.075,0.0,0.0,0.0,0.5,0.0,0.25,0.0
250452,-1,14.879813,8.620469,0.654,0.346,0.6,0.0,0.333,0.333,0.333,0.0,0.0
130595,-1,11.000467,8.894839,0.5,0.475,0.0,0.5,0.0,0.0,0.0,0.0,0.0
134260,-1,12.299505,6.998135,0.822,0.067,0.333,0.0,0.1,0.2,0.0,0.4,0.667
53393,-1,17.368881,1.990489,0.837,0.07,0.0,0.0,0.455,0.045,0.0,0.045,0.0
33350,-1,16.106407,4.9272966,0.909,0.068,0.0,0.0,0.0,0.0,0.0,1.0,1.0
198493,-1,17.277132,2.4422767,0.909,0.045,0.0,0.0,0.0,0.0,0.0,0.333,1.0
16090,-1,14.093426,1.5647559,0.082,0.918,0.844,0.4,0.0,0.143,0.714,0.0,0.311
130728,-1,13.634252,7.0425024,0.444,0.556,0.286,0.429,0.0,0.0,0.0,0.0,0.0
156853,-1,14.964838,8.878279,0.135,0.838,0.321,0.143,0.0,0.0,1.0,0.0,0.786
24747,-1,15.5546875,1.9062492,0.732,0.171,0.0,0.143,0.0,0.0,1.0,0.0,0.571
179883,-1,9.60635,10.143558,0.886,0.057,1.0,0.0,0.0,0.4,0.0,0.2,0.0
136538,-1,14.285588,7.041055,0.861,0.111,0.0,0.0,1.0,0.0,0.0,0.0,0.0
55756,2,18.020359,2.6807132,0.944,0.019,0.0,0.0,0.0,0.0,0.333,0.0,1.0
238068,-1,16.493423,8.82088,0.63,0.296,0.667,0.0,0.5,0.0,0.0,0.167,0.0
230232,-1,17.958302,3.8381152,0.867,0.133,0.0,0.0,1.0,0.0,0.0,0.0,0.167
288822,-1,16.51771,7.0620995,0.023,0.953,0.0,0.0,0.0,0.0,0.071,0.0,0.0
182321,-1,16.737572,5.4293604,0.829,0.146,0.0,0.0,0.0,0.0,0.0,0.0,0.5
13505,-1,16.7639,3.2935336,0.86,0.12,0.5,0.0,0.25,0.25,0.25,0.0,0.333
77634,-1,11.19045,10.114636,0.422,0.578,0.727,0.227,0.0,0.222,0.333,0.222,0.136
57190,6,11.933896,8.012792,0.196,0.804,1.0,0.128,0.0,0.25,0.25,0.25,0.051
194909,-1,15.903719,5.5027814,0.953,0.023,0.0,0.0,1.0,0.0,0.0,0.0,1.0
26112,-1,17.973446,3.0681598,0.906,0.038,0.0,0.0,0.0,0.0,0.333,0.0,0.0
245532,-1,11.108483,9.109971,0.927,0.049,0.5,0.0,0.0,0.5,0.0,0.25,0.5
246998,-1,17.032167,8.170091,0.378,0.6,0.8,0.0,0.0,0.5,0.25,0.0,0.2
40199,-1,15.857726,1.1919159,0.809,0.106,0.0,0.0,0.143,0.0,0.143,0.0,0.6
98423,-1,13.922726,9.545345,0.875,0.062,1.0,0.0,0.0,0.0,1.0,0.0,0.333
210844,-1,12.362575,7.3641024,0.952,0.024,0.0,0.0,0.0,0.0,0.0,0.0,1.0
168009,-1,14.947773,3.1906347,0.923,0.051,0.0,0.5,0.0,0.0,1.0,0.0,0.5
124719,-1,14.354951,1.6011903,0.946,0.018,0.0,0.0,0.0,0.5,0.5,0.0,1.0
267675,6,11.111354,9.681503,0.35,0.575,0.591,0.136,0.0,0.059,0.0,0.706,0.0
35852,6,8.111592,11.18615,0.762,0.095,0.5,0.0,0.2,0.2,0.2,0.4,0.5
27005,-1,13.97339,3.278899,0.294,0.667,0.412,0.088,0.0,0.045,0.682,0.0,0.706
30244,-1,16.195597,8.484919,0.065,0.935,0.976,0.143,0.263,0.053,0.0,0.053,0.429
270479,-1,15.472684,7.527013,0.4,0.571,0.0,0.0,0.0,0.5,0.0,0.5,0.0
96990,-1,12.97522,9.78795,0.763,0.158,0.4,0.2,0.0,0.0,0.0,1.0,0.2
96663,-1,13.74116,9.587888,0.87,0.13,0.2,0.0,0.0,0.0,0.5,0.0,0.4
91917,-1,17.974165,3.2507012,0.857,0.119,0.5,0.5,0.0,0.25,0.0,0.25,1.0
107977,4,17.117504,7.411705,0.115,0.827,0.0,1.0,0.0,0.0,0.0,0.0,1.0
231827,-1,14.694572,1.6169075,0.174,0.783,0.714,0.171,0.176,0.059,0.353,0.118,0.486
173003,-1,14.055074,2.4595268,0.619,0.381,0.0,0.0,0.0,0.2,0.0,0.0,1.0
86189,-1,14.325309,9.381484,0.892,0.081,0.0,0.0,0.133,0.067,0.0,0.133,0.333
77446,-1,16.819681,2.5225067,0.881,0.048,0.5,0.5,0.0,0.333,0.0,0.0,0.0
105496,-1,14.241579,2.353074,0.786,0.214,0.375,0.0,0.0,0.0,0.75,0.0,0.625
155101,-1,14.459879,9.692386,0.841,0.159,0.143,0.0,0.0,0.2,0.4,0.0,0.429
76737,-1,17.845018,2.599838,0.907,0.047,0.0,0.0,0.0,0.0,0.0,0.0,0.5
238694,-1,14.841835,2.3282852,0.912,0.088,0.333,0.333,0.0,0.455,0.0,0.455,0.667
35286,-1,16.75235,3.2447977,0.762,0.214,0.556,0.0,0.0,0.4,0.2,0.0,0.556
7044,-1,16.47034,1.8505499,0.86,0.047,0.0,0.0,0.0,0.0,0.0,0.0,0.0
73467,-1,15.892771,2.0449505,0.898,0.02,0.0,0.0,0.0,0.0,0.0,0.5,1.0
91091,-1,15.239648,2.9079194,0.5,0.5,0.211,0.0,0.067,0.0,0.467,0.0,0.579
98570,-1,13.217621,8.295903,0.0,0.969,1.0,0.968,1.0,0.0,0.0,0.0,0.29
239816,6,12.138247,8.857226,0.816,0.163,0.875,0.125,0.0,0.667,0.0,0.333,0.0
150499,6,9.7866535,10.223267,0.581,0.419,0.8,0.0,0.0,0.0,0.0,0.0,0.0
143477,-1,16.468224,6.309045,0.289,0.689,0.6,0.1,0.0,0.0,0.4,0.0,0.2
181602,-1,13.745188,9.423772,0.0,1.0,1.0,0.81,0.0,0.0,0.0,0.333,0.143
14377,-1,14.244534,2.6150272,0.227,0.75,0.677,0.839,0.417,0.0,0.25,0.042,0.581
100534,-1,13.981172,2.5063446,0.812,0.167,0.0,0.167,0.375,0.125,0.0,0.125,0.667
294844,4,16.646294,8.062923,0.611,0.333,0.0,0.0,0.333,0.0,0.167,0.333,0.0
86578,-1,10.632673,8.616462,0.698,0.302,0.3,0.3,0.133,0.067,0.0,0.2,0.2
116908,-1,13.49157,2.1426435,0.8,0.178,0.25,0.0,0.0,0.4,0.2,0.0,0.75
44342,-1,15.603767,0.9645264,0.659,0.273,0.091,0.364,0.118,0.059,0.412,0.0,0.818
240754,-1,14.189483,3.9726477,0.702,0.277,0.308,0.077,0.0,0.2,0.8,0.0,0.462
110706,-1,14.542691,3.3881106,0.886,0.091,0.0,0.0,0.333,0.0,0.0,0.0,0.25
222570,3,17.434772,5.226644,0.846,0.103,0.0,0.5,0.0,0.333,0.0,0.0,0.5
135275,-1,17.363625,3.3786654,0.711,0.263,0.222,0.222,0.0,0.0,0.0,0.0,0.667
32334,-1,14.409921,9.51996,0.02,0.959,1.0,0.348,0.0,0.75,0.0,0.25,0.413
227630,-1,14.172714,4.0370245,0.271,0.688,0.844,0.031,0.0,0.083,0.583,0.25,0.562
95782,-1,17.612782,4.491071,0.885,0.077,0.333,0.333,0.0,0.0,0.0,0.0,0.0
10628,6,9.246569,9.633053,0.833,0.095,0.0,0.0,0.333,0.0,0.0,0.133,0.0
131570,-1,13.810467,5.374033,0.881,0.048,0.0,0.0,0.0,0.0,0.0,0.0,1.0
21829,-1,14.146158,3.1198452,0.523,0.386,0.062,0.0,0.088,0.176,0.0,0.5,0.688
239716,-1,16.746168,6.2904415,0.929,0.048,0.0,1.0,0.0,1.0,0.0,0.0,0.0
100723,-1,15.367705,6.629348,0.581,0.372,0.0,0.0,0.0,1.0,0.0,0.0,0.0
186507,-1,10.666833,9.810057,0.81,0.143,0.5,0.167,0.062,0.125,0.0,0.562,0.167
21669,-1,16.191744,0.8581072,0.935,0.022,0.0,0.0,0.0,0.0,0.333,0.333,1.0
152856,-1,16.423582,6.291532,0.824,0.157,0.286,0.0,0.2,0.6,0.0,0.2,0.429
165092,-1,12.443317,9.739597,0.636,0.318,0.571,0.0,0.0,0.25,0.125,0.0,0.071
90809,-1,12.896751,6.8833776,0.524,0.452,1.0,0.0,0.0,0.0,0.0,0.0,0.0
176833,-1,16.461037,7.560393,0.324,0.595,0.462,0.462,0.0,0.0,0.0,0.0,0.615
241631,-1,16.224619,1.9231737,0.822,0.178,0.0,0.0,0.0,0.0,0.0,0.0,0.6
187200,-1,16.07219,1.053171,0.812,0.125,0.0,0.0,0.667,0.0,0.0,0.0,0.571
125247,-1,15.490372,5.462655,0.786,0.119,0.2,0.0,0.2,0.4,0.0,0.0,0.8
46893,-1,15.8854885,1.2912916,0.909,0.045,0.0,0.0,0.333,0.111,0.0,0.111,0.0
82628,-1,11.626815,9.844366,0.929,0.071,0.667,0.333,0.0,1.0,0.0,0.0,1.0
116433,-1,15.764094,1.4539132,0.583,0.396,0.0,0.889,0.333,0.167,0.167,0.0,0.556
11885,-1,14.639457,8.2315855,0.019,0.944,1.0,0.078,0.0,0.5,0.0,0.5,0.216
226561,6,9.086954,9.798141,0.913,0.0,0.0,0.0,0.0,1.0,0.0,0.0,0.0
223950,-1,14.775074,8.474703,0.526,0.474,0.643,0.143,0.083,0.5,0.083,0.167,0.429
193326,-1,15.506214,2.7308116,0.605,0.316,0.333,0.5,0.0,0.2,0.6,0.1,0.417
224062,-1,14.244181,4.4856644,0.725,0.275,0.5,0.0,0.0,0.25,0.25,0.5,0.1
158288,-1,11.51666,9.713411,0.857,0.119,0.2,0.0,0.0,0.25,0.25,0.25,0.2
176,-1,14.270839,1.0316548,0.933,0.067,0.0,0.0,0.667,0.0,0.0,0.0,0.5
119542,-1,13.696134,4.503656,0.152,0.848,0.897,0.128,0.0,0.333,0.667,0.0,0.41
117094,-1,11.822574,9.447366,0.778,0.194,0.429,0.0,0.0,0.0,0.0,1.0,0.143
287656,-1,14.885636,1.8792214,0.946,0.036,0.0,0.0,0.0,1.0,0.0,0.0,1.0
123623,3,17.39403,4.2326164,0.882,0.118,0.0,0.167,0.0,0.0,0.0,0.0,1.0
280454,6,12.456909,6.6030884,0.86,0.12,0.25,0.0,0.0,0.5,0.0,0.0,0.25
101078,-1,14.485182,7.8733654,0.689,0.244,0.333,0.0,0.111,0.222,0.111,0.222,0.556
151915,-1,13.983208,6.0549273,0.611,0.361,0.286,0.286,0.083,0.083,0.25,0.167,0.429
101122,-1,11.85711,7.5518684,0.727,0.136,0.0,0.0,0.286,0.0,0.143,0.0,0.333
255862,-1,14.826751,9.408151,0.364,0.614,0.769,0.346,0.0,0.0,1.0,0.0,0.346
242113,-1,14.534778,0.9042667,0.763,0.158,0.0,0.0,0.526,0.0,0.0,0.0,0.833
121594,-1,15.352648,4.1535535,0.75,0.227,0.0,0.333,0.0,0.0,0.0,0.0,0.556
213943,-1,14.941825,3.0968924,0.925,0.025,0.5,0.0,0.5,0.0,0.0,0.5,1.0
119901,-1,13.572675,2.3556836,0.902,0.073,0.0,0.0,0.0,0.2,0.2,0.4,0.333
97994,6,9.222471,9.86514,0.933,0.022,0.0,0.0,0.0,0.333,0.0,0.0,0.0
116771,-1,15.095601,3.2215965,0.276,0.724,0.667,0.238,0.0,0.0,1.0,0.0,0.619
233105,-1,17.415903,4.741841,0.896,0.062,0.0,0.0,0.375,0.0,0.125,0.125,0.0
61321,-1,16.847948,2.1934993,0.371,0.581,0.0,0.0,0.5,0.0,0.0,0.5,0.0
148079,-1,17.519724,3.6961455,0.778,0.156,0.143,0.143,0.0,0.0,0.0,0.0,0.429
149120,-1,14.567587,5.0420628,0.82,0.1,0.25,0.0,0.0,0.0,0.0,0.0,0.25
261929,-1,12.6598215,9.80778,0.356,0.622,0.375,0.375,0.0,0.0,0.0,0.0,0.0
107446,-1,17.92265,1.7516683,0.882,0.059,0.333,0.0,0.375,0.0,0.0,0.0,0.667
106575,-1,17.441639,5.0349593,0.854,0.098,0.25,0.0,0.0,0.0,0.0,0.0,0.75
103562,-1,13.45486,2.036015,0.447,0.526,0.0,0.105,0.0,0.0,0.96,0.0,0.632
14380,-1,15.374957,8.785535,0.694,0.306,0.091,0.0,0.0,0.0,1.0,0.0,0.636
96619,-1,15.833627,0.82978135,0.83,0.064,0.0,0.0,0.182,0.0,0.0,0.0,0.333
27180,-1,16.17445,7.1489887,0.837,0.163,1.0,0.0,0.0,0.0,0.0,0.0,0.0
28389,6,13.093339,5.5837264,0.849,0.113,0.0,0.0,0.0,0.0,1.0,0.0,0.6
225087,-1,11.903873,9.808357,0.023,0.955,1.0,0.098,0.0,0.333,0.0,0.667,0.073
273080,-1,12.879043,6.8467865,0.674,0.326,0.25,0.0,0.3,0.1,0.0,0.05,0.0
261400,6,10.097963,10.595566,0.167,0.833,0.957,0.13,0.0,0.2,0.0,0.6,0.174
231943,-1,16.549091,3.0985548,0.857,0.143,0.0,0.0,0.0,0.0,0.0,1.0,1.0
244346,-1,16.705557,2.0598445,0.857,0.143,0.0,0.0,0.0,0.0,0.0,1.0,0.5
1307,-1,15.265725,0.57743114,0.8,0.089,0.25,0.0,0.2,0.0,0.0,0.2,0.0
113466,-1,13.693328,1.6621197,0.78,0.073,0.5,0.5,0.0,0.0,0.0,0.0,0.5
11936,-1,14.404557,2.4419308,0.591,0.341,0.4,0.067,0.0,0.0,0.727,0.0,0.533
114184,6,9.760408,10.501208,0.811,0.162,0.5,0.0,0.0,1.0,0.0,0.0,0.0
271925,-1,11.769546,9.305108,0.946,0.027,1.0,0.0,0.0,0.0,0.0,0.5,0.0
198892,-1,14.587369,1.7856278,0.953,0.023,0.0,0.0,0.0,0.5,0.0,0.5,1.0
209804,-1,16.900795,8.151323,0.396,0.604,0.0,0.0,0.0,0.0,0.5,0.0,1.0
258744,-1,13.621376,8.27162,0.326,0.674,0.0,1.0,0.0,0.0,0.5,0.0,0.0
108875,-1,17.087706,-0.28285238,0.689,0.133,0.0,0.0,0.429,0.036,0.0,0.036,0.5
252613,-1,15.173492,9.111576,0.757,0.216,0.375,0.0,0.0,0.4,0.2,0.0,0.375
144229,-1,15.796253,3.3861132,0.667,0.333,0.667,0.111,0.0,0.273,0.0,0.182,0.444
224262,-1,17.783676,3.6370714,0.825,0.1,0.667,0.333,0.0,0.0,0.0,0.0,0.667
4172,-1,12.566168,8.276886,0.629,0.257,0.444,0.0,0.0,0.211,0.0,0.737,0.0
267381,6,9.878117,10.8004265,0.136,0.841,0.853,0.794,0.0,0.4,0.0,0.6,0.176
285655,-1,14.764273,6.0875177,0.87,0.087,0.0,0.0,0.0,0.8,0.0,0.0,0.667
71323,-1,11.074778,10.227216,0.0,1.0,1.0,0.098,0.182,0.455,0.0,0.273,0.122
187078,-1,11.257982,8.164216,0.864,0.114,0.2,0.0,0.0,0.4,0.0,0.2,0.0
134931,1,16.66539,3.5878289,0.886,0.068,0.0,0.0,0.25,0.25,0.0,0.0,1.0
88806,-1,17.202303,0.6938196,0.891,0.087,0.0,0.0,0.0,0.0,0.0,0.0,0.5
40770,-1,15.68786,8.987347,0.2,0.775,0.645,0.258,0.0,0.0,0.619,0.095,0.452
37562,-1,12.820043,10.240263,0.5,0.5,0.625,0.0,0.2,0.0,0.2,0.2,0.062
163354,-1,15.511533,1.0375261,0.474,0.5,0.091,0.182,0.214,0.143,0.357,0.071,0.727
231469,6,8.673225,10.428778,0.043,0.935,0.923,0.359,0.4,0.2,0.2,0.0,0.077
178868,-1,16.405586,5.9432735,0.826,0.087,0.333,0.0,0.0,0.667,0.0,0.0,0.333
272577,6,9.267198,11.171184,0.257,0.657,0.429,0.091,0.0,0.048,0.0,0.762,0.0
74999,-1,16.637985,4.286088,0.896,0.083,0.25,0.25,0.0,0.0,0.333,0.0,0.25
196512,3,17.005608,5.3892827,0.8,0.2,0.0,0.0,0.0,0.0,0.667,0.0,0.6
117190,-1,12.929928,8.342776,0.872,0.128,0.4,0.0,0.077,0.154,0.154,0.308,0.2
92883,-1,15.690987,4.4328346,0.844,0.089,0.0,0.0,0.5,0.0,0.0,0.0,1.0
69566,6,12.381548,7.2358065,0.896,0.062,0.5,0.0,0.0,0.5,0.0,0.25,0.0
71132,-1,15.40713,2.3240752,0.952,0.0,0.0,0.0,0.0,0.0,0.0,0.0,0.0
185138,-1,12.420386,7.824025,0.933,0.044,0.0,0.0,0.0,0.0,0.0,0.0,0.0
88010,-1,14.533242,9.534434,0.694,0.306,0.727,0.0,0.0,0.4,0.4,0.2,0.182
17243,6,10.49913,10.3322315,0.792,0.208,0.25,0.0,0.0,0.5,0.0,0.5,0.25
133326,-1,15.341761,0.44144672,0.951,0.024,0.0,0.0,0.0,0.0,0.0,0.0,0.0
169085,-1,14.0393305,3.705668,0.575,0.4,0.571,0.071,0.0,0.0,0.75,0.0,0.5
201344,-1,11.702642,9.994343,0.875,0.125,0.4,0.0,0.0,0.0,0.0,0.0,0.4
152544,-1,17.517948,3.6208367,0.8,0.156,0.0,0.0,0.75,0.05,0.0,0.05,0.286
112510,6,10.623805,10.709789,0.395,0.579,0.545,0.227,0.0,0.364,0.091,0.455,0.045
13040,-1,13.79645,7.0893474,0.657,0.257,1.0,0.6,0.0,0.0,0.0,0.667,0.0
240350,6,11.458876,8.131809,0.976,0.024,0.0,0.0,0.0,0.0,0.0,0.0,0.0
238768,-1,14.966164,4.788682,0.822,0.089,0.0,0.75,0.429,0.0,0.0,0.0,0.25
288118,6,11.171629,9.917288,0.17,0.809,1.0,0.079,0.0,0.0,0.4,0.4,0.105
4423,-1,17.270699,4.4332457,0.932,0.068,0.0,0.0,0.0,0.0,0.0,0.0,0.667
259022,-1,17.117199,7.134016,0.075,0.925,0.0,0.0,0.0,0.05,0.0,0.0,0.0
63888,-1,14.891293,4.120143,0.78,0.146,0.25,0.0,0.0,0.5,0.5,0.0,0.75
142093,-1,12.990224,9.183482,0.122,0.857,0.951,0.098,0.0,0.0,0.0,0.667,0.268
263093,6,10.325106,9.098238,0.732,0.22,0.0,0.0,0.3,0.3,0.1,0.2,0.0
40227,-1,14.540411,4.549184,0.556,0.444,0.526,0.105,0.133,0.133,0.067,0.2,0.2
129081,-1,15.644561,7.184502,0.638,0.34,0.625,0.125,0.167,0.25,0.0,0.417,0.438
211507,-1,12.979128,7.786254,0.872,0.128,0.0,0.5,0.0,1.0,0.0,0.0,0.0
224943,-1,14.341192,3.5793483,0.846,0.077,0.333,0.0,0.0,0.5,0.0,0.5,0.667
197354,6,17.423601,1.3935813,0.889,0.044,0.0,0.0,0.222,0.0,0.111,0.0,0.0
270386,-1,15.7931,1.4123877,0.675,0.3,0.455,0.0,0.0,0.5,0.0,0.0,0.455
239909,-1,13.500413,5.4297104,0.891,0.022,0.0,0.0,0.0,0.0,0.0,0.0,0.0
200644,-1,15.765473,5.2946854,0.851,0.043,0.0,0.0,0.0,0.0,0.0,0.0,0.0
89976,-1,14.629268,4.134827,0.796,0.143,0.167,0.333,0.0,0.0,0.5,0.0,0.833
148795,-1,14.734729,5.8526363,0.898,0.02,0.0,0.0,0.0,0.0,0.0,0.0,0.0
183403,-1,14.950531,3.065904,0.767,0.186,0.125,0.125,0.0,0.667,0.333,0.0,0.625
153110,-1,15.70308,0.023055268,0.94,0.02,0.0,0.0,0.0,0.0,0.0,0.5,1.0
180846,-1,16.913336,2.8998485,0.905,0.071,0.0,0.333,0.0,0.0,0.0,1.0,0.667
16745,-1,16.466322,1.7970657,0.881,0.119,0.0,0.0,0.0,0.0,0.25,0.0,0.4
109473,-1,17.63237,4.038476,0.619,0.333,0.5,0.3,0.2,0.0,0.2,0.0,0.5
197913,-1,13.861794,7.89016,0.792,0.17,0.444,0.0,0.0,0.429,0.143,0.429,0.444
204168,-1,16.615204,0.15903898,0.855,0.073,0.0,0.0,0.25,0.25,0.0,0.0,0.25
93079,6,9.3081,10.139641,0.846,0.103,0.0,0.0,0.0,0.5,0.0,0.5,0.0
241653,-1,16.09009,2.8253918,0.889,0.067,0.0,0.0,0.0,0.333,0.0,0.667,1.0
148240,-1,17.636486,4.8174896,0.917,0.021,0.0,0.0,0.0,0.0,0.0,0.0,1.0
87607,-1,17.271692,3.4574952,0.959,0.041,0.0,0.0,0.0,0.0,0.0,0.0,1.0
230112,-1,13.467885,8.6747055,0.468,0.532,0.636,0.0,0.0,0.0,0.0,0.0,0.0
203697,-1,16.596231,2.8727534,0.894,0.064,0.0,0.0,0.2,0.2,0.0,0.2,0.667
238565,-1,15.645524,8.63519,0.477,0.5,0.722,0.111,0.0,1.0,0.0,0.0,0.111
151860,-1,14.355748,1.58756,0.694,0.278,0.0,0.714,0.333,0.0,0.0,0.333,0.714
255703,6,9.382021,10.838437,0.326,0.543,0.12,0.04,0.033,0.1,0.0,0.767,0.0
243364,-1,13.740782,8.080402,0.0,0.98,1.0,0.7,0.0,0.0,0.0,0.0,0.34
235543,-1,14.777551,9.75546,0.043,0.915,0.95,0.475,0.143,0.286,0.143,0.429,0.45
72896,-1,14.602207,4.732935,0.548,0.452,0.632,0.158,0.167,0.0,0.083,0.083,0.105
227031,-1,16.907116,2.0495915,0.896,0.083,0.0,0.0,0.0,0.0,0.0,0.0,0.75
243347,-1,18.034637,2.7422802,0.933,0.022,0.0,0.0,0.0,0.0,0.167,0.0,0.0
36742,-1,13.379499,8.240374,0.881,0.048,0.0,0.0,1.0,0.0,0.0,0.0,0.5
271248,-1,13.449024,9.238242,0.655,0.241,0.429,0.0,0.0,0.0,1.0,0.0,0.429
165219,-1,17.670254,3.7837908,0.88,0.1,0.0,0.0,0.0,0.0,0.0,0.0,0.6
99780,-1,12.225927,7.226171,0.804,0.152,0.0,0.167,0.0,0.25,0.0,0.75,0.0
290666,-1,14.197227,3.3714433,0.689,0.267,0.0,0.0,0.333,0.0,0.0,0.0,0.8
226042,-1,16.81006,2.2203279,0.762,0.167,0.167,0.167,0.0,0.0,0.0,0.0,0.667
206882,-1,16.709415,1.4168732,0.892,0.108,0.0,0.0,0.0,0.0,0.0,0.0,0.25
99337,-1,11.174507,9.506627,0.152,0.848,0.923,0.051,0.091,0.182,0.091,0.636,0.154
217479,-1,14.355918,8.996781,0.067,0.911,1.0,0.22,0.0,0.0,0.4,0.2,0.366
198359,-1,16.816174,6.521295,0.76,0.18,0.5,0.0,0.0,1.0,0.0,0.0,1.0
183407,-1,12.000614,7.28347,0.614,0.295,0.692,0.308,0.0,0.143,0.071,0.643,0.538
254573,-1,15.245046,2.0359788,0.689,0.178,0.5,0.5,0.0,0.0,0.0,0.0,0.5
144808,-1,14.752021,1.5832881,0.791,0.163,0.0,0.0,0.0,0.0,0.0,0.0,0.667
50565,-1,12.033673,10.331836,0.054,0.946,0.971,0.824,0.0,0.556,0.0,0.111,0.147
238537,-1,15.85167,6.020599,0.864,0.091,0.25,0.25,1.0,0.0,0.0,0.0,0.25
40398,-1,14.494267,1.6197402,0.636,0.303,0.143,0.0,0.167,0.083,0.0,0.0,0.571
79746,-1,17.763786,4.428957,0.894,0.085,0.0,0.0,0.0,0.0,0.0,0.0,0.5
45964,-1,9.138267,9.677339,0.286,0.643,0.0,0.038,0.378,0.0,0.0,0.378,0.269
64759,-1,16.807064,5.389673,0.907,0.07,0.0,0.0,0.0,1.0,0.0,0.0,0.667
204857,-1,12.393413,10.2763,0.049,0.927,1.0,0.081,0.0,0.25,0.0,0.25,0.081
20195,-1,17.231434,3.155796,0.622,0.324,0.333,0.0,0.0,0.0,1.0,0.0,0.667
33620,6,13.406347,6.042198,0.0,1.0,1.0,0.343,0.235,0.0,0.059,0.059,0.229
153225,-1,16.43636,6.2838445,0.451,0.549,0.6,0.4,0.0,0.0,0.0,0.0,0.2
238992,-1,16.477093,2.039784,0.878,0.098,0.333,0.0,0.0,1.0,0.0,0.0,0.667
194249,-1,17.335709,5.029025,0.833,0.143,0.0,0.0,0.5,0.5,0.0,0.0,0.667
2844,-1,15.839687,0.4978799,0.907,0.07,0.333,0.0,0.0,0.0,0.0,0.0,0.333
135405,-1,11.488068,9.855266,0.045,0.932,1.0,0.154,0.0,0.0,0.333,0.333,0.077
151193,6,10.885691,9.939859,0.147,0.853,0.926,0.148,0.0,0.111,0.111,0.444,0.037
235531,6,9.243735,9.799822,0.882,0.039,0.0,0.0,0.0,0.25,0.5,0.25,0.0
192671,-1,17.714924,3.0742035,0.822,0.178,0.25,0.25,1.0,0.0,0.0,0.0,0.5
1032,-1,13.512419,8.637791,0.837,0.116,0.2,0.0,0.0,0.0,0.5,0.5,0.4
183740,6,11.235713,9.314821,0.464,0.536,0.7,0.2,0.0,0.2,0.1,0.4,0.1
251921,-1,11.978682,10.110203,0.725,0.275,0.091,0.0,0.0,0.333,0.0,0.333,0.0
234107,6,8.330576,11.182695,0.881,0.071,0.0,0.0,0.188,0.25,0.0,0.312,0.0
27189,-1,14.241288,9.813388,0.054,0.946,0.818,0.606,0.273,0.091,0.182,0.091,0.515
71311,6,8.466102,10.24109,0.769,0.205,0.5,0.0,0.0,0.25,0.0,0.5,0.5
157424,6,9.002003,11.386967,0.286,0.714,0.56,0.08,0.053,0.053,0.0,0.684,0.08
102399,-1,15.028085,4.9312005,0.39,0.537,0.714,0.571,0.0,0.333,0.333,0.333,0.381
138367,-1,17.058249,4.0982294,0.933,0.022,0.0,0.0,0.0,0.0,0.0,1.0,0.0
156068,-1,14.067945,9.00606,0.408,0.592,0.778,0.074,0.0,0.5,0.25,0.0,0.222
121303,6,10.821701,8.176333,0.93,0.07,0.333,0.333,0.0,0.0,0.0,0.5,0.667
151836,6,9.534605,10.12492,0.714,0.245,0.25,0.0,0.167,0.0,0.333,0.0,0.0
181041,-1,17.382221,1.7178152,0.857,0.071,0.0,0.0,0.0,0.0,0.0,0.0,0.333
214326,-1,16.966955,7.683347,0.639,0.361,0.5,0.625,0.0,0.2,0.2,0.0,0.25
132635,-1,11.342431,8.049773,0.85,0.075,0.5,0.0,0.0,0.0,0.0,1.0,0.0
114662,-1,15.600425,6.287912,0.7,0.22,0.364,0.182,0.0,0.333,0.333,0.0,0.364
1427,-1,13.9823265,8.444613,0.0,1.0,0.972,0.139,0.0,0.5,0.0,0.5,0.222
140256,-1,15.541247,7.926272,0.1,0.875,0.0,0.0,1.0,0.0,0.0,0.0,0.0
269283,6,12.607567,8.027119,0.474,0.474,0.833,0.5,0.214,0.143,0.071,0.143,0.056
69811,-1,13.2519245,3.6670628,0.897,0.103,0.2,0.25,0.333,0.0,0.0,0.0,0.4
205518,-1,17.718958,3.6779065,0.87,0.087,0.0,0.0,0.5,0.0,0.5,0.0,0.5
58339,-1,14.673434,8.212989,0.766,0.149,0.2,0.0,1.0,0.0,0.0,0.0,0.2
240225,-1,10.1022835,8.787716,0.763,0.237,0.556,0.111,0.0,0.5,0.5,0.0,0.111
129468,-1,16.44727,-0.11400736,0.93,0.023,0.0,0.0,0.0,0.5,0.0,0.5,0.0
201735,-1,9.834372,8.754078,0.792,0.042,0.0,0.0,0.0,0.0,0.0,1.0,0.0
188415,6,9.188774,10.240786,0.78,0.12,0.0,0.0,0.0,0.0,0.0,0.0,0.5
268072,6,9.063025,10.591622,0.59,0.385,0.167,0.2,0.0,0.25,0.0,0.75,0.0
165175,3,17.144823,4.97468,0.868,0.132,0.2,0.4,0.0,0.2,0.0,0.733,0.4
180877,-1,16.502264,3.637488,0.854,0.083,0.0,0.0,0.0,0.0,0.0,1.0,0.25
22197,-1,17.452833,3.9473825,0.855,0.073,0.333,0.333,0.143,0.143,0.0,0.429,0.333
48363,-1,9.893244,8.995939,0.841,0.114,0.4,0.2,0.0,0.25,0.0,0.5,0.2
207242,-1,12.364666,7.38981,0.93,0.023,1.0,0.0,0.0,0.5,0.0,0.0,1.0
41979,-1,13.865155,3.6354673,0.432,0.568,0.7,0.65,0.0,0.167,0.75,0.0,0.65
119719,-1,15.264524,9.042457,0.062,0.938,1.0,0.068,0.091,0.091,0.455,0.091,0.386
252468,-1,13.751084,8.276278,0.794,0.147,0.0,0.0,0.25,0.0,0.0,0.0,0.6
74528,-1,14.568731,8.544981,0.282,0.718,0.929,0.286,0.0,0.167,0.333,0.5,0.25
39092,-1,12.877878,7.0102754,0.957,0.021,0.0,0.0,0.333,0.0,0.0,0.667,1.0
115644,-1,17.436106,2.80154,0.868,0.105,0.333,0.333,0.4,0.0,0.2,0.0,0.667
111204,-1,14.122125,3.7927258,0.786,0.214,0.583,0.417,0.0,0.0,0.0,1.0,0.636
204834,-1,17.55101,4.623113,0.977,0.023,0.0,0.0,1.0,0.0,0.0,0.0,0.0
159943,6,10.280454,10.639366,0.533,0.467,0.45,0.1,0.0,0.15,0.0,0.8,0.05
79282,-1,14.020605,6.177128,0.182,0.727,0.969,0.5,0.0,0.25,0.125,0.375,0.375
63399,-1,14.386961,1.503308,0.786,0.167,0.0,0.286,0.0,0.5,0.0,0.25,0.429
51235,-1,15.912038,-0.005975319,0.929,0.071,0.333,0.0,0.0,0.0,0.0,0.333,0.667
78834,-1,10.762022,9.343327,0.946,0.0,0.0,0.0,0.0,0.0,0.0,0.0,0.0
41904,-1,13.1534395,9.09785,0.55,0.4,0.333,0.0,0.0,0.0,0.333,0.167,0.333
129646,-1,16.902391,5.6691957,0.927,0.049,0.0,0.0,0.5,0.0,0.0,0.125,1.0
266221,-1,14.193252,8.405164,0.974,0.0,0.0,0.0,0.0,0.0,0.0,0.0,0.0
142435,-1,14.106146,1.5836436,0.805,0.098,0.0,0.0,0.0,0.0,0.0,0.5,0.667
96454,-1,17.290453,2.6959388,0.595,0.405,0.5,0.071,0.522,0.043,0.087,0.043,0.643
62975,6,8.112981,11.153007,0.303,0.697,0.286,0.0,0.125,0.0,0.125,0.375,0.0
69272,-1,17.672918,2.424317,0.727,0.242,0.0,0.0,0.0,0.0,0.0,0.0,0.5
239925,-1,14.9239855,4.775367,0.382,0.588,0.333,0.278,0.0,0.0,0.962,0.0,0.556
60020,-1,14.903427,4.06626,0.81,0.119,0.0,0.0,0.0,0.2,0.0,0.0,0.6
244183,-1,16.533646,-0.37913218,0.864,0.045,0.0,0.0,0.0,0.0,0.5,0.5,0.0
162108,-1,15.163713,4.2042294,0.83,0.106,0.2,0.0,0.0,0.1,0.0,0.0,0.8
112293,-1,15.638086,1.6407595,0.625,0.325,0.231,0.077,0.973,0.0,0.0,0.0,0.538
107254,-1,14.78938,0.91290873,0.837,0.07,0.0,0.0,0.0,0.0,0.0,0.0,0.667
223648,-1,15.98538,9.143556,0.407,0.593,0.5,0.75,0.0,0.5,0.0,0.5,0.375
118544,-1,17.942675,2.7134676,0.936,0.021,0.0,0.0,0.125,0.375,0.125,0.25,1.0
212951,2,17.396912,2.1663806,0.907,0.023,0.0,0.0,0.0,0.0,0.0,0.0,1.0
141046,-1,15.379041,5.6581073,0.864,0.091,0.25,0.0,0.25,0.0,0.25,0.5,0.75
203147,-1,16.929455,4.0707192,0.78,0.195,0.25,0.125,0.5,0.0,0.0,0.125,0.5
63328,4,17.219706,7.351159,0.357,0.643,0.0,0.0,0.0,0.0,0.0,0.5,0.0
3728,-1,15.1473255,1.2490715,0.902,0.049,0.0,0.0,0.0,0.0,0.333,0.0,1.0
250245,-1,16.214684,7.9316196,0.088,0.853,1.0,0.333,0.0,0.333,0.0,0.222,0.444
77172,-1,15.940655,8.571945,0.675,0.325,0.0,0.375,0.0,0.0,0.5,0.0,0.125
113670,-1,14.255658,8.904261,0.057,0.914,1.0,0.033,0.0,0.0,0.5,0.25,0.133
62302,3,17.257471,5.050612,0.787,0.106,0.0,0.0,0.0,0.0,0.0,0.0,0.5
126557,-1,17.355696,2.1412861,0.83,0.085,0.0,0.0,0.0,0.143,0.0,0.0,0.75
161829,-1,14.618351,4.0626254,0.932,0.045,0.5,0.0,0.0,0.167,0.167,0.167,0.5
193693,-1,16.737314,-0.45675656,0.841,0.068,0.0,0.0,0.444,0.037,0.0,0.0,0.667
289542,-1,15.068356,0.6850307,0.889,0.067,0.0,0.0,0.0,0.333,0.0,0.333,0.333
217081,6,12.936707,8.111004,0.867,0.111,0.5,0.0,0.0,0.0,1.0,0.0,0.25
220492,-1,16.547705,8.677115,0.676,0.27,0.444,0.111,0.0,0.0,1.0,0.0,0.0
69699,-1,15.856713,4.97766,0.488,0.465,0.0,0.5,0.0,0.0,0.5,0.5,0.0
178766,-1,14.838095,5.09021,0.921,0.079,0.0,0.0,0.0,0.0,0.0,0.0,0.0
275469,-1,15.873393,9.045874,0.022,0.978,0.976,0.095,0.0,0.0,0.75,0.0,0.405
269128,-1,17.681728,1.0087732,0.976,0.0,0.0,0.0,0.0,0.0,0.0,0.0,0.0
267124,-1,13.586213,6.070286,0.604,0.333,0.071,0.0,0.171,0.257,0.0,0.314,0.0
23945,-1,16.26273,5.580179,0.864,0.136,0.333,0.333,0.0,0.0,0.0,1.0,0.0
288332,-1,16.131645,8.183702,0.592,0.388,1.0,0.0,0.5,0.25,0.0,0.0,1.0
28297,-1,16.81467,-0.24891359,0.935,0.043,0.0,0.0,0.263,0.158,0.0,0.211,1.0
107144,-1,17.006052,2.6890965,0.977,0.023,0.0,0.0,0.5,0.0,0.0,0.0,0.0
270941,-1,15.209322,8.086318,0.171,0.805,0.0,0.0,0.0,0.083,0.0,0.0,0.0
156674,-1,14.577034,3.4364867,0.93,0.047,0.0,0.0,0.0,1.0,0.0,0.0,0.5
83884,3,17.176762,5.188313,0.786,0.167,0.143,0.0,0.167,0.167,0.0,0.667,0.429
38566,-1,13.951706,8.275327,0.649,0.27,0.7,0.3,0.091,0.273,0.0,0.636,0.2
190649,-1,16.495253,7.029253,0.857,0.143,0.5,0.5,0.0,1.0,0.0,0.0,0.5
251512,-1,13.311536,9.312222,0.837,0.122,0.167,0.0,0.0,0.0,0.5,0.25,0.167
241726,-1,12.889547,8.860399,0.946,0.027,1.0,0.0,0.0,0.2,0.0,0.4,1.0
8866,-1,14.0304165,2.3188322,0.951,0.024,1.0,0.0,0.25,0.0,0.0,0.0,0.0
98640,6,8.734689,10.434413,0.762,0.238,0.0,0.0,0.0,0.5,0.0,0.5,0.0
217511,-1,15.871558,0.8621577,0.614,0.295,0.417,0.333,0.2,0.0,0.0,0.0,0.667
259235,-1,9.805341,8.7514515,0.804,0.087,0.0,0.0,0.118,0.176,0.0,0.235,0.0
89809,-1,10.637212,10.745987,0.022,0.978,1.0,0.233,0.125,0.0,0.062,0.25,0.093
238345,-1,16.825575,5.667773,0.8,0.133,0.0,0.0,0.167,0.0,0.0,0.167,0.0
115624,-1,15.201957,7.475456,0.884,0.116,0.5,0.0,0.0,0.5,0.0,0.0,0.25
194852,-1,14.622912,4.160021,0.703,0.243,0.444,0.111,0.0,0.5,0.0,0.5,0.0
91929,-1,17.108685,3.8065174,0.6,0.314,0.0,0.091,0.0,0.0,0.8,0.2,0.364
177692,-1,14.3168,8.23861,0.03,0.97,1.0,0.133,0.2,0.0,0.2,0.0,0.133
156465,-1,14.765179,4.0003543,0.152,0.826,0.838,0.919,0.0,0.0,0.0,0.0,0.459
116185,-1,16.350561,5.523411,0.735,0.265,1.0,0.0,0.0,0.0,0.0,0.0,0.0
204461,-1,15.052227,0.89596003,0.971,0.029,0.0,0.0,0.0,0.0,0.0,0.0,0.0
59733,-1,15.0974865,9.50258,0.158,0.842,0.933,0.167,0.375,0.0,0.0,0.0,0.033
86633,-1,13.585441,2.674061,0.585,0.341,0.0,0.667,0.462,0.0,0.077,0.0,0.333
170454,-1,14.237714,8.297179,0.325,0.625,0.708,0.167,0.0,0.333,0.333,0.0,0.333
264768,-1,13.123677,9.839778,0.13,0.87,1.0,0.158,0.0,0.8,0.0,0.2,0.211
124943,-1,14.636366,1.17041,0.957,0.0,0.0,0.0,0.0,1.0,0.0,0.0,0.0
88096,-1,16.855005,0.5027892,0.896,0.062,0.667,0.333,0.0,0.0,0.0,1.0,0.333
175275,-1,16.975431,2.9388547,0.902,0.073,0.333,0.0,0.0,0.0,0.0,0.0,0.667
61099,-1,13.749001,10.10368,0.026,0.974,1.0,0.27,0.2,0.0,0.2,0.0,0.189
84532,-1,16.726816,3.6401057,0.848,0.13,0.2,0.4,0.0,1.0,0.0,0.0,0.2
56776,-1,13.704732,7.6595974,0.907,0.07,0.0,0.0,0.0,1.0,0.0,0.0,0.0
76979,-1,14.776157,5.7177854,0.468,0.532,0.583,0.083,0.0,0.0,0.913,0.0,0.5
216358,-1,13.690864,7.52516,0.73,0.243,0.5,0.0,0.143,0.143,0.143,0.143,0.25
47050,-1,12.638035,8.643508,0.0,1.0,0.957,0.935,0.2,0.1,0.3,0.0,0.326
10562,-1,13.829596,8.394298,0.611,0.389,0.4,0.3,0.5,0.0,0.0,0.5,0.4
122002,-1,12.806393,9.70216,0.026,0.949,1.0,0.389,0.25,0.0,0.0,0.0,0.229
170089,-1,9.825079,9.078107,0.119,0.81,0.769,0.269,0.071,0.071,0.071,0.643,0.231
256050,6,9.852272,10.206482,0.756,0.2,0.5,0.125,0.0,0.286,0.143,0.429,0.125
65339,3,16.987944,5.3127413,0.826,0.087,0.0,0.0,0.25,0.0,0.125,0.0,0.0
36468,-1,14.720497,0.97486407,0.526,0.474,0.222,0.278,0.059,0.059,0.706,0.0,0.667
133751,-1,10.743339,9.417993,0.658,0.342,0.583,0.333,0.0,0.667,0.0,0.167,0.0
171471,-1,16.391048,3.5409458,0.061,0.909,0.633,0.933,0.0,0.067,0.867,0.067,0.733
218005,-1,14.201964,2.697869,0.438,0.5,0.308,0.692,0.0,0.0,0.333,0.0,0.615
56689,-1,17.44915,3.2419925,0.836,0.131,0.125,0.125,0.0,0.0,0.0,0.0,0.75
51140,-1,17.84006,4.4564443,0.707,0.22,0.125,0.125,0.5,0.0,0.0,0.0,0.5
253067,-1,14.402438,2.0751011,0.0,1.0,0.957,0.826,0.222,0.111,0.0,0.111,0.348
261017,6,10.19077,10.874187,0.412,0.559,0.632,0.0,0.077,0.308,0.0,0.231,0.211
268339,-1,11.320869,9.922637,0.463,0.463,0.0,0.0,0.0,0.0,1.0,0.0,0.0
168970,-1,17.880722,1.1470304,0.854,0.083,0.0,0.0,0.5,0.0,0.0,0.0,0.333
49652,6,9.092864,10.957225,0.219,0.719,0.87,0.348,0.13,0.391,0.0,0.261,0.348
154562,-1,14.947067,5.480147,0.385,0.538,0.0,0.0,0.0,0.0,0.5,0.0,0.0
203318,1,16.347645,2.5978606,0.926,0.074,0.0,0.0,0.5,0.0,0.0,0.0,1.0
115751,-1,10.841203,8.210985,0.892,0.054,0.0,0.5,0.353,0.059,0.059,0.0,0.0
82347,-1,16.16904,0.41841543,0.806,0.139,0.2,0.0,0.684,0.053,0.0,0.0,0.8
11771,-1,14.802349,8.371724,0.229,0.6,0.619,0.333,0.0,0.286,0.0,0.619,0.19
143260,-1,18.082546,3.1417158,0.85,0.075,0.0,0.0,0.0,0.25,0.0,0.0,1.0
241955,-1,14.989827,8.461896,0.308,0.59,1.0,0.158,0.0,0.286,0.143,0.429,0.158
92221,-1,14.274142,2.0218349,0.9,0.06,0.0,0.0,0.25,0.0,0.0,0.0,1.0
132532,-1,15.664148,-0.14096072,0.884,0.07,0.0,0.0,0.435,0.0,0.0,0.0,0.5
64962,-1,16.456215,3.801585,0.882,0.078,0.25,0.0,1.0,0.0,0.0,0.0,0.25
13641,-1,15.505775,0.3452094,0.841,0.091,0.0,0.0,0.333,0.111,0.0,0.0,0.75
127020,-1,13.452227,8.759469,0.265,0.714,0.914,0.2,0.105,0.368,0.0,0.474,0.029
111189,6,11.874955,7.645057,0.737,0.211,0.75,0.0,0.4,0.0,0.0,0.3,0.125
285973,-1,14.046918,8.280149,0.578,0.4,0.333,0.111,0.0,0.0,0.25,0.0,0.111
131194,-1,16.369616,4.1922064,0.952,0.024,1.0,0.0,0.0,0.0,0.5,0.0,1.0
137126,-1,16.993887,2.9833608,0.886,0.068,0.0,0.0,0.0,0.0,0.0,0.0,0.5
223427,-1,14.909963,5.549529,0.927,0.049,0.0,1.0,0.0,0.667,0.0,0.333,0.0
62887,-1,16.286333,8.68765,0.053,0.947,1.0,0.464,0.6,0.133,0.0,0.067,0.25
68674,-1,16.381086,0.37328842,0.875,0.083,0.25,0.25,0.3,0.0,0.0,0.0,0.5
45814,-1,12.821095,7.655253,0.773,0.114,0.2,0.0,0.25,0.5,0.0,0.0,0.4
150310,-1,15.448927,7.397235,0.118,0.863,0.953,0.814,0.091,0.182,0.455,0.182,0.326
219555,-1,14.072265,3.8182037,0.844,0.133,0.0,0.4,0.0,0.0,0.0,0.0,0.4
258855,-1,13.615214,9.797224,0.429,0.571,0.95,0.2,0.0,0.143,0.286,0.143,0.2
161624,-1,16.623934,8.511707,0.263,0.711,0.0,0.0,0.0,0.25,0.0,0.0,0.0
69665,-1,16.230913,3.8278856,0.268,0.707,0.25,0.0,0.0,0.0,0.091,0.0,0.5
172594,-1,12.270267,7.1471124,0.6,0.375,0.125,0.0,0.6,0.057,0.0,0.029,0.533
77895,-1,14.901449,9.371998,0.634,0.366,0.429,0.067,0.143,0.0,0.143,0.286,0.067
88447,-1,11.93171,8.724313,0.278,0.639,0.565,0.13,0.13,0.261,0.0,0.478,0.217
162250,-1,15.027301,3.5117574,0.481,0.442,0.957,0.0,0.333,0.0,0.167,0.333,0.043
41469,6,9.979802,10.206107,0.324,0.649,0.0,0.0,0.167,0.0,0.167,0.0,0.0
182290,-1,15.748404,1.1293689,0.73,0.189,0.0,0.0,0.167,0.0,0.0,0.0,0.571
112382,-1,17.672054,2.645278,0.824,0.176,0.0,0.0,0.091,0.091,0.0,0.0,0.4
106898,-1,15.4518,6.9943767,0.61,0.366,0.667,0.25,0.0,0.0,0.0,0.0,0.667
7027,-1,16.748455,5.6008954,0.905,0.095,0.25,0.0,0.333,0.0,0.0,0.0,0.5
16146,-1,12.303986,8.949131,0.87,0.087,0.333,0.0,0.0,0.0,0.0,1.0,0.0
157439,-1,16.731894,5.6432643,0.868,0.132,0.286,0.0,0.111,0.0,0.111,0.0,0.429
29978,-1,15.154278,1.3038934,0.955,0.023,0.0,0.0,0.0,0.0,0.0,0.0,0.0
63957,-1,14.9196415,7.171321,0.793,0.207,0.0,0.0,0.0,0.0,0.0,0.0,0.0
259986,4,16.94857,7.8551455,0.848,0.065,0.0,0.0,0.63,0.037,0.0,0.0,0.667
10182,-1,13.047275,9.809853,0.096,0.885,0.978,0.533,0.0,0.143,0.0,0.714,0.2
122769,-1,13.337948,5.1648326,0.744,0.256,0.6,0.2,0.0,0.25,0.25,0.5,0.8
178772,-1,15.514492,2.7724493,0.186,0.814,0.571,0.343,0.0,0.04,0.64,0.12,0.6
18448,-1,16.831114,-0.04154509,0.765,0.118,0.0,0.0,0.476,0.0,0.0,0.0,0.333
252699,-1,8.066848,10.842211,0.083,0.861,0.839,0.71,0.222,0.333,0.0,0.333,0.129
114671,-1,16.59304,7.516561,0.091,0.909,1.0,0.083,0.0,0.0,0.833,0.0,0.556
142682,-1,16.891796,7.39917,0.86,0.093,0.0,0.0,1.0,0.0,0.0,0.0,0.0
92476,-1,14.250801,9.84749,0.0,1.0,0.95,0.8,0.0,0.167,0.833,0.0,0.575
224561,-1,16.844063,3.6589048,0.195,0.756,0.533,0.667,0.0,0.083,0.25,0.333,0.467
185827,-1,14.444644,2.641384,0.479,0.521,0.917,0.125,0.0,0.0,0.333,0.167,0.208
225113,-1,12.436374,7.083166,0.826,0.174,0.5,0.25,0.0,0.167,0.167,0.333,0.5
279674,-1,17.409197,3.3456123,0.875,0.062,0.0,0.0,0.0,0.25,0.0,0.0,0.333
190679,-1,17.402498,3.3756707,0.78,0.195,0.375,0.0,0.211,0.053,0.0,0.316,0.875
74645,-1,14.415475,1.3801126,0.902,0.073,0.0,0.0,0.0,0.0,0.0,0.0,0.667
234593,5,16.876793,-0.33733955,0.837,0.07,0.333,0.0,0.0,0.0,0.0,0.0,0.667
53873,-1,17.912205,3.0345223,0.864,0.045,1.0,0.0,0.0,0.0,0.0,0.4,1.0
64300,-1,15.292534,2.1252267,0.86,0.07,0.0,0.0,0.2,0.0,0.0,0.2,0.0
54138,4,16.938202,7.9831824,0.22,0.707,0.0,0.0,0.0,0.0,0.0,0.0,0.0
162039,-1,11.39731,10.168649,0.5,0.455,0.6,0.0,0.0,0.0,0.0,0.0,0.0
261528,-1,13.311931,5.9174933,0.407,0.259,0.667,0.0,0.4,0.2,0.0,0.0,0.333
110535,-1,18.069126,4.138862,0.864,0.136,0.167,0.167,0.167,0.167,0.167,0.167,0.167
120763,-1,11.374203,10.17196,0.311,0.644,0.793,0.103,0.0,0.091,0.091,0.182,0.069
184447,-1,14.8338785,2.7297206,0.158,0.842,0.6,0.1,0.0,0.0,0.909,0.0,0.6
204871,6,10.222761,10.528091,0.644,0.289,0.154,0.154,0.0,0.4,0.4,0.2,0.077
92075,-1,16.300665,2.420496,0.911,0.044,0.0,0.0,1.0,0.0,0.0,0.0,0.5
239152,-1,10.968531,9.797025,0.106,0.872,0.974,0.051,0.4,0.2,0.4,0.0,0.077
175686,-1,13.724794,2.283819,0.78,0.146,0.0,0.167,0.467,0.067,0.033,0.067,0.667
290040,-1,14.796097,9.632476,0.102,0.878,0.976,0.095,0.0,0.2,0.4,0.0,0.619
188329,-1,13.270606,3.3971462,0.864,0.114,0.2,0.0,0.0,0.0,0.0,0.0,0.4
233697,-1,15.757379,5.742293,0.911,0.067,0.0,0.0,0.0,0.0,0.0,0.0,0.333
273900,-1,16.19981,8.438227,0.5,0.5,0.5,0.188,0.0,0.0,0.5,0.0,0.562
198653,6,8.020327,10.945916,0.792,0.125,0.0,0.0,0.0,0.2,0.0,0.8,0.5
160548,-1,15.498099,7.1411138,0.083,0.833,0.9,0.4,0.424,0.03,0.0,0.061,0.5
76213,-1,14.324974,8.290137,0.667,0.262,0.0,0.0,0.083,0.083,0.0,0.0,0.0
257110,-1,17.17862,-0.21208265,0.756,0.122,0.0,0.0,0.062,0.062,0.0,0.0,0.667
272324,-1,15.887795,8.060272,0.694,0.278,0.5,0.6,0.286,0.0,0.429,0.0,0.0
122784,-1,14.739413,3.7179193,0.545,0.364,0.0,0.5,0.818,0.0,0.0,0.0,0.0
99252,-1,17.372091,0.37156233,0.9,0.08,0.0,0.0,0.0,0.0,0.0,0.0,0.5
66930,-1,16.030642,1.0329722,0.686,0.286,0.5,0.2,0.2,0.2,0.4,0.2,0.5
56726,-1,15.013094,2.1030447,0.852,0.074,0.0,0.0,0.0,0.0,0.0,0.0,0.25
179866,-1,16.61745,0.1282989,0.925,0.025,1.0,0.0,0.0,0.0,0.0,0.0,0.0
185495,6,9.99088,10.16369,0.216,0.784,0.897,0.207,0.333,0.167,0.0,0.5,0.069
208321,-1,13.306598,8.766852,0.441,0.5,0.824,0.059,0.0,0.25,0.25,0.5,0.412
209449,-1,17.725866,1.5926265,0.92,0.04,0.0,0.0,0.0,0.0,0.0,1.0,0.5
176135,-1,16.969585,0.18594304,0.932,0.068,0.0,0.0,0.0,0.0,0.0,0.0,1.0
186059,-1,16.750452,1.9319905,0.896,0.083,0.0,0.0,0.25,0.167,0.167,0.083,0.5
217824,-1,13.123223,8.140055,0.86,0.07,0.333,0.0,0.0,1.0,0.0,0.0,1.0
157533,-1,13.689593,1.3313434,0.833,0.119,0.0,0.0,0.0,0.0,0.0,0.0,0.4
255688,6,9.35182,10.285371,0.0,1.0,1.0,0.343,0.0,0.0,0.0,0.0,0.057
214256,-1,16.375917,1.013339,0.235,0.735,0.92,0.08,0.684,0.105,0.0,0.0,0.64
83962,6,9.590151,10.436102,0.717,0.226,0.0,0.0,0.222,0.111,0.0,0.0,0.0
71395,-1,16.418104,4.952456,0.884,0.093,0.25,0.0,0.0,0.5,0.0,0.0,0.5
131781,-1,13.7964325,9.776787,0.714,0.286,0.5,0.125,0.0,0.0,0.5,0.0,0.25
55339,-1,14.333018,4.146426,0.238,0.762,0.812,0.375,0.111,0.111,0.222,0.444,0.312
96063,-1,16.850885,-0.40547734,0.844,0.089,0.0,0.0,0.25,0.25,0.0,0.0,0.25
53728,-1,9.579004,10.904731,0.73,0.135,0.25,0.0,0.25,0.25,0.0,0.25,0.0
152897,-1,16.071514,4.2868695,0.776,0.102,0.0,0.2,0.0,0.2,0.2,0.4,1.0
247179,6,9.058992,11.1922655,0.455,0.364,0.062,0.0,0.0,0.08,0.0,0.76,0.0
216975,-1,10.93001,9.239953,0.925,0.038,0.5,0.0,0.0,0.0,0.0,1.0,0.5
136770,-1,13.213963,3.904141,0.86,0.07,0.0,0.0,0.0,0.0,0.0,0.0,1.0
193187,-1,15.647697,1.2464054,0.341,0.545,0.227,0.591,0.429,0.0,0.179,0.286,0.409
208372,-1,15.392979,4.000593,0.918,0.041,0.0,0.0,0.526,0.0,0.0,0.158,1.0
75269,-1,13.085121,8.539006,0.804,0.176,0.111,0.111,0.0,0.0,0.0,0.5,0.111
275398,-1,11.1178055,10.099176,0.587,0.326,0.214,0.214,0.05,0.25,0.2,0.15,0.071
148328,-1,13.180629,3.5738788,0.82,0.08,0.5,0.0,0.05,0.3,0.0,0.5,0.5
27816,-1,13.871248,8.339084,0.536,0.429,0.348,0.217,0.489,0.044,0.0,0.311,0.348
213831,-1,16.947943,5.1363053,0.764,0.182,0.0,0.0,0.5,0.0,0.0,0.0,0.0
98352,-1,16.639004,8.194011,0.49,0.49,0.565,0.304,0.111,0.0,0.556,0.222,0.348
212361,6,11.933758,7.4718475,0.825,0.075,0.0,0.0,0.0,0.0,0.0,0.0,0.0
111064,-1,16.160358,0.7251238,0.977,0.023,0.0,0.0,0.143,0.143,0.143,0.0,0.0
86478,-1,14.010802,9.686009,0.714,0.224,0.364,0.091,0.0,1.0,0.0,0.0,0.364
238977,6,10.825265,9.87639,0.125,0.875,0.968,0.531,0.0,0.375,0.0,0.625,0.031
57829,6,9.263408,11.150508,0.595,0.405,0.294,0.118,0.0,0.067,0.0,0.833,0.0
225361,-1,13.904005,9.160952,0.06,0.88,0.93,0.093,0.067,0.267,0.267,0.267,0.116
172184,-1,16.1396,0.54214644,0.882,0.098,0.2,0.2,0.0,0.25,0.0,0.0,0.4
139607,-1,15.098811,4.1958504,0.837,0.082,0.0,0.0,0.0,0.5,0.0,0.0,0.333
136305,-1,13.898172,9.424901,0.194,0.75,0.074,0.0,0.0,0.0,0.968,0.0,0.778
54416,-1,17.739145,4.653606,0.82,0.06,0.0,0.0,0.2,0.2,0.0,0.0,0.333
212092,-1,15.297184,8.899115,0.842,0.105,0.75,0.0,0.0,0.0,0.0,0.5,0.0
117263,-1,15.94866,3.2420022,0.884,0.047,0.0,0.0,0.0,0.0,0.0,0.0,0.0
261267,-1,15.743158,7.8868833,0.062,0.906,0.962,0.5,0.0,0.167,0.0,0.5,0.423
38289,-1,14.340244,3.8852737,0.882,0.0,0.0,0.0,0.0,0.4,0.0,0.0,0.0
295148,-1,18.080225,3.8466818,0.442,0.538,0.0,0.0,0.0,0.0,0.0,0.0,0.5
220719,-1,14.472842,1.9451482,0.861,0.111,0.0,0.0,0.5,0.0,0.5,0.0,0.75
193949,-1,15.821108,1.9522356,0.878,0.073,0.0,0.0,0.0,0.0,0.0,0.0,0.5
6994,-1,10.957159,9.5388565,0.235,0.706,0.783,0.042,0.0,0.333,0.333,0.333,0.0
261023,-1,15.322021,7.960473,0.349,0.628,0.0,0.0,0.0,1.0,0.0,0.0,0.0
267738,6,10.661624,10.363133,0.538,0.41,0.667,0.0,0.0,0.0,0.0,1.0,0.0
250293,-1,13.70351,8.10842,0.902,0.098,0.75,0.0,0.545,0.091,0.0,0.0,0.0
226268,-1,12.241163,8.063963,0.405,0.595,0.682,0.0,0.0,0.429,0.286,0.143,0.318
107679,6,9.780957,10.945287,0.229,0.686,0.75,0.417,0.111,0.0,0.0,0.556,0.167
281333,-1,12.5828,8.462219,0.489,0.489,0.238,0.095,0.0,0.0,0.909,0.0,0.143
88927,-1,13.671453,2.8137362,0.872,0.077,0.333,0.333,0.25,0.25,0.0,0.25,0.667
225205,-1,15.690111,4.764003,0.905,0.024,0.0,0.0,0.0,0.667,0.0,0.333,0.0
209613,-1,16.978119,2.2529871,0.812,0.104,0.0,0.0,0.0,1.0,0.0,0.0,1.0
94685,-1,11.906713,9.458,0.6,0.371,0.455,0.091,0.0,0.5,0.5,0.0,0.0
229074,-1,14.767469,6.6972184,0.872,0.064,0.0,0.0,0.0,0.5,0.0,0.0,0.0
200143,-1,13.891646,4.959883,0.978,0.022,1.0,0.0,0.0,0.333,0.0,0.333,1.0
194097,-1,16.555988,6.517996,1.0,0.0,0.0,0.0,0.333,0.333,0.333,0.0,0.0
91841,-1,13.609932,8.497014,0.178,0.822,0.903,0.323,0.111,0.333,0.0,0.222,0.484
65955,3,17.603481,4.8504934,0.867,0.044,0.0,0.0,0.0,0.0,0.0,0.0,0.0
151215,-1,16.143244,3.8334959,0.778,0.133,0.333,0.167,0.0,0.0,0.75,0.0,0.833
164133,-1,16.36063,5.459683,0.774,0.151,0.0,0.375,0.0,0.765,0.059,0.059,0.625
60822,6,10.272333,9.708027,0.78,0.171,0.167,0.0,0.0,0.0,0.0,0.75,0.0
219572,-1,15.690619,9.000289,0.395,0.605,0.6,0.1,0.0,0.0,0.4,0.6,0.45
54330,-1,15.315151,0.6411747,0.857,0.119,0.2,0.0,0.0,0.0,0.0,0.0,0.4
47325,-1,15.017986,2.3827815,0.886,0.068,0.0,0.333,0.0,0.5,0.0,0.0,0.333
207030,-1,15.826403,4.9317856,0.841,0.114,0.25,0.0,0.0,0.5,0.0,0.0,0.5
70808,-1,12.002166,9.988257,0.095,0.905,0.973,0.676,0.0,0.143,0.143,0.429,0.162
144494,-1,15.156133,5.708323,0.976,0.024,0.0,0.0,0.0,1.0,0.0,0.0,1.0
96967,-1,17.53186,3.6289186,0.714,0.286,0.2,0.0,0.0,0.0,0.0,0.0,0.0
4147,-1,16.298326,2.948106,0.864,0.114,0.0,0.0,0.278,0.111,0.0,0.0,0.6
105640,-1,12.496914,7.0374284,0.895,0.053,0.0,0.0,0.0,0.0,0.0,0.0,0.5
97870,-1,15.52849,7.145328,0.651,0.349,0.5,0.143,0.0,0.0,0.0,0.0,0.357
133526,-1,16.377285,7.565417,0.439,0.561,0.0,0.0,0.0,0.333,0.0,0.0,0.0
244221,-1,15.688249,2.3251607,0.829,0.171,0.0,0.167,0.0,0.0,0.0,0.0,0.667
94327,-1,14.43216,5.701422,0.271,0.667,0.5,0.567,0.0,0.048,0.857,0.0,0.533
203154,-1,16.152231,3.1471083,0.907,0.07,0.333,0.333,0.0,0.5,0.0,0.0,0.333
119620,6,10.151121,10.505015,0.7,0.275,0.3,0.0,0.0,0.0,1.0,0.0,0.1
214020,-1,17.977943,1.5769137,0.75,0.136,0.25,0.0,0.214,0.0,0.0,0.0,0.5
256811,-1,15.629753,8.609405,0.841,0.136,0.5,0.167,0.0,0.0,0.0,1.0,0.667
94901,6,10.862766,9.0881405,0.526,0.421,0.0,0.0,0.0,0.062,0.0,0.438,0.0
223117,-1,15.6631,1.3827093,0.732,0.268,0.0,0.818,0.0,0.5,0.0,0.0,0.182
93291,-1,15.699929,2.502448,0.872,0.128,0.25,0.0,0.0,0.0,0.0,0.0,0.5
81575,-1,14.234779,9.001387,0.0,0.98,1.0,0.182,0.154,0.308,0.154,0.077,0.159
75440,-1,13.837544,7.035892,0.863,0.078,0.25,0.0,0.0,0.0,0.0,0.0,0.5
155218,-1,12.915536,9.321861,0.794,0.206,1.0,0.571,0.0,0.5,0.0,0.0,0.571
214442,-1,14.593459,1.6971354,0.721,0.279,0.333,0.167,0.0,0.2,0.2,0.0,0.667
1944,-1,15.500778,2.7575424,0.884,0.093,0.0,0.0,0.0,0.333,0.0,0.0,0.75
141767,-1,15.732577,3.3241518,0.652,0.261,0.0,0.0,0.444,0.056,0.0,0.0,1.0
15957,-1,16.183487,7.9685388,0.955,0.023,0.0,0.0,0.0,0.5,0.0,0.0,0.0
68647,-1,16.383047,0.9363097,0.864,0.068,0.333,0.0,0.2,0.04,0.0,0.0,0.667
214852,-1,15.795115,7.8842196,0.512,0.39,0.071,0.357,0.4,0.2,0.0,0.2,0.071
109027,4,16.422739,7.0900936,0.222,0.778,0.963,0.185,0.077,0.154,0.154,0.077,0.148
172999,-1,14.87371,1.6325456,0.907,0.047,0.0,0.0,0.0,0.0,0.0,0.0,0.5
149909,-1,16.464216,2.5597494,0.646,0.292,0.583,0.308,0.528,0.0,0.0,0.028,0.5
195658,-1,16.969482,7.449542,0.757,0.216,0.0,0.0,0.0,0.5,0.0,0.0,0.0
106475,-1,17.628853,0.7673849,0.9,0.04,0.0,0.0,0.111,0.0,0.0,0.111,0.5
154113,-1,17.389933,1.9103383,0.884,0.047,0.0,0.0,0.0,0.333,0.333,0.0,1.0
56160,-1,17.65441,2.1173234,0.884,0.087,0.0,0.0,0.0,0.0,0.5,0.0,0.833
91420,-1,16.861422,3.8034348,0.93,0.047,0.5,0.0,0.0,1.0,0.0,0.0,0.5
34421,-1,16.18706,8.968405,0.114,0.864,1.0,0.036,0.0,0.4,0.0,0.0,0.286
45126,-1,15.957359,5.177998,0.674,0.283,0.0,0.5,0.462,0.0,0.0,0.077,0.0
38197,-1,12.173309,7.9936166,0.854,0.049,0.5,0.5,0.0,0.0,0.0,1.0,0.5
106823,-1,14.336391,6.6960406,0.854,0.073,0.667,0.333,0.0,0.333,0.0,0.667,0.333
261053,-1,13.86498,8.538211,0.833,0.095,0.0,0.0,0.0,1.0,0.0,0.0,0.0
170777,-1,13.093957,5.8946123,0.911,0.067,0.0,0.0,0.143,0.143,0.143,0.286,0.0
258674,6,9.108777,10.980673,0.256,0.641,0.28,0.36,0.0,0.097,0.0,0.71,0.0
269337,4,16.976574,7.4052267,0.273,0.697,0.0,0.0,0.0,0.0,0.0,0.0,0.0
275421,-1,16.09892,2.1239755,0.867,0.133,0.0,0.0,0.167,0.0,0.0,0.167,1.0
141991,-1,13.864221,9.259938,0.542,0.438,0.667,0.286,0.0,0.0,0.0,0.25,0.524
91919,-1,14.564013,4.3881235,0.643,0.286,0.571,0.286,0.0,0.0,0.0,0.0,0.143
154368,-1,13.538252,5.5598125,0.324,0.147,0.4,0.2,0.0,0.0,0.0,0.0,0.0
9360,-1,17.687304,2.436575,0.915,0.043,0.0,0.0,0.0,0.5,0.0,0.5,0.0
106200,-1,16.57859,3.5453553,0.857,0.071,0.5,0.5,0.0,0.25,0.25,0.25,0.5
112542,-1,13.644585,2.2050753,0.857,0.102,0.0,0.0,0.0,0.286,0.286,0.0,1.0
19340,-1,16.850866,7.6682506,0.755,0.245,0.0,0.0,0.067,0.2,0.0,0.333,0.4
129555,-1,14.574232,8.45298,0.204,0.776,0.931,0.552,0.133,0.267,0.0,0.333,0.517
213200,-1,16.393515,5.845297,0.902,0.0,0.0,0.0,0.0,0.0,0.0,0.0,0.0
35009,-1,13.775943,7.388441,0.143,0.857,0.0,0.0,0.0,0.0,0.0,0.0,0.0
16387,-1,17.56568,4.988809,0.907,0.093,0.5,0.0,0.0,0.0,0.0,0.0,0.75
9818,-1,18.051455,3.7481718,0.86,0.093,0.25,0.0,0.0,0.0,0.333,0.0,0.25
143732,-1,16.393105,1.722211,0.561,0.386,0.19,0.762,0.083,0.167,0.083,0.5,0.667
80147,-1,17.116266,3.7143886,0.25,0.727,0.0,0.0,0.0,0.0,0.0,0.0,0.0
232213,-1,16.934301,7.30744,0.325,0.625,1.0,0.071,0.846,0.077,0.0,0.077,0.643
64036,-1,14.979192,8.301908,0.6,0.375,0.6,0.0,0.0,0.5,0.5,0.0,0.4
256364,6,9.1433115,9.838874,0.837,0.116,0.0,0.25,0.0,0.0,0.0,0.25,0.0
133629,-1,13.840664,9.666853,0.346,0.654,0.941,0.706,0.0,0.0,0.333,0.333,0.294
260887,-1,15.36106,7.373914,0.86,0.116,0.0,0.0,0.0,0.0,0.0,0.0,0.0
171536,-1,15.910618,7.6860967,0.222,0.733,0.267,0.2,0.905,0.0,0.0,0.048,0.533
60243,-1,13.865204,8.760135,0.837,0.061,0.0,1.0,0.667,0.333,0.0,0.0,0.0
98718,-1,13.033437,7.9521327,0.675,0.275,0.0,0.0,0.25,0.25,0.25,0.25,0.0
38683,3,17.02888,5.142933,0.855,0.091,0.2,0.0,0.0,0.0,0.0,0.25,0.6
205900,-1,15.418928,7.2721577,0.719,0.228,0.333,0.0,0.0,0.0,1.0,0.0,0.333
52673,-1,16.72303,1.4287031,0.929,0.024,0.0,0.0,0.214,0.071,0.0,0.0,1.0
234489,-1,13.42498,9.097746,0.606,0.333,0.727,0.091,0.0,0.25,0.25,0.5,0.0
272435,2,17.320076,1.6794585,0.85,0.1,0.5,0.0,0.333,0.333,0.0,0.0,0.75
250347,6,10.873404,9.059184,0.667,0.31,0.4,0.0,0.125,0.375,0.0,0.125,0.2
166238,-1,16.582495,3.1524506,0.864,0.068,0.333,0.0,0.571,0.0,0.143,0.0,0.667
232283,-1,12.04944,10.474412,0.0,1.0,0.977,0.136,0.0,0.154,0.231,0.462,0.136
21490,-1,16.37143,8.919207,0.647,0.353,0.25,0.0,0.0,0.0,0.0,0.5,0.25
24281,-1,17.20102,1.9745201,0.913,0.087,0.0,0.0,0.0,0.5,0.0,0.0,0.75
62343,-1,16.966887,8.272364,0.745,0.234,0.25,0.5,0.0,0.5,0.5,0.0,0.0
116736,6,10.699525,10.570834,0.06,0.9,0.977,0.186,0.115,0.346,0.0,0.385,0.116
136546,-1,16.860283,4.616066,0.867,0.089,0.0,0.0,0.0,0.0,0.0,1.0,1.0
7328,-1,16.396923,2.7021074,0.608,0.353,0.059,0.059,0.179,0.231,0.0,0.513,0.529
276381,-1,15.1231785,2.548016,0.895,0.079,0.0,0.0,0.0,0.333,0.0,0.0,1.0
291405,-1,12.400749,10.044157,0.214,0.738,0.931,0.207,0.0,0.4,0.6,0.0,0.276
235639,3,17.572077,5.1262684,0.648,0.333,0.0,0.0,0.0,0.25,0.0,0.25,0.25
270986,6,10.098314,9.314797,0.833,0.143,0.5,0.333,0.167,0.167,0.0,0.333,0.0
24304,-1,15.483489,5.0519366,0.938,0.042,1.0,0.5,0.0,0.0,0.0,0.0,1.0
178417,-1,13.239899,8.388981,0.75,0.25,0.0,0.0,0.0,1.0,0.0,0.0,0.0
259367,-1,16.841661,7.00006,0.865,0.038,0.0,0.0,0.0,0.0,0.0,0.0,0.0
165374,-1,14.232701,7.5978703,0.659,0.318,0.0,0.273,0.0,0.143,0.0,0.286,0.556
187720,-1,15.068904,0.70288694,0.852,0.13,0.0,0.0,0.0,0.25,0.0,0.0,0.333
226819,-1,17.4492,2.4222052,0.943,0.029,0.0,0.0,0.0,0.0,1.0,0.0,0.0
60123,-1,11.847496,8.601418,0.5,0.5,0.13,0.087,0.0,0.0,0.9,0.0,0.435
60853,-1,14.827506,4.2781487,0.553,0.404,0.158,0.158,0.0,0.056,0.944,0.0,0.684
212297,-1,16.087873,8.943343,0.0,1.0,1.0,0.625,0.0,0.0,0.25,0.0,0.344
89130,-1,17.871433,2.8913608,0.86,0.14,0.167,0.167,0.4,0.0,0.0,0.0,0.333
140564,-1,15.426844,5.174113,0.727,0.227,0.0,0.0,0.474,0.053,0.053,0.0,0.4
35685,-1,11.144038,10.008285,0.635,0.327,0.75,0.25,0.5,0.0,0.0,0.5,0.062
237954,-1,11.427041,7.8719873,0.213,0.745,0.886,0.571,0.0,0.8,0.2,0.0,0.171
126882,-1,16.039463,5.5534587,0.889,0.067,0.0,0.0,0.0,0.0,1.0,0.0,0.667
56335,-1,10.415772,10.150837,0.636,0.341,0.308,0.231,0.16,0.0,0.08,0.08,0.231
72247,-1,16.737736,0.6044318,0.818,0.068,0.0,0.0,0.0,0.0,0.0,0.0,0.667
99156,-1,13.701309,2.595894,0.929,0.071,0.0,0.0,0.3,0.0,0.0,0.0,0.667
223245,-1,14.508752,4.2330976,0.886,0.068,0.667,0.0,0.143,0.0,0.0,0.286,0.333
94476,-1,14.002762,8.975887,0.038,0.962,0.98,0.224,0.0,0.0,0.0,0.0,0.184
173060,-1,13.4491415,2.7055082,0.94,0.06,0.0,0.333,0.0,0.25,0.0,0.0,0.0
64174,-1,17.194605,5.494063,0.804,0.152,0.0,0.5,0.0,0.5,0.5,0.0,0.0
34618,-1,14.194471,4.03417,0.929,0.048,0.0,0.0,0.0,0.5,0.5,0.0,0.5
139811,-1,15.690485,7.5626984,0.692,0.282,0.2,0.0,0.0,0.0,1.0,0.0,0.0
74536,-1,15.307966,8.892243,0.902,0.073,0.0,0.0,0.0,0.0,0.0,0.0,0.667
68192,-1,14.750442,7.5291142,0.27,0.676,0.76,0.04,0.167,0.125,0.208,0.208,0.72
270465,5,17.020765,-0.30495694,0.84,0.1,0.2,0.2,0.0,0.0,0.0,0.0,0.6
179024,-1,13.62366,5.005825,0.513,0.487,0.444,0.0,0.0,0.0,1.0,0.0,0.111
122986,6,9.518751,11.346419,0.404,0.577,0.571,0.143,0.0,0.136,0.045,0.727,0.107
91258,-1,16.732267,2.8120165,0.882,0.078,0.667,0.0,0.0,0.0,0.0,0.0,0.667
134422,-1,13.548129,3.6254249,0.574,0.404,0.222,0.111,0.281,0.031,0.125,0.031,0.611
56088,-1,16.106571,7.3175087,0.556,0.4,0.0,0.0,0.0,0.0,0.0,0.0,0.0
22914,-1,14.611445,9.738913,0.14,0.86,0.889,0.083,0.278,0.222,0.056,0.222,0.222
247670,6,9.571516,11.240014,0.0,0.921,1.0,0.714,0.188,0.125,0.0,0.375,0.143
63282,-1,15.146258,8.424999,0.026,0.947,1.0,0.312,0.0,0.0,0.0,0.0,0.219
112698,-1,15.07016,9.42648,0.85,0.125,0.6,0.0,0.0,1.0,0.0,0.0,0.4
243196,-1,14.947242,2.2730618,0.898,0.082,0.0,0.333,0.5,0.0,0.0,0.0,0.333
201908,-1,15.397512,8.790464,0.632,0.342,0.455,0.545,0.0,0.0,0.333,0.0,0.364
160658,6,9.37204,10.342215,0.488,0.463,0.789,0.158,0.0,0.222,0.0,0.556,0.105
112239,-1,14.875279,4.593958,0.023,0.953,1.0,0.795,0.0,0.7,0.0,0.0,0.615
145059,-1,11.67301,9.032496,0.775,0.2,0.6,0.2,0.0,0.5,0.0,0.5,0.0
35,-1,12.286125,7.4664435,0.103,0.872,0.906,0.182,0.0,0.111,0.667,0.111,0.424
258740,6,9.286757,10.589807,0.341,0.634,0.0,0.0,0.0,0.0,0.0,0.0,0.0
65143,-1,16.366938,1.3351886,0.75,0.2,0.6,0.0,0.0,0.714,0.0,0.0,0.4
189883,-1,11.959924,7.372222,0.905,0.024,0.0,0.0,0.0,0.0,0.0,0.5,0.0
178502,-1,17.793129,1.0511546,0.822,0.133,0.0,0.0,0.227,0.045,0.0,0.0,0.6
128168,-1,14.935234,0.6991294,0.622,0.351,0.2,0.5,0.0,0.0,0.0,0.0,0.6
97201,-1,13.971008,9.131724,0.667,0.31,0.077,0.154,0.0,0.188,0.0,0.812,0.385
142129,-1,15.306412,2.0765638,0.679,0.321,0.889,0.0,0.0,0.167,0.167,0.333,0.444
265910,-1,10.098219,9.392869,0.75,0.25,0.222,0.889,0.083,0.083,0.0,0.417,0.111
192490,-1,14.3845,8.402874,0.8,0.2,0.333,0.333,0.0,0.5,0.0,0.5,0.333
156585,-1,13.399808,5.4265013,0.955,0.045,0.0,0.0,0.0,0.2,0.0,0.2,0.5
85574,-1,17.105022,7.891257,0.128,0.846,0.0,0.0,0.0,0.0,0.0,0.0,0.0
162477,-1,13.806878,5.6301384,0.31,0.643,0.2,0.9,0.0,0.143,0.143,0.0,0.6
155940,-1,12.809446,7.459826,0.7,0.275,0.0,0.0,0.2,0.0,0.0,0.0,0.0
100152,-1,16.195452,4.4170904,0.561,0.415,0.118,0.941,0.0,0.0,0.2,0.0,0.824
217958,-1,15.89707,9.229963,0.578,0.4,0.941,0.0,0.0,0.333,0.333,0.333,0.294
181895,-1,15.237397,7.926626,0.511,0.447,0.0,0.0,0.0,0.0,0.0,1.0,0.0
87283,-1,13.550784,3.2357218,0.878,0.073,0.0,0.0,0.333,0.0,0.0,0.0,0.333
201200,-1,16.417652,3.8271732,0.721,0.209,0.5,1.0,0.0,0.0,0.0,0.333,0.5
193699,6,17.376158,1.6248162,0.9,0.075,0.333,0.0,0.25,0.25,0.0,0.0,1.0
210827,-1,14.446715,4.7886615,0.468,0.532,0.714,0.048,0.0,0.0,0.8,0.0,0.667
109382,-1,14.825664,2.4406948,0.814,0.093,0.0,0.0,0.0,0.0,0.5,0.0,0.667
151057,-1,16.865911,2.3704693,0.85,0.1,0.0,0.0,0.0,0.0,0.0,0.0,0.5
74586,-1,16.988623,6.5512786,0.83,0.094,0.0,0.0,0.0,0.0,0.0,0.0,0.2
242843,-1,15.196028,6.921083,0.769,0.231,0.333,0.0,0.0,0.0,1.0,0.0,0.667
117203,6,9.932565,9.645526,0.333,0.639,0.864,0.227,0.0,0.571,0.0,0.286,0.045
249146,6,9.916849,10.879385,0.111,0.833,0.933,0.1,0.0,0.25,0.0,0.25,0.133
165648,-1,17.798107,3.6559947,0.911,0.044,0.0,0.0,0.0,0.0,0.0,0.0,0.5
1171,-1,16.779278,5.4007535,0.581,0.047,0.0,0.0,0.375,0.0,0.0,0.0,0.0
140058,-1,14.310648,7.01357,0.256,0.718,0.481,0.926,0.0,0.25,0.583,0.167,0.185
190265,-1,16.970003,6.892099,0.192,0.731,0.895,0.316,0.083,0.25,0.083,0.083,0.368
160603,-1,14.124929,9.99016,0.0,1.0,1.0,0.378,0.0,0.333,0.0,0.167,0.405
213900,-1,15.406295,1.9331678,0.825,0.1,0.0,0.0,0.0,1.0,0.0,0.0,0.75
106994,-1,17.261925,3.011448,0.864,0.068,0.0,0.0,0.0,0.5,0.0,0.0,0.333
33647,6,9.400255,10.184381,0.3,0.625,0.833,0.75,0.0,0.267,0.0,0.733,0.0
54495,-1,12.34118,6.7018747,0.85,0.075,0.0,0.0,0.3,0.1,0.0,0.0,0.667
172727,-1,14.081434,5.6823783,0.651,0.14,0.0,0.0,0.28,0.0,0.0,0.08,0.333
288784,-1,14.409615,7.2736435,0.279,0.698,0.308,0.308,0.0,0.0,0.96,0.0,0.808
67693,6,9.409924,11.006595,0.814,0.093,0.25,0.0,0.1,0.3,0.0,0.5,0.0
243957,-1,13.870708,5.8253045,0.767,0.209,0.333,0.0,0.0,0.5,0.0,0.0,0.444
82567,-1,14.516893,7.2546887,0.833,0.095,0.0,0.0,0.048,0.048,0.0,0.0,0.5
211036,-1,13.779924,3.8512185,0.511,0.489,0.2,0.3,0.0,0.1,0.8,0.0,0.6
102670,-1,13.506748,10.201988,0.0,0.949,1.0,0.054,0.0,0.25,0.0,0.5,0.189
133335,-1,14.225476,4.1492696,0.1,0.9,0.914,0.057,0.143,0.429,0.286,0.143,0.114
226999,-1,12.042647,7.2446723,0.211,0.737,0.84,0.36,0.0,0.5,0.0,0.5,0.52
269707,-1,15.997081,9.052937,0.174,0.826,1.0,0.154,0.0,0.0,0.0,0.0,0.462
116973,-1,15.540653,9.278506,0.154,0.846,0.774,0.419,0.0,0.143,0.571,0.214,0.742
4303,-1,13.369272,10.082847,0.231,0.769,1.0,0.069,0.25,0.125,0.0,0.25,0.138
171302,-1,14.904119,4.6204123,0.809,0.17,0.0,0.0,0.0,0.333,0.0,0.333,0.0
37529,-1,12.124581,7.2007713,0.875,0.125,0.25,0.0,0.364,0.0,0.0,0.0,0.0
206651,6,10.455166,10.374216,0.784,0.162,0.5,0.0,0.0,0.0,0.0,0.0,0.0
50582,-1,13.85381,1.6487757,0.722,0.241,0.167,0.167,0.444,0.0,0.333,0.0,0.833
134420,-1,15.497079,2.9009042,0.844,0.125,0.0,0.0,0.0,0.0,0.0,0.0,0.5
221050,1,16.177479,2.9615314,0.951,0.049,0.0,0.0,0.0,0.0,0.0,0.0,0.0
110824,-1,14.622181,8.573734,0.209,0.791,1.0,0.281,0.0,0.167,0.167,0.167,0.219
225182,-1,13.845687,1.4871068,0.727,0.136,0.0,0.0,1.0,0.0,0.0,0.0,0.667
101937,-1,16.161777,8.0174,0.435,0.522,1.0,0.0,0.0,0.0,0.0,0.0,0.0
181026,-1,17.654139,3.410245,0.927,0.049,0.0,0.0,0.2,0.0,0.0,0.0,0.5
34175,-1,15.796756,0.29184327,0.857,0.143,0.0,0.0,0.2,0.067,0.0,0.0,1.0
187613,-1,11.066646,10.202213,0.0,0.978,1.0,0.488,0.111,0.111,0.0,0.056,0.116
47118,-1,14.152551,4.7505465,0.878,0.049,0.0,0.0,0.4,0.0,0.0,0.2,0.5
44106,-1,14.846039,5.7389517,0.814,0.116,0.2,0.0,0.0,0.0,0.0,0.0,0.4
235887,-1,16.264204,3.0455928,0.82,0.08,0.25,0.25,0.0,0.333,0.0,0.0,0.25
163012,-1,13.250532,3.3016894,0.842,0.158,0.0,1.0,0.0,0.0,0.0,0.5,0.75
226849,6,10.557694,10.419138,0.441,0.529,0.5,0.278,0.0,0.167,0.0,0.667,0.056
256857,-1,14.797998,8.232214,0.182,0.818,0.941,0.059,0.0,0.0,0.0,0.0,0.118
125078,6,9.739869,10.883828,0.062,0.896,0.952,0.262,0.0,0.0,0.25,0.5,0.095
12011,-1,12.070401,7.0236154,0.196,0.783,0.571,0.829,0.0,0.0,0.75,0.083,0.324
107670,-1,14.849177,2.775083,0.926,0.056,0.0,0.333,0.0,0.0,0.0,0.0,0.333
232090,6,9.614651,10.461581,0.548,0.452,0.231,0.923,0.0,0.273,0.0,0.273,0.0
265671,-1,14.708579,8.6708975,0.4,0.567,0.625,0.125,0.25,0.0,0.5,0.0,0.562
50496,1,16.12939,3.859561,0.809,0.128,0.0,0.0,0.0,0.25,0.25,0.25,0.333
178387,-1,10.734038,8.410926,0.632,0.263,0.5,0.3,0.278,0.0,0.0,0.167,0.4
254886,-1,15.980752,7.913162,0.684,0.316,0.0,0.0,0.0,0.5,0.0,0.0,0.0
114904,-1,15.598173,3.4764843,0.846,0.077,0.0,0.0,0.0,1.0,0.0,0.0,0.333
226406,-1,15.914343,8.8046255,0.0,1.0,1.0,0.976,0.0,0.0,0.778,0.0,0.714
17335,-1,15.134451,6.408209,0.514,0.432,0.562,0.467,0.0,0.231,0.154,0.538,0.133
27973,-1,16.663069,8.578548,0.244,0.733,0.0,0.0,0.0,0.636,0.0,0.0,0.0
117710,-1,16.538185,1.1109126,0.838,0.135,0.2,0.0,0.0,0.0,0.0,0.0,0.8
12072,-1,12.823677,7.026418,0.703,0.216,0.714,0.143,0.333,0.0,0.0,0.444,0.143
91559,-1,14.514914,1.9732474,0.056,0.926,0.98,0.48,0.167,0.333,0.0,0.0,0.56
199016,-1,15.533833,1.5457458,0.58,0.42,0.4,0.15,0.0,0.0,0.909,0.0,0.8
48978,-1,18.042671,3.5524333,0.952,0.048,0.5,0.0,0.0,0.0,0.0,0.0,0.5
71758,-1,10.229997,8.822341,0.814,0.163,0.0,0.0,0.375,0.0,0.25,0.125,1.0
17553,6,9.568527,10.259336,0.732,0.244,0.0,0.0,0.0,0.333,0.0,0.467,0.2
53144,-1,12.812367,6.252844,0.054,0.929,0.98,0.157,0.25,0.0,0.167,0.0,0.196
158145,-1,13.513133,5.6945086,0.902,0.098,0.0,0.0,0.0,0.0,0.0,0.0,0.0
270047,6,9.875339,10.912824,0.162,0.757,0.5,0.679,0.0,0.067,0.0,0.8,0.071
158696,-1,15.336347,8.799081,0.179,0.821,0.875,0.344,0.0,0.0,0.0,0.667,0.25
208418,-1,12.700474,6.429182,0.809,0.149,0.0,0.0,0.0,0.0,0.0,0.0,0.0
69937,-1,16.7638,7.4941792,0.439,0.512,0.0,0.0,0.0,0.0,0.0,0.0,0.0
166114,-1,17.640265,2.61318,0.788,0.154,0.0,0.0,0.2,0.0,0.0,0.0,0.429
242925,4,17.111269,7.549303,0.417,0.521,1.0,0.0,0.333,0.25,0.0,0.083,0.0
294303,-1,16.429447,2.972889,0.884,0.047,0.0,0.0,0.0,0.0,0.25,0.0,0.0
122263,-1,13.724221,8.65191,0.745,0.176,0.111,0.0,0.35,0.05,0.0,0.15,0.444
195251,-1,13.880974,3.587586,0.463,0.537,0.909,0.455,0.0,0.4,0.2,0.333,0.5
218972,-1,17.215416,4.0701776,0.896,0.083,0.25,0.0,0.111,0.222,0.111,0.0,0.5
15135,-1,13.383207,7.7543297,0.757,0.243,0.8,0.0,0.0,0.0,0.5,0.0,0.0
191576,-1,17.874187,4.1368628,0.796,0.163,0.857,0.0,0.0,0.333,0.0,0.333,0.571
27722,-1,13.122484,8.134668,0.73,0.216,0.571,0.0,0.0,0.333,0.0,0.0,0.429
57241,-1,16.605276,1.5456752,0.887,0.057,0.0,0.0,1.0,0.0,0.0,0.0,1.0
112485,-1,15.965915,7.7645593,0.353,0.647,0.917,0.583,0.143,0.286,0.0,0.143,0.125
271119,-1,8.490928,10.936931,0.548,0.19,0.0,0.25,0.3,0.1,0.0,0.2,0.125
165495,-1,14.773913,7.036158,0.364,0.636,0.0,0.0,0.0,1.0,0.0,0.0,0.0
54720,-1,14.309029,4.0885544,0.0,1.0,0.955,0.045,0.0,0.0,0.333,0.0,0.523
128684,6,10.693664,10.030104,0.383,0.596,0.393,0.0,0.071,0.071,0.107,0.536,0.036
180048,-1,13.545666,3.02357,0.681,0.277,0.333,0.083,0.167,0.333,0.333,0.0,0.417
199519,-1,14.858118,5.963846,0.531,0.327,0.125,0.625,0.083,0.167,0.0,0.25,0.375
280886,6,9.7202,10.136503,0.5,0.38,0.0,0.059,0.059,0.029,0.0,0.882,0.0
166329,-1,17.48802,3.9505107,0.791,0.116,0.0,0.0,0.29,0.0,0.0,0.0,0.2
262731,-1,12.044922,9.968511,0.08,0.92,1.0,0.045,0.0,0.0,1.0,0.0,0.273
48803,-1,15.541747,3.139092,0.8,0.1,0.25,0.0,0.0,0.0,0.0,0.25,0.75
266999,-1,16.236752,2.022184,0.783,0.109,0.0,0.0,0.143,0.0,0.0,0.143,0.75
220244,-1,12.955939,9.022241,0.632,0.342,0.846,0.308,0.0,0.0,0.0,1.0,0.077
269700,-1,17.828714,3.314517,0.789,0.079,0.0,0.0,0.0,0.0,0.0,0.0,0.5
153074,-1,16.689697,4.0782456,0.367,0.633,0.294,0.941,0.333,0.0,0.333,0.0,0.412
244465,6,9.048469,9.771638,0.698,0.163,0.143,0.286,0.158,0.0,0.0,0.0,0.0
136320,-1,17.951769,3.9194942,0.902,0.078,0.0,0.25,0.0,0.333,0.0,0.333,0.5
262394,-1,16.320396,8.332326,0.722,0.25,0.222,0.0,0.115,0.077,0.0,0.5,0.222
186420,1,16.665031,3.905278,0.875,0.104,0.0,0.0,0.0,0.0,1.0,0.0,0.75
29714,-1,16.397924,-0.3060565,0.659,0.182,0.0,0.167,0.111,0.0,0.0,0.111,0.667
112101,-1,17.353498,4.59437,0.488,0.442,0.0,0.0,0.0,0.0,0.0,0.0,0.0
86292,-1,10.971497,8.807839,0.576,0.364,0.25,0.0,0.0,0.25,0.0,0.65,0.083
85636,-1,12.803566,9.504964,0.125,0.771,0.568,0.297,0.045,0.045,0.682,0.045,0.649
212334,-1,14.938828,4.571945,0.812,0.146,0.0,0.286,0.0,0.0,1.0,0.0,0.714
49415,6,9.065041,11.072311,0.767,0.186,0.0,0.0,0.0,0.4,0.2,0.2,0.0
211529,6,11.999456,9.085629,0.721,0.233,0.333,0.111,0.158,0.263,0.0,0.474,0.111
138183,-1,16.227316,5.7037706,0.795,0.179,0.167,0.167,0.611,0.0,0.056,0.0,0.833
61007,-1,16.945211,3.7320402,0.93,0.047,0.0,0.0,0.0,0.0,0.0,0.0,0.5
231306,-1,16.535929,3.192713,0.675,0.275,0.167,0.667,0.0,0.2,0.4,0.2,0.5
172663,-1,14.471574,0.8889135,0.773,0.182,0.0,0.0,0.0,0.5,0.0,0.0,0.625
1756,-1,13.442353,9.377077,0.943,0.029,0.0,0.0,0.0,0.0,0.0,1.0,0.0
50561,-1,16.558321,1.2173781,0.974,0.0,0.0,0.0,0.0,0.0,0.0,0.0,0.0
241574,-1,12.277404,8.613404,0.138,0.793,1.0,0.391,0.0,0.8,0.0,0.2,0.087
118784,-1,14.585584,5.646865,0.805,0.171,0.2,0.2,0.5,0.0,0.5,0.0,0.6
420,-1,15.273887,4.1204934,0.263,0.737,0.679,0.643,0.0,0.0,0.867,0.067,0.714
120385,-1,16.805489,3.7891498,0.659,0.25,0.0,0.182,0.429,0.143,0.0,0.143,0.455
164581,-1,13.532724,3.4085937,0.29,0.677,0.667,0.524,0.0,0.0,1.0,0.0,0.714
71432,-1,17.349035,4.919733,0.333,0.647,0.75,0.031,0.0,0.125,0.75,0.0,0.469
47438,-1,16.587421,-0.40288252,0.905,0.024,0.0,0.0,0.077,0.077,0.0,0.0,1.0
191378,-1,17.095785,7.3788886,0.079,0.921,0.0,0.0,0.0,0.0,0.333,0.0,0.0
166409,-1,17.310438,4.3598356,0.757,0.216,0.6,0.2,0.0,1.0,0.0,0.0,0.6
18324,-1,17.465027,4.3130803,0.833,0.119,0.25,0.25,0.0,1.0,0.0,0.0,0.5
18408,-1,14.521767,7.0242267,0.558,0.385,0.684,0.053,0.36,0.0,0.08,0.04,0.421
39604,2,17.954721,3.0732944,0.769,0.231,0.0,0.0,0.0,0.25,0.25,0.0,0.545
25822,-1,13.341438,3.9413326,0.824,0.176,0.125,0.25,0.25,0.25,0.25,0.0,0.25
24862,-1,17.084076,2.4112086,0.841,0.136,0.0,0.0,0.333,0.0,0.0,0.0,0.6
54635,-1,16.071018,7.4268675,0.044,0.956,0.548,0.024,0.0,0.0,1.0,0.0,0.762
71493,-1,16.470068,1.9523613,0.826,0.087,0.0,0.0,0.0,0.667,0.0,0.0,0.0
14639,-1,16.399035,2.2167225,0.884,0.116,0.0,0.0,0.5,0.0,0.0,0.0,0.4
162154,-1,14.41178,3.6966958,0.922,0.059,0.0,0.0,0.0,0.0,0.0,0.0,0.667
257717,6,11.603475,9.221287,0.649,0.297,0.091,0.091,0.0,0.053,0.0,0.737,0.0
45856,5,17.733595,0.58226925,0.857,0.061,0.0,0.0,0.15,0.05,0.0,0.0,0.333
67359,6,9.265504,11.209298,0.778,0.167,0.0,0.5,0.0,0.111,0.0,0.556,0.0
169753,-1,11.88562,7.99878,0.175,0.825,0.939,0.182,0.0,0.667,0.0,0.222,0.455
145027,-1,14.651925,4.1424427,0.351,0.622,0.25,0.625,0.3,0.1,0.0,0.2,0.375
265434,6,10.94807,10.27817,0.086,0.857,1.0,0.172,0.2,0.4,0.0,0.2,0.0
98365,-1,12.955108,8.756887,0.8,0.175,0.429,0.0,0.0,0.333,0.333,0.0,0.286
62553,-1,14.553616,8.35583,0.792,0.188,0.222,0.0,0.0,0.0,0.5,0.0,0.333
232089,-1,14.030453,2.6983395,0.889,0.056,0.0,0.0,0.0,0.0,0.0,0.0,0.5
107815,-1,15.33479,8.017596,0.361,0.611,0.773,0.909,0.0,0.0,0.333,0.667,0.0
26262,-1,12.795536,9.230953,0.861,0.139,0.4,0.0,0.0,0.0,0.2,0.6,0.4
274791,6,10.430596,10.898307,0.146,0.833,0.718,0.077,0.0,0.125,0.0,0.562,0.077
247593,-1,14.019576,8.914317,0.697,0.273,0.5,0.125,0.0,0.0,0.333,0.333,0.25
151791,-1,13.989619,6.406153,0.814,0.186,0.333,0.333,0.0,0.0,0.333,0.0,0.167
169857,-1,11.387117,9.322921,0.744,0.205,0.25,0.0,0.182,0.0,0.182,0.545,0.0
37081,-1,17.590498,3.0686038,0.881,0.071,0.333,0.0,0.0,0.0,0.0,0.0,0.667
60152,-1,14.646757,7.188705,0.146,0.812,0.379,0.0,0.0,0.1,0.45,0.1,0.655
69921,-1,14.451899,2.4620292,0.675,0.275,0.0,1.0,0.0,0.0,0.0,0.5,0.0
172433,-1,14.24868,8.773677,0.083,0.896,0.929,0.071,0.0,0.5,0.125,0.25,0.415
212491,-1,14.951143,9.443823,0.119,0.81,0.844,0.188,0.528,0.028,0.028,0.028,0.5
220312,-1,15.508392,1.7683012,0.822,0.067,0.0,0.0,0.0,0.0,0.0,0.0,1.0
188631,-1,13.619626,8.250679,0.167,0.833,0.882,0.088,0.0,0.0,0.0,0.667,0.206
230870,-1,14.199788,8.851774,0.0,1.0,1.0,0.8,0.0,0.091,0.727,0.0,0.32
237841,3,17.549263,4.8064427,0.898,0.041,0.5,0.0,0.0,0.0,0.0,1.0,0.5
81139,-1,9.947861,8.679002,0.729,0.271,0.455,0.0,0.0,0.25,0.25,0.0,0.545
167586,-1,12.549602,8.09379,0.583,0.417,0.368,0.421,0.273,0.364,0.091,0.0,0.526
261432,6,8.509758,10.656708,0.721,0.256,0.0,0.0,0.188,0.188,0.0,0.125,0.273
81270,-1,15.988285,4.643178,0.953,0.047,0.0,0.0,0.0,0.0,0.0,0.0,0.5
134905,-1,11.77095,8.406631,0.711,0.184,0.333,0.0,0.0,0.333,0.0,0.0,0.0
269819,-1,16.447378,3.2465053,0.85,0.075,0.667,0.333,0.222,0.0,0.222,0.0,0.667
229067,-1,13.051635,7.9733872,0.6,0.375,1.0,0.385,0.0,0.5,0.0,0.5,0.077
58008,-1,13.718448,4.5573792,0.881,0.095,0.0,0.25,0.0,0.667,0.0,0.0,0.75
208194,-1,14.659613,1.8011155,0.84,0.12,0.2,0.0,0.25,0.25,0.0,0.25,0.8
222362,-1,13.002727,8.631858,0.688,0.312,0.3,0.1,0.0,0.077,0.0,0.846,0.2
216912,-1,16.290348,7.634374,0.846,0.154,0.0,0.0,0.0,0.0,0.0,0.0,0.0
1736,-1,15.759155,3.339277,0.854,0.125,0.0,0.0,0.25,0.25,0.0,0.25,0.5
172563,-1,15.680763,0.80863774,0.889,0.089,0.0,0.0,0.0,0.0,0.0,0.0,0.25
66609,-1,11.251777,9.1903925,0.3,0.68,1.0,0.545,0.0,0.75,0.25,0.0,0.0
148183,-1,16.347963,7.096808,0.545,0.382,0.15,0.1,0.302,0.047,0.0,0.14,0.25
86872,-1,15.872896,8.877989,0.805,0.171,0.4,0.4,0.0,0.5,0.0,0.0,0.4
263386,-1,11.4997,10.281975,0.533,0.467,0.786,0.0,0.0,0.5,0.0,0.0,0.0
102260,6,10.875102,10.191207,0.041,0.959,1.0,0.128,0.0,0.667,0.0,0.333,0.17
59145,-1,16.91167,0.16477814,0.825,0.158,0.0,0.0,0.111,0.0,0.0,0.0,0.667
180074,-1,13.253166,3.906263,0.93,0.07,0.0,0.0,0.0,0.0,0.0,0.0,1.0
173759,-1,14.5544815,3.3308694,0.615,0.333,0.308,0.154,0.0,0.25,0.5,0.0,0.769
21299,-1,14.989908,8.125573,0.818,0.145,0.0,0.0,0.0,0.0,0.0,0.0,0.0
141824,-1,13.082902,9.862823,0.054,0.919,0.971,0.176,0.0,0.0,0.0,0.0,0.059
154924,-1,14.496554,1.6322876,0.911,0.044,0.0,0.0,0.222,0.111,0.111,0.0,0.5
243576,-1,16.19139,-0.08938514,0.657,0.229,0.0,0.0,0.412,0.059,0.0,0.118,0.75
156399,-1,16.41768,5.811363,0.348,0.652,0.5,0.5,0.0,0.0,0.5,0.0,1.0
138042,-1,12.540421,7.676165,0.542,0.354,0.067,0.0,0.424,0.152,0.0,0.273,0.333
48171,-1,13.537569,8.0845995,0.02,0.94,0.978,0.37,0.0,0.286,0.286,0.286,0.304
39583,-1,15.477134,5.5060534,0.829,0.146,0.0,0.25,0.333,0.0,0.667,0.0,0.5
100260,-1,11.9431095,10.040294,0.667,0.278,0.556,0.444,0.0,0.0,0.0,1.0,0.444
148539,-1,15.337443,3.0413396,0.02,0.96,0.979,0.766,0.767,0.0,0.0,0.0,0.468
124527,-1,16.860271,2.4128425,0.891,0.109,0.2,0.2,0.615,0.077,0.0,0.0,0.6
101118,-1,16.262825,5.8307114,0.674,0.279,0.3,0.7,0.0,0.167,0.333,0.167,0.1
162040,-1,16.734457,1.8276914,0.796,0.143,0.0,0.0,0.0,0.333,0.0,0.0,0.5
193873,-1,12.264342,7.374002,0.744,0.179,0.143,0.143,0.0,0.667,0.333,0.0,0.714
35422,-1,10.732791,10.52895,0.064,0.915,0.905,0.357,0.118,0.059,0.647,0.059,0.524
20687,-1,15.540644,7.4948387,0.261,0.674,0.0,0.0,0.25,0.25,0.0,0.125,0.0
31979,-1,15.979443,2.1225479,0.925,0.075,0.0,0.0,0.5,0.0,0.0,0.0,0.333
119654,-1,15.959524,0.58857524,0.864,0.091,0.0,0.0,0.5,0.0,0.0,0.038,0.5
35892,-1,17.16663,2.7155685,0.867,0.089,0.0,0.0,0.0,0.0,0.0,0.0,0.5
50323,-1,12.171537,9.795293,0.093,0.884,0.889,0.194,0.0,0.111,0.111,0.556,0.25
229235,-1,16.435503,4.09859,0.977,0.023,0.0,0.0,0.0,0.0,0.0,0.0,1.0
266016,-1,11.895787,8.298385,0.596,0.383,1.0,0.0,0.0,0.0,0.0,1.0,0.0
179386,-1,16.784967,7.5458527,0.091,0.864,1.0,0.343,0.333,0.167,0.0,0.25,0.6
192853,6,9.6265745,10.947434,0.483,0.483,0.643,0.357,0.0,0.25,0.0,0.75,0.214
67069,-1,13.438829,8.729468,0.756,0.222,0.286,0.0,0.0,0.0,0.0,0.5,0.0
19532,-1,14.153745,5.0493245,0.645,0.29,0.111,0.889,0.0,0.0,0.0,0.0,0.889
206051,-1,16.961166,7.773468,0.689,0.244,0.5,0.0,0.0,1.0,0.0,0.0,0.5
67156,-1,12.924145,9.049182,0.816,0.158,0.2,0.0,0.0,0.333,0.0,0.0,0.0
174237,-1,16.100006,8.901586,0.5,0.477,0.55,0.6,0.0,0.3,0.2,0.2,0.1
41987,-1,15.619613,4.989018,0.81,0.143,0.5,0.333,0.0,0.0,0.0,0.0,0.667
205497,-1,15.71717,3.2488892,0.913,0.065,0.0,0.0,0.0,0.25,0.0,0.0,0.667
22243,-1,14.103155,3.6344647,0.667,0.311,0.286,0.071,0.219,0.0,0.281,0.0,0.429
166212,-1,15.369183,8.331657,0.242,0.758,0.6,0.4,0.0,0.333,0.333,0.0,0.0
70870,-1,16.364212,3.422049,0.909,0.091,0.0,0.0,0.0,0.5,0.5,0.0,0.5
189358,6,8.942893,11.204803,0.167,0.786,0.606,0.182,0.0,0.105,0.053,0.632,0.242
117917,-1,15.477855,1.9693165,0.896,0.083,0.0,0.0,0.0,0.0,0.0,0.0,0.5
223956,-1,15.112686,2.1515965,0.489,0.489,0.048,0.857,0.077,0.077,0.0,0.0,0.905
210959,-1,13.851192,8.4197235,0.688,0.25,0.5,0.333,0.0,0.5,0.5,0.0,0.167
143479,6,10.291787,9.032789,0.913,0.043,0.0,0.0,0.0,0.0,0.0,0.667,0.0
143867,-1,16.347717,7.6653085,0.524,0.429,0.0,0.0,0.0,0.0,0.0,0.0,0.0
76654,6,8.9641285,11.528104,0.333,0.667,0.433,0.233,0.0,0.348,0.0,0.478,0.133
25850,-1,17.759037,4.2354336,0.714,0.245,0.25,0.0,0.0,0.0,0.333,0.0,0.75
133482,-1,12.445485,10.171179,0.15,0.8,0.957,0.0,0.0,0.444,0.222,0.222,0.043
97400,-1,16.67782,8.593399,0.867,0.089,0.0,0.0,0.0,0.0,0.333,0.0,0.0
121498,-1,16.109526,2.411277,0.821,0.128,0.0,0.0,0.0,0.0,0.0,0.0,0.25
65653,-1,15.22053,0.9621056,0.902,0.049,0.0,0.0,0.0,0.0,0.0,0.0,0.0
282925,-1,12.298337,7.851146,0.808,0.135,0.167,0.0,0.0,0.167,0.0,0.167,0.0
39789,-1,14.316008,5.231275,0.45,0.475,0.529,0.412,0.45,0.1,0.15,0.1,0.471
252921,-1,14.85928,7.899119,0.639,0.306,0.0,0.5,0.25,0.25,0.0,0.0,0.5
158456,-1,13.221239,10.168765,0.025,0.975,0.974,0.897,0.0,0.312,0.0,0.438,0.205
174837,-1,14.876103,1.8867517,0.878,0.098,0.25,0.0,0.0,0.0,0.0,0.0,1.0
179784,-1,13.208043,4.9095216,0.4,0.6,0.6,1.0,0.0,0.0,1.0,0.0,0.75
198506,-1,16.76788,7.786535,0.884,0.093,0.25,0.25,0.667,0.0,0.0,0.0,0.25
209704,-1,17.013968,2.9001226,0.795,0.182,0.0,0.0,0.0,0.0,0.0,0.0,1.0
117949,6,10.321895,9.175306,0.019,0.963,1.0,0.46,0.125,0.25,0.0,0.125,0.14
200509,-1,16.244112,0.375639,0.976,0.0,0.0,0.0,0.0,0.333,0.0,0.0,0.0
60718,6,9.035817,11.344254,0.619,0.357,0.2,0.0,0.0,0.034,0.0,0.828,0.267
253486,-1,15.512811,9.257608,0.089,0.889,0.946,0.324,0.697,0.091,0.0,0.03,0.297
230498,-1,15.704286,7.231926,0.564,0.385,0.0,0.0,0.0,0.333,0.0,0.667,0.0
13270,-1,14.760464,1.8656151,0.526,0.447,0.286,0.357,0.0,0.167,0.5,0.333,0.357
136929,-1,14.839342,2.374336,0.279,0.721,0.419,0.097,0.0,0.0,0.889,0.074,0.645
249879,-1,16.183155,0.7567376,0.857,0.143,0.4,0.0,0.333,0.0,0.333,0.0,0.4
185552,-1,14.538715,5.501204,0.906,0.057,0.0,0.0,0.0,0.25,0.0,0.25,0.0
63614,-1,17.326452,1.7993538,0.896,0.062,0.0,0.333,0.0,0.0,0.0,0.0,1.0
93624,-1,14.937198,9.463726,0.727,0.25,0.3,0.2,0.0,0.4,0.1,0.2,0.4
210567,-1,10.808376,9.672619,0.606,0.394,0.692,0.077,0.0,0.143,0.0,0.714,0.0
196343,-1,16.43515,8.87376,0.153,0.831,0.667,0.267,0.0,0.0,1.0,0.0,0.644
226523,-1,15.689423,4.726195,0.808,0.154,0.0,1.0,0.0,0.0,0.0,0.333,0.0
26109,-1,17.428154,2.7949076,0.808,0.115,0.2,0.0,0.0,0.25,0.0,0.0,0.6
48428,-1,15.607272,5.013035,0.767,0.233,0.333,0.0,0.0,0.5,0.0,0.5,0.333
242751,-1,17.448881,3.208186,0.884,0.07,0.0,0.0,0.0,0.0,0.0,0.0,1.0
95682,-1,14.99576,7.156805,0.225,0.75,0.967,0.067,0.0,0.667,0.0,0.0,0.367
36372,-1,17.329672,5.414954,0.773,0.091,0.0,0.0,0.0,0.167,0.0,0.167,0.0
282136,-1,14.651111,9.477021,0.326,0.651,0.769,0.192,0.083,0.0,0.583,0.25,0.462
263166,6,10.5717,9.64941,0.529,0.441,1.0,0.0,0.0,0.0,1.0,0.0,0.0
125664,-1,13.35257,8.827593,0.089,0.889,0.974,0.5,0.25,0.5,0.0,0.25,0.205
20841,-1,15.827305,7.3475046,0.25,0.688,0.682,0.045,0.4,0.08,0.0,0.28,0.318
5307,-1,16.654123,1.2137854,0.609,0.391,0.722,0.056,0.0,0.333,0.333,0.0,0.278
243675,-1,14.09318,7.316878,0.93,0.023,1.0,0.0,0.333,0.667,0.0,0.0,0.0
219075,-1,17.51556,4.148314,0.925,0.0,0.0,0.0,0.0,0.0,0.0,0.0,0.0
266680,-1,10.739761,9.132754,0.034,0.931,1.0,0.269,0.417,0.25,0.0,0.167,0.231
186692,-1,13.46379,2.661569,0.902,0.059,0.0,0.0,0.0,0.0,0.0,0.0,0.5
827,-1,15.456099,0.55357033,0.722,0.25,0.333,0.0,0.0,0.467,0.4,0.0,0.556
119016,-1,17.886578,2.0993044,0.915,0.064,0.0,0.333,0.0,0.0,0.0,0.0,0.667
270571,-1,16.051327,8.778253,0.516,0.452,0.182,0.091,0.263,0.158,0.105,0.211,0.364
231665,-1,14.66569,3.843754,0.667,0.267,0.2,0.2,0.0,0.0,0.0,1.0,0.8
184573,-1,11.89707,7.609525,0.833,0.143,0.167,0.333,0.0,0.5,0.0,0.0,0.333
210875,6,8.814744,10.492717,0.816,0.041,0.0,0.0,0.0,0.0,0.0,0.5,0.0
141726,-1,15.588994,1.0906637,0.467,0.467,0.632,0.053,0.1,0.2,0.2,0.1,0.421
184885,-1,13.841579,1.9583468,0.86,0.093,0.0,0.333,0.125,0.25,0.125,0.0,0.333
111176,-1,14.393222,1.3253058,0.711,0.263,0.0,0.2,0.464,0.0,0.0,0.0,0.6
196528,-1,14.52089,1.4074398,0.75,0.182,0.167,0.0,0.0,1.0,0.0,0.0,0.167
162069,-1,17.30966,2.7329578,0.882,0.098,0.0,0.0,0.3,0.2,0.0,0.0,1.0
179632,-1,15.45199,4.044505,0.735,0.163,0.0,0.0,0.0,0.0,0.333,0.333,0.875
220518,6,14.356262,3.2642589,0.902,0.073,0.0,0.0,0.0,0.4,0.0,0.6,1.0
58330,-1,15.112487,4.929418,0.917,0.083,0.333,0.0,0.0,0.0,0.0,0.0,0.667
29926,-1,14.338388,2.409306,0.9,0.06,0.0,0.0,0.0,0.4,0.0,0.2,0.667
270758,6,8.787143,10.766041,0.359,0.615,0.522,0.609,0.167,0.1,0.033,0.6,0.217
262776,-1,10.807559,9.845433,0.705,0.295,0.0,0.5,0.0,0.0,0.0,0.0,0.5
177875,-1,10.616044,10.185436,0.027,0.973,0.971,0.294,0.5,0.5,0.0,0.0,0.059
248285,-1,15.600068,8.625574,0.222,0.778,0.846,0.115,0.0,0.6,0.0,0.0,0.423
92082,-1,14.060133,5.1155434,0.614,0.318,0.125,0.0,0.263,0.053,0.0,0.0,0.5
126800,6,11.477222,9.496298,0.441,0.529,0.0,0.0,0.0,0.0,0.0,1.0,0.0
98155,-1,17.144127,4.669274,0.889,0.089,0.0,0.0,0.0,0.25,0.25,0.5,0.5
254926,6,9.15131,9.708104,0.854,0.122,0.0,0.0,0.0,0.7,0.1,0.0,0.0
191797,-1,9.535412,11.013622,0.758,0.212,0.167,0.0,0.0,0.0,0.273,0.091,0.5
100512,-1,15.312254,1.2511721,0.391,0.522,0.333,0.667,0.038,0.115,0.615,0.077,0.375
94395,-1,15.28758,0.0942303,0.826,0.152,0.25,0.0,0.0,0.0,0.0,0.0,0.75
130609,6,10.424758,10.177812,0.486,0.514,0.611,0.0,0.077,0.231,0.0,0.538,0.0
120192,-1,15.523479,5.2494006,0.787,0.17,0.0,0.0,0.0,0.0,1.0,0.0,0.667
106337,-1,16.617466,6.168724,0.61,0.39,0.286,0.0,0.0,0.5,0.0,0.5,0.143
136244,-1,13.836728,1.3607444,0.786,0.143,0.0,0.0,0.143,0.0,0.0,0.0,0.667
136223,-1,14.297772,1.1467348,0.778,0.2,0.25,0.0,0.333,0.0,0.0,0.0,0.889
258064,-1,14.959733,2.3419902,0.795,0.159,0.0,0.0,0.667,0.0,0.0,0.0,0.667
290747,-1,15.451808,2.3619642,0.844,0.111,0.0,0.0,0.0,0.0,0.0,0.0,0.8
4329,-1,16.261366,7.514219,0.732,0.244,0.5,0.5,0.0,0.0,0.0,0.0,0.0
38464,-1,16.28878,4.1679077,0.81,0.095,0.0,0.0,0.0,0.0,0.333,0.0,0.75
2609,-1,16.895037,3.7329586,0.932,0.023,0.0,0.0,0.0,0.0,0.0,0.333,1.0
282476,-1,14.479102,9.714395,0.083,0.917,0.976,0.643,0.25,0.167,0.083,0.0,0.333
5509,-1,14.989772,1.1653461,0.875,0.125,0.2,0.0,0.0,0.333,0.167,0.0,0.6
180780,-1,13.286733,10.308718,0.0,1.0,1.0,0.143,0.0,1.0,0.0,0.0,0.4
64918,-1,15.180391,0.39438015,0.864,0.091,0.0,0.0,0.0,0.0,0.0,0.0,0.25
232472,-1,13.371497,3.737037,0.821,0.077,0.0,0.0,0.647,0.0,0.0,0.059,0.333
128906,-1,14.376659,7.910661,0.872,0.077,1.0,0.333,0.0,0.0,0.0,0.0,0.0
190918,-1,14.032097,5.9204264,0.902,0.078,0.333,0.0,0.0,0.0,0.0,0.333,0.667
143009,-1,15.760284,5.156015,0.857,0.082,0.0,0.0,0.0,0.0,0.333,0.333,1.0
185954,-1,15.026814,1.8151737,0.458,0.5,0.5,0.45,0.125,0.125,0.25,0.5,0.6
153843,-1,17.201265,1.3027467,0.911,0.067,0.0,0.333,0.5,0.0,0.0,0.0,0.333
91605,-1,13.9799385,3.5520272,0.932,0.045,0.0,0.0,0.667,0.0,0.0,0.333,1.0
39832,-1,17.30754,0.88685226,0.793,0.103,0.0,0.0,0.0,0.5,0.0,0.0,0.5
237,-1,17.18841,1.6110204,0.886,0.068,0.0,0.0,0.0,0.2,0.2,0.2,0.667
159999,-1,16.465221,3.964567,0.85,0.1,0.333,0.0,0.0,0.0,0.0,0.0,0.667
200474,-1,14.469934,6.0222125,0.816,0.102,0.0,0.0,0.0,0.143,0.143,0.0,0.8
295129,-1,16.660475,3.254354,0.825,0.15,0.0,0.25,0.0,0.8,0.0,0.067,0.0
275583,6,9.549762,11.059986,0.216,0.73,0.913,0.435,0.0,0.143,0.0,0.714,0.13
83813,6,9.563068,10.548579,0.118,0.882,1.0,0.276,0.0,0.4,0.2,0.4,0.207
114658,-1,14.499888,1.3109907,0.775,0.175,0.0,0.5,0.0,0.0,0.667,0.0,0.167
91061,-1,15.888269,3.9849272,0.556,0.417,0.733,0.467,0.0,0.25,0.25,0.5,0.467
55343,6,11.291755,9.94054,0.273,0.659,0.741,0.074,0.0,0.091,0.091,0.727,0.148
116564,-1,14.374813,3.4463387,0.857,0.143,0.5,0.0,0.0,0.0,0.0,0.0,0.0
235372,-1,11.739998,8.964192,0.143,0.857,0.857,0.071,0.0,0.348,0.043,0.565,0.548
123051,-1,15.319121,9.515196,0.0,0.978,1.0,0.622,0.1,0.1,0.4,0.1,0.578
16287,-1,14.356772,2.7678137,0.486,0.514,0.842,0.316,0.0,0.0,0.75,0.0,0.421
63824,-1,15.686369,8.262403,0.348,0.652,0.0,0.0,0.0,0.6,0.0,0.0,0.0
135490,-1,15.342345,0.8505674,0.976,0.024,0.0,0.0,0.0,0.0,0.0,1.0,0.0
110953,-1,14.55332,4.8285933,0.891,0.022,0.0,0.0,0.0,0.0,1.0,0.0,1.0
209041,-1,15.978747,8.44282,0.921,0.079,1.0,0.0,1.0,0.0,0.0,0.0,0.0
154713,6,10.254626,10.534879,0.455,0.523,0.522,0.0,0.0,0.0,0.6,0.2,0.043
213154,6,11.310649,9.5298,0.6,0.4,0.5,0.062,0.0,0.154,0.077,0.462,0.062
20549,-1,17.024971,0.8119568,0.818,0.136,0.25,0.0,0.393,0.0,0.0,0.036,0.0
117960,-1,13.985974,3.6554222,0.927,0.073,0.667,0.0,0.2,0.0,0.0,0.6,0.667
261959,-1,17.286755,1.821187,0.833,0.042,0.5,0.0,0.375,0.0,0.0,0.0,0.5
135540,-1,15.13022,3.4290853,0.784,0.162,0.5,0.167,0.0,0.75,0.0,0.0,0.0
91803,-1,16.187466,0.029405922,0.822,0.067,0.0,0.0,0.091,0.0,0.0,0.0,1.0
185483,-1,13.873217,2.186641,0.809,0.128,0.167,0.0,0.0,0.143,0.0,0.286,0.667
99773,-1,14.933683,9.745633,0.027,0.973,0.969,0.344,0.0,0.0,0.8,0.0,0.625
232304,3,17.42332,5.0651464,0.884,0.07,0.0,0.333,0.0,0.5,0.0,0.0,0.667
265303,6,9.036171,10.520846,0.206,0.794,0.704,0.444,0.158,0.105,0.0,0.421,0.0
172429,-1,14.142839,4.0244193,0.617,0.383,0.278,0.056,0.0,0.0,0.85,0.15,0.556
167369,-1,12.803014,7.478751,0.732,0.244,1.0,0.0,0.0,0.0,0.0,0.0,0.0
35835,-1,14.094774,4.239099,0.395,0.581,0.875,0.875,0.0,0.0,0.2,0.4,0.125
203443,-1,14.0919285,6.1130314,0.829,0.098,0.25,0.25,0.5,0.0,0.0,0.0,1.0
17103,-1,13.434285,2.411108,0.826,0.087,0.0,0.0,0.0,0.0,0.0,0.0,0.0
214090,-1,12.908161,6.443328,0.852,0.13,0.143,0.143,0.0,0.5,0.0,0.0,0.714
199414,6,9.59894,9.783346,0.765,0.206,0.571,0.143,0.0,0.25,0.0,0.75,0.143
102375,-1,14.838866,1.3487165,0.694,0.278,0.4,0.2,0.0,0.0,1.0,0.0,0.5
57251,-1,14.462092,8.862564,0.0,1.0,0.973,0.243,0.0,0.0,1.0,0.0,0.324
262390,6,10.173809,10.358657,0.343,0.629,0.5,0.5,0.167,0.333,0.0,0.167,0.0
240653,-1,12.787574,8.527878,0.486,0.514,0.882,0.0,0.111,0.222,0.0,0.222,0.294
205981,-1,13.530979,10.291515,0.0,0.955,1.0,0.071,0.143,0.143,0.286,0.0,0.333
135818,-1,13.487731,4.7633557,0.857,0.082,0.333,0.0,0.0,0.0,0.0,0.0,0.667
46315,-1,16.351547,5.265729,0.429,0.571,0.471,0.235,0.182,0.0,0.636,0.091,0.824
111864,-1,16.489086,1.5895323,0.907,0.023,0.0,0.0,0.0,0.0,0.0,0.0,1.0
148368,-1,16.51941,4.137708,0.714,0.214,0.0,0.0,0.0,0.0,0.0,0.0,0.778
13635,-1,13.148849,9.450172,0.242,0.727,0.875,0.875,0.0,0.333,0.333,0.0,0.083
135336,-1,16.77197,7.1038556,0.477,0.455,0.667,0.467,0.2,0.35,0.0,0.4,0.2
210925,-1,15.50634,3.382147,0.818,0.152,0.25,0.0,0.0,0.0,0.5,0.0,0.5
227623,6,9.991857,9.591674,0.643,0.31,0.615,0.154,0.0,0.0,0.778,0.111,0.083
33968,-1,14.073578,7.3266892,0.868,0.079,0.333,0.333,0.2,0.0,0.0,0.0,0.667
15419,-1,14.653945,8.049538,0.833,0.119,0.4,0.0,0.0,0.818,0.0,0.091,0.6
39057,-1,16.44517,-0.29792443,0.932,0.023,0.0,0.0,0.0,0.0,0.0,1.0,1.0
203596,-1,17.395851,3.032984,0.667,0.231,0.222,0.0,0.806,0.032,0.0,0.065,0.667
213647,6,9.144095,11.32521,0.568,0.351,0.333,0.0,0.0,0.0,0.5,0.333,0.0
45519,-1,13.041405,7.9268975,0.833,0.048,0.5,0.0,0.0,0.0,0.0,0.0,0.0
188118,6,8.902234,10.11348,0.524,0.357,0.9,0.0,0.0,0.143,0.0,0.286,0.1
117825,-1,13.98234,8.967273,0.238,0.762,0.806,0.129,0.0,0.0,0.143,0.571,0.387
33397,-1,12.013357,10.473621,0.065,0.903,0.857,0.214,0.0,0.286,0.286,0.143,0.214
209563,-1,16.490477,0.24462408,0.755,0.122,0.0,0.0,0.083,0.0,0.0,0.0,0.4
277577,-1,14.229827,4.520074,0.341,0.634,0.5,0.0,0.0,0.75,0.0,0.25,0.5
95787,-1,16.79218,0.39033946,0.761,0.152,0.0,0.0,0.625,0.0,0.0,0.0,0.286
199422,-1,14.114064,4.010581,0.953,0.0,0.0,0.0,0.0,0.0,0.0,1.0,0.0
230074,-1,12.977066,9.155267,0.062,0.938,1.0,0.233,0.3,0.1,0.0,0.05,0.267
216350,5,17.613363,0.5021329,0.889,0.067,0.0,0.0,0.0,0.333,0.0,0.333,1.0
124147,-1,14.649704,7.297344,0.659,0.295,0.385,0.154,0.647,0.118,0.0,0.059,0.154
98983,-1,12.246181,7.7553444,0.292,0.667,0.625,0.062,0.0,0.182,0.545,0.182,0.312
244588,-1,13.918538,8.972165,0.065,0.913,1.0,0.8,0.0,0.143,0.714,0.071,0.425
217024,-1,14.997141,4.5759997,0.486,0.514,0.0,0.0,0.0,0.333,0.0,0.0,0.0
44701,-1,10.030158,8.99146,0.857,0.048,1.0,0.0,0.0,0.0,0.0,1.0,0.0
194977,-1,15.615517,6.6697116,0.935,0.022,1.0,0.0,0.556,0.111,0.0,0.0,1.0
289037,6,9.39914,10.870295,0.857,0.071,0.333,0.0,0.1,0.1,0.0,0.7,0.0
134511,-1,14.444919,1.6679682,0.279,0.721,0.091,0.955,0.0,0.0,0.667,0.0,0.682
252647,-1,13.806482,7.9428315,0.756,0.146,0.75,0.25,0.0,1.0,0.0,0.0,0.0
238093,-1,16.614439,6.36191,0.829,0.098,0.0,0.0,0.5,0.5,0.0,0.0,0.0
16291,-1,15.513351,9.455221,0.649,0.324,0.583,0.417,0.0,0.0,1.0,0.0,0.583
216931,-1,13.780233,10.05972,0.465,0.535,0.571,0.0,0.0,0.0,1.0,0.0,0.095
150264,-1,16.831194,0.10510122,0.885,0.019,0.0,0.0,0.143,0.143,0.0,0.0,0.0
8163,-1,12.936872,9.294976,0.75,0.139,0.6,0.2,0.167,0.167,0.0,0.167,0.0
55489,-1,11.769478,7.9561934,0.531,0.469,0.0,0.0,0.0,0.0,0.0,0.0,0.0
291918,-1,13.790822,8.103079,0.766,0.213,0.5,0.375,0.1,0.0,0.0,0.6,0.0
55186,-1,13.269705,9.072704,0.548,0.357,0.778,0.222,0.0,0.0,0.0,0.0,0.222
194728,-1,14.042119,9.404313,0.054,0.892,0.909,0.667,0.0,0.4,0.2,0.0,0.424
126971,-1,16.589638,2.8183277,0.302,0.674,0.0,0.0,0.0,0.0,1.0,0.0,0.0
108211,6,12.644737,6.1948805,0.286,0.629,0.111,0.944,0.2,0.4,0.0,0.4,0.056
58016,-1,17.852951,1.3724222,0.841,0.114,0.2,0.0,0.105,0.105,0.0,0.0,0.8
114251,6,9.626802,11.363612,0.837,0.14,0.0,0.0,0.0,0.0,0.0,1.0,0.0
206197,-1,13.503165,5.860849,0.889,0.067,0.0,0.0,1.0,0.0,0.0,0.0,0.0
124904,-1,14.681427,3.280527,0.804,0.196,0.9,0.1,0.0,0.143,0.0,0.286,0.4
91832,-1,14.180035,1.6622273,0.885,0.115,0.5,0.0,0.077,0.0,0.077,0.0,1.0
96196,-1,16.667637,4.4751916,0.875,0.1,0.0,0.0,0.25,0.25,0.25,0.0,0.75
234876,-1,15.034426,5.032877,0.875,0.05,0.0,0.0,0.273,0.0,0.0,0.0,0.0
20923,-1,14.590531,7.177179,0.894,0.085,0.5,0.0,0.0,0.333,0.0,0.333,0.25
75716,-1,17.55723,0.8437582,0.733,0.178,0.0,0.0,0.484,0.0,0.032,0.0,0.25
113488,-1,16.441881,1.9264212,0.848,0.152,0.0,0.0,0.0,0.5,0.0,0.0,0.25
53289,-1,15.183729,0.7758007,0.848,0.087,0.0,0.0,0.0,0.0,0.0,0.0,1.0
115320,-1,17.290941,0.40706787,0.767,0.07,0.0,0.0,0.188,0.0,0.0,0.062,0.0
412,-1,16.028831,1.978692,0.227,0.705,0.828,0.241,0.708,0.042,0.0,0.083,0.69
267266,6,15.403251,2.872653,0.136,0.045,0.5,0.0,0.0,0.25,0.0,0.25,0.0
172538,-1,16.97738,0.017685616,0.804,0.098,0.0,0.25,0.0,0.0,0.0,0.0,0.25
173685,6,8.455706,10.070098,0.558,0.395,0.4,0.067,0.0,0.0,0.083,0.75,0.0
149973,-1,12.848156,5.869498,0.911,0.089,0.0,0.75,0.0,0.0,0.0,1.0,0.0
174259,-1,13.771215,3.502957,0.762,0.19,0.143,0.143,0.0,0.0,0.0,0.0,0.143
109136,-1,16.696064,3.0822544,0.766,0.191,0.111,0.0,0.25,0.25,0.0,0.5,0.667
107096,4,16.365696,6.9671187,0.659,0.341,0.0,0.0,0.242,0.182,0.0,0.424,0.0
18693,-1,14.345318,8.876788,0.2,0.8,0.684,0.105,0.0,0.111,0.667,0.0,0.737
84831,-1,17.03268,2.8154716,0.762,0.143,0.167,0.0,0.0,0.0,0.0,0.2,0.5
291112,-1,11.018252,9.384433,0.935,0.065,0.5,0.5,0.0,0.333,0.0,0.667,0.0
189693,-1,16.198315,3.614724,0.932,0.045,0.0,0.0,0.474,0.026,0.0,0.026,1.0
172891,-1,13.497073,7.805031,0.952,0.048,0.5,0.5,0.0,1.0,0.0,0.0,0.0
199553,-1,16.01469,7.915251,0.125,0.875,1.0,0.579,0.0,0.2,0.4,0.2,0.053
81598,-1,17.297369,4.54132,0.917,0.042,0.0,0.0,0.0,0.0,0.0,0.5,0.0
220506,6,9.984229,10.349397,0.727,0.273,0.75,0.125,0.0,0.2,0.0,0.8,0.0
277151,-1,17.49259,5.073553,0.886,0.068,0.0,0.0,0.0,1.0,0.0,0.0,0.333
161628,6,8.694133,11.128749,0.4,0.556,0.583,0.208,0.0,0.158,0.053,0.684,0.125
180015,-1,17.461788,3.6948922,0.816,0.158,0.0,0.25,0.1,0.3,0.0,0.2,0.5
177672,6,11.674881,8.424048,0.93,0.023,0.0,0.0,0.333,0.0,0.0,0.667,0.0
95068,-1,16.576641,7.554185,0.685,0.278,0.0,0.5,0.167,0.0,0.0,0.083,0.0
20701,-1,15.505398,2.1893551,0.851,0.128,0.0,0.0,0.0,1.0,0.0,0.0,0.667
18923,-1,17.534609,3.8053567,0.857,0.095,0.333,0.333,0.2,0.4,0.0,0.2,0.333
27003,-1,13.824224,2.4379578,0.93,0.047,0.5,0.0,0.0,0.0,0.0,0.0,0.0
61161,-1,16.014013,9.094793,0.675,0.325,0.5,0.0,0.0,0.0,0.8,0.0,0.9
144279,-1,14.561481,6.4118705,0.35,0.575,0.435,0.957,0.0,0.167,0.722,0.056,0.478
281010,-1,16.363646,4.040145,0.87,0.087,0.0,0.0,0.0,0.5,0.0,0.5,0.333
280680,6,9.207412,11.332107,0.267,0.644,0.107,0.214,0.029,0.086,0.0,0.714,0.036
118322,-1,13.491207,4.0029507,0.857,0.119,0.0,0.0,0.667,0.0,0.0,0.0,0.6
273783,-1,16.369917,1.3212116,0.805,0.049,0.5,0.5,0.214,0.0,0.0,0.0,1.0
128389,-1,13.657398,1.706347,0.936,0.064,0.0,0.0,0.0,0.0,0.0,0.0,0.667
34931,-1,15.140053,4.848082,0.933,0.044,1.0,0.0,0.0,0.0,0.0,0.0,0.0
195628,6,8.299698,10.616833,0.545,0.364,0.0,0.188,0.306,0.083,0.0,0.361,0.375
11797,-1,14.129238,7.9158134,0.791,0.186,0.5,0.0,0.0,0.333,0.333,0.0,0.0
196600,-1,15.224544,9.532206,0.0,1.0,1.0,0.156,0.0,0.0,1.0,0.0,0.156
288515,-1,15.638577,1.9989414,0.904,0.058,0.0,0.0,0.0,0.0,0.5,0.0,1.0
172809,-1,13.449061,3.1569104,0.432,0.523,0.0,0.929,0.0,0.0,0.167,0.333,0.429
163436,-1,17.960714,3.4925644,0.881,0.048,0.0,0.0,0.0,0.2,0.0,0.8,1.0
250392,-1,13.634405,8.411483,0.596,0.362,0.429,0.286,0.667,0.0,0.0,0.0,0.143
13579,-1,17.479364,1.2528279,0.705,0.114,0.0,0.2,0.316,0.105,0.053,0.0,0.6
186397,-1,16.88332,8.086268,0.045,0.932,0.0,0.0,0.0,0.0,0.143,0.0,0.0
88826,2,17.63275,2.1732395,0.951,0.049,0.0,0.0,0.0,0.0,0.0,0.5,0.0
214642,-1,17.194366,0.7687015,0.881,0.048,0.0,0.0,0.0,0.25,0.0,0.0,0.5
179738,-1,16.735952,1.3072839,0.795,0.136,0.0,0.0,0.0,0.0,0.0,0.1,0.5
135201,-1,16.464022,6.312289,0.75,0.25,0.2,0.0,0.0,0.0,0.0,0.0,0.2
224531,-1,15.668238,7.248796,0.778,0.178,0.0,0.0,0.0,0.0,0.0,0.0,0.0
279762,-1,15.044552,3.5617256,0.039,0.843,1.0,0.476,0.071,0.071,0.286,0.0,0.167
175049,6,10.112031,10.000109,0.568,0.432,0.6,0.067,0.0,0.0,0.0,0.0,0.067
179669,-1,15.875977,0.064194284,0.697,0.303,0.556,0.444,0.0,0.0,0.714,0.0,0.556
162226,-1,16.716036,3.7317007,0.917,0.062,0.667,0.0,0.0,0.0,0.0,1.0,0.333
277867,-1,16.070251,2.959929,0.78,0.122,0.2,0.0,0.5,0.0,0.0,0.25,0.2
26076,-1,16.864195,0.5756788,0.927,0.024,0.0,0.0,0.3,0.1,0.0,0.0,1.0
183396,-1,16.13614,2.8938797,0.829,0.122,0.0,0.333,0.333,0.333,0.0,0.333,0.0
195606,-1,12.799308,9.311791,0.16,0.84,0.647,0.118,0.077,0.0,0.538,0.0,0.529
276852,-1,12.761098,9.632859,0.581,0.372,0.571,0.143,0.071,0.143,0.143,0.357,0.357
227237,6,12.099636,7.2217555,0.927,0.049,0.0,0.0,0.0,0.333,0.0,0.0,0.0
187507,-1,14.444409,1.6130503,0.765,0.176,0.0,0.0,0.0,0.0,0.0,0.0,0.778
133146,-1,11.503385,9.973491,0.051,0.949,1.0,0.294,0.0,0.0,0.167,0.5,0.176
106180,-1,10.502884,10.623339,0.167,0.694,0.962,0.231,0.0,0.0,0.0,0.0,0.308
212918,-1,13.42768,3.2170782,0.93,0.047,0.0,0.0,0.0,0.0,0.0,0.0,1.0
94342,-1,13.54255,2.0450702,0.898,0.068,0.0,0.0,0.0,1.0,0.0,0.0,0.75
206340,-1,15.230434,3.7094479,0.595,0.357,0.133,0.867,0.0,1.0,0.0,0.0,0.533
240950,-1,14.042692,10.037566,0.0,0.941,1.0,0.567,0.588,0.0,0.0,0.0,0.5
223129,6,9.232197,10.142264,0.679,0.151,0.286,0.571,0.086,0.057,0.0,0.057,0.143
87708,-1,14.227726,2.6270022,0.238,0.738,0.467,0.733,0.0,0.0,0.714,0.071,0.633
163196,-1,11.043321,9.427962,0.064,0.915,0.953,0.233,0.036,0.286,0.0,0.643,0.233
70162,-1,15.760666,4.502087,0.829,0.171,0.5,0.0,0.0,0.0,0.0,0.0,0.5
252791,-1,16.291193,7.9529824,0.884,0.093,0.0,0.0,0.0,0.25,0.0,0.5,0.0
102477,-1,14.156983,6.108993,0.8,0.15,0.5,0.5,0.364,0.0,0.182,0.273,0.25
132570,-1,12.589456,10.008265,0.091,0.879,0.857,0.464,0.333,0.0,0.542,0.0,0.679
89420,-1,16.925415,5.641153,0.628,0.349,0.5,0.2,0.0,0.0,1.0,0.0,0.7
154169,-1,17.628191,4.2201834,0.925,0.05,0.5,0.0,0.0,0.333,0.0,0.333,0.0
16937,6,8.357938,11.276279,0.689,0.133,0.0,0.0,0.0,0.105,0.0,0.632,0.2
183921,-1,12.140633,10.24289,0.02,0.98,1.0,0.021,0.0,0.125,0.0,0.375,0.426
166642,-1,16.486269,2.015838,0.837,0.093,0.0,0.0,0.0,0.25,0.0,0.5,0.25
288291,-1,16.176966,3.8941724,0.681,0.298,0.111,0.111,0.833,0.028,0.028,0.028,0.111
96027,-1,15.265197,2.3615165,0.857,0.107,0.0,0.5,0.0,0.333,0.0,0.333,0.75
224571,-1,16.377083,8.351898,0.263,0.684,0.667,0.0,0.0,0.0,1.0,0.0,0.667
275172,-1,14.34648,5.9876137,0.81,0.071,0.0,0.0,0.0,0.0,0.0,1.0,0.0
58940,-1,16.99882,3.445414,0.889,0.111,0.0,0.0,0.0,0.0,0.0,0.5,0.8
79607,-1,16.140099,2.4760427,0.889,0.093,0.2,0.0,0.0,0.0,0.0,0.5,1.0
212615,-1,13.419018,6.2199955,0.895,0.105,0.25,0.0,0.0,0.0,0.0,0.0,0.25
291162,-1,15.905537,8.052121,0.375,0.6,0.211,0.211,0.091,0.0,0.818,0.0,0.632
151222,-1,15.050639,3.7529984,0.143,0.833,0.97,0.152,0.538,0.154,0.0,0.077,0.606
97193,-1,15.555043,1.884492,0.952,0.048,0.0,0.5,0.0,0.0,0.0,0.0,0.0
117268,6,8.685596,9.834316,0.765,0.088,0.5,0.0,0.0,0.0,0.0,0.0,0.5
118237,6,9.771683,10.360737,0.457,0.543,0.789,0.105,0.0,0.0,0.0,0.833,0.316
268433,6,8.595603,11.05305,0.406,0.5,0.25,0.062,0.2,0.3,0.0,0.2,0.188
58452,-1,16.407507,2.517092,0.857,0.048,0.0,0.0,0.167,0.167,0.0,0.0,0.5
234076,-1,15.055682,7.537853,0.674,0.304,0.0,0.0,0.333,0.0,0.333,0.333,0.429
15142,-1,15.69858,7.4009957,0.837,0.14,0.0,0.0,0.0,1.0,0.0,0.0,0.0
160482,-1,17.515757,1.4234226,0.887,0.094,0.0,0.0,0.0,0.0,0.333,0.0,0.5
58744,-1,15.611633,5.1260023,0.9,0.05,0.0,0.0,0.5,0.0,0.0,0.0,0.5
3071,-1,13.264262,8.523359,0.917,0.083,0.667,0.0,0.0,0.0,0.0,0.0,0.0
201939,-1,16.081966,4.3656397,0.75,0.227,0.0,0.0,0.0,0.0,0.0,0.0,0.0
201076,-1,16.907228,2.2576885,0.905,0.048,0.0,0.0,0.0,0.0,0.0,0.5,0.0
231609,-1,14.081303,2.956428,0.698,0.279,0.1,0.2,0.261,0.13,0.0,0.087,0.2
11533,-1,17.154203,2.0819511,0.763,0.105,0.0,0.0,0.0,0.5,0.0,0.0,1.0
133949,-1,13.205811,3.4681733,0.622,0.222,0.0,0.0,0.5,0.0,0.0,0.0,0.4
57275,-1,13.2703495,8.157932,0.1,0.9,0.857,0.514,0.0,0.25,0.167,0.25,0.286
22861,-1,17.634169,1.5467929,0.739,0.152,0.0,0.0,0.0,0.0,0.25,0.0,0.167
268703,6,9.787151,10.348091,0.514,0.486,0.0,0.0,0.0,0.5,0.0,0.0,0.0
169099,-1,16.682255,0.1341585,0.788,0.173,0.0,0.0,0.71,0.065,0.0,0.032,0.75
77067,-1,13.811473,9.729098,0.347,0.653,1.0,0.032,0.0,0.0,0.0,0.667,0.065
52762,-1,14.773737,9.37248,0.829,0.143,0.0,0.0,0.0,0.0,0.0,0.667,0.333
193553,-1,14.286425,2.4051962,0.689,0.289,0.429,0.143,0.4,0.0,0.0,0.0,0.714
248807,6,9.411681,11.34015,0.171,0.61,0.259,0.125,0.0,0.065,0.0,0.645,0.0
64958,-1,14.816034,6.8521934,0.927,0.049,0.0,0.0,0.0,0.0,0.0,0.0,1.0
258224,-1,13.760954,9.752307,0.359,0.641,0.5,0.25,0.091,0.273,0.0,0.273,0.25
2497,-1,16.229149,7.5051503,0.538,0.462,0.0,0.0,0.0,0.0,0.5,0.0,0.0
241737,-1,16.552883,2.9151719,0.854,0.125,0.0,0.0,0.714,0.024,0.0,0.0,0.5
29788,-1,16.667864,6.9420896,0.421,0.553,0.75,0.625,0.0,0.375,0.0,0.125,0.438
216938,-1,16.951246,2.099012,0.69,0.286,0.5,0.167,0.296,0.148,0.0,0.074,0.5
211540,-1,16.292667,7.1322627,0.529,0.412,0.857,0.0,0.143,0.143,0.0,0.071,0.214
141261,-1,16.041927,3.5991623,0.682,0.205,0.0,0.125,0.212,0.0,0.0,0.0,0.375
138463,-1,14.540658,4.15534,0.619,0.143,0.0,0.0,0.111,0.0,0.0,0.0,0.5
133212,-1,14.258687,9.707585,0.273,0.705,1.0,0.0,0.0,0.167,0.167,0.5,0.1
150724,-1,11.778627,9.439029,0.522,0.413,0.632,0.053,0.118,0.176,0.118,0.118,0.105
116166,-1,14.579456,2.8241508,0.683,0.268,0.222,0.111,1.0,0.0,0.0,0.0,0.333
166090,-1,15.649682,5.201365,0.902,0.078,0.0,0.0,0.0,0.2,0.0,0.0,0.25
30047,6,10.236708,9.703949,0.29,0.677,0.85,0.15,0.0,0.333,0.0,0.667,0.2
58698,-1,15.956159,5.5341887,0.862,0.069,0.0,0.0,0.0,0.0,0.0,1.0,1.0
35543,-1,16.465,4.6646876,0.978,0.022,0.0,1.0,0.111,0.0,0.0,0.0,0.0
89356,-1,13.350723,8.111901,0.867,0.133,0.2,0.0,0.0,0.167,0.167,0.167,0.4
119032,-1,15.533281,0.22660027,0.658,0.289,0.2,0.0,0.0,0.0,0.5,0.0,0.6
44208,-1,16.361162,6.715699,0.429,0.571,0.45,0.25,0.0,0.0,1.0,0.0,0.5
172357,-1,14.958956,8.728121,0.021,0.917,1.0,0.488,0.0,0.4,0.0,0.2,0.286
190898,-1,18.072077,3.94198,0.325,0.675,0.0,0.0,0.0,0.0,0.0,0.0,0.0
8595,-1,14.864361,2.366213,0.881,0.071,0.0,0.0,0.444,0.0,0.0,0.0,0.333
19242,2,17.684456,2.348446,0.887,0.019,0.0,1.0,0.333,0.0,0.0,0.0,0.0
239605,-1,16.41505,4.166378,0.775,0.2,0.0,0.4,0.0,0.0,0.0,0.0,0.0
261746,-1,11.467015,9.376195,0.727,0.273,0.778,0.111,0.0,0.0,1.0,0.0,0.222
269975,-1,12.619485,8.334163,0.833,0.119,0.0,0.0,0.0,0.333,0.0,0.0,0.0
21317,-1,16.09451,1.1494919,0.945,0.018,0.0,0.0,0.125,0.0,0.0,0.0,0.0
6580,-1,13.684187,7.149634,0.933,0.044,1.0,0.0,0.0,0.0,0.0,1.0,0.0
47481,-1,14.975773,2.2338405,0.326,0.651,0.0,1.0,0.273,0.045,0.0,0.182,0.0
68785,-1,16.801588,4.933414,0.469,0.531,0.0,0.0,0.0,0.0,0.0,0.0,0.0
293315,-1,16.712574,4.6354566,0.45,0.525,0.2,0.1,0.087,0.0,0.783,0.0,0.7
13788,-1,15.3745165,2.971774,0.113,0.736,0.923,0.132,0.0,0.083,0.5,0.083,0.132
176006,-1,15.270247,5.251047,0.891,0.087,0.0,0.0,0.0,0.2,0.0,0.2,0.0
178977,-1,15.840821,9.285554,0.024,0.976,0.927,0.829,0.0,0.143,0.429,0.286,0.61
122376,-1,12.607798,9.438699,0.422,0.578,0.88,0.12,0.2,0.2,0.0,0.0,0.2
232136,-1,16.842802,-0.03436913,0.822,0.067,0.0,0.0,0.0,0.0,0.0,0.0,1.0
201077,-1,16.665512,0.38162518,0.891,0.043,0.0,0.0,0.0,0.0,0.0,0.0,0.0
52797,-1,12.798691,9.353609,0.296,0.648,0.971,0.206,0.091,0.182,0.091,0.455,0.147
215728,-1,14.399564,1.7252731,0.837,0.102,0.0,0.2,0.0,0.0,0.0,0.25,1.0
76818,4,16.540318,7.3904123,0.815,0.167,0.125,0.25,0.0,0.0,0.0,0.0,0.375
257171,-1,13.675693,7.1773634,0.795,0.128,0.5,0.0,0.667,0.0,0.0,0.333,0.0
77497,6,9.597193,10.40058,0.686,0.255,0.333,0.333,0.0,0.0,0.0,0.4,0.0
260817,-1,13.232115,8.373493,0.775,0.15,0.167,0.333,0.0,0.0,0.5,0.0,0.0
59011,-1,11.820396,8.114851,0.722,0.222,0.429,0.286,0.0,0.167,0.0,0.333,0.0
112579,-1,11.725463,7.496199,0.951,0.024,0.0,1.0,0.0,0.0,0.0,0.0,0.0
177860,-1,10.930334,10.4855585,0.156,0.781,0.913,0.435,0.0,0.2,0.0,0.8,0.13
172005,-1,14.762309,2.1494365,0.023,0.932,0.946,0.946,0.154,0.077,0.0,0.0,0.135
294532,1,16.42935,2.667439,0.911,0.089,0.25,0.0,0.0,0.0,0.0,0.333,0.75
232012,-1,14.843025,1.4656188,0.795,0.159,0.0,0.0,0.111,0.0,0.111,0.0,0.714
119514,-1,14.71379,2.5290828,0.558,0.423,0.3,0.8,0.25,0.25,0.0,0.0,0.4
102739,-1,12.797768,9.476388,0.294,0.706,0.833,0.333,0.095,0.19,0.0,0.571,0.0
139977,-1,13.919537,5.5487165,0.022,0.957,0.932,0.909,0.471,0.176,0.176,0.059,0.477
27238,-1,14.426817,9.46845,0.029,0.971,1.0,0.559,0.0,0.2,0.0,0.4,0.324
93614,-1,15.627749,1.9755442,0.915,0.043,0.0,0.0,0.0,0.0,0.0,0.0,0.5
180837,-1,14.986165,0.17546219,0.951,0.024,0.0,0.0,0.5,0.0,0.0,0.0,0.0
74228,-1,12.268608,7.247168,0.68,0.32,0.5,0.0,0.0,0.143,0.143,0.571,0.312
263017,-1,17.302067,3.0279572,0.729,0.229,0.5,0.0,0.143,0.0,0.143,0.0,0.5
188120,-1,14.55181,6.3714056,0.82,0.08,0.0,0.0,0.0,0.0,0.0,0.5,0.25
39977,6,8.990587,10.991222,0.114,0.841,0.595,0.243,0.29,0.097,0.0,0.387,0.027
244320,-1,12.293483,9.993703,0.0,1.0,1.0,0.407,0.0,0.25,0.0,0.75,0.148
203702,-1,13.607758,9.8720875,0.22,0.76,0.515,0.303,0.111,0.111,0.222,0.333,0.061
88661,-1,15.7147665,2.9440925,0.935,0.065,0.0,0.0,0.4,0.0,0.6,0.0,0.5
85657,-1,15.347021,0.7710668,0.417,0.542,0.0,0.0,0.0,0.0,0.0,0.0,0.0
118665,6,10.168895,10.947621,0.027,0.973,1.0,0.917,0.077,0.462,0.077,0.308,0.189
200871,-1,13.527532,6.331535,0.294,0.647,0.714,0.381,0.167,0.056,0.0,0.167,0.048
21436,-1,16.404919,3.9284296,0.938,0.042,0.0,0.0,0.25,0.0,0.25,0.0,1.0
273614,-1,13.31193,7.575455,0.514,0.27,0.778,0.0,0.0,0.0,0.0,0.0,0.0
69848,-1,15.860354,3.6564114,0.583,0.375,0.188,0.375,0.586,0.0,0.241,0.034,0.75
92211,-1,12.738439,6.9716487,0.884,0.07,0.0,0.0,0.0,0.0,0.0,0.0,0.0
149996,6,10.621141,8.739429,0.385,0.615,0.696,0.609,0.0,0.0,0.0,0.0,0.174
234110,6,12.367494,8.311634,0.59,0.333,0.692,0.0,0.25,0.125,0.0,0.125,0.0
91990,-1,15.488877,4.4761906,0.854,0.146,0.333,0.167,0.0,0.0,0.0,0.167,0.667
275593,-1,12.536013,9.657273,0.167,0.833,0.971,0.229,0.0,0.333,0.0,0.667,0.086
131722,-1,16.801949,-0.18730523,0.773,0.159,0.0,0.0,0.0,0.0,0.0,0.0,0.333
157686,-1,15.586701,2.395397,0.9,0.1,0.0,0.0,0.0,0.0,0.0,0.0,0.4
138769,-1,13.792592,2.2378287,0.795,0.182,0.125,0.0,0.0,0.0,0.5,0.0,0.75
113522,6,8.130844,11.075105,0.762,0.19,0.375,0.125,0.1,0.0,0.0,0.3,0.375
235208,-1,15.6466255,7.156148,0.605,0.395,0.867,0.733,0.0,0.667,0.0,0.0,0.533
265372,-1,11.810375,9.926438,0.625,0.375,0.545,0.0,0.0,0.375,0.0,0.5,0.091
38770,-1,15.380965,5.725488,0.905,0.095,0.0,0.0,0.333,0.0,0.0,0.0,0.5
89124,-1,13.551578,2.3853161,0.738,0.19,0.0,0.286,0.0,0.0,1.0,0.0,0.571
269820,-1,17.218372,2.0262504,0.722,0.139,0.2,0.2,0.0,0.5,0.0,0.0,0.8
153548,-1,14.943282,2.7237601,0.894,0.064,0.0,0.0,0.0,0.0,0.0,0.0,0.667
268024,-1,16.12027,8.319852,0.294,0.676,0.857,0.476,0.0,0.0,0.0,0.333,0.0
268378,-1,16.7306,-0.42319888,0.911,0.044,0.0,0.0,0.0,0.0,0.0,0.0,0.5
177388,-1,15.570449,8.055838,0.848,0.091,0.0,0.0,0.667,0.0,0.0,0.0,0.333
260712,6,9.5820675,10.454595,0.5,0.5,0.462,0.846,0.0,0.0,0.667,0.167,0.077
128374,-1,14.970258,1.724319,0.75,0.225,0.111,0.0,0.25,0.0,0.0,0.0,0.778
192435,6,10.3287735,8.812967,0.912,0.029,0.0,1.0,0.0,0.333,0.0,0.667,0.0
223876,-1,16.61116,3.7295241,0.725,0.225,0.111,0.111,0.432,0.081,0.0,0.162,0.667
93620,-1,13.47112,8.749545,0.023,0.932,0.974,0.079,0.0,0.0,0.0,0.0,0.211
101372,-1,12.781734,7.3182836,0.955,0.0,0.0,0.0,0.0,0.0,0.0,0.0,0.0
164533,-1,13.27707,4.862682,0.744,0.209,0.0,0.444,0.0,0.0,0.667,0.0,0.889
102566,-1,12.977815,9.19347,0.05,0.95,1.0,0.206,0.0,0.75,0.25,0.0,0.529
99368,-1,12.47003,8.284043,0.692,0.308,0.0,0.0,0.0,0.0,0.0,0.0,0.0
26737,-1,18.003567,1.95551,0.887,0.075,0.0,0.0,0.2,0.2,0.0,0.2,1.0
31835,-1,17.213047,0.773194,0.909,0.023,1.0,0.0,1.0,0.0,0.0,0.0,1.0
178701,-1,16.197681,4.7444096,0.755,0.224,0.6,0.3,0.333,0.259,0.0,0.333,0.3
126187,-1,16.752743,8.250158,0.412,0.588,0.167,0.5,0.0,0.0,0.5,0.0,0.333
38482,-1,15.010241,1.7466466,0.848,0.152,0.2,0.4,0.25,0.0,0.125,0.0,0.4
208792,-1,15.258433,4.4606485,0.571,0.357,0.778,0.667,0.0,0.0,0.0,0.0,0.222
189182,-1,16.690084,-0.14230907,0.907,0.023,0.0,0.0,0.333,0.111,0.0,0.0,1.0
253681,6,11.499628,9.573001,0.182,0.773,1.0,0.0,0.0,1.0,0.0,0.0,0.059
165010,-1,16.686546,8.1168585,0.075,0.925,0.0,0.0,0.235,0.235,0.0,0.118,0.0
196503,-1,15.021151,2.9815247,0.878,0.082,0.0,0.0,0.143,0.0,0.0,0.0,0.5
194982,-1,14.359149,4.2191358,0.795,0.136,0.0,0.0,0.25,0.25,0.0,0.25,0.333
93713,-1,15.9339905,8.9964695,0.44,0.56,0.474,0.105,0.0,0.25,0.0,0.25,0.526
278385,-1,16.665651,0.8866186,0.478,0.478,0.273,0.81,0.0,0.0,0.714,0.143,0.545
257733,-1,15.914804,7.794356,0.757,0.216,0.667,0.333,0.0,0.0,0.0,0.0,0.333
217953,-1,13.169117,8.270013,0.302,0.698,0.867,0.533,0.133,0.067,0.0,0.133,0.367
190395,-1,16.054312,2.3568547,0.936,0.064,1.0,0.0,0.0,0.0,0.0,0.0,0.5
83165,-1,15.617549,2.582378,0.564,0.41,0.438,0.188,0.0,0.0,0.889,0.0,0.812
247588,6,10.165902,10.599785,0.345,0.621,0.588,0.235,0.0,0.222,0.111,0.333,0.176
78666,-1,13.462327,2.7699797,0.643,0.214,0.222,0.111,0.16,0.24,0.0,0.4,0.444
54375,-1,14.307353,2.6856081,0.827,0.154,0.0,0.0,0.0,0.5,0.25,0.25,0.8
119260,6,10.171884,9.085022,0.727,0.273,0.182,0.091,0.125,0.0,0.125,0.5,0.091
20292,-1,16.98799,1.4801579,0.795,0.154,0.333,0.167,0.0,0.0,0.0,0.0,0.167
259577,-1,17.268337,3.175676,0.846,0.128,0.8,0.0,0.2,0.4,0.0,0.2,0.4
74754,-1,13.226811,8.556554,0.933,0.067,0.5,0.0,0.0,0.0,0.0,0.0,0.5
142394,-1,16.405403,2.6364517,0.85,0.15,0.0,0.0,0.0,0.0,0.0,0.0,0.5
103022,-1,16.570417,2.6522012,0.833,0.143,0.0,0.0,0.0,0.0,0.0,0.0,0.0
120135,-1,14.244538,5.4301057,0.882,0.039,0.0,0.0,0.0,0.0,0.0,0.0,0.5
255452,-1,17.90198,1.2677913,0.837,0.082,0.0,0.0,0.0,0.0,0.0,0.0,0.667
269871,6,8.99469,11.241771,0.532,0.404,0.056,0.111,0.036,0.036,0.0,0.75,0.0
148503,-1,14.733731,3.4110436,0.776,0.204,0.0,0.125,0.0,0.0,0.6,0.2,0.375
105390,-1,17.705223,1.5128075,0.886,0.068,0.0,0.0,0.455,0.0,0.0,0.0,1.0
84493,-1,14.695225,6.0265174,0.907,0.047,0.0,0.0,0.0,0.333,0.333,0.0,0.5
155557,-1,11.983869,10.25447,0.111,0.889,0.974,0.026,0.2,0.4,0.0,0.2,0.237
21163,6,13.000873,5.857379,0.884,0.116,0.0,0.4,0.0,0.833,0.083,0.0,0.6
14309,-1,13.562195,2.1325555,0.657,0.343,0.091,0.0,0.0,0.0,0.444,0.0,0.818
235269,-1,14.813667,2.0796292,0.875,0.071,0.5,0.0,0.0,0.0,0.5,0.0,0.5
41063,-1,15.050869,9.700318,0.205,0.795,0.968,0.323,0.0,0.4,0.0,0.0,0.258
225660,-1,15.265953,9.264644,0.068,0.909,0.897,0.821,0.0,0.0,0.833,0.0,0.692
26810,-1,17.108612,0.61943316,0.821,0.143,0.167,0.167,0.1,0.2,0.0,0.1,0.5
158407,-1,13.623565,5.089232,0.196,0.783,0.029,0.941,0.0,0.5,0.25,0.0,0.206
218710,-1,17.707726,3.5482411,0.841,0.114,0.0,0.0,0.0,0.0,0.0,0.0,0.8
70020,-1,13.55812,3.2636085,0.644,0.311,0.077,0.154,0.0,0.0,0.684,0.0,0.923
284813,-1,13.860857,3.2787964,0.688,0.292,0.0,0.5,0.0,0.0,0.0,0.0,0.0
243545,-1,14.622642,7.992678,0.85,0.15,0.333,0.0,0.0,0.333,0.0,0.0,0.0
61901,-1,16.28235,0.587346,0.838,0.108,0.0,0.0,0.333,0.0,0.333,0.0,0.5
106638,-1,13.229094,9.142976,0.694,0.25,0.333,0.0,0.0,0.0,0.0,0.0,0.444
126309,-1,17.773449,2.9981368,0.778,0.222,0.0,0.0,0.0,0.75,0.0,0.25,0.556
112799,-1,15.133314,2.1831303,0.881,0.071,0.0,0.0,0.0,0.0,0.0,0.0,0.667
53828,-1,16.706068,1.2308781,0.878,0.122,0.0,0.25,0.0,0.333,0.0,0.0,1.0
141983,-1,14.824023,3.3647606,0.756,0.195,0.429,0.143,0.0,0.0,0.0,0.0,0.714
57877,-1,14.794815,4.1120133,0.104,0.896,0.2,0.85,0.0,0.0,1.0,0.0,0.5
206614,6,9.608794,9.879703,0.932,0.045,0.0,1.0,0.0,0.0,1.0,0.0,0.0
117800,-1,17.020023,0.658741,1.0,0.0,0.0,0.0,0.0,0.0,0.0,0.0,0.0
209288,-1,13.734562,9.654455,0.0,0.952,1.0,0.075,0.2,0.3,0.1,0.3,0.225
41278,-1,15.778619,6.8300524,0.283,0.696,0.871,0.194,0.2,0.2,0.0,0.3,0.452
76604,-1,13.509793,2.9015536,0.464,0.482,0.12,0.846,0.0,0.0,0.692,0.0,0.68
143233,-1,14.010547,1.6824131,0.639,0.361,0.0,0.909,0.0,0.0,0.0,1.0,0.727
234713,-1,14.003349,6.079734,0.488,0.512,0.7,0.55,0.0,0.333,0.667,0.0,0.55
52710,6,9.520786,11.119387,0.343,0.6,0.75,0.05,0.167,0.167,0.0,0.389,0.1
106234,-1,15.212587,3.3190796,0.511,0.489,0.5,0.5,0.0,0.0,0.0,0.0,0.5
86149,-1,12.7135315,9.982707,0.0,0.977,0.977,0.047,0.0,0.125,0.0,0.25,0.395
91985,-1,14.886142,5.1036625,0.082,0.918,0.911,0.022,0.0,0.0,1.0,0.0,0.6
194768,-1,14.995535,1.763365,0.814,0.163,0.143,0.0,0.0,0.0,0.25,0.5,0.429
183997,-1,17.252104,0.41165644,0.814,0.116,0.333,0.0,0.0,0.0,1.0,0.0,0.667
154397,6,8.389715,11.032993,0.333,0.667,0.577,0.077,0.111,0.185,0.0,0.667,0.115
5067,-1,13.250263,10.050146,0.057,0.914,1.0,0.344,0.0,0.6,0.4,0.0,0.031
223835,-1,17.083345,4.459317,0.818,0.091,0.0,0.0,0.0,0.0,0.0,1.0,0.667
7505,-1,12.331593,6.682227,0.795,0.136,0.0,0.0,0.0,0.0,0.0,0.0,0.333
39621,-1,17.69279,1.6083642,0.857,0.119,0.2,0.0,0.0,1.0,0.0,0.0,0.6
203696,-1,16.849073,4.1054173,0.78,0.171,0.0,0.0,0.25,0.25,0.0,0.25,0.857
211207,-1,13.801269,9.910159,0.444,0.556,0.562,0.188,0.273,0.182,0.0,0.273,0.25
289354,-1,16.730627,4.5623164,0.216,0.784,0.568,0.162,0.0,0.0,0.955,0.045,0.568
180706,6,8.178877,11.101817,0.891,0.065,0.333,0.0,0.111,0.111,0.0,0.0,0.667
116400,-1,14.506334,4.782576,0.024,0.952,1.0,0.9,0.0,0.267,0.533,0.2,0.575
238803,-1,11.6084175,8.450087,0.818,0.091,0.5,0.0,0.0,0.0,0.0,0.0,0.0
77555,-1,17.999882,3.0149941,0.81,0.119,0.0,0.0,0.548,0.0,0.0,0.032,0.5
220255,-1,17.41329,5.0429125,0.857,0.102,0.2,0.2,0.167,0.167,0.0,0.5,0.4
161783,-1,14.9599,2.2643154,0.929,0.071,0.0,0.333,0.0,0.333,0.0,0.0,0.333
149309,-1,15.9297905,2.7119842,0.763,0.105,0.0,0.0,0.381,0.143,0.0,0.0,0.5
90315,-1,15.6495285,4.8206134,0.692,0.205,0.667,0.333,0.0,0.0,0.0,1.0,0.667
81122,-1,17.11855,4.9613,0.551,0.429,0.455,0.909,0.0,0.25,0.0,0.5,0.455
155385,-1,16.283045,4.034214,0.837,0.163,0.0,0.0,0.333,0.0,0.0,0.333,1.0
177378,-1,14.912798,9.3126,0.217,0.652,0.207,0.241,0.667,0.0,0.0,0.128,0.345
209796,-1,17.185692,3.0925274,0.719,0.25,0.625,0.5,0.0,0.286,0.429,0.143,0.625
57470,-1,14.1803875,4.151944,0.633,0.347,0.385,0.0,0.0,0.0,0.75,0.0,0.692
177752,-1,15.137589,8.778463,0.559,0.441,0.429,0.0,0.0,0.111,0.222,0.667,0.571
38203,-1,14.327384,5.993801,0.932,0.045,0.0,0.0,0.0,0.0,0.0,0.0,1.0
161204,-1,15.391485,3.2454207,0.788,0.212,0.143,0.0,0.273,0.0,0.364,0.0,0.571
3369,-1,11.4094,9.283496,0.585,0.341,0.429,0.0,0.0,0.111,0.0,0.667,0.286
243398,-1,17.816921,1.8633149,0.756,0.067,0.0,0.0,0.158,0.053,0.0,0.0,0.667
105430,-1,10.435714,10.266655,0.61,0.322,0.263,0.842,0.125,0.375,0.125,0.125,0.316
200750,-1,15.024429,0.66555846,0.915,0.085,1.0,0.0,0.0,0.0,0.0,0.0,0.0
61344,-1,16.991154,2.4792697,0.0,0.98,0.958,0.125,0.0,0.0,0.0,0.0,0.396
267952,-1,12.326978,7.864457,0.088,0.882,0.966,0.31,0.143,0.143,0.143,0.0,0.172
222219,-1,13.974597,4.1950793,0.75,0.25,0.1,0.1,0.25,0.25,0.25,0.0,0.5
9782,-1,14.736951,2.594611,0.892,0.081,0.667,0.0,0.0,0.0,0.0,0.0,0.667
21031,-1,15.330349,2.126775,0.932,0.023,0.0,0.0,0.0,0.0,0.0,0.0,1.0
50809,-1,16.595648,1.019768,0.953,0.047,0.0,0.0,0.0,1.0,0.0,0.0,0.5
73377,-1,12.270218,10.243814,0.023,0.93,1.0,0.075,0.1,0.2,0.0,0.0,0.325
86139,-1,16.301756,3.9895992,0.86,0.116,0.0,0.0,0.125,0.125,0.0,0.25,0.25
162388,-1,14.844777,8.02209,0.273,0.727,0.636,0.0,0.2,0.2,0.0,0.1,0.0
39231,-1,12.286016,7.0514736,0.075,0.925,0.973,0.757,0.182,0.273,0.455,0.091,0.514
30751,-1,13.964815,4.1370387,0.535,0.465,0.35,0.15,0.308,0.077,0.154,0.077,0.6
289503,-1,14.759397,3.6800613,0.848,0.065,0.0,0.0,0.091,0.364,0.091,0.0,1.0
30277,-1,17.698534,3.9985,0.795,0.136,0.0,0.0,0.0,0.0,0.5,0.0,0.667
290302,-1,16.72902,0.9424181,0.851,0.128,0.2,0.0,0.0,0.25,0.0,0.0,0.6
259178,6,8.93364,11.233918,0.065,0.903,0.76,0.12,0.167,0.0,0.0,0.5,0.12
289259,6,9.951801,10.266289,0.587,0.391,0.4,0.0,0.0,0.25,0.0,0.5,0.1
240170,-1,13.198608,9.43441,0.194,0.742,0.905,0.143,0.0,0.3,0.1,0.2,0.19
112035,-1,12.954673,8.784054,0.718,0.205,0.0,0.0,0.0,0.167,0.0,0.75,0.0
184632,-1,16.520327,6.026409,0.587,0.413,0.5,0.5,0.0,0.0,0.0,0.0,0.5
89172,-1,15.275283,4.9775033,0.489,0.511,0.0,0.0,0.0,0.0,0.0,0.0,0.0
218073,6,8.204575,11.263531,0.911,0.067,0.0,0.0,0.0,0.273,0.0,0.273,0.0
238666,6,9.073003,11.3123045,0.2,0.767,0.545,0.591,0.048,0.095,0.0,0.619,0.045
54390,-1,15.532227,4.956734,0.667,0.306,0.222,0.778,0.0,1.0,0.0,0.0,0.556
172435,-1,12.224638,7.518954,0.49,0.49,0.864,0.0,0.0,0.5,0.0,0.0,0.091
223783,-1,14.957257,1.529937,0.75,0.2,0.0,0.4,0.357,0.214,0.0,0.0,0.6
203554,6,9.225956,9.484572,0.821,0.077,0.667,0.667,0.0,0.333,0.0,0.333,0.0
25867,-1,15.003696,1.1812272,0.884,0.047,0.5,0.5,0.143,0.143,0.0,0.143,0.5
53827,5,17.161478,-0.26429117,0.81,0.071,0.0,0.0,0.231,0.077,0.0,0.0,0.333
163059,-1,12.529092,9.67974,0.024,0.951,0.923,0.923,0.0,0.077,0.385,0.154,0.487
14028,-1,9.5234,10.568295,0.047,0.953,0.976,0.756,0.2,0.1,0.0,0.3,0.244
189904,-1,14.835883,3.6887796,0.769,0.205,0.125,0.125,0.0,0.0,1.0,0.0,0.625
205074,-1,14.898619,0.6908171,0.857,0.143,0.0,0.0,0.5,0.0,0.0,0.0,0.333
166178,-1,12.23348,10.111598,0.0,1.0,1.0,0.189,0.0,0.0,0.0,0.0,0.243
122460,-1,12.478276,7.165116,0.854,0.098,0.0,0.0,0.0,0.0,0.25,0.0,0.0
206108,-1,13.7767935,6.1385074,0.55,0.45,0.75,0.188,0.5,0.0,0.0,0.5,0.312
132014,-1,15.198294,6.9321527,0.846,0.154,0.286,0.429,0.0,0.5,0.0,0.0,0.571
118337,-1,13.868245,2.9644167,0.676,0.27,0.1,0.6,0.0,0.333,0.667,0.0,0.8
228695,-1,14.807309,1.4529696,0.875,0.075,0.0,0.0,0.0,1.0,0.0,0.0,1.0
152386,-1,14.18762,3.464597,0.805,0.171,0.0,0.0,0.2,0.0,0.0,0.0,0.333
216992,-1,13.543709,8.556852,0.867,0.111,0.0,0.0,0.2,0.0,0.0,0.0,0.0
31220,-1,14.500829,9.397518,0.833,0.095,0.0,0.0,0.308,0.077,0.0,0.0,0.25
172313,4,15.678491,7.5553374,0.667,0.333,0.6,0.1,0.0,0.0,0.0,1.0,0.1
216346,-1,15.812902,0.11234692,0.886,0.057,0.0,0.0,0.0,0.0,0.0,0.0,1.0
195409,-1,9.4952135,9.498045,0.96,0.0,0.0,0.0,0.0,0.333,0.667,0.0,0.0
80363,-1,16.355335,1.7191405,0.729,0.167,0.286,0.286,0.0,0.0,0.0,0.667,0.714
177701,-1,13.835498,8.035556,0.773,0.136,0.167,0.0,0.0,0.0,0.0,0.333,0.167
168569,-1,17.308937,0.8216928,0.833,0.062,0.0,0.0,0.0,0.0,0.0,0.0,1.0
109312,-1,16.328962,2.714979,0.8,0.111,0.0,0.0,0.333,0.048,0.0,0.0,0.8
217259,-1,14.9282675,7.1678224,0.371,0.571,0.647,0.471,0.0,0.714,0.143,0.0,0.294
293696,-1,13.123342,8.469249,0.31,0.667,0.893,0.036,0.0,0.25,0.5,0.0,0.321
88776,-1,16.101284,8.0710335,0.71,0.226,0.0,0.0,0.0,0.333,0.0,0.333,0.0
163698,-1,17.257717,4.4601274,0.857,0.071,1.0,0.0,0.0,0.4,0.0,0.6,1.0
271722,6,10.40837,9.852283,0.735,0.206,0.429,0.0,0.0,0.0,0.0,1.0,0.0
36628,-1,16.812977,3.4741664,0.324,0.676,0.389,0.0,0.0,0.0,0.647,0.0,0.333
229734,6,10.363543,8.649666,0.69,0.238,0.9,0.1,0.0,0.25,0.5,0.0,0.0
144977,-1,16.439692,7.5851126,0.6,0.4,0.0,0.0,0.0,1.0,0.0,0.0,0.0
286878,-1,18.039246,1.6975734,0.78,0.102,0.0,0.0,0.6,0.0,0.04,0.0,0.333
172257,-1,16.38631,3.7949684,0.907,0.023,0.0,0.0,0.0,0.0,0.25,0.0,0.0
181974,6,12.612924,6.2116046,0.857,0.071,0.0,0.0,0.0,0.0,0.0,0.0,0.0
264370,-1,12.884958,8.923627,0.205,0.718,0.964,0.143,0.0,0.333,0.0,0.5,0.071
249844,6,8.59546,10.469326,0.419,0.581,0.0,0.5,0.167,0.333,0.0,0.25,0.0
257897,-1,16.869385,2.1146522,0.756,0.156,0.2,0.0,0.222,0.0,0.111,0.111,0.8
88282,-1,17.750816,2.6145666,0.786,0.19,0.0,0.125,0.321,0.0,0.0,0.036,0.5
221196,6,10.432161,10.643392,0.159,0.818,0.912,0.147,0.0,0.273,0.0,0.727,0.091
123369,-1,14.338644,7.9703035,0.604,0.354,0.0,0.0,0.0,0.0,0.0,0.0,0.0
24012,0,13.997041,1.6424384,0.562,0.438,0.0,0.917,0.0,0.0,0.75,0.0,0.667
237539,-1,12.794313,7.0654306,0.85,0.15,0.4,0.8,0.0,0.0,0.0,0.0,0.0
72036,6,9.132182,10.2715225,0.714,0.119,0.0,0.0,0.091,0.182,0.0,0.545,0.0
132872,-1,15.598568,8.741133,0.905,0.095,0.0,0.333,0.0,0.0,0.0,0.0,0.333
159440,-1,17.173449,3.109997,0.771,0.229,0.286,0.0,0.25,0.25,0.25,0.0,0.286
200517,-1,16.666714,3.4100132,0.511,0.489,0.136,0.864,0.125,0.125,0.125,0.0,0.318
96204,-1,15.396239,2.8442645,0.857,0.082,0.5,1.0,0.0,0.5,0.0,0.0,0.0
73541,-1,14.36241,5.5427094,0.837,0.14,0.167,0.0,0.2,0.0,0.2,0.0,0.333
75690,-1,17.223713,4.736518,0.905,0.071,0.0,0.0,0.0,0.0,0.0,0.0,0.667
12863,-1,16.245049,1.2452649,0.82,0.08,0.25,0.0,0.0,0.333,0.0,0.0,0.75
281751,-1,15.218794,1.2968124,0.864,0.114,0.2,0.0,0.0,1.0,0.0,0.0,0.0
153709,-1,10.682079,10.450285,0.048,0.952,0.923,0.359,0.036,0.357,0.0,0.536,0.282
10302,-1,16.265615,0.5591201,0.06,0.92,0.0,0.0,0.0,0.0,0.333,0.333,1.0
127125,-1,16.809656,1.597596,0.756,0.133,0.0,0.0,0.235,0.118,0.0,0.059,0.667
62394,-1,15.633818,0.7915948,0.78,0.2,0.286,0.0,0.0,0.0,1.0,0.0,0.286
92736,-1,13.816698,3.151216,0.886,0.068,0.0,0.0,0.0,0.5,0.0,0.0,0.333
287139,-1,14.325544,9.102686,0.889,0.067,0.667,0.0,0.0,0.5,0.0,0.0,0.0
184389,-1,15.851252,5.847349,0.818,0.114,0.2,0.0,0.0,0.0,0.0,0.75,0.8
92471,6,10.768413,10.729708,0.023,0.977,0.884,0.209,0.0,0.188,0.062,0.375,0.093
244985,-1,14.315735,2.3110766,0.857,0.119,0.0,0.0,0.0,0.0,0.0,0.0,0.8
157256,-1,12.475343,6.5728083,0.436,0.513,0.222,0.0,0.103,0.276,0.172,0.207,0.556
171974,6,10.482068,9.991288,0.139,0.806,0.85,0.3,0.0,0.143,0.143,0.143,0.25
190132,-1,10.366358,8.931062,0.75,0.205,0.0,0.0,0.037,0.0,0.037,0.037,0.444
180684,-1,17.16853,1.4457209,0.864,0.114,0.0,0.0,0.0,1.0,0.0,0.0,0.4
77691,-1,15.845667,2.291619,0.841,0.136,0.4,0.2,0.0,0.0,0.0,0.25,0.0
130651,-1,16.317245,0.71532565,0.854,0.049,0.0,0.0,0.0,0.0,0.0,0.0,0.5
166894,-1,14.93427,9.61456,0.707,0.244,0.3,0.0,0.0,0.333,0.667,0.0,0.5
246954,-1,14.9334755,8.378121,0.615,0.308,0.091,0.091,0.053,0.211,0.0,0.526,0.0
156110,-1,14.609991,8.270024,0.044,0.933,0.976,0.122,0.0,0.0,0.333,0.0,0.171
142425,-1,13.391424,3.7927914,0.886,0.068,0.0,0.0,0.0,0.0,0.0,0.0,0.0
86481,-1,16.324875,6.1463985,0.676,0.324,0.0,0.0,0.0,0.0,0.0,0.0,0.0
36077,-1,10.630071,8.360543,0.833,0.104,0.0,0.0,0.167,0.0,0.0,0.0,1.0
188357,-1,15.221255,0.14315602,0.932,0.023,0.0,0.0,0.4,0.0,0.0,0.0,1.0
208257,-1,14.53014,2.9296465,0.735,0.235,0.6,0.0,0.0,0.0,0.0,0.0,0.6
165789,-1,15.571332,2.0841467,0.9,0.05,0.0,0.5,0.4,0.0,0.0,0.0,1.0
158801,-1,13.696323,2.8345103,0.93,0.023,0.0,0.0,0.5,0.0,0.0,0.5,1.0
38201,-1,15.463698,-0.014303788,0.951,0.0,0.0,0.0,0.0,1.0,0.0,0.0,0.0
33754,-1,17.940386,1.5000571,0.864,0.045,0.0,0.0,0.0,0.0,0.0,0.333,0.0
244683,-1,15.673067,8.663727,0.634,0.268,0.0,0.0,0.0,0.2,0.0,0.0,0.667
215944,-1,16.40806,4.9862733,0.714,0.214,0.125,0.125,0.0,0.0,1.0,0.0,0.75
11007,-1,16.029009,3.5225492,0.745,0.213,0.25,0.0,0.0,0.25,0.0,0.5,0.75
32859,6,9.512403,9.12759,0.023,0.977,1.0,0.415,0.143,0.286,0.0,0.0,0.268
82670,6,8.740909,11.287228,0.571,0.357,0.0,0.0,1.0,0.0,0.0,0.0,0.0
62822,-1,17.139172,7.56316,0.535,0.419,0.0,1.0,0.0,0.333,0.0,0.0,0.0
74862,-1,13.942459,2.8712335,0.711,0.044,0.0,0.0,0.0,0.0,0.0,0.0,1.0
179779,-1,13.05532,8.97295,0.103,0.821,0.724,0.897,0.0,0.571,0.429,0.0,0.552
132497,6,9.98982,8.864231,0.955,0.0,0.0,0.0,0.0,0.0,1.0,0.0,0.0
119351,-1,16.556541,8.34186,0.279,0.698,0.8,0.3,0.0,0.25,0.0,0.25,0.3
95439,-1,14.454851,3.7719703,0.979,0.021,0.0,0.0,0.0,0.5,0.0,0.0,1.0
171583,-1,16.358566,-0.33765662,0.854,0.083,0.0,0.0,0.0,0.0,0.0,0.333,0.5
9701,-1,13.553895,2.1575441,0.167,0.833,0.417,0.833,0.0,0.0,0.833,0.167,0.75
81645,-1,17.365404,0.13134381,0.818,0.109,0.0,0.0,0.0,0.0,0.0,0.0,0.8
68795,6,9.379396,11.074847,0.025,0.975,1.0,0.368,0.0,0.4,0.0,0.0,0.316
232199,-1,18.084202,2.3020043,0.953,0.023,0.0,0.0,0.667,0.0,0.037,0.0,0.0
188989,-1,16.488728,4.302408,0.898,0.082,0.0,0.0,0.5,0.0,0.0,0.0,0.25
181239,-1,13.270169,4.863901,0.932,0.045,0.0,0.0,0.0,0.667,0.333,0.0,0.5
235883,-1,15.606891,0.2726971,0.029,0.914,0.935,0.645,0.571,0.0,0.286,0.0,0.677
225320,-1,16.802078,4.8956437,0.868,0.105,0.0,0.0,0.0,0.0,0.0,0.0,0.75
179288,-1,13.806526,7.565247,0.542,0.441,0.4,0.0,0.5,0.0,0.0,0.0,0.6
218204,-1,14.448175,8.249605,0.387,0.581,1.0,0.0,0.0,0.0,0.0,0.0,0.0
93769,-1,16.509413,3.7788386,0.857,0.122,0.0,0.0,0.0,0.0,0.125,0.125,0.4
204977,-1,15.697784,0.37551886,0.186,0.767,0.788,0.219,0.0,0.182,0.455,0.364,0.545
161865,-1,13.231839,7.3836956,0.184,0.816,0.84,0.24,0.0,0.0,0.125,0.625,0.28
100793,6,13.0715275,5.736557,0.171,0.829,0.0,0.0,0.0,0.286,0.143,0.0,0.0
140722,-1,13.578016,8.469679,0.0,1.0,1.0,0.425,0.0,0.25,0.25,0.0,0.5
54653,-1,13.864573,5.458473,0.889,0.089,0.25,0.0,0.0,0.333,0.0,0.0,0.5
212869,-1,10.852745,10.697433,0.022,0.956,0.977,0.628,0.333,0.167,0.0,0.167,0.07
165227,-1,17.20688,4.414433,0.878,0.049,0.0,0.0,0.3,0.1,0.0,0.1,0.0
4410,-1,14.980202,1.2210007,0.841,0.091,0.0,0.333,0.0,0.0,1.0,0.0,0.667
58725,-1,12.539467,10.264426,0.024,0.976,0.976,0.122,0.133,0.133,0.133,0.133,0.463
230372,-1,16.79439,3.580924,0.909,0.068,0.0,0.0,0.1,0.1,0.0,0.2,1.0
112291,-1,14.089822,9.208227,0.023,0.953,1.0,0.25,0.1,0.1,0.1,0.1,0.275
212990,-1,13.931448,1.9342352,0.884,0.116,0.0,0.0,0.0,0.333,0.0,0.0,1.0
220761,-1,13.497285,4.2728143,0.804,0.152,0.0,0.0,0.5,0.0,0.5,0.0,0.0
291333,-1,14.185532,2.9918523,0.918,0.061,0.333,0.0,0.0,0.0,0.0,0.5,1.0
44595,-1,12.895693,8.688393,0.788,0.212,0.5,0.0,0.143,0.143,0.143,0.143,0.0
160851,-1,13.539849,3.2154493,0.771,0.167,0.375,0.5,0.0,0.0,0.0,1.0,0.75
112994,-1,17.166609,4.3301315,0.897,0.077,0.333,0.333,0.333,0.0,0.0,0.0,0.333
274031,-1,17.357752,2.251238,0.739,0.087,0.0,0.0,0.0,1.0,0.0,0.0,0.5
94732,-1,16.685307,8.107604,0.4,0.543,0.789,0.474,0.0,0.0,0.667,0.0,0.211
10333,-1,14.99868,3.6329253,0.512,0.465,0.75,0.1,0.0,0.0,0.5,0.0,0.25
203310,-1,16.169489,-0.19866125,0.8,0.2,0.125,0.125,0.0,0.5,0.0,0.0,0.625
192027,-1,16.067677,8.850414,0.562,0.438,0.0,0.0,0.0,0.0,0.0,0.0,0.5
247432,-1,13.878986,8.755764,0.561,0.439,0.667,0.267,0.0,0.167,0.167,0.667,0.267
220436,3,17.239454,5.251775,0.891,0.087,0.25,0.0,0.0,0.0,0.0,0.0,0.25
155982,-1,16.167177,2.2685096,0.895,0.105,0.0,0.0,0.0,0.0,0.0,0.0,0.667
195886,-1,17.64534,2.8247025,0.846,0.096,0.0,0.0,0.0,0.2,0.0,0.2,0.333
65946,-1,15.567882,1.1796558,0.465,0.488,0.0,0.0,0.0,0.667,0.0,0.0,0.667
155000,-1,17.358997,2.9583452,0.919,0.054,0.0,0.5,0.0,0.25,0.0,0.0,1.0
225164,-1,12.4855995,7.135851,0.85,0.1,0.25,0.0,0.0,0.0,0.0,0.0,0.5
94860,-1,15.247259,4.2257967,0.75,0.175,0.0,0.143,0.391,0.087,0.0,0.0,0.0
14346,-1,10.008822,10.222128,0.767,0.186,0.25,0.125,0.0,0.333,0.0,0.667,0.125
284395,-1,15.088828,9.3859005,0.02,0.96,0.936,0.383,0.0,0.0,0.6,0.0,0.681
216108,-1,16.126839,8.567027,0.5,0.5,1.0,1.0,0.0,0.667,0.0,0.333,0.5
163642,6,8.100535,11.250638,0.86,0.1,0.0,0.0,0.0,0.0,0.0,0.0,0.4
128245,-1,15.160887,9.599896,0.611,0.389,0.5,0.167,0.5,0.5,0.0,0.0,0.333
293949,-1,8.373384,10.803761,0.571,0.204,0.0,0.0,0.429,0.095,0.0,0.238,0.222
15377,-1,15.713358,1.0572124,0.905,0.071,0.5,1.0,0.0,0.5,0.0,0.0,0.5
185030,-1,15.299671,3.1579132,0.86,0.14,0.333,0.167,0.167,0.167,0.167,0.0,1.0
152753,-1,10.6116495,8.500021,0.915,0.043,0.0,0.0,0.467,0.0,0.0,0.0,0.0
204566,-1,17.389864,5.088137,0.867,0.133,0.5,0.333,0.0,0.5,0.0,0.0,0.833
93165,-1,17.10801,3.4496758,0.791,0.209,0.0,0.0,0.0,0.0,0.0,0.5,0.0
38616,-1,14.999705,1.4438453,0.86,0.07,0.0,0.333,0.0,0.0,0.5,0.0,0.333
268129,-1,14.020544,9.009274,0.667,0.256,0.125,0.0,0.0,0.0,0.0,0.0,0.5
136549,-1,16.088327,9.043671,0.175,0.8,0.938,0.125,0.154,0.154,0.154,0.462,0.625
36535,-1,14.792743,1.0859779,0.66,0.298,0.615,0.154,0.0,0.333,0.0,0.0,0.615
33677,-1,14.838498,2.190358,0.782,0.145,0.125,0.125,0.0,0.667,0.0,0.0,0.875
135903,-1,14.277637,5.430598,0.78,0.171,0.0,0.143,0.273,0.182,0.091,0.0,0.571
267194,4,17.02078,7.146427,0.833,0.119,0.0,0.0,0.0,0.25,0.0,0.0,0.0
98544,-1,15.887916,1.0500817,0.412,0.588,0.8,0.1,0.2,0.2,0.2,0.4,0.45
130606,-1,13.350262,5.408264,0.667,0.256,0.333,0.444,0.0,0.0,0.667,0.333,0.333
64469,-1,14.501823,3.905852,0.85,0.125,0.0,0.0,0.0,0.333,0.0,0.0,0.8
201842,-1,16.350496,0.6244267,0.929,0.048,0.0,0.0,0.286,0.0,0.0,0.0,0.5
267770,-1,10.352826,10.572575,0.054,0.919,0.939,0.091,0.0,0.667,0.067,0.2,0.091
9333,6,10.243464,10.02778,0.697,0.242,0.625,0.625,0.0,0.0,0.0,1.0,0.0
276829,-1,16.524061,1.7393733,0.841,0.091,0.0,0.0,0.0,0.0,0.0,0.0,0.5
260220,6,10.770169,9.847835,0.421,0.579,0.6,0.3,0.0,0.25,0.0,0.0,0.0
137245,1,16.444218,3.6766212,0.854,0.073,0.0,0.0,0.0,0.5,0.0,0.0,0.667
170386,-1,14.83183,5.876023,0.927,0.049,0.5,0.5,0.0,0.0,1.0,0.0,0.0
192282,-1,12.7093315,9.543425,0.111,0.861,0.903,0.29,0.0,0.308,0.308,0.231,0.613
25419,6,11.506424,8.197951,0.353,0.559,0.421,0.737,0.0,0.167,0.167,0.333,0.211
16303,-1,13.238421,7.9728637,0.857,0.095,0.0,0.0,0.25,0.0,0.0,0.0,0.333
216615,-1,17.386663,2.5235062,0.886,0.114,0.0,0.0,0.5,0.0,0.0,0.0,1.0
48866,-1,13.831014,5.9885683,0.611,0.306,0.2,0.1,0.0,0.0,0.818,0.0,1.0
100518,-1,14.342372,9.247267,0.026,0.974,0.889,0.167,0.222,0.333,0.0,0.333,0.194
208875,-1,15.110037,8.582194,0.514,0.432,1.0,0.0,0.0,0.0,0.0,0.0,0.062
177629,-1,16.386023,5.0193048,0.767,0.163,0.0,0.667,0.0,0.0,0.0,0.0,0.167
110697,-1,13.172952,8.593675,0.031,0.938,1.0,0.862,0.0,0.0,1.0,0.0,0.517
59060,1,16.41809,2.615233,0.816,0.184,0.2,0.0,0.4,0.4,0.0,0.2,1.0
108460,5,16.938738,0.052117083,0.887,0.038,0.0,0.0,0.0,0.0,0.0,0.0,1.0
41988,-1,17.10389,2.1006963,0.886,0.091,0.0,0.25,0.0,0.0,0.0,0.0,1.0
214025,-1,16.128756,0.43186453,0.854,0.073,0.0,0.0,0.0,0.0,0.0,0.0,0.0
47354,-1,17.558119,4.5948305,0.829,0.098,0.333,0.0,0.0,0.0,0.0,0.5,0.0
68200,-1,16.127287,0.7318428,0.8,0.156,0.0,0.5,0.0,0.0,0.0,0.0,0.75
227493,-1,17.152319,2.4454195,0.878,0.073,0.0,0.0,0.0,1.0,0.0,0.0,0.667
111831,-1,11.367542,10.33087,0.053,0.921,1.0,0.059,0.0,0.0,0.5,0.0,0.324
186838,-1,17.040472,3.543608,0.792,0.188,0.0,0.0,0.0,0.25,0.0,0.0,1.0
163513,3,17.433935,4.285236,0.82,0.08,0.333,0.0,0.0,0.0,0.0,0.5,0.667
129538,-1,14.828963,1.728887,0.92,0.08,0.0,0.25,0.2,0.2,0.0,0.0,0.5
138459,-1,15.95671,3.014125,0.784,0.176,0.143,0.143,0.0,0.0,0.0,0.0,0.571
7386,-1,11.827764,7.8537164,0.878,0.024,0.0,0.0,0.0,0.333,0.0,0.667,0.0
13213,-1,16.89335,3.284178,0.92,0.04,0.0,0.0,0.25,0.25,0.0,0.0,0.0
75533,-1,12.587141,8.3380165,0.875,0.1,0.5,0.0,0.0,0.0,0.0,1.0,0.25
129867,-1,13.183495,7.731571,0.895,0.053,0.5,0.0,0.0,0.333,0.0,0.333,0.0
58432,-1,14.023624,3.6228204,0.78,0.073,0.0,0.0,0.286,0.0,0.0,0.0,0.333
119544,-1,13.759773,6.8828096,0.4,0.578,0.75,0.438,0.0,0.6,0.4,0.0,0.0
170323,-1,16.777582,-0.23116212,0.848,0.109,0.0,0.0,0.0,0.5,0.0,0.0,0.5
250445,-1,14.340128,6.1391926,0.083,0.889,1.0,0.75,0.0,0.5,0.0,0.0,0.125
233574,-1,14.232545,2.6884117,0.675,0.25,0.1,0.7,0.167,0.0,0.333,0.0,0.7
82087,-1,15.680465,9.165374,0.022,0.956,1.0,0.268,0.0,0.167,0.5,0.0,0.341
223334,-1,16.397005,1.7451977,0.81,0.19,0.0,0.0,0.0,0.0,0.923,0.0,0.5
32700,-1,13.851026,2.9411318,0.881,0.119,0.0,0.0,0.0,0.0,0.0,0.0,0.5
59331,-1,15.58939,3.4320633,0.69,0.262,0.143,0.0,0.0,1.0,0.0,0.0,0.429
174713,6,10.178738,8.877512,0.694,0.278,0.5,0.1,0.0,0.1,0.0,0.8,0.0
266348,-1,14.364189,7.3064575,0.075,0.925,0.974,0.105,0.0,0.5,0.0,0.0,0.553
207134,-1,15.663923,8.7934,0.362,0.574,0.739,0.174,0.2,0.4,0.2,0.0,0.174
226610,-1,16.671497,4.17473,0.795,0.205,0.0,0.0,0.571,0.029,0.0,0.0,0.556
117255,-1,17.038626,5.259995,0.952,0.048,0.0,0.0,0.0,0.0,0.0,0.0,0.5
36496,-1,13.629539,3.409381,0.718,0.231,0.333,0.0,0.0,0.0,0.0,0.0,0.556
210339,-1,16.380257,2.0086815,0.821,0.103,0.0,0.0,0.0,0.583,0.167,0.0,0.5
67214,6,12.76776,6.089457,0.673,0.306,0.286,0.786,0.0,0.167,0.417,0.083,0.357
114312,-1,15.179474,2.604179,0.805,0.073,0.0,0.0,0.0,0.0,0.0,0.0,1.0
6518,-1,16.232714,1.382443,0.784,0.135,0.0,0.75,0.0,0.0,0.0,0.0,0.75
57250,-1,12.713047,6.9588685,0.744,0.205,0.2,0.8,0.0,0.0,0.0,0.0,0.8
72279,-1,13.330748,3.1942897,0.812,0.188,0.0,0.4,0.0,0.25,0.0,0.0,0.8
210479,-1,15.898679,0.08475432,0.87,0.109,0.0,0.0,0.056,0.278,0.111,0.333,0.8
196215,-1,15.009449,1.6103401,0.312,0.688,0.158,0.158,0.0,0.0,0.964,0.0,0.526
66579,-1,12.653562,9.735905,0.104,0.875,0.692,0.077,0.0,0.136,0.136,0.273,0.462
219055,-1,13.485777,8.667521,0.775,0.15,0.333,0.0,0.0,1.0,0.0,0.0,0.0
245663,-1,16.682323,8.244806,0.41,0.59,0.0,0.0,0.0,0.0,0.0,0.0,0.0
50373,-1,16.978218,2.8220437,0.865,0.081,0.0,0.0,0.0,1.0,0.0,0.0,0.333
59507,-1,16.479603,-0.34489763,0.625,0.234,0.077,0.0,0.61,0.073,0.0,0.0,0.538
260753,-1,11.7010975,8.495445,0.03,0.939,1.0,0.226,0.25,0.125,0.0,0.125,0.129
212136,-1,11.698661,10.14027,0.581,0.372,0.5,0.0,0.0,0.0,1.0,0.0,0.125
267890,-1,13.685484,9.572333,0.818,0.182,0.333,0.167,0.25,0.0,0.25,0.25,0.5
195427,-1,16.339397,2.4730074,0.941,0.0,0.0,0.0,0.0,0.0,0.0,0.5,0.0
207704,-1,13.016797,10.310979,0.0,1.0,1.0,0.119,0.0,0.0,0.0,0.222,0.167
54949,-1,17.225096,2.6012459,0.829,0.122,0.2,0.0,0.167,0.0,0.167,0.167,0.6
78802,-1,15.240808,4.5494194,0.848,0.13,0.2,0.2,0.0,0.0,0.0,1.0,0.4
123827,-1,14.168323,6.422599,0.857,0.143,0.333,0.167,0.0,0.0,0.333,0.333,0.0
76398,-1,13.298107,5.2491055,0.762,0.071,0.0,0.0,0.571,0.0,0.0,0.0,1.0
94993,-1,16.20513,2.7340686,0.795,0.114,1.0,1.0,0.0,1.0,0.0,0.0,0.0
188382,-1,15.706159,5.03808,0.78,0.122,0.4,0.0,0.25,0.25,0.0,0.0,0.6
226416,-1,16.91101,7.9318337,0.689,0.311,0.0,0.0,0.25,0.25,0.25,0.25,0.0
151056,-1,13.420187,3.2133036,0.878,0.102,0.0,0.0,0.0,0.0,0.333,0.0,0.75
27826,-1,15.527743,1.480642,0.964,0.018,0.0,0.0,0.0,0.0,0.0,0.0,0.0
116486,-1,13.997402,1.4555442,0.915,0.085,0.0,0.0,0.0,0.444,0.0,0.0,0.75
2258,-1,15.424613,5.204419,0.913,0.0,0.0,0.0,0.0,1.0,0.0,0.0,0.0
14271,-1,11.825695,7.5537333,0.021,0.957,0.977,0.705,0.0,0.111,0.444,0.111,0.136
155455,-1,13.617966,2.7256742,0.864,0.045,0.5,0.0,0.0,0.5,0.0,0.5,1.0
141414,-1,13.767979,7.124403,0.705,0.295,0.538,0.385,0.444,0.111,0.0,0.0,0.385
163418,6,10.050514,11.0165615,0.0,1.0,1.0,0.595,0.0,0.444,0.0,0.333,0.071
5484,-1,17.605957,4.7249384,0.745,0.234,0.556,0.333,0.273,0.091,0.364,0.0,0.778
77116,-1,14.415647,1.5932698,0.875,0.107,0.4,0.0,0.0,0.0,0.0,0.0,0.6
159672,-1,9.413475,9.519107,0.767,0.163,0.167,0.0,0.0,0.333,0.333,0.333,0.333
142361,-1,17.624704,5.0623546,0.659,0.317,1.0,1.0,0.0,1.0,0.0,0.0,0.0
136590,-1,16.202063,2.7899191,0.932,0.068,0.0,0.0,0.0,0.333,0.0,0.667,0.667
114391,6,8.947349,11.522431,0.273,0.636,0.684,0.263,0.143,0.19,0.048,0.571,0.053
49400,-1,16.848093,0.47586447,0.872,0.051,0.0,0.0,0.0,0.143,0.0,0.0,0.5
200788,-1,13.438965,7.712622,0.81,0.167,0.286,0.143,0.0,0.273,0.182,0.182,0.143
250782,-1,15.383564,2.9402869,0.538,0.077,0.333,0.0,0.0,0.333,0.333,0.0,0.333
58022,-1,12.97376,10.272834,0.585,0.366,0.333,0.0,0.0,0.222,0.556,0.0,0.267
19636,-1,13.590027,7.3441463,0.848,0.065,0.0,0.0,0.0,0.0,0.333,0.0,0.0
62976,-1,14.807559,9.241001,0.057,0.943,1.0,0.844,0.0,0.562,0.0,0.188,0.129
90059,-1,17.154451,3.2523513,0.872,0.077,0.0,0.0,0.286,0.048,0.0,0.095,1.0
164231,6,10.758424,8.730058,0.907,0.07,0.0,0.0,0.0,1.0,0.0,0.0,0.0
196541,-1,12.120052,10.316102,0.2,0.8,0.917,0.306,0.0,0.2,0.2,0.2,0.143
97939,-1,14.92318,6.479788,0.071,0.929,0.649,0.324,0.0,0.05,0.85,0.05,0.649
114182,-1,10.657439,8.728203,0.667,0.296,0.625,0.125,0.0,0.0,0.0,1.0,0.0
271683,6,8.551543,10.982241,0.614,0.364,0.0,0.0,0.0,0.0,0.333,0.0,0.5
120953,-1,12.337429,10.13509,0.0,0.967,1.0,0.179,0.0,0.0,0.0,0.0,0.0
72861,-1,16.144773,2.025172,0.771,0.188,0.25,0.0,0.0,0.143,0.143,0.143,0.625
232991,-1,13.134019,8.785769,0.448,0.517,0.933,0.267,0.167,0.167,0.0,0.5,0.467
73979,-1,16.681787,4.148764,0.827,0.077,0.0,0.0,0.0,0.5,0.0,0.0,0.25
154286,-1,13.523469,9.415892,0.132,0.83,0.953,0.07,0.0,0.25,0.375,0.0,0.209
21825,-1,15.340815,9.194248,0.02,0.959,1.0,0.14,0.0,0.5,0.0,0.0,0.349
143391,-1,14.826871,5.0384254,0.029,0.971,0.879,0.879,0.0,0.286,0.571,0.0,0.576
200797,-1,14.368446,6.097144,0.864,0.0,0.0,0.0,0.0,0.0,0.0,0.0,0.0
135536,-1,12.896915,7.374943,0.39,0.561,0.913,0.609,0.0,0.5,0.0,0.5,0.043
229639,-1,16.22644,1.8773432,0.905,0.048,0.0,0.0,0.0,0.0,1.0,0.0,0.5
78486,-1,12.721931,8.12335,0.605,0.395,0.333,0.167,0.1,0.1,0.0,0.8,0.083
31824,6,11.293646,9.310925,0.2,0.8,0.955,0.409,0.467,0.067,0.0,0.067,0.227
102087,-1,11.781148,9.483558,0.611,0.352,0.529,0.059,0.407,0.111,0.0,0.111,0.0
159384,-1,10.259799,9.195928,0.682,0.273,0.5,0.167,0.0,0.6,0.2,0.1,0.0
171817,-1,15.274261,1.8855116,0.846,0.128,0.0,0.0,0.312,0.0,0.062,0.0,0.333
149044,-1,13.694097,7.9014626,0.714,0.262,0.0,0.4,0.0,0.0,0.0,0.5,0.4
165469,-1,17.197428,0.06644757,0.8,0.067,0.0,0.0,0.4,0.0,0.0,0.0,0.333
46628,-1,16.080112,5.7565217,0.788,0.182,0.4,0.2,0.0,0.545,0.0,0.364,0.6
184271,-1,16.910973,5.612041,0.894,0.043,0.5,0.5,0.0,0.0,0.0,0.0,0.5
33400,-1,17.146168,3.5120578,0.385,0.615,0.0,0.0,0.0,0.0,1.0,0.0,0.409
262021,-1,13.5096245,7.9625416,0.303,0.636,0.312,0.312,0.0,0.235,0.0,0.294,0.188
53807,-1,12.892101,9.808066,0.028,0.972,1.0,0.029,0.0,0.429,0.286,0.143,0.4
97520,-1,17.612427,4.0888414,0.756,0.089,0.0,0.0,0.0,0.25,0.25,0.0,0.25
285547,-1,15.201154,3.1338274,0.75,0.056,0.0,0.0,0.0,0.0,0.0,0.0,0.5
32360,-1,13.805214,8.267865,0.73,0.27,0.286,0.286,0.0,1.0,0.0,0.0,0.571
288361,-1,12.740006,7.831037,0.548,0.381,0.188,0.062,0.543,0.143,0.0,0.114,0.375
106388,4,16.872007,7.224863,0.9,0.1,0.0,0.0,0.5,0.0,0.0,0.5,0.0
116007,-1,13.365459,9.488822,0.062,0.938,1.0,0.767,0.2,0.2,0.0,0.0,0.133
14246,-1,12.826866,7.0382996,0.736,0.208,0.0,0.182,0.343,0.057,0.0,0.229,0.091
91112,-1,15.868871,4.307375,0.909,0.068,0.0,0.0,0.0,0.5,0.0,0.0,1.0
64872,-1,17.753338,5.03893,0.065,0.913,0.976,0.878,0.0,0.375,0.0,0.5,0.634
23498,-1,13.714736,3.3612313,0.821,0.103,0.5,0.25,0.0,0.0,0.0,0.0,0.75
187302,-1,14.659364,0.45860854,0.721,0.246,0.0,0.769,0.0,0.0,0.75,0.0,0.538
148725,-1,17.454699,5.1709776,0.854,0.125,0.25,0.0,0.0,1.0,0.0,0.0,1.0
19100,-1,15.896332,2.8801243,0.917,0.067,0.0,0.0,0.0,0.0,1.0,0.0,0.0
102235,-1,13.37388,10.248817,0.0,0.977,0.977,0.14,0.0,0.0,0.0,0.0,0.023
83429,-1,17.775465,1.9956795,0.864,0.045,0.0,0.0,0.0,0.0,0.0,0.0,0.5
60,-1,16.400307,1.9004253,0.85,0.1,0.5,0.0,0.333,0.333,0.0,0.0,0.25
20719,-1,14.782859,2.4480777,0.4,0.54,0.571,0.667,0.333,0.0,0.167,0.0,0.19
80008,-1,16.601768,3.5752337,0.853,0.118,0.25,0.0,0.0,0.0,0.0,0.0,0.25
182113,-1,14.606141,2.6915157,0.864,0.091,0.0,0.0,0.0,0.0,0.5,0.0,1.0
149207,-1,17.244034,1.8843249,0.955,0.023,0.0,0.0,0.0,0.333,0.0,0.0,1.0
163810,-1,15.355521,1.4134976,0.773,0.159,0.429,0.0,0.0,0.0,1.0,0.0,0.286
290515,-1,14.801457,9.216284,0.927,0.049,0.5,0.0,0.0,1.0,0.0,0.0,0.0
955,-1,16.67676,8.114944,0.3,0.65,0.0,0.0,0.0,0.0,0.0,0.0,0.0
215826,-1,15.492091,5.968801,0.93,0.023,0.0,0.0,0.0,0.667,0.0,0.0,0.0
19173,-1,15.491058,4.7864804,0.778,0.178,0.429,0.143,0.0,0.5,0.0,0.5,0.571
17018,-1,16.519907,3.3141668,0.93,0.07,0.5,0.0,0.0,0.0,0.0,0.0,1.0
255901,-1,16.36092,1.1266555,0.791,0.163,0.0,0.143,0.576,0.152,0.0,0.0,0.714
94027,-1,16.719625,4.4666214,0.81,0.167,0.0,0.429,0.0,0.0,0.5,0.0,0.571
186233,-1,14.638419,6.733629,0.854,0.083,0.25,0.25,0.0,0.2,0.0,0.6,0.0
55410,-1,13.25845,5.1787915,0.756,0.222,0.0,0.0,0.0,0.0,1.0,0.0,0.0
263760,-1,11.119496,9.232557,0.406,0.562,0.222,0.056,0.0,0.318,0.045,0.5,0.0
18519,-1,17.209274,0.1372215,0.841,0.068,0.0,0.0,0.0,0.0,0.0,0.333,0.333
74535,-1,15.191409,7.13042,0.152,0.818,0.778,0.148,0.053,0.0,0.789,0.105,0.593
211475,-1,13.855947,2.162599,0.514,0.486,0.222,0.667,0.0,0.0,0.846,0.0,0.333
74562,-1,13.860012,3.071737,0.619,0.381,0.067,0.8,0.0,0.0,0.556,0.0,0.733
223439,-1,14.022501,10.053692,0.0,1.0,1.0,0.194,0.0,0.25,0.25,0.0,0.194
170962,-1,14.024946,2.5396175,0.571,0.405,0.0,0.0,0.0,0.0,0.0,0.0,0.0
243930,-1,14.573341,4.9421535,0.089,0.889,0.947,0.421,0.0,0.0,1.0,0.0,0.395
153711,-1,16.147743,5.1032815,0.841,0.159,0.6,0.0,0.333,0.0,0.0,0.0,0.4
206920,-1,17.577288,3.5188758,0.568,0.409,0.0,0.0,0.0,0.167,0.0,0.5,1.0
27771,-1,17.370958,2.9381924,0.698,0.279,0.4,0.4,0.65,0.0,0.0,0.1,0.0
205644,-1,15.234965,9.215921,0.024,0.976,0.878,0.976,0.056,0.0,0.611,0.0,0.366
222442,-1,15.438696,0.32948145,0.929,0.048,0.0,1.0,0.0,0.0,0.0,0.0,1.0
58559,-1,14.092514,2.4777677,0.932,0.045,0.0,0.0,0.0,0.0,0.0,0.0,1.0
142419,-1,13.926129,7.6422944,0.298,0.681,0.591,0.318,0.062,0.188,0.0,0.656,0.545
179186,6,10.052035,8.661474,0.822,0.067,0.0,0.0,0.333,0.0,0.0,0.0,0.667
267585,6,9.2872715,10.903938,0.033,0.967,0.963,0.444,0.0,0.0,0.0,0.5,0.111
79080,-1,12.295376,7.8447948,0.867,0.089,0.667,0.0,0.0,0.25,0.0,0.5,0.0
250049,-1,13.831504,3.95715,0.864,0.136,0.167,0.0,0.25,0.083,0.0,0.083,0.4
283747,-1,13.786673,8.608394,0.588,0.382,0.538,0.077,0.0,0.0,0.0,0.5,0.077
162945,-1,12.629389,9.43404,0.053,0.921,0.971,0.088,0.143,0.143,0.0,0.286,0.118
145609,-1,13.977849,4.151568,0.911,0.089,0.0,0.0,0.0,0.0,0.0,0.0,1.0
56105,-1,12.461408,6.95495,0.59,0.385,0.2,0.933,0.25,0.25,0.0,0.0,0.467
58859,-1,16.7337,7.576977,0.188,0.812,0.0,0.0,0.0,0.0,1.0,0.0,0.0
968,-1,14.063193,9.91588,0.0,1.0,1.0,0.29,0.273,0.182,0.091,0.091,0.226
196515,-1,14.878942,8.18261,0.422,0.578,0.625,0.5,0.0,0.25,0.0,0.25,0.0
210178,6,8.590119,11.090286,0.422,0.533,0.0,0.0,0.0,0.077,0.0,0.154,0.0
234195,-1,14.2081995,2.6881704,0.81,0.119,0.4,0.2,0.0,0.0,0.0,0.5,0.8
22208,-1,15.544188,4.506336,0.739,0.217,0.1,0.4,0.0,0.0,0.75,0.0,0.7
91641,-1,15.021721,4.1681767,0.647,0.294,0.4,0.1,0.0,0.0,0.75,0.25,0.7
94308,-1,14.09674,10.034185,0.018,0.982,0.981,0.185,0.0,0.0,0.0,0.0,0.411
251764,5,17.17391,0.109767035,0.714,0.184,0.25,0.125,0.176,0.118,0.0,0.0,0.625
187051,-1,17.885239,3.8011427,0.941,0.02,1.0,0.0,0.0,0.0,0.0,0.0,1.0
27234,6,14.379692,8.948483,0.744,0.233,0.667,0.333,0.0,0.143,0.143,0.143,0.222
240807,-1,15.170553,2.660897,0.878,0.073,0.0,0.0,0.0,0.0,0.0,1.0,0.333
83614,6,8.146774,11.217896,0.732,0.195,0.429,0.0,0.2,0.0,0.0,0.8,0.0
230720,-1,11.846844,7.9792285,0.857,0.114,0.25,0.0,0.0,0.5,0.0,0.25,0.0
119007,6,12.934092,5.683113,0.886,0.114,0.0,0.0,0.0,0.4,0.0,0.2,0.0
181750,-1,15.514636,5.767988,0.744,0.179,0.0,0.0,0.0,0.5,0.5,0.0,0.5
170299,-1,16.446472,3.2854848,0.75,0.25,0.0,0.0,0.312,0.0,0.0,0.062,0.5
86336,6,11.958465,7.3478026,0.978,0.0,0.0,0.0,0.0,0.0,0.0,0.0,0.0
200879,-1,14.695582,0.88410974,0.636,0.273,0.111,0.0,0.379,0.034,0.034,0.0,0.667
205198,-1,14.387415,3.732926,0.146,0.829,0.818,0.606,0.214,0.0,0.571,0.0,0.394
74966,-1,15.741391,1.9950774,0.905,0.071,0.0,0.333,0.375,0.0,0.0,0.125,0.333
45781,-1,11.577681,7.489955,0.333,0.615,0.5,0.417,0.0,0.071,0.714,0.143,0.542
34460,-1,15.310198,1.8093574,0.886,0.057,0.0,0.0,0.0,0.0,0.0,0.0,0.5
20651,-1,17.011179,0.9157178,0.75,0.225,0.222,0.111,0.1,0.0,0.0,0.4,0.667
48383,-1,17.4749,4.619119,0.744,0.186,0.286,0.0,0.4,0.0,0.0,0.0,0.857
222788,-1,17.240076,2.484694,0.833,0.119,0.0,0.0,0.0,0.0,0.0,0.375,0.4
269266,-1,10.89806,8.23595,0.833,0.095,0.25,0.25,0.0,0.143,0.0,0.571,0.25
210355,-1,12.256486,10.171434,0.037,0.926,0.958,0.125,0.75,0.0,0.0,0.125,0.375
194432,-1,17.295824,1.9243295,0.814,0.163,0.0,0.286,0.0,0.25,0.0,0.0,1.0
87575,-1,13.320688,8.969155,0.125,0.85,0.941,0.088,0.0,0.2,0.2,0.0,0.441
228515,-1,13.2490425,8.715909,0.327,0.6,0.545,0.0,0.0,0.222,0.222,0.222,0.242
130021,-1,11.443888,10.678593,0.0,1.0,1.0,1.0,0.0,0.455,0.182,0.182,0.375
74144,-1,17.14654,7.8772984,0.35,0.633,0.0,0.0,0.0,0.5,0.0,0.5,0.0
56947,-1,12.468374,6.9899054,0.889,0.044,0.0,0.0,0.0,1.0,0.0,0.0,0.5
214627,-1,13.448595,2.26672,0.75,0.167,0.0,0.333,0.125,0.0,0.0,0.0,0.667
175969,-1,14.594141,3.7160306,0.848,0.13,0.0,0.0,0.0,0.0,1.0,0.0,0.667
269507,-1,12.397383,9.639117,0.865,0.054,0.5,0.0,0.0,0.0,0.0,0.0,0.0
8128,-1,14.527449,2.134748,0.333,0.667,0.129,0.935,0.2,0.0,0.3,0.0,0.516
153568,-1,17.118477,3.840326,0.442,0.535,0.3,0.0,0.0,0.0,1.0,0.0,0.8
199420,-1,15.809487,1.6180054,0.86,0.116,0.0,0.0,0.5,0.0,0.0,0.5,1.0
238037,-1,17.199677,4.7468977,0.86,0.07,0.0,0.0,0.0,0.0,0.0,1.0,0.0
46387,-1,16.482168,-0.07760029,0.956,0.022,0.0,0.0,0.0,0.0,0.0,0.0,1.0
84758,-1,11.79892,7.884532,0.851,0.128,0.0,0.0,0.0,0.0,0.0,0.0,0.0
9131,-1,13.981455,3.6413972,0.028,0.972,1.0,0.206,0.0,0.143,0.286,0.286,0.559
126274,-1,13.319031,10.190073,0.191,0.787,0.818,0.061,0.1,0.0,0.0,0.6,0.273
240063,-1,12.896682,8.361988,0.308,0.692,0.481,0.111,0.0,0.062,0.875,0.062,0.593
185844,-1,15.482709,4.3955836,0.846,0.115,0.0,0.0,0.448,0.069,0.0,0.034,0.4
34769,-1,16.586678,0.2025859,0.911,0.044,0.0,0.0,0.0,0.0,0.0,0.0,1.0
273491,-1,15.428177,9.021232,0.265,0.618,0.842,0.421,0.0,0.25,0.417,0.25,0.053
195016,-1,14.80891,5.671118,0.878,0.061,0.0,0.0,0.0,0.0,0.0,0.0,0.667
226140,-1,17.793684,2.9337103,0.907,0.07,0.0,0.0,0.0,0.0,0.0,0.0,0.25
242897,-1,17.012959,3.6322734,0.841,0.068,0.0,0.0,0.25,0.25,0.0,0.5,0.0
63153,-1,13.415345,4.5620275,0.524,0.452,0.0,0.0,0.0,1.0,0.0,0.0,0.0
23416,-1,17.78342,3.8213875,0.854,0.083,0.0,0.0,0.0,0.0,0.0,1.0,0.25
262917,6,9.106729,11.547603,0.233,0.698,0.75,0.107,0.0,0.188,0.0,0.5,0.0
48732,-1,17.664476,3.750319,0.721,0.186,0.0,1.0,0.0,0.0,0.0,0.5,1.0
131458,-1,12.1116495,7.6559715,0.929,0.048,0.5,0.0,0.0,0.0,0.5,0.0,0.0
117636,-1,15.112201,9.696214,0.405,0.548,0.435,0.217,0.091,0.091,0.364,0.182,0.478
38329,-1,17.403877,3.792107,0.842,0.079,0.333,0.0,0.0,0.0,0.0,0.0,0.0
39890,-1,17.387058,2.6171453,0.884,0.116,0.25,0.25,0.0,0.0,0.333,0.0,0.25
13073,-1,15.143031,3.6739519,0.87,0.065,0.0,0.0,0.0,0.333,0.333,0.0,0.5
233705,-1,12.486962,7.3728256,0.474,0.526,0.0,0.0,0.0,0.0,0.0,0.0,0.0
215456,6,8.421314,10.5751,0.163,0.776,0.784,0.622,0.0,0.167,0.056,0.667,0.081
3463,-1,15.516843,1.7050542,0.976,0.024,0.0,0.0,0.0,0.0,0.0,0.0,1.0
59568,6,10.914189,8.211145,0.8,0.125,0.0,0.0,0.0,0.0,0.0,0.5,0.0
71167,-1,12.652286,8.625925,0.244,0.733,0.0,0.0,0.0,0.0,0.0,0.0,0.0
270737,6,11.23055,8.614691,0.83,0.17,0.0,0.0,0.0,0.5,0.0,0.5,0.0
178018,-1,17.38372,5.1908336,0.821,0.051,0.0,0.333,0.0,0.0,0.333,0.333,0.333
177311,-1,16.329638,5.929671,0.265,0.676,0.13,0.13,0.0,0.056,0.944,0.0,0.478
244819,-1,15.0873785,2.2267294,0.791,0.163,0.0,0.143,0.639,0.0,0.0,0.0,0.429
139624,-1,15.853233,9.164716,0.189,0.784,0.862,0.552,0.0,0.333,0.083,0.5,0.483
18297,-1,14.623512,8.138655,0.865,0.135,0.0,0.333,0.0,1.0,0.0,0.0,0.0
55166,-1,9.824186,8.737789,0.667,0.156,0.143,0.0,0.483,0.138,0.0,0.069,0.714
26593,6,8.5154085,11.124313,0.717,0.174,0.5,0.125,0.0,0.111,0.111,0.778,0.125
239630,-1,17.74085,3.5528402,0.86,0.07,0.0,0.0,0.0,0.0,0.5,0.0,1.0
242027,-1,10.416314,8.419068,0.59,0.385,0.6,0.067,0.0,0.125,0.0,0.75,0.0
206405,-1,16.262999,1.7253829,0.891,0.022,0.0,0.0,0.0,0.0,0.0,0.0,1.0
57289,-1,12.759265,9.173578,0.789,0.184,0.286,0.0,0.133,0.0,0.0,0.0,0.0
11677,-1,15.200793,0.8103135,0.804,0.109,0.25,0.25,0.0,1.0,0.0,0.0,0.25
228894,-1,15.375385,0.10032775,0.439,0.512,0.095,0.0,0.2,0.057,0.429,0.057,0.619
17713,-1,15.550372,3.105391,0.836,0.091,0.2,0.0,0.0,0.0,0.0,0.0,0.8
16572,-1,15.077183,5.967072,0.829,0.073,0.333,0.0,0.0,0.333,0.0,0.0,0.333
110221,-1,14.253991,2.728275,0.512,0.488,0.0,0.889,0.0,0.167,0.167,0.0,0.333
100433,-1,14.830478,7.8418055,0.116,0.837,0.722,0.639,0.0,0.231,0.692,0.077,0.25
38692,-1,17.63323,2.0256495,0.864,0.114,0.333,0.0,0.0,0.0,0.0,0.0,1.0
291462,-1,12.27152,6.7982955,0.792,0.104,0.25,0.25,0.3,0.0,0.0,0.033,0.75
245235,-1,15.026705,5.14223,0.605,0.368,0.538,0.692,0.2,0.4,0.2,0.0,0.615
214311,-1,17.45374,1.982344,0.857,0.071,0.0,0.0,0.167,0.0,0.0,0.0,0.667
207842,-1,16.22162,4.8459244,0.833,0.143,0.667,0.167,0.105,0.263,0.0,0.368,0.333
260940,-1,14.658528,7.2470984,0.727,0.212,1.0,1.0,0.0,0.167,0.0,0.333,0.429
233576,-1,15.24998,3.2974195,0.795,0.045,0.0,0.0,0.0,0.0,0.0,0.0,1.0
187420,-1,13.12263,7.0434284,0.837,0.041,0.0,0.0,0.5,0.0,0.0,0.5,0.0
247753,6,8.373232,11.377897,0.258,0.645,0.235,0.294,0.037,0.111,0.0,0.556,0.118
262363,6,10.259636,8.9978485,0.872,0.043,0.0,0.0,0.0,0.2,0.2,0.2,0.0
49962,-1,14.358298,2.5736058,0.884,0.093,0.0,0.0,0.0,0.333,0.0,0.0,0.5
92886,-1,13.894349,3.0258348,0.881,0.119,0.0,0.0,0.0,0.0,0.0,0.0,0.75
165998,-1,14.588836,5.885758,0.867,0.111,0.0,0.333,0.0,0.0,0.0,0.0,0.333
178718,-1,16.729017,6.9571137,0.694,0.286,0.0,0.333,0.375,0.062,0.0,0.0,0.0
228040,-1,12.946805,8.796147,0.622,0.378,0.5,0.0,0.0,0.0,0.5,0.0,0.0
277128,-1,13.260622,10.108695,0.051,0.897,0.941,0.235,0.0,0.2,0.2,0.1,0.382
173526,-1,13.588788,4.4769006,0.796,0.184,0.571,0.0,0.333,0.083,0.0,0.167,0.571
257933,6,8.65859,10.826396,0.469,0.49,0.143,0.095,0.062,0.156,0.0,0.25,0.048
34774,-1,17.042852,0.2835805,0.867,0.089,0.0,0.0,0.083,0.167,0.083,0.083,0.5
84617,-1,14.422866,9.031178,0.0,1.0,0.848,0.794,0.0,0.571,0.143,0.286,0.5
24052,-1,14.232422,2.3003523,0.884,0.07,0.0,0.0,0.0,0.0,0.8,0.0,0.333
130114,-1,14.100565,2.1718569,0.66,0.319,0.0,0.0,0.0,0.0,0.0,1.0,0.0
203209,-1,13.404083,3.273102,0.389,0.583,0.0,0.0,0.5,0.0,0.0,0.0,1.0
177316,-1,15.249405,0.28973398,0.6,0.333,0.067,0.0,0.211,0.026,0.0,0.079,0.467
155066,-1,9.206845,11.475432,0.089,0.911,0.975,0.05,0.0,0.625,0.0,0.25,0.05
56650,-1,15.623793,5.8636203,0.587,0.413,0.632,0.105,0.0,0.0,0.667,0.0,0.684
293544,-1,17.252924,1.4770212,0.872,0.085,0.0,0.0,0.167,0.0,0.167,0.0,1.0
4055,-1,14.630624,1.5789233,0.143,0.857,0.821,0.517,0.0,0.0,1.0,0.0,0.759
243013,-1,16.473848,-0.35627162,0.863,0.118,0.0,0.0,0.5,0.0,0.5,0.0,0.333
267260,-1,17.65652,1.665886,0.783,0.174,0.143,0.143,0.0,0.5,0.0,0.0,0.143
280334,6,10.381199,9.173683,0.911,0.089,0.5,0.0,0.0,0.0,0.0,0.5,0.0
10384,-1,15.214435,6.7250443,0.0,0.941,1.0,0.156,0.0,0.0,0.0,0.0,0.719
42013,-1,15.608745,7.167057,0.585,0.366,0.333,0.0,0.267,0.0,0.0,0.067,0.333
290528,-1,16.343618,3.3478055,0.896,0.083,0.0,0.333,0.667,0.067,0.0,0.0,0.667
95134,-1,12.787871,6.2066936,0.333,0.625,0.833,0.433,0.0,0.0,0.0,0.0,0.2
107367,6,12.9913845,5.5497622,0.071,0.857,0.529,0.5,0.043,0.0,0.87,0.0,0.441
165942,-1,17.225124,1.4418985,0.85,0.125,0.2,0.0,0.0,0.0,0.0,0.0,0.4
179421,-1,15.55491,4.263114,0.886,0.086,0.0,0.0,0.15,0.1,0.0,0.0,1.0
225826,-1,16.395191,7.941244,0.642,0.321,0.625,0.375,0.0,0.0,0.0,0.0,0.125
154767,-1,14.804515,0.49330863,0.886,0.045,0.5,0.0,0.0,0.0,0.0,0.0,1.0
62931,-1,9.700257,9.431245,0.698,0.256,0.6,0.2,0.0,0.167,0.5,0.0,0.4
268050,6,10.931148,9.8051405,0.415,0.561,0.0,0.0,0.0,0.0,0.0,0.0,0.0
26988,-1,15.394721,7.4055243,0.311,0.689,0.871,0.613,0.125,0.0,0.0,0.125,0.613
17242,-1,14.288242,8.520008,0.639,0.361,0.333,0.167,0.353,0.176,0.0,0.0,0.0
226652,-1,11.328155,9.954005,0.286,0.714,0.906,0.312,0.071,0.286,0.071,0.286,0.219
113605,-1,17.179886,2.1297977,0.651,0.279,0.0,0.083,0.525,0.0,0.0,0.05,0.583
107647,-1,17.445759,3.6657577,0.024,0.976,0.975,0.65,0.0,0.333,0.0,0.333,0.275
224600,-1,14.285234,1.4485153,0.909,0.068,0.0,0.0,0.0,0.0,0.25,0.0,0.333
227459,-1,14.695003,8.092067,0.614,0.318,0.714,0.5,0.0,0.5,0.5,0.0,0.286
188979,-1,12.65841,7.1923933,0.735,0.184,0.556,0.222,0.182,0.364,0.0,0.0,0.125
36501,-1,12.556031,8.369266,0.571,0.357,0.7,0.1,0.0,0.4,0.2,0.4,0.2
118701,-1,14.985062,3.5910904,0.707,0.146,0.333,0.167,0.2,0.1,0.0,0.0,0.5
43612,-1,16.03219,7.558232,0.636,0.341,0.0,0.0,0.0,0.0,0.0,0.0,0.0
236625,-1,12.789044,8.994385,0.14,0.791,0.97,0.485,0.0,0.25,0.25,0.25,0.152
64649,-1,17.01386,1.8188821,0.854,0.098,0.0,0.0,0.0,0.25,0.25,0.0,0.75
212792,6,10.266543,8.671228,0.846,0.026,0.0,0.0,0.0,0.333,0.0,0.333,0.0
32753,-1,16.22512,5.838718,0.822,0.156,0.333,0.0,0.0,0.0,0.0,0.0,0.5
84302,-1,11.779871,7.9367113,0.73,0.189,0.571,0.286,0.0,0.0,0.0,0.5,0.143
166376,-1,14.484462,7.011607,0.667,0.267,0.583,0.167,0.0,0.077,0.615,0.0,0.583
101950,-1,15.726153,5.448176,0.884,0.093,0.0,0.25,0.0,0.167,0.167,0.0,1.0
140435,-1,14.508818,2.9423316,0.867,0.067,0.0,0.0,0.0,0.0,0.0,0.333,0.0
241687,-1,13.656628,1.3626065,0.821,0.128,0.0,0.0,0.571,0.095,0.0,0.0,0.6
80853,-1,11.762315,10.0729685,0.458,0.479,0.478,0.087,0.125,0.0,0.25,0.375,0.565
223070,-1,16.11216,1.2655346,0.826,0.13,0.0,0.2,0.0,0.211,0.0,0.526,0.4
169304,-1,16.8322,4.5576553,0.867,0.022,0.0,0.0,0.333,0.0,0.333,0.333,1.0
179876,-1,11.6197605,8.090488,0.487,0.513,0.65,0.4,0.08,0.36,0.0,0.48,0.0
79851,-1,15.733158,2.0446317,0.767,0.186,0.0,0.0,0.0,0.0,0.182,0.0,1.0
98091,-1,16.437347,4.222609,0.735,0.245,0.0,0.333,1.0,0.0,0.0,0.0,0.333
30895,6,10.233018,9.27187,0.55,0.45,0.0,0.0,0.0,0.0,0.333,0.0,0.0
38089,-1,13.925946,4.264865,0.634,0.293,0.545,0.091,0.0,0.0,0.667,0.0,0.909
292820,-1,17.506334,3.429374,0.462,0.487,0.789,0.263,0.0,0.2,0.2,0.4,0.368
15284,-1,14.870195,0.8939104,0.902,0.098,0.25,0.0,0.0,0.0,0.0,0.0,0.5
127427,-1,13.047866,7.1540027,0.902,0.073,0.0,0.0,0.0,0.0,0.5,0.0,0.0
109174,6,8.562262,11.02592,0.617,0.34,0.067,0.133,0.056,0.056,0.083,0.528,0.333
3096,-1,16.976585,4.1011457,0.884,0.093,0.0,0.0,0.0,0.333,0.0,0.0,0.5
173895,-1,14.653698,1.5648816,0.756,0.195,0.0,0.75,0.444,0.0,0.111,0.0,0.375
74972,-1,11.891956,8.851243,0.955,0.023,0.0,0.0,0.0,0.0,0.0,0.5,0.0
101884,-1,16.207699,4.5694304,0.767,0.186,0.0,0.0,0.0,0.0,1.0,0.0,0.625
284012,-1,13.328856,8.862616,0.604,0.377,0.211,0.158,0.077,0.231,0.308,0.231,0.526
21236,-1,17.781885,3.1867466,0.925,0.05,0.0,0.0,0.0,0.0,0.0,0.0,0.0
52271,-1,11.7933445,10.022199,0.541,0.459,0.5,0.0,0.0,0.0,0.0,0.333,0.286
149525,-1,14.638971,2.6827424,0.476,0.5,0.0,0.0,0.0,0.0,0.5,0.0,0.25
82962,-1,17.396088,0.8372065,0.808,0.154,0.125,0.125,0.0,0.0,1.0,0.0,0.625
153558,-1,14.931428,9.184835,0.611,0.361,0.923,0.615,0.0,0.2,0.0,0.4,0.077
158320,6,12.843885,5.901732,0.844,0.133,0.0,0.0,0.0,1.0,0.0,0.0,0.667
230439,-1,11.170919,8.306426,0.816,0.132,0.0,0.6,0.0,0.0,0.0,0.5,0.8
256905,-1,16.66713,7.66611,0.438,0.531,1.0,0.636,0.0,0.333,0.167,0.333,0.273
219201,-1,13.790452,7.3252015,0.881,0.095,0.25,0.25,0.0,0.0,0.0,0.6,0.5
161229,-1,13.92248,3.8614404,0.902,0.098,0.25,0.0,0.0,0.0,1.0,0.0,0.75
223731,-1,13.612132,8.26965,0.929,0.048,0.0,0.0,0.48,0.12,0.0,0.0,0.0
237256,-1,14.922927,3.056665,0.979,0.021,0.0,0.0,0.0,0.0,0.0,0.0,0.0
191561,-1,13.767504,5.46118,0.696,0.261,0.143,0.0,0.083,0.042,0.0,0.167,0.714
126898,-1,14.832907,8.187041,0.306,0.667,0.0,0.0,0.2,0.2,0.0,0.4,0.0
1593,-1,16.210766,2.6330545,0.933,0.067,0.0,0.0,0.0,0.0,0.0,0.0,0.0
76646,-1,13.468987,2.207851,0.922,0.059,0.0,0.0,0.25,0.0,0.0,0.0,0.667
19362,-1,15.542701,4.845352,0.905,0.071,0.0,0.0,0.0,1.0,0.0,0.0,1.0
56179,-1,13.152642,5.214641,0.927,0.073,0.0,0.0,0.0,0.0,0.0,0.0,0.0
218348,-1,16.599716,3.898848,0.955,0.023,0.0,0.0,0.0,1.0,0.0,0.0,1.0
216319,-1,14.72555,0.8062087,0.909,0.091,0.0,0.0,0.0,0.0,0.0,0.0,0.333
259162,6,8.556271,11.2249,0.31,0.655,0.211,0.053,0.043,0.087,0.0,0.522,0.0
295196,-1,15.595807,2.6495237,0.628,0.326,0.143,0.357,0.0,0.25,0.0,0.0,0.5
110136,1,16.106491,3.417794,0.889,0.089,0.5,0.0,0.571,0.0,0.0,0.0,0.5
190077,-1,14.973574,0.24115077,0.886,0.091,0.5,0.25,0.0,0.5,0.0,0.0,0.25
63655,-1,15.363844,8.809508,0.12,0.84,1.0,0.316,0.667,0.0,0.0,0.333,0.211
138253,-1,15.66099,1.3744856,0.909,0.091,0.25,0.0,0.0,0.25,0.0,0.0,0.75
127101,-1,12.148547,10.497389,0.02,0.961,1.0,0.292,0.55,0.0,0.05,0.15,0.354
142918,-1,14.456968,2.0950606,0.66,0.34,0.25,0.333,0.0,0.0,0.667,0.0,0.667
169729,-1,14.212342,9.088728,0.024,0.976,1.0,0.756,0.333,0.0,0.0,0.333,0.024
152351,-1,12.874219,9.639164,0.343,0.657,0.682,0.227,0.071,0.357,0.143,0.286,0.136
46867,-1,16.210451,0.617791,0.814,0.14,0.0,0.0,0.0,0.0,0.0,0.0,0.25
141100,-1,15.78633,6.673339,0.619,0.357,0.0,0.273,0.312,0.0,0.062,0.0,0.636
240265,-1,13.928958,9.275004,0.139,0.833,1.0,0.7,0.0,0.0,1.0,0.0,0.533
164364,-1,12.303183,10.062546,0.769,0.231,0.625,0.125,0.0,0.0,0.0,0.5,0.125
167283,-1,15.337694,0.82371235,0.784,0.135,0.667,0.0,0.0,1.0,0.0,0.0,0.333
249831,-1,12.106524,10.338701,0.032,0.968,0.964,0.25,0.375,0.5,0.125,0.0,0.036
201962,-1,15.568031,0.59140253,0.911,0.071,0.0,0.0,0.0,0.0,0.0,0.0,0.5
106309,-1,17.929127,3.377442,0.86,0.093,0.0,0.25,0.0,0.0,0.0,0.0,0.75
224546,-1,15.029234,0.48952046,0.824,0.059,0.0,0.0,0.333,0.0,0.0,0.0,1.0
190861,-1,17.220066,2.0461593,0.83,0.149,0.167,0.0,0.0,0.0,0.0,0.0,0.333
28324,-1,16.603369,1.7762713,0.878,0.098,0.0,0.0,0.5,0.045,0.0,0.0,0.0
56048,-1,13.510209,3.5468397,0.833,0.119,0.2,0.0,0.0,0.667,0.0,0.0,1.0
227719,-1,17.079649,4.6096764,0.86,0.08,0.25,0.0,0.167,0.333,0.167,0.0,0.25
122624,-1,16.315039,5.308234,0.571,0.429,0.364,0.091,0.25,0.0,0.25,0.0,0.727
117266,6,12.315371,8.575839,0.787,0.191,0.0,0.125,0.0,0.125,0.0,0.125,0.0
110021,-1,16.569645,8.542169,0.195,0.805,0.968,0.194,0.1,0.4,0.2,0.1,0.29
80032,-1,14.211906,1.7353377,0.841,0.136,0.0,0.0,0.0,0.0,0.0,0.0,1.0
144787,-1,14.997945,9.720562,0.119,0.857,0.559,0.059,0.0,0.0,0.969,0.0,0.647
177266,-1,12.771362,10.381585,0.022,0.978,1.0,0.0,0.071,0.143,0.143,0.5,0.182
188796,-1,15.004651,5.7632594,0.909,0.068,0.0,0.0,0.0,0.25,0.25,0.25,0.0
110499,-1,14.296612,1.5916295,0.868,0.105,0.0,0.0,0.375,0.0,0.0,0.0,0.75
141863,-1,16.53219,1.2199345,0.795,0.159,0.0,0.0,0.0,0.333,0.0,0.167,0.5
161169,-1,16.045471,8.019407,0.732,0.244,0.0,0.0,0.0,0.0,0.25,0.0,0.857
227186,-1,16.949898,7.288463,0.786,0.214,0.0,0.0,0.0,0.0,0.0,0.0,0.0
95334,-1,16.598545,7.3542304,0.14,0.837,0.97,0.394,0.0,0.5,0.0,0.0,0.333
222559,-1,17.4359,4.2826686,0.833,0.167,0.0,0.0,0.0,0.0,0.333,0.0,0.5
234297,-1,16.576553,4.4737244,0.76,0.24,0.0,0.0,0.0,0.5,0.0,0.5,0.667
81354,-1,18.064184,3.0424945,1.0,0.0,0.0,0.0,0.571,0.0,0.0,0.0,0.0
59489,-1,17.156864,2.9949102,0.935,0.065,0.0,0.0,0.143,0.0,0.143,0.143,0.0
186870,-1,16.131872,8.723631,0.302,0.66,0.5,0.2,0.0,0.333,0.0,0.0,0.1
254651,-1,15.531561,2.6620529,0.4,0.5,0.0,1.0,0.0,0.05,0.0,0.0,0.0
167831,-1,14.546009,8.628993,0.143,0.857,0.522,0.087,0.1,0.0,0.75,0.05,0.435
54012,-1,15.961925,3.2000883,0.927,0.049,0.0,0.0,0.25,0.0,0.0,0.0,1.0
238097,6,10.42365,8.743941,0.881,0.048,0.0,0.0,0.0,0.0,0.0,1.0,0.0
151404,-1,12.07277,10.370713,0.041,0.959,1.0,0.085,0.0,0.4,0.0,0.2,0.106
26896,-1,14.663697,3.6121469,0.732,0.268,0.273,0.0,0.0,0.0,0.941,0.0,0.636
144351,-1,16.542246,-0.26723385,0.851,0.128,0.0,0.0,0.2,0.0,0.0,0.0,0.333
157703,-1,15.071601,2.021939,0.825,0.125,0.2,0.0,0.0,0.0,0.0,0.0,0.6
231003,-1,12.6884165,8.723177,0.5,0.474,0.1,0.1,0.0,0.062,0.875,0.0,0.6
123000,-1,15.665278,4.5919204,0.895,0.079,0.333,0.0,0.0,0.0,0.5,0.0,0.667
272717,6,9.3376665,9.969783,0.878,0.073,0.5,0.5,0.0,0.5,0.0,0.0,0.0
101311,-1,14.39919,7.847578,0.405,0.524,0.4,0.6,0.0,0.0,1.0,0.0,0.5
214301,-1,14.160052,6.1029515,0.0,0.972,0.97,0.697,0.0,0.0,1.0,0.0,0.545
51700,-1,12.312804,6.6522136,0.022,0.956,1.0,0.907,0.0,0.0,0.0,0.0,0.326
244677,-1,14.349256,8.110817,0.77,0.23,0.308,0.0,0.0,0.25,0.25,0.0,0.231
201929,-1,10.224784,8.883574,0.822,0.111,0.0,0.0,0.0,0.0,0.0,0.4,0.0
161934,-1,11.04615,9.448118,0.614,0.386,0.467,0.0,0.167,0.167,0.0,0.667,0.133
203621,-1,13.43378,7.786846,0.441,0.441,0.0,0.267,0.12,0.04,0.0,0.64,0.2
56492,4,16.85595,7.2451077,0.066,0.918,0.0,0.0,0.0,0.125,0.125,0.0,0.0
77144,6,9.49551,10.688488,0.704,0.241,0.333,0.083,0.0,0.267,0.133,0.467,0.0
100637,-1,11.190332,8.212153,0.088,0.912,0.967,0.333,0.0,0.2,0.2,0.5,0.133
259715,-1,16.710768,7.3870826,0.647,0.265,0.0,0.0,0.167,0.0,0.0,0.333,0.0
252940,-1,13.782955,7.6925097,0.383,0.574,0.667,0.333,0.0,0.833,0.0,0.0,0.333
52738,-1,17.290354,1.5195416,0.6,0.356,0.833,0.333,0.571,0.0,0.0,0.143,0.5
141475,-1,15.475304,4.0925965,0.791,0.186,0.125,0.125,0.0,0.0,1.0,0.0,1.0
119426,-1,15.303811,1.3312573,0.946,0.054,0.0,0.0,0.0,0.0,0.0,0.0,0.5
131484,6,9.528131,10.31569,0.143,0.857,0.348,0.261,0.074,0.074,0.0,0.444,0.043
56038,-1,13.72072,7.149809,0.833,0.111,0.333,0.333,0.0,0.0,0.0,0.0,0.0
176145,-1,15.734586,6.750807,0.073,0.927,0.622,0.919,0.0,0.0,0.938,0.062,0.324
168302,-1,14.000151,5.1557374,0.714,0.204,0.0,0.0,0.0,0.0,0.0,0.0,0.0
156181,-1,13.790562,1.2882842,0.757,0.108,0.0,0.0,0.0,0.0,0.286,0.0,0.75
156257,-1,14.909361,5.379719,0.053,0.921,1.0,0.829,0.0,0.5,0.25,0.0,0.114
197341,-1,13.506222,3.1364758,0.86,0.093,0.0,0.0,0.0,0.0,0.0,0.0,0.5
253056,-1,14.559278,9.671158,0.128,0.846,0.75,0.25,0.0,0.25,0.0,0.0,0.417
265500,5,17.192131,-0.045718607,0.867,0.044,0.0,0.0,0.0,0.333,0.167,0.0,1.0
143240,-1,15.354899,3.9975746,0.429,0.571,0.263,0.105,0.0,0.0,0.8,0.0,0.789
99140,-1,13.986176,1.6559312,0.619,0.357,0.067,0.867,0.577,0.038,0.0,0.0,0.667
135069,-1,14.890929,4.929381,0.561,0.39,0.188,0.188,0.118,0.0,0.588,0.059,0.562
5010,-1,17.073534,0.951976,0.857,0.095,0.0,0.0,0.0,0.0,0.0,0.0,1.0
115449,-1,16.329016,6.088497,0.81,0.167,0.667,0.0,0.0,0.0,0.0,0.0,0.667
165631,-1,14.333623,6.9374385,0.032,0.968,0.897,0.586,0.25,0.0,0.5,0.0,0.552
245641,-1,12.3749485,9.205766,0.167,0.767,0.826,0.087,0.455,0.091,0.091,0.0,0.087
67898,-1,16.583162,6.4807734,0.383,0.617,0.0,0.0,0.0,0.0,0.0,0.0,0.0
45676,6,12.574875,6.247627,0.744,0.205,0.286,0.571,0.0,0.0,0.0,1.0,0.571
55655,-1,15.198371,3.3629029,0.9,0.08,0.0,0.0,0.0,0.1,0.0,0.0,0.75
34920,-1,10.285917,10.631212,0.085,0.915,0.929,0.071,0.0,0.316,0.0,0.632,0.366
211997,-1,17.668652,4.7823877,0.955,0.045,0.0,0.0,0.0,0.5,0.0,0.0,0.0
152430,-1,14.171734,9.866118,0.0,1.0,0.892,0.0,0.0,0.286,0.286,0.0,0.486
130414,-1,13.526023,9.400811,0.344,0.594,0.944,0.0,0.0,0.0,0.5,0.0,0.0
242039,6,8.531782,10.573188,0.909,0.068,0.0,0.0,0.0,0.0,0.0,0.833,0.0
137948,-1,14.643001,5.937008,0.784,0.137,0.0,0.0,0.0,0.0,0.0,0.0,0.5
87692,-1,14.943542,6.0943375,0.857,0.018,0.0,0.0,0.0,0.0,0.333,0.667,0.0
216943,-1,13.310565,9.325528,0.4,0.55,0.909,0.227,0.4,0.0,0.2,0.2,0.0
258016,-1,16.660984,7.9578114,0.32,0.64,0.6,0.4,0.0,0.0,0.5,0.0,0.4
115229,-1,15.461618,7.9455266,0.024,0.976,1.0,0.538,0.0,0.412,0.0,0.588,0.231
224990,6,9.379302,10.197256,0.886,0.091,0.0,0.25,0.0,0.333,0.333,0.333,0.5
206239,-1,15.8748045,1.5158743,0.692,0.288,0.4,0.2,0.0,0.0,0.0,0.0,0.8
188589,-1,10.982983,9.267609,0.61,0.366,0.733,0.2,0.0,0.0,0.333,0.333,0.0
268286,-1,12.169033,10.587386,0.062,0.75,0.565,0.174,0.333,0.0,0.0,0.278,0.043
264254,-1,14.919229,2.330311,0.022,0.956,1.0,0.256,0.0,0.0,0.0,0.0,0.674
175484,-1,12.442694,7.0285497,0.911,0.044,0.5,0.5,0.2,0.2,0.0,0.2,0.5
270486,6,8.16367,10.756344,0.956,0.022,0.0,0.0,0.0,0.5,0.0,0.25,0.0
19631,6,8.615979,10.732723,0.81,0.095,0.0,0.0,0.308,0.0,0.077,0.0,1.0
82015,-1,17.068111,1.5651424,0.927,0.024,0.0,0.0,0.5,0.0,0.0,0.0,0.0
231863,-1,14.748815,1.8524014,0.523,0.409,0.389,0.0,0.0,0.292,0.25,0.208,0.556
205095,-1,13.285103,3.5165565,0.917,0.083,0.0,0.0,0.222,0.0,0.111,0.0,0.0
260366,-1,16.059221,7.9426136,0.283,0.696,0.0,0.286,0.0,0.0,0.0,0.0,0.286
21919,-1,16.298086,5.294836,0.814,0.186,0.0,0.0,0.0,0.0,0.0,0.0,0.0
118361,-1,12.1665745,8.176538,0.905,0.071,0.333,0.0,0.4,0.0,0.0,0.1,0.0
186582,-1,16.6156,6.217213,0.915,0.034,0.0,0.0,0.0,1.0,0.0,0.0,0.0
223287,6,10.360908,10.610679,0.523,0.477,0.333,0.0,0.0,0.167,0.0,0.611,0.048
8237,-1,13.932243,6.937282,0.844,0.089,0.0,0.0,0.0,0.4,0.0,0.4,0.5
164866,-1,12.672345,8.088224,0.118,0.853,0.897,0.621,0.0,0.0,0.0,0.5,0.034
137263,6,8.992398,11.558162,0.435,0.543,0.292,0.083,0.061,0.091,0.03,0.788,0.083
236191,-1,17.729853,5.0773697,0.527,0.455,0.0,0.0,0.0,0.0,0.0,0.0,0.0
222017,-1,17.815578,2.6810539,0.841,0.114,0.0,0.0,0.333,0.0,0.0,0.0,0.6
90019,-1,17.55547,0.75288403,0.933,0.067,0.333,0.0,0.25,0.25,0.0,0.0,0.333
230220,-1,14.202228,8.784625,0.026,0.974,0.944,0.75,0.0,0.273,0.455,0.182,0.472
231358,-1,17.732924,2.877425,0.889,0.067,0.0,0.333,0.0,1.0,0.0,0.0,0.333
140079,-1,16.69305,6.9111567,0.25,0.722,0.167,0.125,0.0,0.0,1.0,0.0,0.75
97396,-1,15.393834,3.0389137,0.591,0.045,0.0,0.0,0.0,0.0,0.333,0.0,1.0
177337,-1,11.17475,9.820502,0.436,0.538,0.632,0.211,0.0,0.556,0.0,0.444,0.579
11409,6,10.31006,9.258078,0.5,0.5,0.0,0.0,0.0,0.333,0.333,0.0,0.0
71613,-1,17.830204,4.760066,0.61,0.39,0.333,0.0,0.0,0.5,0.0,0.0,0.333
49278,-1,15.389049,4.706441,0.841,0.136,0.0,0.25,0.0,0.0,0.25,0.25,0.5
275860,-1,17.360157,3.8692157,0.932,0.045,0.0,0.5,0.0,0.0,0.0,0.0,0.5
158693,-1,13.434466,3.9915955,0.667,0.333,0.0,0.75,0.0,0.25,0.0,0.25,0.583
227930,-1,16.401302,5.321315,0.825,0.15,0.667,1.0,0.0,0.0,0.25,0.0,0.333
71415,6,9.267616,10.447672,0.214,0.762,0.926,0.148,0.0,0.333,0.0,0.667,0.074
36427,-1,17.130594,3.5054104,0.775,0.2,0.0,0.625,0.0,0.0,0.0,0.0,0.625
154447,-1,10.472819,8.756177,0.109,0.848,0.795,0.513,0.091,0.091,0.364,0.091,0.538
228612,-1,15.384445,9.407344,0.021,0.979,0.762,0.667,0.0,0.0,0.929,0.0,0.667
189132,-1,12.351652,8.103508,0.773,0.227,0.7,0.0,0.0,0.667,0.0,0.333,0.0
32976,-1,15.628486,8.992467,0.702,0.277,0.5,0.0,0.0,0.5,0.5,0.0,0.5
266336,6,10.183419,10.626501,0.667,0.212,0.571,0.0,0.0,0.375,0.0,0.5,0.0
40796,-1,11.989417,8.055088,0.744,0.233,0.556,0.0,0.0,0.0,0.0,0.0,0.0
26829,-1,14.580521,9.825637,0.5,0.475,0.556,0.333,0.0,0.0,0.667,0.0,0.556
167181,-1,14.704889,0.7899571,0.833,0.071,0.333,0.333,0.0,0.5,0.0,0.5,1.0
193738,-1,17.47747,1.8558172,0.905,0.048,0.5,0.0,0.0,0.0,0.0,0.0,0.5
34297,-1,17.571323,3.5820029,0.837,0.093,0.25,0.0,0.556,0.0,0.0,0.0,0.0
64258,-1,17.05958,4.0593176,0.857,0.119,0.2,0.2,0.0,1.0,0.0,0.0,0.8
172168,6,11.016894,9.857442,0.371,0.629,0.5,0.0,0.0,0.333,0.333,0.0,0.5
106838,-1,14.395421,3.3000927,0.371,0.571,0.944,0.333,0.125,0.25,0.0,0.25,0.333
136414,-1,17.616096,3.0850196,0.812,0.146,0.0,0.0,0.0,0.0,0.0,0.0,1.0
124901,-1,14.928964,9.572624,0.114,0.886,0.974,0.263,0.2,0.2,0.2,0.0,0.158
164625,-1,15.426408,3.951293,0.08,0.9,0.2,0.978,0.0,0.0,0.769,0.0,0.733
131956,-1,12.59819,7.681463,0.881,0.071,0.0,0.333,0.0,0.0,1.0,0.0,0.0
265877,-1,17.477951,3.350208,0.829,0.073,0.0,0.0,0.0,0.0,0.0,0.333,0.0
16190,-1,13.40275,7.5243425,0.513,0.487,0.75,0.125,0.0,0.0,0.0,0.333,0.125
49651,-1,14.063625,3.8429961,0.0,1.0,1.0,0.881,0.0,0.667,0.333,0.0,0.476
140730,-1,14.485801,8.473157,0.643,0.357,0.0,0.25,0.2,0.0,0.0,0.0,0.0
115159,-1,14.737469,8.566888,0.816,0.158,0.167,0.0,0.769,0.0,0.0,0.0,0.333
120023,-1,17.585373,1.7865701,0.825,0.1,0.0,0.0,0.111,0.222,0.0,0.0,0.75
255113,-1,13.869082,7.9114723,0.412,0.529,0.889,0.0,0.0,0.0,0.0,1.0,0.333
292965,-1,13.926982,6.0100827,0.833,0.119,0.0,0.0,0.0,0.0,0.0,0.0,0.0
240470,-1,11.257772,10.208012,0.024,0.951,1.0,0.0,0.0,0.333,0.0,0.333,0.359
121958,-1,17.244184,-0.23748548,0.773,0.159,0.0,0.0,0.417,0.083,0.0,0.0,0.286
203252,-1,14.791249,3.0377898,0.829,0.122,0.0,0.0,0.0,0.111,0.889,0.0,0.4
57364,6,10.094028,10.213246,0.26,0.74,0.865,0.135,0.286,0.0,0.0,0.571,0.0
180521,-1,14.395951,3.5081162,0.87,0.13,0.0,0.0,0.0,0.0,0.0,0.5,0.333
126937,-1,11.400709,9.832618,0.645,0.323,0.1,0.0,0.111,0.111,0.222,0.333,0.2
234930,-1,16.353086,2.494611,0.857,0.024,0.0,0.0,0.0,0.0,0.0,1.0,1.0
150630,-1,8.839095,11.465583,0.033,0.9,0.815,0.63,0.692,0.0,0.0,0.231,0.222
208825,-1,14.372985,7.225397,0.0,0.974,1.0,0.111,0.0,0.0,0.0,0.0,0.583
78275,-1,15.397099,3.0621018,0.857,0.102,0.0,0.0,0.0,0.0,0.0,0.0,0.0
117560,-1,12.916509,10.23596,0.0,1.0,0.946,0.135,0.143,0.071,0.071,0.429,0.541
96242,-1,17.801313,3.353276,0.684,0.211,0.25,0.125,0.333,0.0,0.0,0.0,0.625
79528,-1,15.217961,6.8482556,0.714,0.286,0.0,0.0,0.143,0.143,0.0,0.143,0.0
234585,-1,15.322234,5.7129836,0.395,0.605,0.5,1.0,0.333,0.0,0.0,0.0,0.0
46059,-1,13.454662,2.635631,0.895,0.053,0.0,0.0,0.0,0.0,0.0,0.0,0.5
275242,-1,15.097858,3.1001287,0.771,0.208,0.1,0.9,0.0,0.2,0.2,0.4,0.4
225058,-1,11.648239,10.14577,0.071,0.929,0.974,0.077,0.0,0.2,0.0,0.4,0.128
179722,-1,16.246338,3.8631337,0.775,0.175,0.143,0.143,0.273,0.091,0.0,0.091,0.429
267986,-1,16.040827,7.8108573,0.651,0.302,0.0,0.0,0.0,0.333,0.0,0.0,0.0
189201,-1,15.166433,2.233722,0.698,0.186,0.0,0.167,0.25,0.5,0.0,0.25,0.333
200645,-1,17.488037,5.340681,0.727,0.25,0.0,0.0,0.0,0.0,1.0,0.0,0.0
87880,-1,15.999134,0.043929584,0.776,0.204,0.1,0.0,0.381,0.0,0.0,0.095,0.7
216459,-1,17.943586,2.0411942,0.829,0.086,0.0,0.0,0.5,0.0,0.5,0.0,1.0
75816,-1,17.359707,2.8312593,0.897,0.026,0.0,0.0,0.167,0.5,0.167,0.0,0.0
102888,-1,17.066605,2.8646784,0.658,0.342,0.231,1.0,0.0,0.0,0.25,0.25,0.462
155442,-1,13.73455,8.197282,0.367,0.633,0.588,0.0,0.0,0.333,0.0,0.0,0.412
144133,-1,17.278479,7.2593794,0.837,0.163,0.0,1.0,0.0,0.0,0.0,0.0,0.0
270499,6,9.723618,10.424768,0.766,0.213,0.0,0.0,0.0,0.0,0.0,0.0,0.0
179938,-1,13.7061615,5.903316,0.889,0.067,0.0,0.0,0.5,0.0,0.0,0.0,0.5
175960,-1,11.919251,7.9336276,0.05,0.925,1.0,0.027,0.0,0.5,0.0,0.5,0.324
179245,-1,15.281464,0.69990885,0.725,0.235,0.364,0.0,0.0,0.2,0.8,0.0,0.636
294985,-1,16.777496,6.4927683,0.636,0.327,0.429,0.143,0.214,0.143,0.143,0.357,0.571
72929,-1,14.3128605,9.418399,0.125,0.875,0.821,0.036,0.0,0.429,0.0,0.571,0.25
165952,-1,11.9348135,8.515244,0.75,0.225,0.25,0.0,0.0,0.333,0.333,0.0,0.0
227014,-1,14.5328045,3.0931063,0.717,0.283,0.4,0.1,0.0,0.0,0.5,0.5,0.3
242008,-1,14.734942,1.219629,0.975,0.0,0.0,0.0,0.333,0.0,0.0,0.333,0.0
241617,-1,13.961306,7.463476,0.0,0.981,1.0,0.442,0.0,0.0,0.0,0.0,0.327
204612,-1,17.829851,4.640252,0.886,0.114,0.0,0.0,0.167,0.167,0.167,0.333,0.25
108163,-1,14.327604,1.7847402,0.708,0.208,0.167,0.333,0.0,0.0,1.0,0.0,0.333
244964,-1,15.77392,0.016468948,0.644,0.289,0.0,0.077,0.526,0.132,0.0,0.0,0.231
119282,-1,16.703247,1.6459748,0.929,0.024,0.0,0.0,0.0,0.0,1.0,0.0,1.0
82786,-1,12.936576,8.775149,0.512,0.465,0.421,0.0,0.261,0.043,0.13,0.043,0.368
129390,-1,17.453688,5.38589,0.8,0.156,0.25,0.0,0.125,0.0,0.0,0.0,0.0
101545,-1,16.250992,0.14672449,0.872,0.106,0.0,0.2,0.5,0.25,0.0,0.0,0.6
236784,-1,13.384495,3.1473026,0.822,0.089,0.0,0.0,0.2,0.0,0.2,0.0,0.5
270428,-1,13.568794,7.9154124,0.353,0.647,0.0,0.0,0.0,0.0,0.0,0.0,0.0
286956,-1,15.054888,0.33587137,0.868,0.132,0.5,0.5,0.0,0.5,0.0,0.0,1.0
198463,-1,14.619213,5.070128,0.75,0.25,0.1,0.3,0.643,0.036,0.0,0.143,0.9
260043,-1,15.769829,7.716899,0.634,0.341,0.4,0.6,0.0,0.0,0.0,0.0,0.2
221013,-1,14.796732,3.3085384,0.621,0.345,0.3,0.7,0.0,0.0,0.667,0.333,0.7
176128,-1,15.213931,7.456325,0.525,0.475,0.0,0.0,0.0,0.0,0.0,0.0,0.0
208210,-1,14.201392,3.2048275,0.409,0.568,0.478,0.478,0.222,0.0,0.111,0.111,0.348
82639,-1,15.372928,0.028358752,0.907,0.047,0.0,0.0,0.0,1.0,0.0,0.0,1.0
231610,-1,16.277328,3.930034,0.864,0.114,0.25,0.0,0.0,0.538,0.077,0.0,0.75
241356,-1,16.504038,8.227454,0.8,0.2,0.0,0.0,0.0,0.0,0.0,1.0,0.0
194939,6,10.720719,9.307899,0.475,0.525,0.45,0.0,0.071,0.143,0.214,0.429,0.3
93983,2,17.95824,3.041151,0.917,0.062,0.0,0.333,0.0,0.0,0.0,0.0,0.667
231923,-1,14.24737,9.284818,0.613,0.323,0.333,0.0,0.25,0.0,0.0,0.25,0.556
227057,-1,16.258818,5.2748895,0.689,0.244,0.0,0.333,0.0,0.2,0.0,0.4,0.667
125057,-1,15.931034,5.5352116,0.957,0.022,0.0,0.0,0.0,1.0,0.0,0.0,0.0
18312,-1,15.301237,9.163707,0.098,0.878,0.886,0.2,0.077,0.154,0.615,0.0,0.229
84387,-1,14.411,1.1764793,0.818,0.159,0.143,0.0,0.0,0.0,0.333,0.0,0.571
289369,-1,18.188583,3.1384938,0.936,0.021,0.0,1.0,0.526,0.105,0.0,0.0,1.0
232632,-1,16.044804,9.005003,0.196,0.783,0.824,0.353,0.0,0.0,0.0,0.0,0.176
100756,-1,18.01958,4.1511517,0.897,0.103,0.25,0.0,0.0,1.0,0.0,0.0,1.0
61075,-1,15.566518,3.1559367,0.915,0.064,0.0,0.333,0.0,0.0,0.5,0.0,1.0
93272,-1,15.333728,5.6705427,0.882,0.098,0.0,0.0,0.25,0.25,0.0,0.5,0.25
58615,-1,14.974567,4.176366,0.552,0.414,0.333,0.333,0.25,0.25,0.5,0.0,0.333
246037,-1,11.6775255,8.284742,0.575,0.4,0.75,0.125,0.679,0.0,0.0,0.0,0.062
45231,-1,17.607857,5.2120414,0.889,0.089,0.0,0.0,0.333,0.333,0.0,0.0,0.0
99788,-1,14.568026,3.2168937,0.806,0.139,0.5,0.25,0.0,1.0,0.0,0.0,0.5
125316,6,8.167534,10.740404,0.771,0.167,0.667,0.0,0.083,0.0,0.0,0.333,0.0
271400,-1,14.54435,8.621092,0.585,0.341,0.5,0.083,0.0,0.5,0.0,0.0,0.083
105716,-1,17.144253,1.2395068,0.684,0.263,0.1,0.0,0.111,0.111,0.444,0.222,0.5
73072,-1,11.610502,8.101345,0.5,0.5,0.636,0.818,0.0,0.5,0.0,0.5,0.182
57897,-1,10.557038,10.783602,0.018,0.964,1.0,0.118,0.367,0.133,0.0,0.133,0.157
99542,-1,12.412388,8.241811,0.182,0.795,1.0,0.0,0.0,0.143,0.143,0.714,0.114
22644,-1,13.190967,4.478306,0.684,0.316,0.933,0.2,0.0,0.0,0.0,0.333,0.467
209847,-1,13.706159,7.971282,0.625,0.312,0.8,0.2,0.0,0.0,0.25,0.25,0.3
229776,-1,12.479265,8.343256,0.182,0.795,0.657,0.029,0.042,0.0,0.667,0.208,0.286
135208,-1,12.89833,9.095792,0.25,0.75,0.75,0.5,0.0,0.75,0.0,0.0,0.133
80774,-1,12.28827,9.946089,0.065,0.891,1.0,0.128,0.5,0.5,0.0,0.0,0.154
124562,-1,16.815628,6.737309,0.372,0.605,0.4,0.0,0.333,0.0,0.0,0.0,0.6
253459,6,8.815202,9.787751,0.814,0.14,0.0,0.0,0.182,0.091,0.0,0.0,0.0
187204,-1,13.266818,7.25314,0.745,0.234,0.364,0.091,0.0,0.0,0.0,0.556,0.636
255919,6,9.219362,10.555903,0.516,0.452,0.154,1.0,0.0,0.375,0.0,0.375,0.308
186869,-1,12.919103,9.029594,0.904,0.038,0.0,0.0,0.0,0.0,0.0,1.0,0.0
115450,-1,16.972433,4.623547,0.909,0.023,0.0,0.0,0.0,0.0,0.0,0.0,0.0
86827,-1,13.9003315,2.8434658,0.868,0.105,0.0,0.0,0.0,0.0,0.0,0.0,0.5
199962,-1,17.556726,3.1336176,0.905,0.071,0.0,0.0,0.0,0.2,0.0,0.2,0.0
205584,-1,14.653224,3.9522896,0.884,0.093,0.0,0.0,0.0,0.5,0.0,0.0,0.0
224014,1,16.376152,3.8451538,0.939,0.02,0.0,0.0,0.0,0.0,0.0,0.0,1.0
155086,-1,17.87061,3.2437065,0.958,0.021,0.0,0.0,0.0,0.0,0.0,0.0,1.0
80539,6,10.403464,9.049413,0.0,0.971,1.0,0.235,0.0,0.0,0.0,0.0,0.441
112832,-1,14.665415,1.4712574,0.905,0.071,0.333,0.333,0.5,0.0,0.0,0.0,0.333
32298,-1,10.007565,8.524735,0.844,0.089,0.5,0.0,0.0,0.222,0.0,0.333,0.25
65839,-1,16.756575,0.36645606,0.919,0.081,0.0,0.0,0.286,0.143,0.0,0.0,1.0
222959,-1,15.781554,6.3791065,0.898,0.061,0.0,0.0,0.0,0.0,0.5,0.5,0.667
214645,-1,15.817818,2.0493405,0.854,0.049,0.0,0.0,0.0,0.0,0.0,0.0,1.0
141497,-1,15.746496,2.6378684,0.795,0.136,0.0,0.0,0.333,0.0,0.0,0.0,0.667
59608,-1,15.972696,1.1672447,0.86,0.07,0.0,0.0,0.0,0.0,0.0,0.0,0.667
161046,-1,13.431876,5.2755933,0.839,0.143,0.375,0.375,0.0,0.167,0.833,0.0,0.625
31175,-1,14.178459,6.0364494,0.85,0.1,0.333,0.333,0.0,0.5,0.0,0.0,1.0
30835,-1,13.582723,8.690721,0.738,0.19,0.333,0.167,0.0,0.143,0.143,0.0,0.0
22098,-1,14.98549,2.0516849,0.9,0.025,0.0,0.0,0.167,0.0,0.0,0.0,0.0
10779,-1,17.89199,4.754315,0.878,0.073,0.0,0.0,0.25,0.0,0.0,0.5,0.0
130343,-1,14.511951,7.4073963,0.694,0.25,0.333,0.333,0.0,0.2,0.0,0.6,0.556
53912,-1,11.701768,10.562686,0.0,1.0,1.0,0.182,0.0,0.0,0.0,0.0,0.091
54091,-1,14.877806,8.72282,0.103,0.897,0.912,0.412,0.0,0.273,0.091,0.545,0.353
39665,-1,16.810368,-0.4565213,0.911,0.044,0.0,0.0,0.0,0.0,0.333,0.0,0.0
90595,6,9.552006,10.984036,0.488,0.512,0.5,0.5,0.111,0.222,0.111,0.222,0.0
179467,-1,16.824638,1.4582003,0.952,0.0,0.0,0.0,0.0,0.0,0.0,0.0,0.0
117623,-1,16.751917,3.3030033,0.892,0.054,0.5,0.0,0.0,1.0,0.0,0.0,0.0
52577,-1,16.10686,-0.13763364,0.977,0.023,0.0,0.0,0.0,0.0,0.5,0.0,0.0
9535,-1,10.915441,9.374172,0.886,0.114,0.2,0.0,0.0,0.5,0.0,0.5,0.0
70463,-1,15.168727,7.6975203,0.0,0.974,1.0,0.972,0.083,0.167,0.0,0.417,0.361
103031,3,17.65567,4.7509537,0.696,0.232,0.1,0.0,0.0,0.0,0.5,0.5,0.8
81940,6,8.03935,10.925275,0.822,0.067,0.0,0.0,0.125,0.125,0.0,0.5,0.0
208850,-1,12.971405,7.03488,0.935,0.065,0.333,0.0,0.0,0.0,0.0,0.4,0.333
3137,-1,15.93966,2.5993278,0.867,0.067,0.0,0.0,0.167,0.0,0.0,0.0,0.333
241262,-1,16.964714,1.0499034,0.833,0.119,0.0,0.0,0.0,0.0,0.0,0.0,0.2
214814,-1,10.667474,10.62373,0.135,0.846,0.698,0.163,0.08,0.04,0.04,0.4,0.093
155621,-1,13.443208,2.7920003,0.854,0.073,0.0,0.0,0.5,0.5,0.0,0.0,0.5
18260,-1,16.34104,3.2422464,0.775,0.225,0.333,0.333,0.0,0.0,0.0,0.0,0.167
44624,-1,13.423366,8.46247,0.886,0.091,0.25,0.0,0.0,0.0,0.5,0.0,0.5
138647,-1,11.226222,9.926132,0.182,0.773,0.97,0.121,0.0,0.455,0.0,0.364,0.061
129901,-1,15.007426,9.606559,0.081,0.919,1.0,0.088,0.0,0.667,0.0,0.0,0.147
227067,-1,16.814053,1.8643038,0.902,0.049,0.0,0.0,0.0,0.0,0.0,0.0,0.5
27659,6,10.266423,9.114197,0.864,0.091,0.0,0.0,0.0,0.333,0.0,0.333,0.0
118979,-1,16.366999,3.6742008,0.891,0.043,0.0,0.0,0.0,0.0,0.0,0.0,1.0
164469,-1,10.542688,10.302089,0.027,0.973,1.0,0.618,0.125,0.125,0.0,0.5,0.118
106585,-1,14.407936,1.5862824,0.795,0.154,0.0,0.0,0.0,0.0,0.8,0.0,0.8
110927,-1,17.145956,2.6869829,0.829,0.122,0.2,0.2,0.0,0.0,0.0,0.0,0.8
222995,-1,15.172601,8.446905,0.212,0.788,0.962,0.615,0.0,0.0,0.667,0.333,0.346
99560,-1,17.697115,1.7144961,0.8,0.125,0.0,0.2,0.375,0.0,0.0,0.0,0.2
125929,-1,18.10424,1.8586626,0.841,0.023,0.0,0.0,0.25,0.5,0.0,0.25,0.0
286081,-1,14.002175,8.453857,0.521,0.438,0.65,0.05,0.0,0.0,0.0,0.0,0.15
105654,-1,16.468145,1.1103708,0.818,0.136,0.167,0.0,0.0,0.0,1.0,0.0,0.833
103764,-1,15.4344225,2.2271614,0.85,0.125,0.0,0.0,0.0,0.5,0.0,0.0,0.5
189043,-1,15.175868,7.124836,0.6,0.32,0.533,0.133,0.062,0.188,0.188,0.375,0.533
60194,-1,17.066713,1.5742984,0.76,0.1,0.0,0.0,0.0,0.667,0.0,0.0,0.5
261912,-1,17.30063,0.40785816,0.837,0.061,0.0,0.0,0.412,0.059,0.0,0.0,1.0
52878,-1,14.67121,9.700477,0.119,0.881,0.946,0.595,0.0,0.053,0.895,0.0,0.583
294882,-1,15.768591,2.422963,0.796,0.184,0.444,0.778,0.0,0.5,0.5,0.0,0.778
257340,6,12.95582,5.6660357,0.41,0.513,0.5,0.0,0.25,0.083,0.0,0.083,0.0
175267,-1,14.991113,4.677205,0.418,0.564,0.0,0.0,0.0,0.333,0.0,0.0,0.0
129632,6,10.46424,8.475649,0.909,0.068,0.0,0.333,0.5,0.5,0.0,0.0,0.333
110210,-1,13.5273905,4.783498,0.977,0.023,0.0,0.0,0.0,0.0,0.0,1.0,0.0
61276,-1,12.533036,6.5082283,0.917,0.056,0.5,0.5,0.0,0.0,1.0,0.0,0.5
152015,-1,13.706645,8.900055,0.5,0.471,0.625,0.0,0.0,0.167,0.167,0.667,0.562
80072,-1,9.050547,11.391523,0.263,0.684,0.5,0.115,0.038,0.154,0.0,0.692,0.115
28002,-1,17.66717,1.9011633,0.881,0.095,0.5,0.0,0.417,0.0,0.0,0.083,0.5
93592,-1,17.177328,2.7824488,0.825,0.1,0.0,0.0,0.0,1.0,0.0,0.0,0.5
90374,-1,12.209283,7.8774023,0.644,0.356,0.364,0.0,0.0,0.286,0.0,0.143,0.273
52555,-1,12.710747,7.0580177,0.854,0.125,0.333,0.0,0.0,0.333,0.333,0.0,0.667
263915,-1,16.900427,-0.20542505,0.854,0.062,0.0,0.0,0.333,0.0,0.0,0.0,1.0
109188,3,17.37441,3.320505,0.917,0.062,0.25,0.5,0.0,0.0,0.2,0.6,0.75
198161,-1,16.701807,5.742708,0.884,0.047,0.0,0.0,0.0,0.0,0.0,0.0,0.5
22169,-1,18.064247,3.8108194,0.833,0.146,0.0,0.0,0.0,0.5,0.0,0.0,0.714
35936,-1,15.956418,1.3742131,0.158,0.789,0.591,0.773,0.0,0.0,0.857,0.048,0.386
81569,-1,15.242947,0.9053839,0.796,0.184,0.25,0.0,0.1,0.0,0.1,0.0,0.5
18555,-1,13.965748,4.261309,0.154,0.846,0.0,1.0,0.0,0.333,0.0,0.0,0.0
98187,-1,16.499277,0.1912733,0.833,0.071,0.333,0.0,0.0,0.5,0.0,0.0,0.667
106069,-1,16.467976,8.030898,0.73,0.243,0.0,0.0,0.0,0.0,0.0,1.0,0.0
190760,-1,17.647858,3.8808465,0.514,0.459,0.667,0.733,0.2,0.0,0.0,0.2,0.333
216296,-1,15.321963,7.5122614,0.154,0.846,0.303,0.818,0.0,0.0,1.0,0.0,0.576
234628,-1,16.451084,0.78267264,0.907,0.047,0.0,0.0,0.0,0.0,0.0,0.5,0.5
259113,-1,10.856097,10.3717165,0.0,1.0,1.0,0.304,0.0,0.25,0.0,0.0,0.065
220356,-1,17.517149,0.2914645,0.8,0.022,0.0,0.0,0.083,0.083,0.0,0.0,0.0
96367,-1,15.7886915,6.473221,0.739,0.174,0.0,0.0,0.0,0.0,0.0,0.0,0.0
209601,-1,14.346188,1.7684517,0.977,0.0,0.0,0.0,0.0,0.0,0.5,0.5,0.0
76020,-1,17.911766,4.160397,0.829,0.122,0.2,0.0,0.0,1.0,0.0,0.0,0.4
260453,-1,14.382367,3.5776706,0.674,0.233,0.6,0.2,0.143,0.286,0.0,0.0,0.1
277798,-1,16.053102,1.1448743,0.93,0.023,0.0,0.0,0.0,1.0,0.0,0.0,1.0
214600,-1,14.164552,3.2337537,0.846,0.128,0.6,0.2,0.0,0.0,0.333,0.0,0.8
38105,-1,12.282444,7.9918423,0.022,0.978,0.977,0.864,0.2,0.2,0.4,0.2,0.455
228132,-1,15.261656,2.2917554,0.07,0.93,1.0,0.811,0.0,0.0,1.0,0.0,0.541
66888,-1,15.581261,3.3346744,0.138,0.828,0.875,0.417,0.0,0.2,0.6,0.2,0.25
162779,-1,16.00532,3.78611,0.766,0.234,0.0,0.429,0.25,0.0,0.25,0.0,0.571
173889,-1,12.274141,7.1340866,0.72,0.28,0.929,0.357,0.0,0.75,0.0,0.25,0.5
105667,-1,17.178099,3.0988414,0.85,0.1,0.25,0.25,0.25,0.0,0.25,0.0,0.75
101049,-1,14.518896,1.6525164,0.022,0.956,1.0,0.905,0.5,0.5,0.0,0.0,0.548
106603,-1,16.491573,5.998072,0.833,0.143,0.0,0.0,0.0,0.0,0.0,0.5,0.0
154104,-1,12.157852,8.638106,0.176,0.824,0.778,0.222,0.167,0.25,0.0,0.083,0.231
170029,-1,14.439559,3.8790278,0.804,0.176,0.625,0.0,0.0,0.0,1.0,0.0,0.625
51647,-1,13.301627,10.297996,0.128,0.821,0.774,0.387,0.0,0.2,0.467,0.067,0.419
26912,-1,15.286112,8.276174,0.553,0.447,0.25,0.0,0.0,0.0,0.0,0.0,0.417
11354,-1,17.373438,3.4322546,0.744,0.256,0.333,0.0,0.0,0.0,0.0,0.0,0.0
26408,-1,16.871529,0.5160737,0.867,0.089,0.0,0.0,0.444,0.0,0.0,0.0,0.5
45688,-1,14.272062,1.3088992,0.818,0.145,0.0,0.429,0.0,0.333,0.0,0.0,0.714
111280,1,16.323467,2.9520106,0.795,0.205,0.167,0.167,0.444,0.0,0.0,0.056,0.333
48900,-1,14.338177,4.610386,0.2,0.775,0.933,0.133,0.0,0.0,0.0,0.5,0.433
251138,-1,13.534785,9.609012,0.828,0.172,0.4,0.0,0.0,0.5,0.5,0.0,0.0
3582,-1,10.538008,10.462362,0.065,0.913,0.643,0.81,0.083,0.306,0.139,0.306,0.0
186585,-1,8.663422,10.706148,0.459,0.459,0.259,0.407,0.161,0.258,0.032,0.29,0.63
228428,6,10.441179,8.947533,0.556,0.417,0.6,0.133,0.125,0.0,0.0,0.625,0.067
208220,-1,17.15343,7.420038,0.465,0.465,0.889,0.278,0.0,0.0,0.0,0.0,0.278
104098,-1,15.142073,2.5799735,0.961,0.02,0.0,0.0,0.0,0.0,0.0,0.0,0.0
9013,-1,14.37356,2.3235092,0.904,0.019,0.0,0.0,0.0,0.0,0.0,0.0,1.0
258569,-1,17.0123,7.873928,0.773,0.205,0.5,0.0,0.0,0.0,0.0,0.25,0.25
214223,-1,13.301006,4.6015477,0.55,0.425,0.4,0.333,0.25,0.25,0.5,0.0,0.2
122395,-1,13.411937,8.510341,0.825,0.175,0.0,0.0,0.0,0.0,0.0,0.0,1.0
94050,-1,14.872921,1.7171893,0.955,0.023,0.0,0.0,0.0,0.0,0.0,0.0,0.0
215093,-1,13.867439,5.2951374,0.783,0.109,0.2,0.2,0.0,0.25,0.0,0.0,0.4
184356,-1,12.666501,6.6042795,0.867,0.044,0.0,0.0,0.0,0.0,0.0,0.0,1.0
36691,-1,13.436062,5.3379364,0.692,0.282,0.2,0.2,0.0,0.0,1.0,0.0,0.6
195950,-1,17.45488,3.7716498,0.022,0.956,1.0,0.175,0.0,0.0,0.6,0.0,0.7
138945,6,11.722858,8.686241,0.769,0.205,0.0,0.0,0.0,0.0,0.0,0.0,0.0
193418,6,9.117053,9.666157,0.795,0.154,0.25,0.25,0.0,0.5,0.0,0.0,0.25
483,-1,13.238359,8.058582,0.268,0.634,0.792,0.208,0.25,0.25,0.0,0.375,0.208
142052,6,12.432511,8.308891,0.08,0.88,1.0,0.095,0.0,0.333,0.333,0.0,0.214
1681,4,16.96685,7.414466,0.455,0.545,0.0,0.0,0.125,0.0,0.0,0.125,0.0
117739,6,9.792737,10.705032,0.265,0.676,0.522,0.0,0.0,0.259,0.0,0.667,0.043
83145,-1,13.943368,5.872427,0.978,0.022,0.0,1.0,0.0,0.333,0.0,0.333,0.0
23058,-1,16.810127,8.26624,0.378,0.595,1.0,1.0,0.0,0.0,0.0,0.0,0.0
132147,-1,17.697006,4.8149676,0.738,0.238,0.333,0.0,0.0,0.333,0.0,0.0,0.667
194712,-1,12.678532,9.492681,0.571,0.357,0.6,0.2,0.0,0.5,0.0,0.25,0.2
20028,-1,17.536575,4.392048,0.939,0.02,0.0,0.0,0.0,0.0,0.0,0.0,1.0
201947,-1,15.323769,8.167522,0.558,0.419,1.0,0.5,0.062,0.188,0.0,0.062,0.5
76787,-1,16.02839,2.0874813,0.837,0.061,0.0,0.0,0.0,0.333,0.0,0.167,0.667
93426,-1,17.698256,3.3073409,0.909,0.091,0.25,0.0,0.0,0.0,1.0,0.0,0.75
93849,-1,15.854406,0.55463946,0.913,0.043,0.0,0.0,0.0,0.5,0.0,0.0,1.0
11779,-1,14.2367735,6.23973,0.93,0.023,0.0,0.0,0.0,0.0,0.0,0.0,1.0
226840,-1,16.349594,8.253836,0.438,0.542,0.0,0.667,0.312,0.25,0.0,0.0,0.5
124618,6,9.89701,9.670686,0.632,0.342,0.333,0.167,0.0,0.0,0.0,0.75,0.083
73314,-1,14.416061,1.940815,0.761,0.13,0.167,0.0,0.0,0.0,0.5,0.0,1.0
214327,-1,15.925012,0.09516269,0.472,0.5,0.5,0.0,0.355,0.194,0.0,0.323,0.429
49744,-1,13.2761345,5.2341504,0.841,0.114,0.0,0.2,0.0,0.0,0.0,0.0,0.4
3601,-1,12.550028,6.9749928,0.775,0.15,0.167,0.167,0.0,0.0,0.0,1.0,0.667
19234,6,13.529701,5.718018,0.667,0.306,0.364,0.545,0.0,0.25,0.0,0.5,0.545
262033,-1,16.90014,7.7905126,0.667,0.303,0.0,0.0,0.5,0.0,0.0,0.0,0.0
64424,-1,15.58224,4.4355464,0.878,0.102,0.0,0.0,0.0,0.5,0.5,0.0,0.6
71610,-1,12.594362,7.109286,0.882,0.098,0.2,0.2,0.0,0.143,0.143,0.0,0.4
191616,-1,14.970956,5.0786867,0.081,0.919,0.219,0.75,0.0,0.0,0.966,0.0,0.625
92354,-1,14.881579,0.41317677,0.744,0.231,0.0,0.167,0.0,0.0,1.0,0.0,0.667
205593,1,16.431404,3.094084,0.913,0.0,0.0,0.0,0.25,0.0,0.25,0.0,0.0
231490,-1,13.6230755,8.958098,0.5,0.45,0.25,0.25,0.167,0.0,0.0,0.667,1.0
128407,6,9.38338,9.335964,0.512,0.488,0.947,0.158,0.167,0.333,0.0,0.333,0.526
16941,-1,16.394968,4.2178674,0.864,0.114,0.25,0.0,0.0,0.4,0.2,0.0,0.5
172328,-1,16.64551,-0.4556539,0.86,0.116,0.0,0.0,0.316,0.0,0.0,0.0,0.4
169139,-1,12.076972,10.356178,0.075,0.9,0.944,0.444,0.4,0.2,0.0,0.2,0.306
179213,-1,13.274943,7.011146,0.07,0.93,0.941,0.794,0.25,0.0,0.375,0.375,0.265
213368,-1,14.824465,0.8334461,0.805,0.171,0.286,0.286,0.533,0.067,0.0,0.067,0.714
110277,-1,16.927551,-0.09832488,0.886,0.045,0.0,0.0,0.0,0.0,0.0,0.0,0.5
95273,-1,15.303415,3.3325582,0.766,0.0,0.0,0.0,0.0,0.0,0.0,0.0,0.0
260623,-1,16.4964,6.786487,0.488,0.512,0.9,0.1,0.053,0.263,0.368,0.105,0.5
245887,-1,15.08453,8.0934305,0.25,0.7,0.478,0.174,0.806,0.028,0.028,0.028,0.435
269822,-1,16.04419,7.46694,0.786,0.167,0.0,0.0,0.0,0.25,0.0,0.25,0.0
53713,-1,12.070822,10.444229,0.025,0.975,0.974,0.026,0.0,0.4,0.0,0.6,0.256
96516,-1,10.144398,8.938929,0.923,0.051,0.0,0.0,0.0,0.0,0.0,0.0,0.5
39511,-1,14.261078,7.7964253,0.318,0.636,0.909,0.591,0.0,0.0,0.0,0.2,0.318
241553,-1,15.067635,9.705464,0.047,0.93,0.974,0.718,0.0,0.2,0.4,0.2,0.538
47844,-1,13.279728,8.183652,0.333,0.667,0.87,0.261,0.0,0.2,0.0,0.4,0.217
162479,-1,16.347675,8.333771,0.314,0.686,0.417,0.417,0.0,0.0,1.0,0.0,0.542
205420,-1,16.261864,5.640429,0.844,0.089,0.25,0.25,0.125,0.0,0.0,0.0,0.5
114203,-1,14.93947,4.7043,0.8,0.075,0.0,0.0,0.0,0.944,0.0,0.0,0.333
192908,-1,16.280933,1.1164087,0.481,0.481,0.467,0.333,0.0,0.143,0.143,0.429,0.533
269504,-1,8.008385,11.046534,0.093,0.884,0.711,0.158,0.115,0.269,0.0,0.385,0.079
258235,-1,14.669371,8.522198,0.192,0.731,1.0,0.0,0.643,0.071,0.0,0.0,0.0
223745,-1,14.266066,9.784636,0.1,0.9,0.514,0.029,0.0,0.0,1.0,0.0,0.6
283486,-1,13.706906,3.6468914,0.0,0.972,1.0,0.412,0.167,0.083,0.167,0.083,0.412
73110,-1,17.65836,1.1533695,0.875,0.036,0.0,0.0,0.0,0.5,0.0,0.0,0.5
237485,-1,15.230428,2.8281875,0.333,0.619,0.2,0.36,0.0,0.0,1.0,0.0,0.4
88002,-1,16.1546,3.8252912,0.933,0.044,0.0,0.0,0.0,0.0,0.0,0.0,1.0
167337,-1,15.486469,8.721764,0.13,0.848,0.667,0.19,0.0,0.0,1.0,0.0,0.476
163325,-1,15.387406,2.8307843,0.718,0.205,0.8,0.4,0.0,0.2,0.0,0.2,0.4
108529,-1,17.691692,1.3740169,0.905,0.024,0.0,0.0,0.0,0.0,0.0,0.0,1.0
232134,-1,15.7484255,2.7632298,0.871,0.129,0.0,0.25,0.0,0.0,0.0,1.0,1.0
126188,-1,13.214696,8.178869,0.829,0.171,0.714,0.286,0.0,0.0,1.0,0.0,0.143
48397,-1,15.702119,4.2949886,0.923,0.019,1.0,0.0,0.0,0.0,0.0,0.0,1.0
209096,-1,13.793104,8.125358,0.718,0.282,0.25,0.25,0.0,0.0,0.0,0.0,0.25
62907,6,10.892835,9.438419,0.946,0.027,0.0,0.0,0.0,0.0,0.0,0.667,0.0
93598,-1,17.917294,3.2995288,0.907,0.093,0.0,0.0,0.0,0.222,0.0,0.0,0.0
165141,-1,15.661031,6.2570877,0.791,0.14,0.167,0.0,0.0,0.0,0.0,1.0,0.167
139615,-1,15.655677,9.176266,0.235,0.735,0.75,0.083,0.0,0.333,0.333,0.0,0.375
86325,-1,15.601975,9.107022,0.176,0.794,0.76,0.125,0.0,0.0,0.667,0.333,0.542
45432,-1,14.431033,1.0840614,0.896,0.042,0.0,0.0,0.0,0.0,0.5,0.25,1.0
9891,-1,15.47496,5.3787656,0.87,0.087,0.0,0.0,0.0,0.0,0.0,0.0,0.5
95251,-1,16.54179,2.6431842,0.929,0.018,0.0,0.0,0.0,0.0,0.0,0.0,0.0
98336,-1,14.617237,5.569621,0.265,0.694,0.853,0.176,0.0,0.083,0.0,0.75,0.235
157774,-1,13.663836,2.2815063,0.86,0.023,0.0,0.0,0.375,0.0,0.25,0.0,1.0
57649,4,15.377418,7.455439,0.896,0.104,0.0,0.0,0.0,0.0,0.0,0.0,0.0
268719,-1,12.980944,9.579489,0.364,0.591,0.769,0.0,0.0,0.0,0.0,0.5,0.077
46943,-1,15.115357,4.2907367,0.897,0.077,0.0,0.0,0.538,0.077,0.0,0.0,0.5
283120,-1,13.233739,7.387516,0.78,0.073,0.0,0.0,0.263,0.211,0.053,0.053,0.0
293059,-1,17.528662,1.6703442,0.385,0.577,0.333,0.0,0.0,0.167,0.167,0.167,0.667
123763,-1,12.038799,7.9948397,0.891,0.043,0.0,0.0,0.0,1.0,0.0,0.0,0.0
52389,-1,14.579931,7.5638413,0.452,0.548,0.941,0.353,0.125,0.375,0.125,0.0,0.412
251289,-1,12.907344,7.530655,0.614,0.182,0.143,0.0,0.105,0.053,0.526,0.158,0.143
231523,-1,14.638319,1.2560748,0.838,0.162,0.333,0.5,0.0,0.0,0.0,0.0,0.833
27119,1,16.385458,3.785781,0.652,0.304,0.077,0.231,0.0,0.222,0.778,0.0,0.615
72211,-1,15.417681,5.057333,0.833,0.167,0.0,0.25,0.0,0.0,0.0,0.0,0.5
9862,-1,15.245634,0.42502734,0.933,0.022,0.0,0.0,0.0,0.0,0.0,0.0,0.0
159368,-1,13.16301,6.8602405,0.889,0.044,0.5,0.0,0.083,0.25,0.0,0.667,0.0
151620,-1,15.100185,1.874322,0.932,0.045,0.0,0.0,0.0,0.0,0.0,0.0,1.0
28917,-1,17.837511,3.421582,0.941,0.039,0.0,0.0,1.0,0.0,0.0,0.0,0.0
101119,-1,15.319827,2.5011482,0.83,0.149,0.0,0.4,0.0,0.5,0.0,0.5,0.6
158894,-1,12.206446,8.57067,0.864,0.114,0.2,0.0,0.0,0.0,1.0,0.0,0.2
266407,5,17.611685,0.36432198,0.875,0.062,0.0,0.0,0.0,0.545,0.0,0.0,0.5
207850,-1,14.953016,5.017764,0.848,0.109,0.2,0.2,0.0,0.0,0.0,0.571,0.2
256605,-1,16.057844,9.13907,0.447,0.489,0.609,0.13,0.25,0.25,0.25,0.0,0.217
140271,-1,16.737099,5.050952,0.657,0.286,0.0,1.0,0.0,0.0,0.5,0.0,0.167
24436,-1,16.329487,0.07087156,0.932,0.045,0.0,0.0,0.0,0.0,0.0,0.0,1.0
151839,6,11.731377,9.28149,0.22,0.707,0.821,0.357,0.083,0.083,0.0,0.75,0.143
233963,-1,16.146017,7.19912,0.465,0.512,0.0,0.0,0.0,0.4,0.0,0.2,0.0
195603,-1,12.177916,6.896749,0.87,0.065,0.0,0.0,0.333,0.0,0.0,0.0,0.667
129789,-1,13.63639,3.5287666,0.87,0.13,0.0,0.167,0.0,0.0,0.0,0.0,0.333
186569,-1,14.645316,1.8085834,0.286,0.643,0.971,0.114,0.52,0.0,0.0,0.0,0.571
279694,-1,15.614383,7.486281,0.757,0.216,0.833,0.667,0.5,0.0,0.0,0.167,0.167
46992,-1,15.885929,7.8312173,0.225,0.725,0.619,0.0,0.0,0.333,0.0,0.0,0.476
175874,-1,10.676916,8.478444,0.805,0.146,0.167,0.667,0.0,1.0,0.0,0.0,0.0
262725,-1,12.8490925,7.0558043,0.841,0.068,0.333,0.0,0.769,0.077,0.0,0.038,0.333
83442,-1,15.110182,0.14784859,0.923,0.058,0.333,0.333,0.5,0.2,0.1,0.0,1.0
167555,-1,16.478838,0.6720539,0.792,0.17,0.125,0.0,0.0,0.0,0.0,0.5,0.75
53443,-1,13.89615,7.7201166,0.162,0.784,0.842,0.105,0.0,0.0,0.0,0.0,0.0
14653,1,15.973744,3.3755643,0.791,0.093,0.0,0.0,0.0,0.333,0.0,0.0,0.75
110588,-1,14.73224,3.1821973,0.804,0.157,0.0,0.0,0.316,0.0,0.0,0.0,0.5
232070,-1,15.827127,0.5649519,0.951,0.024,0.0,0.0,0.0,0.0,0.5,0.0,0.0
193667,-1,16.149933,2.1183789,0.969,0.031,0.0,0.0,0.0,0.0,0.0,0.0,0.0
47884,-1,16.004354,9.191159,0.778,0.194,0.571,0.0,0.0,0.0,0.667,0.333,0.429
102845,-1,13.969115,1.870476,0.805,0.122,0.25,0.25,0.0,1.0,0.0,0.0,0.5
263647,-1,14.655415,8.0166025,0.278,0.722,0.0,1.0,0.0,0.0,0.0,0.0,0.0
52066,-1,12.733589,8.822475,0.0,0.964,0.885,0.462,0.522,0.087,0.0,0.217,0.385
170894,-1,14.481756,1.5138732,0.911,0.089,0.25,0.0,0.0,0.4,0.0,0.0,0.75
18931,-1,16.640152,1.0991687,0.875,0.125,0.5,0.0,0.0,0.0,0.0,1.0,0.5
217961,-1,13.699733,8.614782,0.674,0.304,0.3,0.4,0.0,0.0,0.667,0.0,0.6
283534,-1,15.116822,7.1841955,0.027,0.946,1.0,0.667,0.5,0.0,0.0,0.0,0.424
4848,-1,15.8897085,4.303349,0.818,0.159,0.0,0.0,0.0,0.0,0.0,0.0,0.5
53648,-1,16.416656,1.4270477,0.667,0.282,0.2,0.6,0.222,0.333,0.0,0.444,0.4
181670,-1,17.378328,3.1706054,0.625,0.375,0.222,0.111,0.0,0.0,0.5,0.25,0.667
122055,4,16.757229,7.991248,0.438,0.562,0.0,0.0,0.0,0.0,0.0,0.0,0.0
19834,-1,15.770313,3.2741616,0.804,0.065,0.333,0.0,0.0,0.286,0.143,0.143,0.667
238980,-1,15.624634,0.9999741,0.9,0.075,0.0,0.0,0.0,0.333,0.0,0.667,0.333
4773,-1,15.717259,5.1038055,0.619,0.381,0.0,0.0,0.0,0.0,0.0,0.0,0.0
68447,-1,15.150355,1.9899591,0.867,0.044,0.0,0.0,0.4,0.0,0.0,0.0,1.0
250352,6,11.019422,8.910578,0.868,0.053,1.0,0.0,0.0,0.333,0.0,0.0,0.0
185710,-1,17.669546,3.4473326,0.694,0.265,0.0,1.0,0.0,0.0,1.0,0.0,0.0
237319,-1,15.818008,7.487378,0.722,0.278,0.429,0.714,0.0,0.0,0.0,0.5,0.286
79514,-1,16.405546,5.295056,0.581,0.387,0.0,0.0,0.0,0.5,0.0,0.0,0.0
118299,-1,14.317419,9.645255,0.206,0.765,0.909,0.273,0.2,0.0,0.2,0.2,0.091
66725,-1,15.867065,8.988346,0.026,0.949,0.946,0.243,0.0,0.643,0.071,0.143,0.27
60392,-1,15.170422,8.912088,0.488,0.512,0.4,0.2,0.0,0.0,0.0,0.0,0.3
1017,-1,17.363298,3.4581244,0.568,0.405,0.667,0.0,0.0,0.125,0.5,0.25,0.667
231765,-1,16.363216,3.0374968,0.881,0.071,0.0,0.0,0.0,0.0,0.0,0.0,1.0
172645,-1,15.063383,2.6976857,0.922,0.078,0.0,0.0,0.0,0.0,0.0,0.0,0.333
169975,-1,15.792972,0.19497219,0.841,0.114,0.0,0.0,0.167,0.0,0.167,0.0,0.4
87591,-1,14.872059,4.0720644,0.255,0.706,0.441,0.824,0.0,0.333,0.222,0.0,0.735
152549,-1,12.448909,6.480362,0.886,0.023,0.0,0.0,0.2,0.0,0.0,0.0,0.0
130447,-1,14.309939,1.2052901,0.795,0.114,0.0,0.0,0.0,0.0,0.2,0.6,0.4
31876,-1,13.600814,5.671538,0.828,0.121,0.0,0.0,1.0,0.0,0.0,0.0,0.571
203124,6,9.086621,10.155373,0.951,0.049,0.0,0.0,0.0,0.5,0.0,0.5,0.5
244310,6,11.234022,8.821744,0.265,0.647,0.857,0.238,0.0,0.571,0.071,0.214,0.143
255878,6,9.044079,11.551838,0.289,0.605,0.348,0.435,0.0,0.05,0.0,0.65,0.0
139932,-1,11.732503,9.570949,0.571,0.405,0.471,0.294,0.0,0.286,0.0,0.714,0.059
45092,-1,13.505954,5.017154,0.281,0.688,0.125,0.812,0.0,0.188,0.0,0.625,0.25
79894,-1,9.843823,8.740015,0.87,0.043,1.0,0.5,0.0,1.0,0.0,0.0,0.0
90689,-1,15.9598,3.412679,0.634,0.341,0.154,0.923,0.0,0.0,0.333,0.0,0.615
40664,-1,16.548391,4.4119563,0.783,0.174,0.375,0.25,0.0,0.0,1.0,0.0,0.75
93090,-1,16.251635,0.7059785,0.878,0.049,0.5,0.5,0.333,0.0,0.0,0.0,0.5
247548,6,10.11353,10.144833,0.645,0.323,0.5,0.1,0.0,0.5,0.0,0.5,0.0
210887,-1,13.299839,4.645383,0.933,0.044,0.5,0.0,0.0,0.0,0.5,0.0,0.5
222623,-1,16.393524,0.52214116,0.814,0.14,0.167,0.0,0.0,0.0,0.0,0.0,0.5
177169,-1,16.530117,-0.439538,0.918,0.041,1.0,0.0,0.2,0.0,0.0,0.0,0.0
267920,-1,15.085984,1.466255,0.667,0.271,0.538,0.154,0.158,0.053,0.211,0.053,0.615
7311,-1,14.859492,2.0279896,0.564,0.436,0.706,0.294,0.0,0.0,0.0,1.0,0.647
284695,6,9.384525,11.083364,0.341,0.512,0.095,0.286,0.0,0.208,0.0,0.667,0.143
125734,-1,10.132835,9.276483,0.896,0.021,0.0,0.0,0.0,0.0,0.0,0.0,0.0
678,4,15.819383,7.249584,0.528,0.444,0.0,0.0,0.0,0.0,0.0,0.0,0.0
272428,-1,14.243968,2.375259,0.658,0.263,0.5,0.5,0.167,0.333,0.0,0.333,0.0
18996,-1,16.034681,7.329401,0.818,0.182,0.0,0.5,0.0,0.0,0.0,0.0,0.0
11119,6,8.788864,11.253886,0.026,0.947,0.909,0.424,0.0,0.176,0.0,0.529,0.091
31334,-1,12.1808,7.2772555,0.42,0.54,0.32,0.28,0.05,0.1,0.7,0.05,0.6
141979,-1,14.811937,1.737883,0.935,0.022,0.0,0.0,0.333,0.667,0.0,0.0,1.0
188925,-1,16.545315,5.3314295,0.755,0.184,0.0,0.0,0.0,0.0,0.0,0.0,0.333
164550,-1,14.779412,3.357704,0.8,0.2,0.143,0.0,0.0,0.0,1.0,0.0,0.714
49882,-1,17.316431,1.7774221,0.848,0.13,0.0,0.2,0.0,0.5,0.0,0.25,0.2
258936,-1,10.999665,9.444622,0.694,0.265,0.615,0.077,0.2,0.0,0.0,0.0,0.0
204768,-1,14.241275,7.349721,0.886,0.091,0.0,0.0,0.667,0.333,0.0,0.0,0.5
71249,-1,15.922621,5.2488766,0.915,0.064,0.0,0.0,0.125,0.625,0.0,0.0,0.333
223154,-1,11.569901,10.654083,0.088,0.912,0.968,0.29,0.0,0.286,0.286,0.429,0.129
269129,-1,12.581094,8.330179,0.057,0.914,1.0,0.5,0.667,0.0,0.0,0.0,0.281
138287,-1,9.859762,9.548617,0.583,0.389,0.786,0.429,0.0,0.286,0.0,0.429,0.0
135389,-1,16.307438,1.6405681,0.833,0.119,0.0,0.0,0.667,0.0,0.0,0.0,0.75
247350,4,16.733894,1.2791154,0.516,0.452,0.786,0.429,0.0,0.5,0.167,0.0,0.214
181521,-1,17.746958,1.8515484,0.881,0.071,0.333,0.0,0.0,0.5,0.0,0.0,0.667
69028,-1,15.782789,0.48390833,0.66,0.298,0.0,0.143,0.632,0.0,0.0,0.053,0.286
82663,-1,15.91199,0.5966009,0.854,0.073,0.5,0.5,0.25,0.0,0.0,0.0,0.5
195572,-1,13.99503,2.6052077,0.289,0.689,0.0,1.0,0.0,0.0,0.5,0.5,0.0
26572,-1,17.41894,4.0423865,0.514,0.457,0.4,0.8,0.0,0.0,0.0,0.6,0.6
260792,-1,14.328188,1.635762,0.864,0.091,0.333,0.333,0.0,0.0,0.0,0.0,0.333
102753,-1,14.597304,8.508606,0.312,0.594,0.6,0.067,0.0,0.333,0.667,0.0,0.467
193935,-1,14.599148,3.9691114,0.433,0.567,0.353,0.118,0.0,0.357,0.643,0.0,0.529
218074,6,10.956615,9.54077,0.27,0.73,0.926,0.185,0.0,0.4,0.0,0.2,0.0
287327,-1,17.462666,2.9109979,0.854,0.104,0.0,0.0,0.0,0.0,0.0,0.0,0.4
251112,6,9.9139185,9.903935,0.265,0.676,0.0,0.0,0.75,0.0,0.0,0.0,0.0
219480,-1,13.849646,3.0831506,0.81,0.119,0.0,0.0,0.333,0.0,0.0,0.0,0.5
34031,-1,17.095388,-0.06344495,0.841,0.091,0.0,0.0,0.0,0.0,0.0,0.333,0.75
203701,-1,16.652485,3.1627922,0.439,0.537,0.056,0.778,0.0,0.0,1.0,0.0,0.765
95352,-1,13.177292,5.8973713,0.152,0.848,0.763,0.526,0.5,0.25,0.0,0.094,0.0
232912,-1,15.442842,1.1802328,0.78,0.195,0.143,0.0,0.0,0.0,1.0,0.0,0.429
142237,-1,16.377995,2.7986264,0.822,0.111,0.0,0.0,0.4,0.0,0.0,0.0,0.4
256244,-1,16.81649,-0.35061604,0.851,0.085,0.0,0.0,0.2,0.0,0.0,0.0,0.333
191853,6,10.220871,9.039017,0.909,0.023,0.0,0.0,0.0,0.333,0.0,0.333,0.0
94542,-1,15.507592,0.9881571,0.75,0.222,0.333,0.5,0.0,0.0,0.0,0.0,0.333
94723,-1,14.388773,4.4561234,0.085,0.894,0.585,0.878,0.0,0.0,0.857,0.048,0.488
108816,-1,15.334123,2.9646645,0.737,0.211,0.25,0.125,0.839,0.0,0.0,0.032,0.625
157910,6,10.543566,9.903455,0.732,0.268,0.727,0.273,0.0,0.333,0.333,0.0,0.091
89404,-1,13.537737,4.618816,0.542,0.438,0.118,0.647,0.0,0.2,0.6,0.2,0.588
157991,-1,12.988688,5.7316494,0.9,0.08,0.0,0.5,0.0,0.0,0.0,0.0,0.0
132281,-1,15.039752,3.9555624,0.079,0.921,0.853,0.941,0.0,0.0,1.0,0.0,0.794
268815,-1,14.429893,8.34657,0.297,0.676,1.0,0.0,0.0,0.0,0.0,0.0,0.0
213611,-1,17.528631,1.3473474,0.756,0.111,0.0,0.0,0.4,0.0,0.033,0.0,0.4
276175,-1,15.46249,9.005516,0.0,0.98,1.0,0.78,0.0,0.5,0.0,0.0,0.6
19390,-1,10.5495,8.850843,0.071,0.929,0.769,0.641,0.0,0.182,0.182,0.455,0.282
218815,-1,14.051375,4.385357,0.026,0.974,1.0,0.568,0.0,0.5,0.0,0.5,0.432
245075,-1,14.881373,7.0864496,0.778,0.178,0.0,0.0,0.1,0.1,0.5,0.0,0.714
71719,-1,17.740583,2.7570987,0.948,0.0,0.0,0.0,0.0,0.0,0.0,0.0,0.0
225028,-1,10.913703,8.595929,0.875,0.042,0.0,0.0,0.0,0.0,0.0,0.0,0.0
169532,-1,16.867233,8.066184,0.683,0.293,0.375,0.0,0.174,0.13,0.0,0.304,0.25
77410,-1,14.091837,3.7080941,0.816,0.184,0.5,0.0,0.0,0.0,0.0,0.0,1.0
123115,-1,13.109784,9.369012,0.394,0.576,0.333,0.389,0.0,0.0,0.857,0.0,0.611
58209,-1,15.219365,0.4382538,0.667,0.306,0.111,1.0,0.0,1.0,0.0,0.0,0.222
230243,-1,16.652916,5.34459,0.732,0.22,0.0,0.0,0.0,0.0,0.0,0.0,0.5
48053,-1,13.963213,3.8372552,0.83,0.106,0.0,0.0,0.0,0.0,0.5,0.0,0.6
253924,-1,12.98402,10.172826,0.326,0.651,0.583,0.0,0.0,0.0,0.0,0.4,0.042
1520,-1,15.862305,3.2554479,0.14,0.86,0.0,1.0,0.048,0.0,0.524,0.0,0.667
14203,-1,16.05112,3.7471945,0.83,0.085,0.0,0.25,0.357,0.071,0.143,0.071,0.0
153456,-1,10.168343,8.931806,0.818,0.136,0.167,0.0,0.2,0.0,0.6,0.2,0.5
259531,-1,10.915682,10.084186,0.571,0.343,0.444,0.111,0.0,0.667,0.0,0.333,0.0
223663,-1,16.231993,1.5488492,0.897,0.103,0.0,0.0,0.0,0.0,0.0,0.0,0.5
225622,-1,14.315815,3.840032,0.854,0.098,0.0,1.0,0.0,0.0,1.0,0.0,1.0
247466,-1,16.343552,8.455965,0.406,0.531,0.75,0.0,0.0,0.0,0.0,0.0,0.25
212329,-1,15.837956,4.0386024,0.925,0.025,1.0,1.0,1.0,0.0,0.0,0.0,0.0
140229,6,14.43529,3.1762738,0.2,0.725,0.586,0.69,0.0,0.0,0.667,0.167,0.207
292250,-1,14.413105,1.2581285,0.744,0.231,0.444,0.667,0.0,0.667,0.0,0.167,0.444
94711,6,9.042784,9.979415,0.591,0.364,0.438,0.125,0.0,0.429,0.0,0.429,0.625
198667,-1,16.289545,4.1831336,0.907,0.07,0.0,0.0,0.0,0.5,0.0,0.0,0.667
212752,-1,12.717686,7.5512743,0.81,0.095,0.0,0.0,0.0,0.143,0.0,0.571,0.0
128653,-1,12.652346,8.992522,0.857,0.143,0.5,0.167,0.0,0.0,0.0,0.0,0.0
121057,-1,17.961311,3.9969034,0.784,0.176,0.0,0.0,0.0,0.353,0.0,0.0,1.0
120420,-1,16.238455,6.619878,0.0,1.0,1.0,0.925,0.125,0.25,0.375,0.0,0.575
63657,-1,15.624256,9.287018,0.317,0.634,0.36,0.08,0.038,0.0,0.846,0.0,0.8
60805,-1,14.913454,0.4986474,0.848,0.061,0.0,0.0,0.0,0.0,0.0,1.0,1.0
149297,-1,16.780851,8.098355,0.932,0.045,0.0,0.0,0.0,0.0,0.0,0.0,0.0
254732,-1,17.666676,3.4919057,0.316,0.605,0.0,0.0,0.5,0.0,0.0,0.0,0.0
59058,-1,17.162844,2.465589,0.93,0.023,1.0,0.0,0.0,0.0,0.0,0.0,1.0
155393,-1,15.898209,9.185187,0.644,0.356,0.667,0.067,0.0,0.333,0.333,0.333,0.4
282054,-1,14.10164,3.35922,0.739,0.217,0.889,0.111,0.0,0.75,0.0,0.0,0.444
28192,6,8.26557,11.239476,0.727,0.136,0.167,0.167,0.0,0.125,0.0,0.625,0.333
96423,6,9.065794,9.648327,0.955,0.023,1.0,0.0,0.0,0.5,0.0,0.0,0.0
125013,-1,17.501532,2.3421087,0.92,0.06,0.333,0.0,0.0,0.0,0.0,0.0,0.667
94469,-1,16.255613,4.4719257,0.821,0.077,0.5,0.0,0.0,0.25,0.25,0.25,1.0
42275,-1,15.012837,2.918391,0.857,0.061,0.0,0.0,0.0,0.0,0.0,0.0,0.333
34722,-1,14.255523,2.4760556,0.625,0.35,0.0,0.0,0.0,0.333,0.0,0.333,0.0
229968,-1,13.346614,6.2408485,0.867,0.067,0.333,0.0,0.0,0.333,0.0,0.333,0.0
113875,-1,13.796495,3.071285,0.927,0.024,0.0,0.0,0.0,0.0,0.0,0.0,0.5
115216,-1,17.38318,3.4502954,0.692,0.154,0.0,0.0,0.633,0.0,0.0,0.0,0.333
253257,6,9.914884,11.00019,0.515,0.424,0.429,0.0,0.0,0.0,0.0,1.0,0.0
181757,-1,12.0066595,8.675174,0.212,0.667,0.591,0.045,0.0,0.333,0.333,0.0,0.136
75892,-1,16.244865,5.7236443,0.929,0.0,0.0,0.0,0.0,0.0,0.0,0.0,0.0
156643,-1,13.896515,1.734932,0.872,0.128,0.0,0.0,0.0,0.0,0.0,0.0,0.2
128051,-1,17.746336,3.0153203,0.93,0.07,0.0,0.0,0.0,0.5,0.0,0.0,0.5
165680,-1,14.615485,5.6389923,0.818,0.182,0.0,0.0,0.333,0.0,0.0,0.0,0.8
164475,-1,14.442168,1.3246489,0.762,0.214,0.125,0.0,0.0,0.0,0.0,0.0,0.0
182445,1,16.654318,2.53046,0.878,0.082,0.0,0.0,0.0,0.143,0.0,0.0,0.75
97389,-1,14.853431,8.670244,0.108,0.892,0.97,0.636,0.0,1.0,0.0,0.0,0.273
245487,-1,16.429623,7.774579,0.59,0.41,0.5,0.0,0.0,0.667,0.0,0.0,0.0
85283,-1,16.715464,0.81513155,0.865,0.077,0.0,0.0,0.0,0.0,0.0,0.0,0.75
201547,-1,12.234892,8.394521,0.676,0.216,0.25,0.125,0.071,0.071,0.0,0.0,0.5
121904,-1,11.016836,10.543551,0.17,0.83,0.914,0.114,0.0,0.0,1.0,0.0,0.229
18453,4,16.435291,1.0141988,0.814,0.14,0.167,0.167,0.25,0.0,0.5,0.0,0.167
10758,3,17.425093,5.203934,0.86,0.07,0.0,0.0,0.0,0.2,0.0,0.4,0.333
129202,-1,15.199691,2.11087,0.85,0.1,0.0,0.5,0.0,0.0,0.0,0.0,0.5
165382,6,10.975923,8.507773,0.683,0.293,0.667,0.0,0.0,0.25,0.0,0.5,0.0
74497,6,8.951661,11.393978,0.222,0.722,1.0,0.68,0.222,0.111,0.0,0.667,0.08
120844,6,10.849664,9.904414,0.413,0.522,0.875,0.0,0.143,0.143,0.143,0.286,0.042
84678,-1,12.73319,6.1493607,0.559,0.412,0.714,0.571,0.083,0.083,0.25,0.25,0.143
154756,-1,14.396072,3.4863853,0.809,0.149,0.429,0.0,0.0,0.0,1.0,0.0,0.857
57514,0,13.727196,1.6183883,0.795,0.091,0.0,0.0,0.0,0.0,0.2,0.0,0.667
264707,-1,12.484303,9.301147,0.273,0.667,0.909,0.545,0.0,0.0,0.5,0.0,0.091
100837,-1,13.933921,7.3014355,0.512,0.463,0.1,0.1,0.0,0.214,0.286,0.429,0.8
164230,-1,12.697199,8.121666,0.591,0.409,0.75,0.5,0.25,0.0,0.0,0.05,0.25
178316,-1,13.23831,3.9797184,0.827,0.096,0.0,0.0,0.25,0.0,0.0,0.125,0.6
88047,-1,17.378609,2.0555303,0.907,0.056,0.0,0.0,0.0,0.0,0.0,0.0,0.667
91398,-1,15.418478,1.3123341,0.512,0.465,0.474,0.421,0.071,0.143,0.429,0.071,0.526
234497,5,17.212893,-0.30523282,0.733,0.022,0.0,0.0,0.0,0.0,0.25,0.0,0.0
153690,-1,14.625409,5.8122396,0.877,0.07,0.25,0.0,0.0,0.5,0.0,0.5,0.0
133819,-1,15.708399,6.2891507,0.865,0.096,0.2,0.2,0.125,0.125,0.0,0.125,0.0
172823,-1,15.814313,3.0683188,0.826,0.109,0.2,0.2,0.667,0.0,0.0,0.028,0.8
141452,-1,17.452902,2.8494256,0.943,0.029,0.0,0.0,0.0,0.0,0.0,0.0,1.0
26137,-1,13.80203,8.279218,0.673,0.291,0.0,0.143,0.0,0.0,0.0,0.25,0.143
94246,-1,13.904788,3.1992657,0.841,0.136,0.0,0.167,0.0,1.0,0.0,0.0,0.333
78302,-1,13.4300375,3.0482795,0.865,0.108,0.0,0.0,0.0,0.0,0.667,0.0,0.5
37900,-1,14.27011,3.802487,0.581,0.349,0.333,0.0,0.071,0.071,0.0,0.714,0.333
239839,-1,14.51884,1.7697107,0.342,0.658,0.435,0.565,0.0,0.067,0.733,0.0,0.696
81907,-1,17.528856,4.8214693,0.854,0.146,0.25,0.25,0.0,0.0,0.0,0.0,0.0
137108,-1,13.024795,6.89623,0.826,0.109,0.4,0.0,0.0,0.2,0.0,0.8,0.4
192939,-1,17.03897,3.4021575,0.841,0.136,0.333,0.0,0.0,0.333,0.333,0.0,0.333
170041,6,10.269007,8.758271,0.932,0.045,0.0,0.0,0.0,0.5,0.0,0.5,0.0
278763,-1,12.87011,7.5093956,0.9,0.08,0.0,0.0,0.0,0.0,0.0,1.0,0.0
90161,-1,13.938788,2.2868505,0.533,0.422,0.278,0.889,0.0,0.0,0.667,0.0,0.944
18792,-1,16.831818,8.099525,0.262,0.714,0.0,0.0,0.0,0.0,1.0,0.0,0.0
179821,-1,15.789802,0.6935827,0.854,0.073,0.0,0.0,0.0,0.0,0.0,1.0,1.0
165682,4,16.60522,7.3186746,0.342,0.632,1.0,1.0,0.0,0.0,0.0,0.0,0.0
162881,-1,14.908401,1.9934795,0.898,0.082,0.25,0.0,0.0,0.0,0.571,0.0,1.0
95836,-1,17.397821,1.4115393,0.829,0.098,0.0,0.0,0.562,0.0,0.062,0.062,0.333
126288,-1,16.565113,6.50609,0.8,0.171,0.0,0.0,0.0,0.333,0.333,0.0,0.0
136740,-1,16.217402,7.169221,0.917,0.083,0.0,0.0,0.0,0.0,0.667,0.0,0.5
150447,6,12.25797,7.9038854,0.58,0.34,0.812,0.188,0.0,0.0,0.2,0.4,0.125
183687,3,17.316584,4.84997,0.864,0.114,0.333,0.333,0.5,0.5,0.0,0.0,1.0
195288,-1,16.494654,-0.031373512,0.833,0.104,0.2,0.0,0.0,1.0,0.0,0.0,0.4
253009,-1,15.761523,9.118258,0.255,0.638,0.8,0.067,0.0,0.429,0.143,0.286,0.367
69906,-1,15.348219,8.868539,0.758,0.212,0.333,0.0,0.0,1.0,0.0,0.0,0.0
153576,-1,14.950351,2.6118228,0.833,0.119,0.0,0.2,0.0,0.0,0.0,0.0,0.4
87043,-1,17.454248,5.3827205,0.608,0.333,0.0,0.0,0.0,0.5,0.0,0.5,0.0
153400,-1,13.814434,5.706558,0.159,0.841,0.972,0.167,0.0,0.75,0.0,0.25,0.361
27124,-1,14.669213,1.9225775,0.027,0.973,0.941,0.588,0.0,0.333,0.167,0.167,0.455
55240,6,9.074871,11.5179615,0.0,1.0,0.919,0.324,0.062,0.188,0.0,0.5,0.081
286480,-1,14.743178,7.139896,0.857,0.122,0.0,0.0,0.0,0.5,0.5,0.0,0.0
258407,6,9.368226,11.079424,0.024,0.929,1.0,0.692,0.0,0.333,0.0,0.0,0.051
22504,6,12.963807,5.66055,0.043,0.935,0.976,0.39,0.143,0.429,0.143,0.286,0.317
195560,-1,14.063772,8.537598,0.816,0.158,0.833,0.0,0.0,0.25,0.25,0.25,0.0
193380,-1,17.73703,2.168854,0.949,0.051,0.5,0.0,1.0,0.0,0.0,0.0,0.5
31965,-1,15.468941,3.7723982,0.842,0.105,0.0,0.0,0.167,0.0,0.167,0.0,0.5
53398,-1,17.885824,3.00725,0.778,0.133,0.0,0.0,0.615,0.0,0.0,0.0,0.667
190710,-1,16.916513,7.5417075,0.1,0.9,0.0,1.0,0.0,0.0,0.25,0.0,0.0
267249,4,16.818045,7.0706472,0.432,0.486,0.0,0.0,0.111,0.222,0.0,0.111,0.0
175031,-1,16.896954,4.5620074,0.642,0.358,1.0,0.5,0.667,0.048,0.048,0.0,0.5
260020,6,9.388199,11.002971,0.707,0.244,0.2,0.4,0.154,0.154,0.0,0.462,0.0
101406,-1,13.743039,7.1134205,0.109,0.87,0.947,0.789,0.4,0.2,0.0,0.2,0.105
168807,-1,13.334674,3.520334,0.756,0.178,0.375,0.625,0.0,0.5,0.0,0.0,0.125
260051,6,11.572823,9.273212,0.161,0.71,0.909,0.227,0.0,0.2,0.0,0.5,0.045
245992,6,15.752889,2.3632507,0.886,0.045,1.0,0.0,0.0,0.0,0.0,0.0,1.0
137907,-1,12.775565,7.534625,0.37,0.609,0.5,0.5,0.0,0.0,0.0,0.0,0.0
40838,-1,16.304558,8.504797,0.098,0.878,0.944,0.083,0.0,0.417,0.083,0.5,0.222
102113,-1,14.796141,4.648144,0.705,0.273,0.182,0.091,0.286,0.0,0.0,0.0,0.455
276889,-1,15.8355665,0.35894132,0.857,0.119,0.0,0.0,0.0,0.2,0.0,0.2,0.4
262379,-1,13.4048605,8.14015,0.861,0.111,0.0,0.0,0.0,0.0,0.0,1.0,0.0
43853,-1,12.149939,7.545829,0.795,0.045,0.0,0.0,0.0,0.0,0.0,0.5,0.5
193950,-1,17.31681,5.6590753,0.22,0.756,0.0,0.0,0.0,0.5,0.0,0.0,0.0
124253,-1,14.903878,3.1321905,0.872,0.085,0.25,0.0,0.0,0.5,0.0,0.5,0.25
166766,-1,15.429688,9.373362,0.814,0.169,0.0,0.125,0.0,0.0,1.0,0.0,0.5
128667,-1,15.048597,0.88655734,0.95,0.05,0.0,0.0,0.0,0.0,1.0,0.0,0.0
293851,-1,16.823263,8.458277,0.343,0.571,0.632,0.158,0.0,0.5,0.083,0.25,0.368
28587,-1,14.808219,0.87145424,0.842,0.079,0.0,0.0,0.308,0.0,0.0,0.0,1.0
245997,-1,13.923403,7.9728947,0.735,0.206,0.286,0.286,0.0,0.5,0.0,0.0,0.286
22786,-1,13.245993,9.928957,0.04,0.96,1.0,0.042,0.0,0.333,0.0,0.0,0.292
194371,-1,9.488215,9.271856,0.674,0.261,0.0,0.0,0.515,0.061,0.0,0.03,0.3
14009,-1,15.760865,8.099069,0.65,0.325,1.0,0.0,0.0,0.0,0.0,0.0,0.0
57279,-1,13.964951,9.854473,0.074,0.926,1.0,0.2,0.0,0.2,0.4,0.2,0.52
223086,-1,16.543236,7.375611,0.488,0.439,0.0,0.0,0.0,0.0,0.0,0.0,1.0
273309,-1,15.553827,7.504413,0.325,0.675,0.5,0.0,0.125,0.062,0.0,0.312,0.167
108118,-1,15.283867,0.39253318,0.917,0.062,0.333,0.0,0.0,0.0,0.667,0.333,0.333
122596,-1,13.751646,10.173853,0.0,1.0,1.0,0.932,0.0,0.667,0.0,0.333,0.227
128607,6,14.510383,4.1358294,0.61,0.366,0.357,0.0,0.795,0.0,0.0,0.103,0.5
258108,-1,10.318804,9.014038,0.73,0.27,0.0,0.0,0.0,0.0,0.0,0.167,0.0
57377,-1,13.442389,3.8952408,0.886,0.068,0.333,0.0,0.0,0.0,0.0,0.333,0.333
49142,6,10.091893,10.893287,0.366,0.61,0.375,0.333,0.043,0.087,0.0,0.826,0.083
45143,-1,16.234228,4.1627674,0.935,0.043,0.0,0.0,0.0,0.4,0.0,0.2,0.0
58112,-1,12.359725,7.4491057,0.929,0.071,0.0,0.0,0.0,1.0,0.0,0.0,0.0
93448,-1,15.297303,8.902264,0.805,0.195,0.143,0.143,0.333,0.0,0.667,0.0,0.143
49058,-1,14.595903,5.332243,0.368,0.605,0.136,0.591,0.062,0.0,0.938,0.0,0.364
123288,-1,13.631016,9.906933,0.532,0.468,0.474,0.0,0.105,0.0,0.368,0.0,0.053
238941,-1,12.902696,9.746568,0.645,0.355,0.636,0.091,0.0,0.143,0.143,0.714,0.091
113741,-1,14.815972,0.7889871,0.902,0.098,0.0,0.0,0.333,0.0,0.167,0.333,0.25
136269,-1,14.819555,7.9833317,0.119,0.881,0.919,0.432,0.0,0.0,0.0,1.0,0.27
31559,4,15.172982,7.7956467,0.553,0.421,0.889,0.333,1.0,0.0,0.0,0.0,0.111
175561,-1,17.522652,2.8072543,0.915,0.085,0.25,0.25,0.286,0.143,0.0,0.143,0.5
121884,-1,16.246994,0.9971902,0.707,0.22,0.0,0.0,0.0,0.0,0.0,0.0,0.0
187931,-1,15.173007,0.91444665,0.83,0.094,0.0,0.0,0.643,0.0,0.0,0.0,0.6
272143,-1,13.253444,9.294228,0.372,0.558,0.739,0.043,0.0,0.2,0.0,0.8,0.087
100102,-1,17.563532,3.2440615,0.872,0.128,0.0,0.0,0.0,0.083,0.0,0.583,0.333
181891,3,17.299707,5.127517,0.956,0.022,0.0,0.0,0.0,0.0,0.0,0.0,0.0
269522,-1,9.911623,9.868662,0.382,0.588,0.632,0.053,0.143,0.214,0.071,0.214,0.053
123528,-1,16.35854,2.5101266,0.886,0.068,0.333,0.333,0.0,0.0,0.0,0.5,0.667
232248,-1,17.26428,5.078001,0.868,0.079,0.667,0.333,0.0,0.5,0.0,0.0,0.333
44064,-1,13.557007,8.588423,0.75,0.25,0.333,0.0,0.111,0.111,0.111,0.111,0.333
246713,6,8.794092,10.712528,0.381,0.548,0.304,0.217,0.03,0.091,0.0,0.727,0.0
171153,-1,12.359317,7.8778253,0.667,0.238,0.0,0.0,0.0,0.5,0.0,0.5,0.0
61246,-1,16.44566,3.9591427,0.913,0.043,0.0,0.0,0.0,0.0,0.0,0.0,1.0
78766,-1,15.747456,3.7854145,0.81,0.159,0.333,0.0,0.059,0.118,0.059,0.059,0.444
178008,-1,16.168804,0.7587016,0.933,0.022,0.0,0.0,0.125,0.0,0.0,0.125,1.0
25238,-1,13.04726,8.938319,0.723,0.234,0.455,0.0,0.071,0.071,0.071,0.429,0.091
160122,-1,17.746592,4.0452037,0.839,0.143,0.25,0.0,0.2,0.0,0.0,0.4,0.25
40062,-1,16.942665,4.927107,0.953,0.047,0.5,0.0,0.2,0.0,0.0,0.0,0.0
14162,-1,14.431579,6.1515136,0.905,0.048,0.5,0.5,0.0,0.333,0.0,0.0,0.5
217825,-1,11.479171,10.681436,0.048,0.952,0.794,0.118,0.053,0.263,0.368,0.263,0.147
59437,-1,17.857962,3.0958295,0.88,0.1,0.0,0.25,0.0,0.5,0.0,0.0,0.5
5121,-1,14.425512,1.7870761,0.829,0.171,0.0,0.0,1.0,0.0,0.0,0.0,0.0
253761,-1,16.527071,-0.19376689,0.884,0.023,0.0,0.0,0.526,0.0,0.0,0.105,1.0
236111,-1,18.12097,3.4366553,0.933,0.067,0.0,0.0,0.333,0.0,0.0,0.0,0.5
169892,6,8.519904,10.94196,0.696,0.283,0.154,0.154,0.238,0.095,0.0,0.048,0.462
109834,-1,15.760249,3.0825875,0.891,0.087,0.0,0.0,0.0,0.5,0.0,0.0,0.5
223383,-1,14.772533,3.1997585,0.841,0.091,0.0,0.25,0.0,0.0,0.0,0.0,0.0
207406,-1,15.010387,8.178256,0.438,0.531,0.875,0.062,0.0,0.0,0.0,0.5,0.188
66674,-1,16.602945,6.646662,0.259,0.741,0.762,0.524,0.062,0.188,0.062,0.0,0.381
16253,-1,15.379043,4.7506003,0.85,0.125,0.0,0.0,0.333,0.0,0.0,0.0,0.2
208117,-1,13.51751,1.806124,0.703,0.135,0.0,0.0,0.0,0.5,0.0,0.0,0.6
10386,-1,13.208809,8.590892,0.929,0.048,0.0,0.0,0.0,0.0,0.0,0.5,0.0
36570,-1,15.0766115,7.357808,0.814,0.163,0.143,0.0,0.0,1.0,0.0,0.0,0.571
184855,-1,15.469916,4.2727365,0.556,0.4,0.294,0.294,0.0,0.0,0.875,0.062,0.647
154048,-1,13.784131,1.7736863,0.837,0.093,0.0,0.0,0.0,0.0,0.0,0.0,0.5
124504,-1,13.926743,4.6791325,0.689,0.244,0.727,0.182,0.0,0.429,0.0,0.429,0.0
234553,-1,14.425114,4.3086348,0.038,0.904,0.357,0.929,0.0,0.0,1.0,0.0,0.429
23831,-1,13.492739,6.4887586,0.72,0.24,0.818,0.0,0.083,0.25,0.0,0.083,0.091
138401,-1,15.346161,1.0270634,0.725,0.25,0.0,0.0,0.273,0.091,0.091,0.0,0.0
241134,-1,14.391169,1.1612468,0.787,0.17,0.0,0.25,0.0,0.0,0.0,1.0,0.75
12950,-1,15.270822,4.8684115,0.345,0.621,0.222,0.722,0.0,0.214,0.786,0.0,0.778
241630,-1,15.21446,3.922954,0.92,0.04,0.0,0.0,0.0,0.0,0.5,0.0,1.0
74839,-1,13.104745,8.871596,0.746,0.175,0.545,0.273,0.387,0.065,0.0,0.032,0.182
194904,-1,13.556425,1.7125722,0.638,0.17,0.143,0.143,0.333,0.0,0.0,0.0,0.714
229065,6,10.71348,9.410037,0.444,0.511,0.957,0.087,0.182,0.091,0.091,0.364,0.087
141207,6,12.016769,8.475799,0.051,0.923,0.972,0.25,0.0,0.5,0.0,0.333,0.0
13857,-1,13.912481,8.130531,0.833,0.133,0.0,0.0,0.0,0.0,0.0,0.0,0.75
114648,-1,13.891978,8.475349,0.824,0.118,0.0,0.0,0.0,0.0,0.0,0.0,0.0
259021,6,8.231222,11.228032,0.632,0.342,0.231,0.0,0.458,0.042,0.0,0.208,0.0
226352,-1,16.997807,7.933498,0.756,0.244,0.2,0.0,0.5,0.0,0.0,0.0,0.0
15767,-1,16.972572,5.499588,0.868,0.079,0.0,0.0,0.0,0.0,0.0,0.333,0.0
271323,6,9.466913,11.146214,0.25,0.639,0.5,0.5,0.0,0.286,0.0,0.619,0.091
228666,-1,16.489193,5.888923,0.698,0.279,0.4,0.8,0.0,0.5,0.0,0.25,0.4
74604,-1,10.059244,10.445113,0.816,0.184,0.167,0.333,0.125,0.125,0.0,0.625,0.667
98948,6,14.439586,3.1648233,0.86,0.14,0.0,0.0,0.0,0.0,0.0,0.0,0.75
220406,-1,14.580004,9.606934,0.732,0.196,0.182,0.091,0.6,0.0,0.0,0.0,0.273
75929,-1,16.363913,5.8428125,0.872,0.103,0.333,0.0,1.0,0.0,0.0,0.0,0.0
34975,-1,15.87656,5.1817484,0.857,0.102,0.0,0.0,0.0,0.0,0.0,0.0,0.2
255689,-1,12.229412,9.582884,0.462,0.487,0.684,0.368,0.0,0.444,0.111,0.222,0.105
41708,-1,10.54109,10.524292,0.048,0.952,0.975,0.075,0.0,0.667,0.0,0.167,0.1
54426,-1,17.28765,4.3924704,0.667,0.25,0.556,0.889,0.0,0.273,0.455,0.0,0.556
39358,-1,17.023457,1.3973619,0.805,0.171,0.143,0.0,0.111,0.111,0.0,0.333,0.429
137520,-1,17.12445,2.249377,0.865,0.077,0.333,0.0,0.0,0.0,0.0,0.5,0.0
266131,-1,12.579866,8.772336,0.212,0.758,0.913,0.043,0.222,0.111,0.111,0.222,0.087
194659,4,16.842375,7.2500134,0.5,0.45,0.0,0.0,0.0,0.0,0.0,0.0,0.0
186307,6,8.373446,11.297566,0.14,0.837,0.484,0.452,0.0,0.069,0.069,0.379,0.226
31318,-1,17.482084,4.9650493,0.881,0.048,0.0,0.0,0.0,0.333,0.0,0.0,0.5
19487,-1,13.737535,7.551476,0.109,0.87,0.974,0.658,0.125,0.25,0.125,0.375,0.526
102236,-1,17.453188,2.1531563,0.674,0.217,0.0,0.0,0.41,0.051,0.0,0.0,1.0
126748,-1,16.787312,-0.05779756,0.75,0.125,0.0,0.0,0.333,0.0,0.0,0.111,0.8
150054,-1,13.18449,9.98399,0.0,1.0,1.0,0.093,0.333,0.0,0.0,0.667,0.326
191218,-1,14.152337,6.4082155,0.783,0.13,0.5,0.333,0.0,0.588,0.0,0.235,0.333
120280,-1,14.239102,4.5122776,0.486,0.486,0.588,0.118,0.0,0.5,0.5,0.0,0.765
219857,-1,14.393282,9.779018,0.0,1.0,1.0,0.769,0.333,0.0,0.333,0.0,0.103
165473,6,10.273016,10.001207,0.659,0.293,0.0,0.0,0.143,0.714,0.0,0.143,0.0
3441,-1,15.582752,4.982579,0.872,0.064,0.0,0.0,0.2,0.0,0.0,0.0,0.667
171343,0,13.695049,1.4458734,0.868,0.053,0.5,0.0,0.0,0.0,0.0,0.0,0.5
103164,3,16.981743,5.30787,0.918,0.082,0.0,0.0,0.0,0.0,0.0,1.0,0.5
167457,-1,13.142436,4.4741287,0.86,0.07,0.667,0.0,0.0,0.333,0.0,0.667,0.0
107637,-1,15.365701,3.1086688,0.604,0.375,0.467,0.0,0.0,0.077,0.231,0.154,0.467
121420,-1,14.91977,5.79745,0.857,0.119,0.0,0.0,0.0,0.0,0.0,0.0,0.0
234377,-1,12.782195,6.1199393,0.36,0.6,0.667,0.667,0.0,0.0,0.1,0.5,0.0
29878,-1,14.670676,5.8703504,0.854,0.098,0.0,0.0,0.167,0.5,0.0,0.0,0.25
105823,6,10.358796,9.153668,0.0,0.975,1.0,0.711,0.0,0.75,0.0,0.0,0.342
195042,-1,15.950052,5.869938,0.951,0.033,0.0,0.0,0.0,0.333,0.0,0.167,0.5
251250,-1,14.95402,8.056235,0.889,0.044,0.0,0.0,0.158,0.474,0.053,0.0,0.0
144546,-1,14.808219,0.83260083,0.909,0.045,0.0,0.0,0.143,0.143,0.0,0.0,0.0
151826,-1,14.444032,3.3581924,0.746,0.254,0.077,0.385,0.0,0.0,0.25,0.0,0.462
55739,-1,15.361259,1.3095345,0.886,0.057,0.0,0.0,0.0,0.0,0.0,1.0,0.5
96492,-1,14.287643,9.831253,0.0,0.971,1.0,0.212,0.0,0.818,0.0,0.091,0.485
44205,-1,14.446043,9.697803,0.14,0.837,0.441,0.618,0.0,0.0,1.0,0.0,0.588
214429,-1,16.81215,7.9816666,0.111,0.889,0.0,0.0,0.0,0.5,0.0,0.0,0.0
168891,-1,16.683674,7.1704125,0.825,0.15,0.0,0.2,0.5,0.0,0.0,0.5,0.6
119255,-1,14.43815,1.3376367,0.881,0.048,0.0,0.0,0.0,1.0,0.0,0.0,0.0
260598,6,8.588234,11.400617,0.318,0.568,0.143,0.048,0.029,0.088,0.0,0.765,0.048
56009,-1,17.149935,0.80083054,0.872,0.064,0.0,0.0,0.312,0.062,0.0,0.0,0.333
271342,6,10.275055,9.2865715,0.289,0.578,0.0,0.0,0.0,0.0,0.0,0.0,0.0
144057,-1,14.175618,3.1652725,0.825,0.15,0.0,0.0,0.0,0.0,0.0,0.0,0.0
244930,-1,14.20617,6.415514,0.894,0.064,0.333,0.667,0.0,1.0,0.0,0.0,0.667
86622,-1,14.181634,9.968305,0.485,0.424,0.769,0.154,0.0,0.5,0.0,0.0,0.462
65669,-1,14.714256,3.6464045,0.326,0.628,0.962,0.385,0.545,0.091,0.0,0.182,0.423
16135,-1,17.503593,0.91351414,0.894,0.043,0.0,0.0,0.0,0.0,0.0,0.0,1.0
67630,-1,13.1316185,9.471335,0.611,0.389,0.643,0.214,0.0,0.5,0.25,0.25,0.071
239448,-1,16.861923,3.9930782,0.568,0.378,0.214,0.0,0.0,0.111,0.556,0.111,0.615
134025,-1,12.799886,6.7209406,0.95,0.025,0.0,0.0,0.333,0.0,0.333,0.0,0.0
97832,-1,14.186429,9.501504,0.333,0.633,0.556,0.167,0.0,0.0,0.25,0.125,0.167
35768,-1,12.825791,7.6491117,0.795,0.114,0.0,0.0,0.348,0.043,0.043,0.13,0.2
240267,-1,15.992797,0.1226682,0.255,0.745,1.0,1.0,0.25,0.0,0.0,0.25,0.0
249833,-1,15.789477,9.063746,0.074,0.926,1.0,0.28,0.0,0.2,0.0,0.4,0.32
9857,-1,15.890552,1.6371552,0.891,0.065,0.0,0.0,0.0,0.0,0.0,0.0,0.667
56912,-1,14.283544,8.432519,0.103,0.897,0.941,0.118,0.0,0.333,0.333,0.0,0.353
150585,-1,15.367169,2.432584,0.927,0.024,0.0,0.0,0.143,0.0,0.0,0.0,1.0
224139,-1,17.857409,3.5279646,0.805,0.146,0.167,0.167,0.0,0.111,0.0,0.0,0.5
240111,-1,12.55774,6.4885473,0.133,0.867,0.897,0.103,0.0,0.2,0.067,0.333,0.538
150314,-1,15.15298,7.5118814,0.078,0.902,0.957,0.174,0.0,0.0,0.0,0.4,0.326
127675,6,8.297076,10.607956,0.479,0.458,0.5,0.182,0.543,0.057,0.029,0.029,0.0
97254,-1,14.866434,2.0635452,0.543,0.413,0.579,0.474,0.0,0.0,0.5,0.0,0.105
141300,-1,14.568074,1.0064219,0.825,0.15,0.0,0.0,0.389,0.0,0.0,0.0,0.667
236584,-1,12.573204,6.497482,0.818,0.159,0.0,0.167,0.0,0.0,1.0,0.0,0.667
21428,-1,14.439459,4.3006077,0.605,0.395,0.0,0.0,0.625,0.0,0.0,0.0,0.5
177198,-1,16.359459,0.37331456,0.897,0.077,0.0,0.0,0.0,0.0,0.0,0.667,0.667
145040,-1,13.568067,1.4484739,0.538,0.256,0.0,0.0,0.167,0.042,0.0,0.0,0.556
96778,-1,14.939332,0.32176775,0.886,0.091,0.0,0.0,0.111,0.667,0.0,0.222,0.667
276116,-1,13.631847,4.43608,0.812,0.062,0.0,0.0,0.167,0.167,0.167,0.0,0.667
144513,-1,15.367631,0.9242613,0.887,0.075,0.0,0.0,0.2,0.0,0.0,0.0,0.75
106313,-1,13.401701,9.509983,0.0,0.977,0.977,0.093,0.033,0.133,0.0,0.4,0.14
10046,-1,13.303633,7.509895,0.615,0.359,0.455,0.091,0.0,0.0,0.333,0.667,0.091
144511,-1,17.570408,2.352567,0.818,0.114,0.2,0.2,0.0,0.0,0.25,0.0,0.6
149212,-1,17.471039,5.0333033,0.816,0.102,0.4,0.0,0.0,0.167,0.167,0.0,0.6
58874,-1,14.487633,9.693996,0.441,0.5,0.235,0.118,0.0,0.091,0.818,0.0,0.647
40420,-1,15.177773,1.5921981,0.042,0.958,1.0,0.455,0.25,0.0,0.0,0.25,0.727
85032,-1,17.212114,1.3672167,0.878,0.061,0.0,0.0,0.4,0.0,0.0,0.067,0.333
31517,6,10.420429,9.830729,0.651,0.302,1.0,0.231,0.0,0.667,0.0,0.333,0.077
113722,-1,14.822254,2.333384,0.333,0.636,0.857,0.19,0.0,0.056,0.778,0.167,0.667
164051,-1,13.512416,9.678784,0.0,0.977,1.0,0.548,0.0,0.286,0.286,0.286,0.238
232821,-1,16.587236,2.135432,0.951,0.024,0.0,0.0,0.0,0.0,0.25,0.0,0.0
223422,6,10.981398,9.903364,0.735,0.224,0.182,0.091,0.154,0.077,0.0,0.538,0.182
1095,-1,16.197744,1.6228911,0.884,0.07,0.333,0.0,0.0,0.0,0.333,0.0,1.0
131451,-1,16.928371,5.4713674,0.81,0.095,0.0,0.0,0.316,0.0,0.0,0.0,0.5
67734,-1,16.587166,3.3038495,0.629,0.343,0.417,0.583,0.0,0.0,0.625,0.0,0.5
145487,-1,17.27385,-0.0102106845,0.769,0.077,0.0,0.0,0.059,0.0,0.0,0.0,1.0
116851,-1,17.365639,5.4434133,0.822,0.089,0.0,0.0,0.4,0.0,0.0,0.2,0.333
179192,-1,17.518219,5.326962,0.884,0.07,0.0,0.0,0.0,0.25,0.0,0.25,0.0
94098,-1,11.414913,8.058805,0.479,0.479,0.412,0.294,0.394,0.212,0.03,0.273,0.059
81479,-1,13.20354,9.498783,0.618,0.353,0.273,0.091,0.423,0.0,0.0,0.038,0.273
35291,-1,12.487396,6.853322,0.674,0.283,0.273,0.8,0.125,0.0,0.25,0.0,0.727
69309,-1,13.391491,7.8997016,0.06,0.92,0.956,0.111,0.0,0.0,0.0,0.0,0.289
263280,-1,11.25703,10.101083,0.75,0.225,0.667,0.0,0.2,0.0,0.0,0.0,0.111
232622,-1,14.367745,3.0360951,0.7,0.225,0.333,0.222,0.0,0.0,0.857,0.143,0.333
10091,-1,12.436095,7.592178,0.9,0.06,0.0,0.0,0.0,0.0,0.0,1.0,0.0
168441,-1,16.145502,6.0188093,0.605,0.326,0.0,0.0,0.083,0.083,0.042,0.292,0.167
55210,-1,14.946291,2.5967994,0.241,0.722,0.314,0.429,0.0,0.0,0.957,0.0,0.629
283886,-1,18.146896,3.7291698,0.696,0.239,0.0,0.0,0.0,0.25,0.0,0.25,1.0
77376,-1,16.68179,4.0242968,0.848,0.091,0.0,0.0,0.222,0.0,0.0,0.222,0.4
251061,-1,16.704762,-0.4350463,0.872,0.064,0.0,0.0,0.0,0.556,0.0,0.0,0.0
44640,-1,16.287464,1.3031598,0.87,0.13,0.0,0.0,0.0,0.2,0.2,0.0,0.25
9593,-1,17.289923,1.4404987,0.0,0.957,1.0,0.641,0.286,0.429,0.0,0.0,0.077
197580,-1,11.145086,8.603837,0.842,0.105,0.0,0.0,0.0,0.667,0.0,0.333,0.25
74027,-1,18.00529,3.950857,0.816,0.061,0.0,0.0,0.0,0.5,0.0,0.5,1.0
171078,-1,12.216556,9.1051445,0.564,0.436,0.333,0.067,0.0,0.077,0.692,0.077,0.133
167999,6,8.567932,10.772064,0.714,0.143,0.0,0.0,0.0,0.0,0.0,0.286,0.0
11631,-1,17.531359,1.8710225,0.891,0.065,0.5,0.0,0.0,1.0,0.0,0.0,0.5
197438,-1,16.337793,3.792583,0.857,0.048,0.0,0.0,0.0,0.0,1.0,0.0,1.0
45314,-1,16.513577,3.9423504,0.85,0.15,0.0,0.0,0.444,0.0,0.167,0.111,0.6
269999,-1,17.521296,2.464276,0.909,0.068,0.0,0.0,0.0,0.0,0.0,0.0,0.5
175493,6,9.662079,9.000308,0.389,0.556,0.684,0.211,0.273,0.227,0.0,0.136,0.158
141297,-1,16.27541,2.122052,0.867,0.067,0.0,0.333,0.0,0.333,0.0,0.333,0.0
31188,-1,16.812021,0.8495219,0.891,0.022,0.0,0.0,0.0,0.0,0.0,0.0,0.0
61954,-1,16.196957,8.716876,0.161,0.806,0.826,0.043,0.111,0.444,0.0,0.333,0.478
179691,-1,14.890824,9.596743,0.447,0.526,0.65,0.3,0.0,0.0,0.25,0.5,0.15
15903,-1,15.524088,2.0707862,0.884,0.116,0.25,0.0,0.125,0.0,0.25,0.125,0.5
237965,6,10.337009,10.981906,0.0,1.0,1.0,0.231,0.083,0.25,0.0,0.25,0.115
143672,-1,17.197388,1.2594395,0.909,0.045,0.0,0.0,0.0,0.0,0.0,0.0,0.5
26560,-1,15.855764,8.796435,0.0,0.971,0.939,0.788,0.0,0.0,0.75,0.0,0.545
74007,3,17.186451,5.480059,0.868,0.094,0.0,0.0,0.0,0.0,0.0,0.0,0.6
41053,-1,13.132232,9.06076,0.769,0.154,0.4,0.0,0.0,0.0,1.0,0.0,0.2
198670,-1,14.612127,2.0378122,0.161,0.806,0.522,0.739,0.0,0.077,0.846,0.0,0.783
40476,-1,15.681901,7.9036565,0.649,0.351,0.5,0.0,0.0,0.25,0.0,0.0,0.0
118282,-1,17.860636,3.897751,0.61,0.317,0.5,0.083,0.0,0.0,0.5,0.5,0.75
50460,-1,15.983203,-0.12301707,0.703,0.108,0.0,0.0,0.0,0.0,0.0,0.0,0.25
80887,-1,12.071,10.425288,0.0,1.0,0.975,0.025,0.1,0.5,0.0,0.2,0.075
166045,-1,14.527253,1.725195,0.792,0.146,0.0,0.0,0.688,0.031,0.0,0.0,0.857
140525,-1,16.822662,-0.06412536,0.849,0.113,0.0,0.0,0.0,0.0,0.0,0.0,0.8
186037,-1,14.152407,6.739276,0.324,0.676,0.45,0.05,0.167,0.0,0.292,0.042,0.25
64256,-1,11.529407,9.370952,0.5,0.381,0.812,0.25,0.0,0.0,0.2,0.6,0.188
57516,-1,14.595532,5.869164,0.771,0.125,0.167,0.333,0.0,0.25,0.0,0.0,0.667
244201,-1,17.069445,3.4426498,0.886,0.045,0.0,0.0,0.0,0.143,0.0,0.143,0.5
24152,-1,17.650576,3.824956,0.654,0.308,0.0,0.0,0.0,0.0,0.0,0.0,1.0
118999,6,10.552432,10.211526,0.558,0.395,0.588,0.176,0.0,0.095,0.0,0.667,0.176
212410,-1,12.046698,7.4733005,0.951,0.0,0.0,0.0,0.0,0.0,0.25,0.0,0.0
49381,-1,17.066298,4.4382596,0.824,0.147,0.2,0.0,0.5,0.167,0.0,0.167,1.0
178716,-1,12.798509,7.0576468,0.939,0.041,0.0,0.0,0.0,0.0,0.0,0.0,0.0
9331,-1,14.401255,4.815771,0.607,0.393,0.8,0.0,0.0,0.5,0.5,0.0,0.4
256002,6,8.954976,10.545605,0.614,0.386,0.25,0.5,0.167,0.0,0.167,0.333,0.0
179801,6,8.410949,11.29646,0.814,0.163,0.333,0.0,0.095,0.048,0.0,0.429,0.0
276097,-1,15.657967,8.637699,0.45,0.525,0.579,0.526,0.1,0.4,0.4,0.0,0.474
133364,-1,14.287978,9.868699,0.022,0.978,1.0,0.045,0.0,0.0,0.2,0.2,0.409
148381,-1,13.431619,4.3334346,0.345,0.655,0.316,0.368,0.0,0.0,1.0,0.0,0.737
77918,-1,14.155068,3.9650211,0.0,0.977,1.0,0.049,0.0,0.0,0.667,0.0,0.488
253630,-1,16.672527,6.778417,0.359,0.59,0.0,0.0,0.0,0.273,0.0,0.0,0.0
151898,6,9.125612,10.440897,0.959,0.0,0.0,0.0,0.0,0.0,0.0,0.0,0.0
153823,-1,16.710629,2.4994383,0.818,0.136,0.667,0.0,0.333,0.0,0.0,0.0,1.0
204,-1,13.856666,8.030321,0.718,0.205,0.5,0.0,0.0,1.0,0.0,0.0,0.0
137116,-1,16.853985,0.28575552,0.773,0.136,0.0,0.0,0.0,1.0,0.0,0.0,0.833
211541,-1,12.541461,7.2841,0.846,0.096,0.2,0.0,0.154,0.077,0.0,0.077,0.2
236568,-1,14.183119,6.1244817,0.605,0.395,0.467,0.067,0.0,0.0,1.0,0.0,0.6
289608,-1,15.418201,4.9526,0.955,0.0,0.0,0.0,0.0,0.0,0.0,0.0,0.0
206040,-1,15.283704,1.291851,0.786,0.167,0.0,0.0,0.293,0.0,0.0,0.0,0.571
130635,-1,17.1981,3.0166883,0.872,0.077,0.667,0.0,0.0,0.0,0.0,0.0,0.333
184161,-1,14.247051,9.129056,0.698,0.302,0.667,0.25,0.286,0.0,0.571,0.0,0.417
255650,-1,8.314477,10.26159,0.812,0.146,0.167,0.0,0.083,0.167,0.083,0.417,0.167
55836,-1,14.842743,1.6335499,0.697,0.303,0.556,0.0,0.0,0.667,0.333,0.0,0.222
231429,-1,11.998517,10.143268,0.535,0.419,0.5,0.333,0.0,0.0,0.0,0.5,0.0
85960,-1,16.05288,9.179133,0.511,0.467,0.476,0.048,0.143,0.071,0.0,0.286,0.143
191557,-1,12.376947,8.542794,0.511,0.356,0.467,0.067,0.0,0.111,0.667,0.0,0.067
292997,-1,13.486331,2.2333682,0.814,0.07,0.333,0.0,0.0,0.0,1.0,0.0,0.333
88541,-1,14.302683,5.5946836,0.864,0.136,0.167,0.0,0.0,0.0,0.5,0.0,0.667
144616,-1,16.322266,6.285913,0.717,0.261,0.75,0.5,0.0,0.25,0.0,0.0,0.25
200207,-1,16.290195,5.563083,0.727,0.273,0.333,0.5,0.0,0.25,0.5,0.0,0.5
236187,4,16.382864,7.325031,0.471,0.529,0.0,1.0,0.0,0.0,1.0,0.0,0.0
291829,-1,15.513915,0.93554455,0.893,0.071,0.0,0.0,0.0,1.0,0.0,0.0,0.75
217502,-1,11.831427,8.840101,0.026,0.974,0.972,0.694,0.0,0.25,0.25,0.25,0.306
10627,-1,16.411692,4.139561,0.953,0.0,0.0,0.0,0.0,0.0,1.0,0.0,0.0
93987,-1,17.454426,3.578313,0.378,0.6,0.0,0.0,0.0,0.2,0.0,0.0,0.0
129893,-1,15.645439,0.42691758,0.814,0.163,0.0,0.0,0.0,0.0,0.0,0.0,0.5
54163,-1,13.260528,5.244381,0.357,0.619,0.0,0.333,0.0,0.0,1.0,0.0,0.333
282636,-1,14.092408,2.3462572,0.889,0.111,0.0,0.0,0.0,0.0,0.5,0.0,0.6
270380,-1,8.841575,10.868281,0.371,0.571,0.85,0.3,0.0,0.231,0.0,0.308,0.1
99681,-1,15.551266,0.46510774,0.745,0.216,0.273,0.182,0.0,0.286,0.143,0.0,0.182
201110,-1,15.448197,4.7721744,0.795,0.091,0.0,0.0,0.0,0.0,0.5,0.0,0.25
215636,-1,16.510712,2.1288764,0.795,0.182,0.0,0.0,0.5,0.0,0.5,0.0,0.857
137365,-1,14.252705,4.061051,0.628,0.302,0.0,0.0,0.0,0.5,0.5,0.0,0.5
62459,6,10.812276,8.33298,0.718,0.231,0.25,0.125,0.0,0.0,0.0,1.0,0.125
82172,-1,15.798348,3.4775076,0.805,0.171,0.0,0.0,0.0,0.5,0.0,0.0,0.833
35916,-1,15.814539,0.52301407,0.854,0.125,0.4,0.2,0.167,0.0,0.0,0.0,0.4
37248,-1,15.96584,6.086955,0.426,0.556,0.741,0.519,0.0,0.0,1.0,0.0,0.407
201855,-1,13.554483,8.884971,0.0,0.973,0.97,0.212,0.0,0.444,0.0,0.111,0.182
267512,6,8.659984,10.884257,0.389,0.556,0.45,0.15,0.12,0.12,0.0,0.6,0.0
156293,-1,13.913579,2.999796,0.786,0.167,0.0,1.0,0.0,0.0,0.0,0.5,1.0
200808,-1,15.164864,8.634523,0.31,0.667,0.929,0.429,0.0,0.0,0.0,0.75,0.111
17556,-1,14.824208,0.99007607,0.889,0.044,0.0,0.0,0.0,0.0,0.0,0.5,1.0
68412,-1,14.767417,9.23754,0.425,0.525,0.8,0.15,0.629,0.029,0.0,0.029,0.6
101417,-1,14.622286,3.3564875,0.913,0.065,0.5,0.0,0.111,0.0,0.111,0.111,1.0
49617,-1,15.715554,6.9464693,0.86,0.093,0.25,0.25,0.0,0.556,0.0,0.111,0.5
139731,-1,16.151608,0.35794768,0.854,0.098,0.0,0.0,0.0,0.0,0.0,0.0,1.0
104093,-1,15.783144,1.8212276,0.829,0.049,0.0,0.0,0.154,0.0,0.0,0.0,1.0
226197,-1,14.80987,4.5308156,0.933,0.067,0.0,0.0,0.0,0.333,0.0,0.0,0.333
119338,-1,13.320997,5.299334,0.822,0.156,0.0,0.0,0.0,0.0,1.0,0.0,0.571
258923,-1,13.225145,7.0299354,0.88,0.02,0.0,0.0,0.538,0.0,0.0,0.077,0.0
94874,-1,17.789873,1.7426683,0.833,0.095,0.0,0.25,0.0,0.0,0.0,0.0,0.5
206192,-1,14.245772,2.099843,0.837,0.143,0.0,0.0,0.0,0.2,0.2,0.4,0.25
121351,-1,16.908823,1.542788,0.891,0.087,0.25,0.25,0.0,1.0,0.0,0.0,0.5
264618,-1,16.881369,2.095654,0.667,0.19,0.0,0.0,0.0,0.714,0.0,0.0,0.0
113033,1,16.393255,2.9499521,0.949,0.026,0.0,1.0,0.0,0.545,0.0,0.091,1.0
63702,-1,14.889832,9.760503,0.212,0.788,0.88,0.08,0.0,0.0,0.0,0.6,0.32
16700,-1,13.606275,9.63646,0.694,0.222,0.25,0.0,0.0,0.0,0.0,1.0,0.25
272812,-1,10.389752,9.96717,0.032,0.935,0.929,0.071,0.333,0.667,0.0,0.0,0.25
186711,-1,15.774271,7.0578685,0.66,0.34,0.25,0.25,0.111,0.111,0.222,0.0,0.0
201698,-1,17.222988,4.4585204,0.854,0.098,0.0,0.0,0.062,0.5,0.0,0.0,0.5
76645,6,10.775475,9.80649,0.605,0.326,0.417,0.167,0.067,0.333,0.133,0.2,0.083
123324,-1,16.391918,-0.037430745,0.791,0.14,0.0,0.0,0.286,0.143,0.0,0.429,0.667
256357,-1,14.495103,1.6940466,0.895,0.053,0.0,0.0,0.333,0.0,0.0,0.0,0.0
267784,-1,13.115495,7.898107,0.826,0.13,0.5,0.333,0.667,0.0,0.0,0.0,0.167
143886,-1,16.467594,1.8055043,0.909,0.091,0.25,0.0,0.0,0.25,0.0,0.0,0.5
218000,-1,15.874509,9.123904,0.0,0.977,1.0,0.119,0.0,0.25,0.0,0.0,0.476
129223,-1,11.899798,9.036498,0.513,0.462,0.556,0.0,0.0,0.25,0.125,0.375,0.056
81562,-1,16.443138,3.4082134,0.68,0.32,0.333,0.25,0.0,0.083,0.083,0.25,0.167
195556,-1,10.733529,8.340288,0.81,0.143,0.2,0.0,0.0,0.0,0.0,0.0,0.2
37467,-1,14.180761,8.235207,0.529,0.441,0.067,0.067,0.0,0.0,1.0,0.0,0.133
131859,-1,13.823715,9.852218,0.024,0.976,1.0,0.55,0.0,0.6,0.0,0.4,0.275
271630,4,16.809912,7.618111,0.514,0.486,1.0,0.5,0.0,0.5,0.0,0.0,0.0
108077,-1,16.994034,2.6848824,0.75,0.25,0.0,0.0,0.0,0.0,0.0,1.0,1.0
77859,-1,17.005157,-0.39841393,0.896,0.083,0.0,0.0,0.0,0.125,0.0,0.125,0.5
165743,-1,17.080893,7.6437006,0.463,0.537,1.0,1.0,0.143,0.143,0.429,0.0,0.0
180721,-1,14.334182,3.1788583,0.867,0.089,0.0,0.0,0.286,0.0,0.0,0.0,0.25
34787,-1,17.569294,5.205165,0.689,0.2,0.0,0.0,0.2,0.2,0.2,0.0,0.0
220740,-1,13.880422,8.886368,0.032,0.968,0.966,0.069,0.0,0.0,0.0,1.0,0.034
269808,6,10.781232,9.961114,0.133,0.8,0.783,0.913,0.0,0.2,0.2,0.6,0.217
140944,-1,14.868037,0.97282106,0.87,0.087,0.0,0.0,0.0,0.0,0.333,0.0,0.25
92617,6,10.215504,9.690093,0.605,0.372,0.5,0.375,0.0,0.286,0.143,0.429,0.062
246,-1,16.872694,8.184673,0.229,0.743,0.75,0.312,0.0,0.0,0.429,0.143,0.188
250891,-1,17.29546,1.4901316,0.385,0.564,0.5,0.0,0.0,0.048,0.0,0.048,0.0
7128,-1,15.6621,8.704373,0.756,0.195,0.5,0.0,0.667,0.333,0.0,0.0,0.5
148479,-1,15.699021,4.9981637,0.933,0.067,0.5,0.0,0.0,0.0,0.0,0.0,0.5
173789,-1,13.120772,8.08903,0.711,0.222,0.0,0.0,0.143,0.286,0.0,0.286,0.0
21865,-1,12.639262,9.616433,0.182,0.75,0.97,0.152,0.0,0.167,0.167,0.0,0.091
4342,-1,15.477597,0.14434889,0.932,0.045,0.0,0.0,0.0,0.0,0.0,0.0,1.0
62843,-1,17.298784,2.5570874,0.852,0.111,0.0,0.0,0.0,0.0,0.25,0.25,0.667
96770,-1,17.472576,2.8087568,0.892,0.108,0.0,0.0,0.375,0.0,0.0,0.0,0.75
238663,-1,15.022943,0.55978566,0.684,0.289,0.364,0.0,0.0,0.0,0.5,0.0,0.636
159154,-1,15.884739,9.215494,0.0,0.974,1.0,0.081,0.0,0.0,0.0,0.0,0.351
39499,-1,17.611303,1.8662478,0.865,0.135,0.0,0.0,0.667,0.0,0.0,0.0,0.2
49493,6,10.448595,10.59868,0.455,0.515,0.353,0.0,0.0,0.429,0.143,0.429,0.235
80699,-1,16.633287,-0.47006866,0.918,0.082,0.0,0.333,0.444,0.111,0.0,0.0,0.667
163839,-1,14.598196,5.7924247,0.161,0.839,0.822,0.578,0.0,0.333,0.278,0.167,0.667
190948,-1,16.586117,3.2808485,0.789,0.105,0.0,0.0,0.0,0.111,0.111,0.222,0.0
102189,-1,13.158007,8.595775,0.838,0.135,0.8,0.0,0.0,0.0,0.0,1.0,0.4
228135,-1,16.48672,0.9587906,0.878,0.061,0.0,0.0,0.0,0.0,0.0,0.0,0.333
152167,-1,12.785685,9.411338,0.196,0.783,0.943,0.086,0.0,0.333,0.0,0.0,0.086
223684,-1,9.876208,8.866059,0.923,0.026,0.0,0.0,0.222,0.0,0.0,0.0,0.0
51474,-1,11.842419,7.8909273,0.649,0.324,0.273,0.091,0.188,0.062,0.0,0.25,0.182
163060,6,10.996157,9.4759245,0.49,0.51,0.808,0.423,0.591,0.068,0.0,0.091,0.077
173019,-1,16.006872,3.4104302,0.932,0.045,0.0,0.0,0.0,0.0,0.0,1.0,0.5
30265,6,12.087726,8.713792,0.865,0.027,1.0,0.0,0.0,0.0,0.0,0.0,0.0
110095,-1,14.99024,6.351983,0.49,0.51,0.333,0.667,0.0,0.0,0.0,0.0,0.333
152016,6,8.610173,11.110039,0.561,0.415,0.0,0.25,0.062,0.0,0.0,0.188,0.0
234870,-1,17.503525,0.5995322,0.773,0.227,0.0,0.111,0.0,0.0,0.0,0.0,0.333
216276,-1,13.461423,7.918175,0.86,0.116,0.6,0.4,0.0,0.0,0.333,0.333,0.4
10051,-1,17.942816,3.2842836,0.778,0.148,0.0,0.143,0.0,0.8,0.0,0.0,0.714
73897,6,9.224995,10.14072,0.947,0.0,0.0,0.0,0.0,0.0,0.0,0.0,0.0
99998,-1,13.368776,2.7012603,0.956,0.044,0.0,0.0,0.0,0.0,0.0,0.0,0.5
235504,6,9.513947,10.987566,0.191,0.809,0.944,0.361,0.0,0.0,0.0,0.75,0.028
256242,-1,13.353982,8.171375,0.111,0.889,0.0,0.0,0.0,0.0,0.125,0.0,0.0
116288,-1,16.424875,1.5643383,0.881,0.071,0.0,0.0,0.4,0.0,0.0,0.0,0.667
71823,-1,14.350258,5.3751245,0.927,0.049,0.0,0.0,0.0,0.5,0.5,0.0,0.5
267495,-1,16.86579,7.858924,0.686,0.286,0.0,0.333,0.0,0.0,0.0,0.0,0.0
152361,-1,13.498125,5.2980137,0.87,0.109,0.0,0.2,0.0,0.0,0.0,0.0,0.2
80230,-1,13.69997,9.0659275,0.0,1.0,1.0,0.561,0.3,0.0,0.1,0.3,0.415
58637,-1,14.6838455,3.3744705,0.868,0.113,0.333,0.167,0.0,0.5,0.25,0.0,0.5
270655,6,10.446128,8.832641,0.766,0.191,0.2,0.0,0.0,0.0,0.333,0.333,0.2
68609,-1,17.30274,3.0755334,0.891,0.022,0.0,0.0,0.2,0.0,0.0,0.133,0.0
179252,6,9.615333,11.096886,0.379,0.552,0.467,0.0,0.0,0.0,0.067,0.667,0.0
290420,-1,10.74936,8.614128,0.729,0.25,0.273,0.0,0.167,0.0,0.0,0.333,0.091
270022,6,8.396098,11.2444515,0.463,0.366,0.167,0.083,0.107,0.179,0.0,0.571,0.083
93544,6,9.711156,10.283596,0.511,0.467,0.0,0.0,0.0,0.0,1.0,0.0,0.0
99354,-1,15.125067,6.094033,0.833,0.095,0.0,0.0,0.0,0.5,0.0,0.0,0.333
207638,5,17.763563,1.065728,0.792,0.125,0.167,0.167,0.0,0.0,0.0,0.25,0.667
171468,-1,15.332785,9.445886,0.463,0.463,0.526,0.368,0.0,0.375,0.0,0.5,0.632
175542,-1,17.565033,3.5537362,0.729,0.229,0.182,0.273,0.0,1.0,0.0,0.0,0.455
138408,-1,12.973721,7.4679193,0.848,0.087,0.0,0.0,0.25,0.25,0.0,0.0,0.0
34937,-1,17.527987,1.1774858,0.857,0.102,0.0,0.0,0.231,0.0,0.077,0.077,0.25
28537,-1,16.26391,1.4204947,0.872,0.043,0.0,0.0,0.0,0.0,0.0,0.333,0.5
15678,-1,14.8524,0.5440234,0.851,0.128,0.0,0.0,0.524,0.0,0.0,0.0,0.6
31281,-1,17.539244,3.8408723,0.889,0.111,0.5,0.0,0.0,0.0,0.5,0.5,0.5
91815,-1,13.766168,9.050917,0.725,0.25,0.556,0.111,0.25,0.25,0.25,0.0,0.222
178372,-1,13.623769,10.063407,0.038,0.962,0.979,0.208,0.0,0.0,0.286,0.0,0.583
78324,-1,16.50799,3.4285023,0.857,0.143,0.0,0.0,0.0,0.0,1.0,0.0,1.0
243618,-1,13.089302,7.8971896,0.767,0.233,0.0,0.0,0.0,1.0,0.0,0.0,0.0
80569,-1,13.630125,7.47259,0.895,0.105,0.5,0.0,0.0,1.0,0.0,0.0,0.5
47141,-1,16.401114,1.8475667,0.902,0.0,0.0,0.0,0.0,1.0,0.0,0.0,0.0
240848,5,17.82503,0.79331565,0.778,0.2,0.222,0.222,0.071,0.143,0.0,0.071,0.444
151003,-1,16.125309,8.322928,0.667,0.311,0.2,0.0,0.0,0.333,0.0,0.0,0.2
222655,-1,15.826386,4.057972,0.921,0.026,1.0,0.0,0.0,0.0,0.0,0.0,0.0
231207,-1,14.548849,3.1837096,0.581,0.419,0.111,0.111,0.0,0.071,0.857,0.071,0.444
38256,-1,14.884582,9.500404,0.088,0.912,0.793,0.621,0.0,0.0,0.7,0.1,0.69
28068,-1,15.739127,0.6044211,0.884,0.07,0.0,0.0,0.0,0.0,0.0,0.0,0.667
134306,-1,14.728416,3.2851913,0.311,0.622,0.741,0.0,0.067,0.2,0.4,0.133,0.407
84436,-1,14.457777,9.105116,0.838,0.135,0.2,0.0,0.0,0.0,0.0,0.0,0.0
233703,-1,15.85284,1.096336,0.761,0.217,0.0,0.2,0.273,0.091,0.091,0.091,0.4
199377,-1,13.059704,9.439738,0.071,0.881,0.972,0.194,0.25,0.125,0.0,0.25,0.167
197320,-1,17.124687,6.7968283,0.632,0.316,0.778,0.556,0.0,0.333,0.0,0.333,0.222
19818,-1,16.36576,8.4483595,0.667,0.282,0.0,0.0,0.0,0.333,0.0,0.0,0.8
73657,-1,16.670595,3.2565362,0.812,0.125,0.25,0.0,0.0,0.0,0.625,0.0,0.75
68119,-1,14.30688,7.3119597,0.677,0.258,0.375,0.25,0.0,0.333,0.0,0.0,0.125
67692,-1,10.288477,8.948667,0.773,0.182,0.167,0.0,0.0,1.0,0.0,0.0,0.333
199735,-1,14.542415,3.6467981,0.804,0.022,0.0,0.0,0.077,0.769,0.0,0.0,0.0
277802,6,11.196754,9.344361,0.452,0.548,0.588,0.059,0.0,0.286,0.143,0.286,0.0
220230,6,9.081821,11.20786,0.607,0.357,0.4,0.2,0.143,0.429,0.0,0.286,0.0
150687,-1,16.192043,1.3382789,0.843,0.137,0.0,0.0,0.286,0.0,0.0,0.0,0.8
26909,-1,15.570037,4.8728094,0.905,0.071,0.0,0.0,0.0,0.0,0.5,0.0,0.667
171867,-1,15.793271,4.028647,0.857,0.095,0.0,0.0,0.0,0.125,0.0,0.0,0.667
6755,-1,14.516515,4.953408,0.477,0.477,0.8,0.2,0.0,0.333,0.0,0.417,0.5
163748,-1,18.006756,4.2301693,0.925,0.05,1.0,0.0,0.0,0.0,0.0,0.0,0.5
99647,-1,14.195908,4.0954003,0.148,0.815,0.878,0.244,0.0,0.5,0.083,0.333,0.634
200712,-1,12.523009,9.387756,0.281,0.656,0.524,0.048,0.154,0.192,0.0,0.577,0.0
63501,-1,15.053826,6.9750667,0.615,0.385,0.133,0.6,0.0,0.0,0.833,0.0,0.733
67555,-1,16.56847,0.90272933,0.68,0.26,0.1,0.1,0.083,0.0,0.5,0.083,0.4
56856,-1,15.22552,7.3173947,0.733,0.267,0.25,0.0,0.0,0.0,0.0,0.0,0.0
25469,-1,12.256036,7.3053436,0.922,0.039,1.0,0.0,0.0,1.0,0.0,0.0,0.0
54281,-1,13.881346,1.9346168,0.6,0.371,0.308,0.462,0.0,0.2,0.4,0.0,0.769
118379,-1,15.415602,2.8834522,0.293,0.293,1.0,0.583,0.0,0.0,0.125,0.125,0.417
198989,-1,13.242547,8.518958,0.056,0.917,1.0,0.273,0.0,0.333,0.0,0.667,0.061
71246,-1,13.511099,5.112191,0.878,0.122,0.4,0.2,0.125,0.125,0.125,0.25,0.5
155170,-1,13.024194,8.82378,0.833,0.125,0.667,0.167,0.0,0.25,0.0,0.0,0.0
37126,-1,16.31971,1.3591329,0.84,0.1,0.2,0.2,0.412,0.0,0.0,0.059,0.6
194829,-1,16.479307,5.597448,0.745,0.17,0.0,0.0,0.667,0.074,0.0,0.0,0.75
109891,-1,9.916397,8.811778,0.783,0.043,0.0,0.0,0.125,0.25,0.0,0.125,0.5
174462,6,9.311945,11.362226,0.032,0.935,0.759,0.207,0.071,0.286,0.0,0.5,0.034
187286,-1,13.295221,10.107454,0.054,0.929,1.0,0.077,0.0,0.0,0.857,0.0,0.647
172947,-1,13.947905,1.6386319,0.85,0.125,0.2,0.0,0.0,0.5,0.5,0.0,0.8
28390,-1,12.119076,9.383729,0.532,0.447,0.25,0.25,0.0,0.0,0.0,0.0,0.0
270272,-1,17.498905,4.1937237,0.179,0.821,0.613,0.581,0.0,0.053,0.895,0.0,0.387
199537,-1,16.530146,3.6748474,0.867,0.089,0.0,0.0,0.0,1.0,0.0,0.0,1.0
58225,-1,15.275326,1.6091387,0.667,0.244,0.0,0.091,0.556,0.0,0.0,0.0,0.455
148403,6,10.18913,9.280851,0.889,0.089,0.0,0.0,0.0,0.333,0.333,0.0,0.0
169059,-1,10.234293,9.353199,0.189,0.784,0.643,0.321,0.05,0.25,0.4,0.05,0.286
144531,6,10.53847,10.296337,0.5,0.432,0.263,0.053,0.042,0.125,0.042,0.667,0.053
107357,-1,16.467617,1.364943,0.808,0.154,0.0,0.143,0.0,0.167,0.0,0.333,0.143
48161,-1,13.454872,2.3787355,0.744,0.179,0.0,0.0,0.294,0.0,0.0,0.0,0.714
28733,-1,15.319109,1.8206285,0.783,0.109,0.0,0.0,0.0,0.0,0.0,0.0,0.8
224723,-1,14.399054,2.2340252,0.114,0.857,0.933,0.767,0.2,0.0,0.6,0.0,0.433
135379,-1,12.272955,9.926486,0.676,0.297,0.364,0.273,0.0,0.0,1.0,0.0,0.091
130164,-1,14.595661,4.443879,0.846,0.103,0.0,0.0,0.0,0.0,1.0,0.0,0.75
253875,-1,14.946497,7.6275606,0.2,0.771,0.462,0.154,0.719,0.094,0.0,0.125,0.0
39676,-1,14.918243,2.066515,0.886,0.045,0.0,0.0,0.167,0.167,0.0,0.0,0.0
225228,-1,16.361391,6.251346,0.822,0.111,0.0,0.0,0.154,0.0,0.154,0.077,0.0
229138,-1,15.882363,9.037251,0.0,0.944,1.0,0.647,0.0,0.0,0.0,0.0,0.353
142351,-1,13.241433,4.951257,0.59,0.385,0.0,1.0,0.0,0.0,0.0,0.0,1.0
58132,-1,13.648757,1.369858,0.821,0.077,0.0,0.0,0.0,0.0,0.0,0.0,0.333
139853,-1,9.558891,9.110499,0.824,0.157,0.286,0.0,0.0,0.3,0.0,0.7,0.143
184071,-1,15.706898,3.992752,0.756,0.222,0.3,0.0,0.0,0.5,0.0,0.0,0.5
204684,-1,14.134129,3.8450656,0.864,0.114,0.0,0.0,0.0,0.5,0.0,0.0,0.25
53306,-1,15.927491,2.1144836,0.894,0.043,0.0,0.0,0.0,0.25,0.0,0.25,0.5
134701,6,12.073823,9.371732,0.409,0.545,0.667,0.083,0.0,0.688,0.0,0.188,0.042
39134,-1,11.911973,8.753079,0.72,0.26,0.385,0.0,0.278,0.056,0.0,0.0,0.0
156830,-1,17.147366,2.3974726,0.833,0.083,0.25,0.0,0.0,0.25,0.0,0.0,0.5
33931,-1,15.114516,5.199542,0.75,0.205,0.111,0.111,0.0,0.111,0.222,0.667,0.667
138830,-1,14.04287,9.429692,0.38,0.6,0.759,0.207,0.0,0.429,0.286,0.286,0.207
243999,-1,14.369153,2.2725031,0.818,0.114,0.333,0.0,0.0,0.25,0.0,0.0,0.333
2617,-1,12.876699,8.813866,0.419,0.512,0.682,0.636,0.0,0.0,0.0,0.5,0.091
84035,-1,13.769428,3.0525804,0.757,0.216,0.125,0.25,0.286,0.0,0.429,0.143,0.5
98511,6,9.677062,10.320581,0.683,0.268,0.636,0.273,0.0,0.083,0.0,0.667,0.0
201259,-1,14.345972,8.368341,0.773,0.182,0.125,0.0,0.0,0.167,0.0,0.667,0.75
86422,-1,15.493231,5.633294,0.789,0.211,0.5,0.333,0.0,0.0,0.0,0.0,0.5
195391,-1,15.642722,3.3011718,0.184,0.816,0.462,0.795,0.0,0.0,0.962,0.038,0.615
200544,-1,13.73977,9.546702,0.86,0.12,0.167,0.0,0.0,0.0,0.0,1.0,0.0
198336,-1,17.195238,0.84177756,0.837,0.116,0.2,0.0,0.125,0.0,0.0,0.0,0.6
107525,-1,14.381843,2.2030382,0.907,0.093,0.0,0.0,0.0,0.0,0.0,0.0,0.333
77280,6,9.079392,11.470707,0.375,0.604,0.643,0.214,0.0,0.214,0.0,0.714,0.036
128252,6,11.419048,9.1655,0.738,0.262,0.333,0.333,0.0,0.0,1.0,0.0,0.333
242149,-1,16.801994,7.8026967,0.455,0.515,0.818,0.273,0.0,0.0,0.0,0.0,0.364
171668,-1,14.557874,3.382181,0.364,0.636,0.13,0.087,0.0,0.0,0.824,0.0,0.739
177637,-1,15.334473,1.9910417,0.641,0.128,0.0,0.0,0.0,0.25,0.125,0.0,0.25
257896,6,8.587005,10.796782,0.898,0.102,0.0,0.0,0.167,0.0,0.0,0.167,0.2
186502,-1,16.746975,5.7288404,0.93,0.07,0.0,0.0,0.0,0.0,0.0,1.0,0.333
268838,6,10.338744,9.826941,0.868,0.053,0.0,0.0,0.0,0.0,0.0,1.0,0.0
141696,-1,16.204136,2.8383076,0.833,0.143,0.167,0.167,0.25,0.25,0.125,0.0,0.667
2287,-1,8.547828,10.2527275,0.975,0.025,1.0,0.0,0.0,0.333,0.333,0.0,0.0
74603,-1,17.654215,5.1346755,0.606,0.333,0.333,1.0,0.167,0.333,0.0,0.167,0.667
79757,-1,14.48538,5.532003,0.906,0.094,0.0,0.0,0.0,0.333,0.333,0.0,0.0
90915,-1,16.60126,0.84297967,0.885,0.038,0.0,0.0,0.167,0.0,0.0,0.0,0.0
276879,-1,14.975335,4.3716345,0.854,0.125,0.333,0.0,0.0,0.0,0.0,0.0,0.667
85379,-1,17.646145,4.8445654,0.767,0.093,0.0,0.0,0.0,0.0,1.0,0.0,0.5
230849,-1,16.118628,8.976675,0.1,0.875,0.0,0.0,0.0,1.0,0.0,0.0,0.0
9607,-1,14.9172945,2.8136191,0.886,0.114,0.25,0.25,0.0,0.0,1.0,0.0,0.5
182211,-1,16.238874,1.7522334,0.886,0.114,0.0,0.0,0.0,0.0,0.0,0.0,0.0
237580,-1,16.527266,0.31004816,0.833,0.083,0.25,0.25,0.5,0.0,0.0,0.0,1.0
228343,-1,13.20646,3.6991494,0.932,0.045,0.0,0.5,0.0,0.0,0.0,1.0,0.5
123436,-1,15.421183,8.862443,0.717,0.261,0.75,0.167,0.0,1.0,0.0,0.0,0.417
163787,-1,15.335222,9.362199,0.174,0.804,0.892,0.108,0.0,0.545,0.182,0.182,0.243
218277,0,13.650128,1.4086818,0.638,0.319,0.143,0.429,0.0,0.444,0.444,0.0,0.571
239178,-1,13.072442,8.838631,0.789,0.184,0.571,0.429,0.0,0.0,0.0,0.5,0.143
20922,-1,14.937957,9.340939,0.75,0.139,0.25,0.0,0.0,0.0,0.667,0.333,0.0
270824,-1,13.34639,7.782698,0.73,0.189,0.6,0.0,0.462,0.0,0.0,0.0,0.0
97479,6,11.921809,7.395702,0.849,0.019,0.0,0.0,0.0,0.0,0.0,0.0,0.0
127946,-1,14.332067,6.219937,0.953,0.047,0.0,0.0,0.0,0.5,0.0,0.0,0.0
172117,-1,15.523113,1.101328,0.644,0.311,0.429,0.643,0.125,0.0,0.875,0.0,0.643
239333,-1,17.477547,2.652018,0.806,0.056,0.5,0.0,0.0,0.0,0.0,0.0,1.0
122802,-1,11.745624,9.499705,0.343,0.657,0.632,0.211,0.083,0.333,0.083,0.167,0.158
100907,-1,16.03643,5.605076,0.864,0.068,0.0,0.0,0.0,0.333,0.0,0.333,1.0
66508,-1,10.708207,8.329793,0.85,0.075,0.333,0.0,0.0,0.0,0.0,0.2,0.333
167309,-1,14.989462,9.4135,0.119,0.881,1.0,0.081,0.0,0.833,0.0,0.167,0.324
161848,-1,17.773003,2.6312528,0.786,0.143,0.333,0.167,0.071,0.143,0.0,0.357,0.667
161527,6,10.556229,9.116309,0.105,0.895,1.0,0.121,0.0,0.0,0.25,0.5,0.152
33715,-1,14.124794,2.6271563,0.791,0.209,0.143,0.143,0.143,0.143,0.0,0.0,0.857
227949,6,10.912719,8.717042,0.49,0.431,0.318,0.091,0.829,0.029,0.0,0.029,0.636
66658,-1,13.485166,2.4829333,0.122,0.857,0.524,0.976,0.028,0.0,0.917,0.0,0.762
287391,-1,11.530981,8.5388975,0.429,0.543,0.737,0.0,0.091,0.182,0.0,0.273,0.0
148281,-1,13.507353,2.4011428,0.75,0.25,0.0,0.0,0.333,0.0,0.0,0.0,0.0
127043,-1,15.6539345,9.114246,0.205,0.773,0.848,0.061,0.048,0.333,0.095,0.048,0.182
663,-1,17.316961,2.844718,0.905,0.071,0.0,0.0,0.0,0.5,0.5,0.0,0.333
172552,-1,16.315386,2.5506494,0.93,0.023,0.0,0.0,0.333,0.0,0.333,0.0,1.0
77479,-1,16.460033,6.7527294,0.829,0.171,0.0,0.0,0.0,0.0,0.333,0.0,0.0
68731,-1,17.891722,3.6664877,0.721,0.163,0.0,0.0,0.32,0.0,0.0,0.16,0.0
48597,-1,15.164652,3.2665477,0.953,0.047,0.0,0.0,0.0,0.0,0.0,0.0,0.0
78267,-1,16.13974,4.035206,0.92,0.06,0.0,0.0,0.0,0.0,0.0,0.0,0.0
211977,-1,14.631164,9.586656,0.289,0.684,0.88,0.32,0.0,0.0,0.0,0.2,0.08
46361,-1,15.1061325,8.209119,0.389,0.472,0.824,0.765,0.522,0.087,0.0,0.043,0.412
173250,-1,13.940122,8.414085,0.444,0.5,0.889,0.222,0.0,0.2,0.2,0.0,0.278
2522,-1,12.103732,10.060478,0.442,0.558,0.75,0.083,0.0,0.333,0.0,0.556,0.375
256111,-1,16.580927,6.7887545,0.829,0.122,0.5,0.5,0.0,0.333,0.0,0.333,0.5
245787,-1,14.770341,7.715051,0.059,0.912,1.0,0.448,0.2,0.133,0.067,0.0,0.414
252822,-1,13.881123,9.901557,0.038,0.962,1.0,0.292,0.0,0.0,0.0,0.0,0.458
231270,6,12.591526,6.2880983,0.884,0.116,0.0,0.0,0.0,0.333,0.0,0.667,0.0
242620,6,10.376788,8.957839,0.452,0.484,0.786,0.071,0.0,0.667,0.333,0.0,0.214
238766,-1,15.513145,8.844051,0.053,0.895,0.788,0.121,0.048,0.0,0.857,0.048,0.576
251669,4,15.245429,7.4130497,0.905,0.095,0.0,0.0,0.0,0.0,0.0,0.0,0.0
241703,-1,16.609434,1.1212631,0.786,0.071,0.0,0.0,0.6,0.0,0.0,0.2,0.667
82982,-1,16.751707,0.2704147,0.783,0.087,0.0,0.25,0.0,1.0,0.0,0.0,0.75
154512,-1,16.398743,6.799903,0.5,0.476,0.818,0.364,0.429,0.0,0.071,0.0,0.364
118674,-1,13.361359,8.70061,0.541,0.432,0.875,0.188,0.0,0.444,0.0,0.444,0.0
83450,-1,16.090214,5.617976,0.721,0.279,0.0,0.0,0.0,1.0,0.0,0.0,0.0
160320,-1,15.739864,3.732077,0.907,0.019,0.0,0.0,0.0,0.286,0.143,0.286,0.0
252807,6,8.257277,11.139739,0.833,0.093,0.0,0.0,0.0,0.667,0.0,0.0,0.0
217588,-1,10.075079,8.754101,0.545,0.295,0.769,0.846,0.0,0.333,0.0,0.583,0.385
240872,6,9.161406,10.536099,0.227,0.773,0.708,0.375,0.0,0.231,0.0,0.385,0.0
26643,6,11.384,9.133101,0.463,0.537,0.545,0.136,0.0,0.158,0.0,0.842,0.364
201597,-1,15.705985,4.2362733,0.714,0.262,0.0,0.0,0.0,1.0,0.0,0.0,0.333
172967,-1,13.631349,10.143825,0.053,0.868,0.688,0.312,0.226,0.226,0.0,0.484,0.188
243038,-1,13.778087,7.190711,0.776,0.184,0.625,0.0,0.0,0.0,0.5,0.0,0.125
2134,-1,11.59891,9.802892,0.5,0.442,0.667,0.056,0.0,0.182,0.182,0.636,0.056
121346,-1,8.021172,10.981809,0.406,0.531,0.353,0.059,0.04,0.24,0.0,0.36,0.0
226298,-1,16.066025,3.9234889,0.149,0.83,0.105,0.079,0.0,0.0,0.976,0.0,0.579
142933,-1,15.916407,4.6053705,0.805,0.146,0.6,0.0,0.0,0.333,0.667,0.0,0.0
237255,-1,13.60295,10.0192795,0.154,0.846,0.97,0.152,0.0,0.286,0.0,0.143,0.121
10129,6,10.429859,9.750099,0.538,0.41,0.6,0.267,0.0,0.0,0.0,0.857,0.0
273382,-1,16.410551,8.249511,0.718,0.179,1.0,0.0,0.0,1.0,0.0,0.0,0.0
260512,6,8.834669,11.419953,0.705,0.295,1.0,0.0,0.1,0.0,0.0,0.1,0.0
115166,-1,13.797855,3.630048,0.905,0.048,0.0,0.0,0.0,0.0,0.0,1.0,0.5
134259,-1,17.596905,2.647269,0.886,0.068,0.0,0.0,0.0,0.0,0.0,0.0,1.0
199533,-1,17.598732,4.55779,0.844,0.067,0.0,0.0,0.0,0.5,0.5,0.0,1.0
184492,-1,12.54912,6.525343,0.17,0.83,0.949,0.231,0.071,0.214,0.0,0.5,0.128
109284,-1,16.52944,5.826639,0.837,0.093,0.0,0.0,0.0,0.0,0.25,0.25,0.75
33247,-1,16.778297,4.6175294,0.81,0.143,0.0,0.0,0.0,0.0,0.0,0.0,0.667
126710,-1,11.456701,8.611699,0.745,0.234,0.818,0.091,0.3,0.2,0.1,0.1,0.182
148059,-1,15.053016,0.52790844,0.844,0.156,0.0,0.0,0.0,0.0,0.5,0.0,0.5
254992,6,9.451225,10.609828,0.787,0.149,0.0,0.0,0.0,0.143,0.0,0.571,0.0
68910,4,16.634985,7.250831,0.476,0.524,0.0,0.0,0.182,0.091,0.091,0.273,0.0
215149,-1,16.611692,2.7954707,0.739,0.13,0.0,0.0,1.0,0.0,0.0,0.0,0.6
112852,-1,14.465755,8.391239,0.743,0.229,0.75,0.25,0.167,0.0,0.167,0.0,0.375
76364,-1,14.178822,6.51406,0.979,0.0,0.0,0.0,0.0,0.0,0.0,0.0,0.0
260071,-1,15.536463,7.6529956,0.465,0.488,0.0,0.0,0.0,0.0,0.0,0.0,0.0
84283,-1,15.022541,7.9845486,0.611,0.389,1.0,0.0,0.444,0.0,0.0,0.111,0.0
176148,-1,11.9084,7.5713215,0.8,0.2,0.25,0.0,0.0,0.5,0.0,0.5,0.625
247876,6,17.372341,1.4687436,0.907,0.023,0.0,0.0,0.8,0.0,0.0,0.0,0.0
96496,-1,12.773948,9.295345,0.511,0.426,0.15,0.15,0.0,0.312,0.0,0.438,0.1
286249,-1,17.62718,3.1083453,0.897,0.103,0.0,0.0,0.0,1.0,0.0,0.0,0.5
117687,-1,15.4119,2.0244286,0.762,0.119,0.25,0.0,0.0,0.286,0.0,0.714,0.25
58921,-1,16.027943,0.9138491,0.82,0.14,0.0,0.4,0.0,0.0,0.0,0.0,0.8
247064,6,10.328565,10.258621,0.595,0.324,0.727,0.545,0.0,0.0,0.0,0.667,0.0
217527,-1,14.797723,1.9044813,0.0,0.978,1.0,0.22,0.5,0.0,0.0,0.0,0.61
225104,-1,13.777825,8.895108,0.242,0.697,0.913,0.391,0.0,0.75,0.0,0.0,0.609
278002,-1,15.839876,1.2825093,0.535,0.465,0.562,0.312,0.25,0.125,0.5,0.0,0.375
68658,-1,15.746563,4.375963,0.95,0.05,0.5,0.0,0.0,0.0,0.0,0.667,1.0
180069,-1,15.956652,4.046054,0.896,0.083,0.0,0.25,0.0,0.333,0.167,0.167,0.25
114209,-1,17.255407,0.7457146,0.905,0.095,0.0,0.0,0.0,0.25,0.25,0.0,0.75
177146,-1,15.763283,6.0423226,0.481,0.519,0.393,0.036,0.038,0.0,0.846,0.0,0.5
269116,6,9.033645,11.387523,0.889,0.089,0.0,0.0,0.0,0.0,0.0,0.5,0.0
190510,-1,16.927067,0.60055876,0.894,0.085,0.333,0.333,0.182,0.0,0.0,0.0,0.667
186515,-1,15.771987,8.666807,0.833,0.146,0.0,0.286,0.0,0.0,0.25,0.25,0.286
206538,-1,11.829496,10.098342,0.846,0.128,0.4,0.0,0.0,0.5,0.25,0.0,0.0
44772,-1,13.569857,4.926462,0.882,0.059,0.333,0.0,0.5,0.0,0.5,0.0,0.0
135978,-1,16.9007,0.7890024,0.907,0.093,0.333,0.0,0.0,0.333,0.333,0.333,1.0
268459,-1,15.141413,9.387965,0.186,0.767,0.818,0.03,0.0,0.667,0.333,0.0,0.121
223347,-1,14.114838,1.7837393,0.955,0.023,0.0,0.0,0.0,0.5,0.0,0.0,1.0
251694,-1,17.141794,7.955388,0.638,0.298,0.0,0.0,0.25,0.5,0.0,0.0,0.0
66437,-1,15.531711,9.10151,0.057,0.914,0.968,0.774,0.0,0.75,0.25,0.0,0.129
96282,-1,15.374463,5.1005063,0.481,0.519,0.815,0.143,0.083,0.25,0.0,0.333,0.259
200338,-1,14.486416,2.4221756,0.837,0.093,0.0,0.0,0.154,0.077,0.0,0.385,0.667
134951,-1,12.008986,10.468033,0.0,1.0,1.0,0.69,0.0,0.5,0.0,0.0,0.214
115365,-1,17.838472,2.9215655,0.881,0.095,0.25,0.5,0.0,0.0,0.0,0.0,0.75
143068,-1,15.766466,6.1680474,0.919,0.0,0.0,0.0,0.0,0.0,0.0,0.0,0.0
255411,-1,13.952315,3.689747,0.227,0.523,0.0,0.0,0.125,0.25,0.062,0.0,0.0
294400,6,12.854675,5.8791566,0.837,0.163,0.0,0.0,0.0,0.0,0.0,0.667,0.0
49741,-1,17.705877,4.199812,0.921,0.079,0.0,0.0,0.0,0.667,0.0,0.333,0.0
108063,4,16.774832,7.2895827,0.643,0.286,0.167,0.083,0.0,0.0,0.0,1.0,0.0
175104,-1,12.45102,7.0846863,0.833,0.119,0.2,0.2,0.0,1.0,0.0,0.0,0.4
229421,-1,14.351087,6.3947744,0.833,0.167,0.0,0.0,0.0,0.5,0.0,0.5,0.0
204297,-1,16.411388,4.967729,0.833,0.143,0.167,0.5,0.2,0.2,0.0,0.2,0.667
124906,-1,15.578624,2.0804753,0.875,0.104,0.0,0.0,0.0,0.0,0.0,0.0,0.8
204393,-1,15.595025,5.246516,0.833,0.095,0.0,0.333,0.222,0.111,0.0,0.0,0.667
143414,-1,14.111222,3.7027352,0.029,0.943,0.875,0.906,0.0,0.0,1.0,0.0,0.562
232713,-1,15.537614,1.5815184,0.761,0.152,0.0,0.143,0.593,0.111,0.0,0.0,0.429
180939,-1,15.495284,5.011098,0.588,0.382,0.077,1.0,0.0,0.0,0.0,0.0,0.692
134307,-1,13.596342,10.179161,0.194,0.806,0.931,0.207,0.0,0.0,0.0,0.0,0.241
132190,-1,16.876152,1.8938593,0.818,0.159,0.0,0.143,0.0,0.5,0.5,0.0,0.571
55167,-1,15.678132,0.18404773,0.933,0.044,0.0,0.0,0.0,0.0,0.0,0.0,1.0
60191,-1,17.82666,2.5319846,0.872,0.085,0.0,0.0,0.167,0.0,0.0,0.0,0.333
3561,-1,16.95001,3.4930627,0.884,0.116,0.0,0.0,0.524,0.095,0.048,0.0,1.0
231053,-1,17.898064,4.500847,0.909,0.068,0.0,0.0,0.0,0.0,0.0,0.0,1.0
255784,-1,14.816632,7.2308245,0.683,0.244,0.1,0.1,0.125,0.125,0.125,0.125,0.3
164538,-1,13.552201,2.6962526,0.744,0.209,0.0,0.0,0.0,0.0,0.0,1.0,0.4
287415,-1,13.852986,8.786159,0.028,0.944,1.0,0.182,0.0,0.5,0.0,0.3,0.182
220122,-1,17.74151,0.86033654,0.756,0.2,0.333,0.556,0.3,0.35,0.0,0.0,0.556
260806,6,8.949647,11.427964,0.303,0.667,0.474,0.053,0.077,0.231,0.0,0.462,0.053
140446,-1,14.455584,1.7683936,0.763,0.184,0.429,0.0,0.176,0.0,0.059,0.118,0.857
151281,-1,16.716171,6.932162,0.118,0.863,0.0,0.0,0.0,0.0,0.0,0.0,0.0
142853,-1,14.156036,3.0487611,0.0,0.974,0.944,0.722,0.0,0.0,0.8,0.1,0.361
124911,-1,15.176096,1.1842729,0.589,0.375,0.167,0.0,0.091,0.0,0.0,0.0,0.0
259602,6,9.318481,11.0715065,0.073,0.878,0.914,0.514,0.0,0.188,0.0,0.562,0.114
27150,6,8.574447,10.155836,0.5,0.5,0.053,0.0,0.667,0.0,0.0,0.139,0.105
3373,-1,15.684765,4.153248,0.5,0.5,0.5,0.0,0.0,0.0,0.0,0.0,0.0
83086,6,9.200653,10.783345,0.3,0.675,0.0,0.0,0.0,0.0,0.0,0.0,0.0
265045,-1,11.244061,10.548206,0.075,0.9,1.0,0.286,0.0,0.4,0.0,0.2,0.171
151879,-1,16.799856,2.3770127,0.739,0.261,0.0,0.0,0.562,0.062,0.062,0.062,0.0
158194,6,8.381323,11.330679,0.0,1.0,0.867,0.8,0.048,0.333,0.0,0.429,0.133
273921,-1,17.462841,2.0233483,0.821,0.128,0.4,0.2,0.0,0.25,0.0,0.0,0.4
216498,-1,14.205203,1.8250631,0.8,0.125,0.2,0.2,0.0,0.0,0.0,0.0,0.6
108374,-1,17.373417,3.042137,0.881,0.119,0.6,0.0,0.0,0.0,0.333,0.0,0.5
269703,4,16.67948,7.227109,0.814,0.186,0.5,0.0,0.333,0.167,0.0,0.167,0.5
121237,-1,13.40426,7.2034116,0.323,0.581,0.647,0.294,0.0,0.5,0.0,0.25,0.235
85217,-1,14.701536,4.2471776,0.733,0.222,0.7,0.1,0.333,0.333,0.0,0.333,0.5
228627,-1,16.992416,2.1564865,0.932,0.045,0.0,0.0,0.0,0.0,0.0,0.0,1.0
268407,-1,16.585766,8.564026,0.705,0.273,0.0,0.0,0.0,0.0,0.0,0.0,0.0
169503,-1,14.475068,1.8291645,0.83,0.128,0.333,0.0,0.0,0.0,0.0,0.667,0.333
263497,6,10.65607,9.366632,0.559,0.412,0.714,0.071,0.2,0.2,0.0,0.0,0.071
136312,-1,11.013768,9.503038,0.415,0.537,0.727,0.409,0.0,0.375,0.125,0.375,0.273
125717,-1,16.574713,8.287402,0.4,0.575,0.25,0.0,0.0,0.0,0.0,0.0,0.25
84946,6,9.367621,11.293022,0.2,0.778,0.867,0.533,0.0,0.2,0.4,0.2,0.0
149518,-1,13.520311,3.711274,0.727,0.25,0.0,0.0,0.0,0.235,0.0,0.765,0.727
292814,-1,15.891543,8.265823,0.225,0.725,1.0,0.138,0.0,0.333,0.333,0.0,0.207
180654,-1,15.339038,7.017093,0.907,0.07,0.0,0.0,0.0,0.0,0.0,0.667,0.667
204919,-1,16.452381,3.322865,0.818,0.159,0.0,0.167,0.5,0.0,0.0,0.0,0.333
141275,-1,17.012413,8.287484,0.262,0.714,0.8,0.133,0.125,0.125,0.125,0.25,0.3
207135,-1,16.775734,4.7107944,0.857,0.071,0.0,0.0,0.0,0.0,0.0,0.0,0.5
230237,-1,15.814563,1.1971452,0.913,0.065,0.0,0.0,0.25,0.062,0.062,0.062,0.333
248437,6,9.272665,10.439135,0.622,0.356,0.0,0.0,0.0,0.0,0.0,0.0,0.0
229432,-1,14.627563,4.683009,0.75,0.182,0.625,0.375,0.0,0.0,0.0,1.0,0.5
46537,-1,16.43237,5.8568435,0.744,0.209,0.0,0.0,0.0,0.5,0.0,0.0,0.0
171057,-1,14.658434,3.9762409,0.237,0.711,0.545,0.0,0.0,0.133,0.267,0.0,0.545
269279,-1,11.984634,7.39257,0.886,0.086,0.0,0.333,0.0,0.333,0.333,0.0,0.333
101054,-1,11.19085,9.193926,0.389,0.472,0.25,0.062,0.0,0.15,0.1,0.55,0.188
75433,-1,16.127457,5.8438225,0.935,0.065,0.0,0.0,0.0,0.0,0.0,0.0,0.667
179096,-1,15.675093,6.32889,0.771,0.188,0.0,0.0,0.0,0.0,0.0,0.5,0.444
243063,-1,15.265797,2.2585905,0.646,0.354,0.5,0.125,0.143,0.0,0.571,0.143,0.688
115961,-1,11.988368,7.718019,0.683,0.293,0.636,0.0,0.0,0.25,0.25,0.5,0.636
186306,6,10.247808,9.746514,0.926,0.019,1.0,0.0,0.0,1.0,0.0,0.0,0.0
190289,6,9.587292,10.10623,0.804,0.152,0.429,0.0,0.0,0.0,0.0,0.8,0.0
116318,-1,13.624901,10.03283,0.0,0.982,1.0,0.096,0.2,0.2,0.0,0.0,0.173
58950,-1,12.983021,7.1281586,0.795,0.159,0.0,1.0,0.0,0.0,0.0,1.0,0.0
124544,-1,15.813602,8.206915,0.353,0.618,0.619,0.429,0.0,0.2,0.0,0.6,0.19
26275,-1,17.263819,0.8712046,0.86,0.116,0.0,0.0,0.6,0.04,0.0,0.0,0.6
61035,-1,15.784903,6.8323402,0.757,0.243,0.125,0.0,0.0,0.0,1.0,0.0,0.125
22659,-1,13.677508,9.614376,0.077,0.885,0.978,0.044,0.0,0.5,0.5,0.0,0.156
45685,-1,12.97446,7.536377,0.864,0.068,0.0,0.0,0.25,0.0,0.0,0.5,0.0
258261,6,10.089629,11.011643,0.034,0.828,0.958,0.708,0.0,0.545,0.0,0.455,0.042
121315,-1,16.24685,5.6449966,0.891,0.043,0.5,0.5,0.0,1.0,0.0,0.0,0.5
56740,-1,16.366247,5.238909,0.9,0.1,0.0,0.0,0.0,0.8,0.2,0.0,0.667
49573,6,9.913416,10.070885,0.846,0.128,0.2,0.0,0.0,0.0,0.0,0.75,0.0
114014,-1,17.370695,3.5867596,0.976,0.024,1.0,0.0,0.0,1.0,0.0,0.0,0.0
11277,-1,14.760905,1.6567023,0.795,0.154,0.0,0.0,0.111,0.0,0.0,0.111,0.5
56766,-1,15.748552,0.2537259,0.869,0.098,0.333,0.0,0.333,0.333,0.0,0.0,0.667
219159,-1,14.22606,1.6993284,0.872,0.064,0.0,0.0,0.0,0.0,0.0,0.0,0.333
3266,-1,11.516872,8.068242,0.676,0.297,0.0,0.0,0.0,0.0,0.0,0.0,0.0
91214,-1,14.061567,5.9304442,0.147,0.824,0.893,0.464,0.25,0.333,0.083,0.333,0.643
186933,-1,16.081455,1.698874,0.837,0.122,0.333,0.0,0.0,0.5,0.0,0.0,0.333
218802,-1,17.346813,4.205133,0.844,0.111,0.25,0.0,0.1,0.9,0.0,0.0,0.5
154633,-1,13.82198,4.9604535,0.841,0.091,0.0,0.0,0.0,0.0,0.0,0.0,0.25
254723,-1,13.41285,8.21021,0.938,0.031,0.0,0.0,0.0,0.333,0.0,0.0,0.0
259686,-1,14.288828,8.2306385,0.15,0.75,0.88,0.72,0.25,0.062,0.0,0.0,0.16
12922,-1,13.415743,5.2817497,0.867,0.089,0.0,0.0,0.0,0.0,0.0,1.0,0.667
215835,-1,13.129103,5.6672754,0.282,0.718,0.815,0.259,0.0,0.167,0.5,0.167,0.481
47294,-1,14.792558,6.726181,0.915,0.064,0.0,0.5,0.167,0.0,0.0,0.167,0.0
174590,-1,14.897752,1.2607584,0.192,0.808,0.0,0.0,0.0,0.0,0.0,0.0,0.0
289591,-1,16.406828,1.1616461,0.674,0.279,0.25,0.0,0.0,0.0,0.0,1.0,0.75
2583,-1,17.105648,3.3425925,0.956,0.044,0.0,0.0,0.0,0.5,0.5,0.0,0.5
68922,-1,16.117647,2.6964614,0.85,0.075,0.0,0.0,0.0,0.0,0.0,1.0,0.333
182106,-1,10.843556,9.254896,0.707,0.293,0.545,0.0,0.0,0.5,0.5,0.0,0.182
131340,-1,14.485161,3.6140578,0.905,0.071,0.0,0.0,0.0,0.5,0.5,0.0,0.667
118740,-1,15.647953,5.0741,0.935,0.022,0.0,0.0,0.0,0.0,0.0,0.0,1.0
109996,6,9.324076,10.891774,0.261,0.587,0.714,0.19,0.154,0.231,0.0,0.538,0.0
212902,-1,14.261756,1.2461554,0.922,0.078,0.0,0.0,0.143,0.0,0.0,0.0,0.5
113740,-1,16.059664,3.4973493,0.86,0.093,0.0,0.25,0.0,1.0,0.0,0.0,0.5
168761,-1,16.559526,6.161832,0.783,0.196,0.222,0.111,0.0,0.0,1.0,0.0,0.667
16926,-1,16.0991,8.874802,0.767,0.209,0.25,0.0,0.0,0.0,0.0,1.0,0.0
57846,-1,15.2478,9.128157,0.439,0.561,0.783,0.13,0.0,0.2,0.4,0.4,0.522
152341,-1,13.023156,9.474318,0.0,0.971,1.0,0.273,0.0,0.182,0.0,0.273,0.515
135592,4,17.07083,7.0677943,0.463,0.537,1.0,1.0,0.0,0.25,0.0,0.25,0.0
233549,4,16.457422,7.587743,0.0,0.977,1.0,0.651,0.0,1.0,0.0,0.0,0.488
248307,6,9.780831,10.432428,0.486,0.486,0.889,0.167,0.0,0.167,0.0,0.333,0.0
290330,-1,17.14405,0.51212597,0.93,0.047,0.0,0.0,0.25,0.0,0.0,0.0,1.0
196817,6,10.304319,9.097954,0.812,0.104,0.0,0.0,0.0,0.0,0.0,0.5,0.0
126872,-1,12.353822,10.06294,0.029,0.943,1.0,0.062,0.0,0.429,0.143,0.143,0.25
201209,-1,14.616471,9.61231,0.458,0.5,0.7,0.1,0.0,0.0,1.0,0.0,0.7
294085,-1,16.249771,7.1583734,0.743,0.229,0.5,0.5,0.0,1.0,0.0,0.0,0.25
251493,-1,13.207044,8.268168,0.75,0.25,0.4,0.0,0.286,0.071,0.0,0.0,0.2
291543,-1,15.916823,0.61331975,0.907,0.047,0.5,0.0,0.0,0.0,0.5,0.0,1.0
94348,-1,15.121822,6.2849402,0.568,0.364,0.312,0.062,0.176,0.0,0.176,0.059,0.375
128329,-1,17.110344,5.473366,0.825,0.175,0.0,0.0,0.0,0.143,0.143,0.143,0.571
159550,-1,14.906751,5.2687073,0.024,0.976,1.0,0.425,0.0,0.0,0.0,0.0,0.225
220355,-1,17.275347,0.91665244,0.886,0.068,0.0,0.0,0.25,0.5,0.0,0.0,0.667
120683,-1,17.559095,3.8500407,0.953,0.023,0.0,0.0,0.0,1.0,0.0,0.0,0.0
254541,-1,16.42048,6.726793,0.641,0.333,0.0,0.9,0.0,0.0,0.167,0.0,0.7
239444,-1,15.728784,4.911506,0.771,0.167,0.333,0.333,0.375,0.25,0.125,0.0,0.0
131185,-1,17.235678,3.0807066,0.846,0.051,0.0,0.5,0.0,0.5,0.0,0.5,0.5
58786,6,10.343339,9.454092,0.864,0.114,0.25,0.25,0.0,0.0,0.0,0.0,0.0
109012,-1,15.660583,5.4125476,0.825,0.15,0.0,0.25,0.0,0.0,0.0,0.0,0.25
283446,-1,15.272254,1.3593278,0.956,0.022,0.0,0.0,0.25,0.25,0.0,0.0,1.0
176063,-1,14.325768,1.294725,0.854,0.122,0.0,0.2,0.261,0.0,0.0,0.043,0.6
81062,-1,16.937912,2.028523,0.833,0.143,0.0,0.0,0.0,0.0,0.0,1.0,0.333
162553,-1,9.790108,11.236112,0.103,0.897,0.971,0.057,0.0,0.364,0.0,0.364,0.029
118695,-1,14.775634,2.4840465,0.073,0.836,0.83,0.5,0.0,0.1,0.8,0.0,0.66
183452,-1,14.744941,4.607896,0.757,0.243,0.111,0.333,0.0,0.5,0.0,0.5,0.667
63132,-1,16.501667,4.9248247,0.818,0.068,0.0,0.0,0.25,0.0,0.25,0.0,0.333
138557,-1,15.123875,0.0925345,0.846,0.103,0.0,0.0,0.0,0.0,0.333,0.333,0.667
102955,-1,17.426332,1.6117716,0.909,0.045,0.0,0.0,0.0,0.5,0.0,0.0,0.5
179773,6,8.112633,11.190711,0.632,0.316,0.0,0.727,0.0,0.0,0.0,0.0,0.182
240697,6,9.057645,10.021627,0.641,0.359,0.0,0.0,0.0,1.0,0.0,0.0,0.0
291500,-1,14.075321,2.6373932,0.452,0.5,0.0,1.0,0.0,0.0,0.5,0.5,1.0
117020,-1,17.267208,3.1846068,0.73,0.189,0.333,0.167,0.0,0.0,0.0,1.0,0.5
79001,-1,17.738201,2.273514,0.913,0.087,0.0,0.0,0.0,0.5,0.0,0.0,0.333
52192,6,11.029307,8.665746,0.977,0.0,0.0,0.0,0.0,0.0,0.5,0.0,0.0
39179,-1,17.792624,2.811105,0.875,0.083,0.0,0.0,0.0,1.0,0.0,0.0,0.333
112201,-1,12.576968,9.293243,0.04,0.96,0.958,0.167,0.0,0.5,0.0,0.5,0.208
54322,-1,14.544818,1.1379554,0.889,0.0,0.0,0.0,1.0,0.0,0.0,0.0,0.0
264019,-1,14.270846,8.609811,0.846,0.154,0.667,0.0,0.0,0.0,0.0,0.5,0.333
237476,-1,16.782963,0.9325843,0.86,0.093,0.5,0.0,0.0,0.75,0.0,0.25,1.0
149392,6,10.313336,10.854993,0.0,1.0,1.0,0.167,0.1,0.0,0.0,0.2,0.028
75033,-1,13.36126,9.521521,0.737,0.263,0.667,0.333,0.0,1.0,0.0,0.0,0.333
153696,6,9.869725,9.484222,0.146,0.829,0.97,0.091,0.0,0.385,0.154,0.423,0.152
109845,-1,13.651823,2.9696941,0.703,0.27,0.5,0.6,0.0,0.0,0.2,0.0,0.3
121778,-1,15.692375,-0.00017504151,0.896,0.062,0.0,0.0,0.0,0.0,0.333,0.0,0.333
84218,6,11.890782,8.6499605,0.814,0.093,0.333,0.0,0.0,0.333,0.0,0.0,0.0
50724,-1,15.4688,4.662528,0.867,0.089,0.0,0.0,0.294,0.0,0.0,0.059,0.0
194905,-1,13.861412,1.7659,0.878,0.061,0.0,0.0,0.429,0.0,0.0,0.0,0.667
50993,6,8.616696,10.020716,0.102,0.878,1.0,0.643,0.067,0.2,0.0,0.467,0.071
101140,-1,15.856586,-0.025562085,0.905,0.095,0.0,0.0,0.143,0.0,0.143,0.0,1.0
48283,-1,15.9438,5.614947,0.94,0.04,0.0,0.0,0.0,0.0,0.0,0.333,0.5
273975,-1,14.843736,7.078268,0.667,0.238,0.7,0.6,0.0,0.25,0.5,0.0,0.2
80498,-1,12.455578,7.9220595,0.533,0.467,0.9,0.0,0.0,0.333,0.0,0.667,0.15
144153,-1,14.782664,2.4014,0.829,0.114,0.25,0.25,0.0,0.0,0.0,1.0,0.5
170636,3,17.283182,4.8301644,0.857,0.048,0.5,0.0,0.0,0.0,0.0,0.0,1.0
20423,-1,16.51658,3.9943035,0.905,0.071,0.0,0.0,0.0,0.0,0.0,0.0,0.667
12547,-1,14.761325,7.773531,0.419,0.581,0.0,1.0,0.0,0.0,0.0,0.0,0.0
234890,-1,18.097954,3.794138,0.814,0.116,0.0,0.2,0.684,0.0,0.0,0.0,0.2
159953,-1,13.008572,7.7888846,0.686,0.286,0.6,0.1,0.143,0.143,0.571,0.0,0.3
38240,-1,15.705089,8.474407,0.067,0.933,0.865,0.216,0.292,0.333,0.0,0.208,0.135
129237,-1,16.645283,0.6296501,0.867,0.089,0.0,0.0,0.286,0.0,0.0,0.0,0.667
54859,-1,14.5190115,4.148638,0.864,0.091,0.0,0.0,0.0,0.5,0.0,0.0,1.0
258695,6,10.285187,10.941511,0.242,0.758,0.84,0.56,0.0,0.25,0.375,0.25,0.12
158246,-1,15.196924,4.606012,0.271,0.688,0.188,0.094,0.0,0.0,0.975,0.0,0.688
180064,-1,13.417431,3.7980342,0.795,0.114,0.0,0.2,0.0,0.0,0.0,0.0,0.4
236225,-1,16.366783,3.8029087,0.767,0.163,0.167,0.167,0.0,0.0,0.0,0.5,0.5
142757,-1,13.525042,3.1081624,0.814,0.047,0.5,0.0,0.0,0.0,0.0,1.0,0.5
94633,-1,16.038273,1.1767818,0.8,0.156,0.167,0.0,0.0,0.25,0.0,0.0,0.667
65915,-1,12.103053,8.610093,0.447,0.526,0.5,0.167,0.0,0.125,0.0,0.75,0.0
164191,-1,12.937917,10.176768,0.308,0.635,0.767,0.167,0.0,0.25,0.5,0.25,0.233
124235,-1,14.856839,1.442532,0.854,0.146,0.167,0.0,0.5,0.0,0.0,0.0,0.5
143295,-1,16.794003,2.136703,0.889,0.022,0.0,0.0,0.0,0.0,0.0,0.0,0.0
257037,-1,14.367433,9.147902,0.294,0.706,0.875,0.0,0.0,0.0,0.0,0.333,0.208
232354,-1,16.926456,4.9297276,0.771,0.042,0.0,0.0,0.0,0.0,0.0,0.0,1.0
154353,-1,16.39346,3.2526724,0.78,0.146,0.0,0.667,0.0,0.0,0.75,0.25,0.333
209008,-1,13.797145,9.563933,0.816,0.053,0.0,0.5,0.0,0.0,0.0,0.667,0.0
142790,-1,15.974659,-0.23806714,0.857,0.024,0.0,0.0,0.125,0.0,0.0,0.0,1.0
19978,-1,11.543973,10.534285,0.02,0.98,0.979,0.085,0.125,0.125,0.0,0.5,0.277
232897,-1,14.768161,7.4585104,0.0,1.0,1.0,0.897,0.0,0.0,0.0,0.0,0.69
194665,-1,11.033523,10.179156,0.525,0.425,0.312,0.25,0.0,0.0,0.0,0.25,0.062
136512,-1,13.104141,7.7746806,0.955,0.045,0.0,0.0,0.0,0.25,0.0,0.25,0.0
63125,-1,13.856485,1.7784449,0.833,0.167,0.0,0.0,0.333,0.333,0.0,0.0,0.667
61227,-1,14.825159,4.5935936,0.359,0.564,0.619,0.19,0.0,0.0,0.556,0.222,0.81
30949,-1,16.243237,0.57614315,0.953,0.023,0.0,0.0,0.0,0.0,1.0,0.0,0.0
241940,-1,14.733637,0.77015823,0.925,0.05,0.0,0.0,0.0,1.0,0.0,0.0,0.5
106020,-1,14.202827,2.3915844,0.769,0.205,0.0,0.0,0.333,0.333,0.0,0.0,0.0
232650,6,8.163172,11.104598,0.778,0.133,0.167,0.333,0.0,0.167,0.0,0.583,0.333
209354,-1,16.788158,2.105637,0.333,0.667,0.0,0.0,0.0,0.0,0.0,0.0,0.0
197781,-1,17.075918,1.5203179,0.933,0.067,0.0,0.0,0.55,0.0,0.0,0.0,0.333
63555,-1,14.652303,8.458381,0.038,0.885,0.905,0.524,0.0,0.0,1.0,0.0,0.571
143587,6,9.642481,9.061154,0.617,0.34,0.562,0.375,0.0,0.588,0.0,0.294,0.125
178811,6,8.20876,10.679529,0.913,0.065,0.0,0.0,0.1,0.1,0.0,0.5,0.0
75286,-1,13.066703,7.533292,0.652,0.326,0.0,0.0,0.0,0.5,0.0,0.0,0.0
207587,-1,15.166314,8.321248,0.167,0.833,0.914,0.314,0.143,0.286,0.0,0.571,0.457
63098,-1,12.429161,7.238355,0.808,0.135,0.286,0.0,0.0,0.0,0.0,0.5,0.571
226030,-1,15.711646,7.1931386,0.222,0.75,0.923,0.692,0.0,0.286,0.143,0.571,0.346
30259,-1,10.950597,8.439575,0.909,0.045,0.0,0.0,0.0,0.0,0.0,0.0,0.0
230413,-1,15.378783,8.875172,0.812,0.188,0.833,0.167,0.0,0.5,0.5,0.0,0.833
8940,-1,13.611679,10.139589,0.062,0.906,0.966,0.379,0.0,0.0,0.5,0.5,0.103
152979,-1,8.719735,9.899682,0.732,0.195,0.75,0.125,0.1,0.3,0.0,0.1,0.0
99051,-1,13.925504,8.031779,0.935,0.043,1.0,0.0,0.2,0.2,0.2,0.0,0.5
170802,-1,11.945078,9.863419,0.368,0.579,0.545,0.045,0.0,0.125,0.125,0.75,0.045
27356,-1,16.896551,8.152543,0.044,0.911,0.975,0.075,0.0,0.0,0.0,0.333,0.425
37360,-1,14.579518,1.8028806,0.171,0.829,0.333,0.242,0.0,0.0,0.931,0.0,0.758
51152,-1,15.64318,2.962332,0.788,0.154,0.125,0.0,0.0,0.0,1.0,0.0,0.875
35273,-1,16.115093,0.90399677,0.93,0.047,0.0,0.0,0.0,0.0,0.0,1.0,0.0
155794,-1,16.957884,1.0768183,0.936,0.064,0.0,0.0,0.667,0.333,0.0,0.0,1.0
89710,-1,16.141489,8.512768,0.768,0.214,0.083,0.0,0.0,0.125,0.875,0.0,0.5
58261,-1,13.833955,1.2591851,0.884,0.093,0.0,0.0,0.083,0.0,0.0,0.0,0.75
129193,-1,13.597054,9.057981,0.814,0.14,0.0,0.0,0.0,0.0,0.0,0.5,0.0
107250,-1,17.719362,1.7688187,0.789,0.175,0.125,0.0,0.0,0.0,0.0,0.0,0.125
67627,-1,13.674879,9.470192,0.182,0.818,0.926,0.481,0.0,0.25,0.75,0.0,0.074
84233,6,12.979354,5.601874,0.81,0.119,0.5,0.25,0.0,0.0,1.0,0.0,0.75
172107,-1,15.184359,2.0951788,0.85,0.1,0.25,0.0,0.0,0.0,0.0,0.0,0.75
156734,-1,14.641594,8.994454,0.283,0.696,0.75,0.333,0.333,0.333,0.333,0.0,0.208
206795,-1,15.555125,6.1084337,0.932,0.068,0.0,0.0,0.0,0.5,0.5,0.0,0.0
106414,-1,16.158718,-0.2500168,0.875,0.075,0.0,0.333,0.5,0.0,0.0,0.0,0.333
39250,-1,12.024324,9.090735,0.023,0.953,0.975,0.375,0.0,0.5,0.0,0.0,0.25
292649,6,9.246686,9.738644,0.891,0.022,0.0,0.0,0.0,0.5,0.0,0.0,0.0
192307,-1,13.368014,5.2600875,0.82,0.12,0.0,0.0,0.0,1.0,0.0,0.0,0.4
290303,6,8.95344,11.3840885,0.553,0.404,0.75,0.0,0.286,0.286,0.0,0.286,0.0
18275,-1,16.078701,9.039536,0.6,0.375,0.308,0.538,0.0,0.0,1.0,0.0,0.462
272764,4,15.664359,7.520849,0.743,0.257,0.571,0.143,0.091,0.818,0.0,0.0,0.0
168077,-1,14.710585,8.707997,0.043,0.957,1.0,0.511,0.0,0.0,0.333,0.0,0.568
218921,-1,15.506776,7.857969,0.804,0.157,0.0,0.25,0.125,0.25,0.125,0.25,0.5
197321,-1,16.99285,5.2547317,0.87,0.065,0.0,0.0,0.0,1.0,0.0,0.0,0.333
232875,-1,15.528483,0.5162061,0.837,0.116,0.2,0.4,0.0,0.333,0.0,0.167,0.2
156935,-1,13.265039,8.010067,0.775,0.15,0.667,0.5,0.0,0.5,0.0,0.5,0.5
187267,-1,14.977884,4.091011,0.783,0.196,0.0,0.25,0.0,0.333,0.667,0.0,0.625
76451,-1,15.596873,3.306309,0.891,0.109,0.0,0.0,0.0,0.0,0.0,0.0,0.833
254587,-1,16.820534,1.2274393,0.957,0.0,0.0,0.0,0.0,0.0,0.0,0.2,0.0
16541,-1,15.582818,4.9007154,0.889,0.022,0.0,0.0,0.2,0.0,0.2,0.0,1.0
56152,-1,14.532158,2.395294,0.951,0.049,0.0,1.0,0.0,0.0,0.0,0.0,1.0
291471,-1,14.286741,8.440743,0.472,0.528,0.789,0.0,0.0,0.222,0.333,0.444,0.421
1865,-1,15.0281,2.4729905,0.419,0.558,0.0,0.0,0.167,0.333,0.0,0.0,1.0
130900,-1,13.575212,1.8117363,0.366,0.634,0.192,0.962,0.0,0.0,0.923,0.0,0.731
139127,-1,15.015349,0.5320626,0.947,0.053,0.0,0.0,0.0,0.0,0.0,0.0,0.667
204602,-1,15.235127,0.6875116,0.096,0.885,0.978,0.8,0.0,0.333,0.0,0.222,0.644
286159,-1,17.204182,3.055623,0.167,0.792,0.842,0.632,0.182,0.091,0.364,0.273,0.5
129135,-1,15.04481,6.085752,0.745,0.191,0.375,0.0,0.0,0.333,0.0,0.0,0.5
72504,-1,12.496768,6.6765175,0.966,0.034,0.0,0.0,0.0,0.0,0.0,0.0,0.0
78138,-1,15.406186,9.364325,0.152,0.818,1.0,0.037,0.0,0.0,0.0,0.0,0.259
140075,4,15.762336,7.4091372,0.311,0.667,0.0,0.0,0.182,0.273,0.0,0.273,0.0
81466,-1,14.661901,1.7341168,0.857,0.095,0.5,0.0,0.0,0.0,0.0,0.0,0.5
93494,-1,16.837454,0.5615428,0.909,0.023,0.0,0.0,0.0,1.0,0.0,0.0,0.0
259297,-1,12.826985,9.302546,0.488,0.512,0.7,0.05,0.0,0.25,0.0,0.417,0.05
169402,-1,18.110664,3.61577,0.841,0.136,0.0,0.0,0.267,0.0,0.0,0.0,0.5
237774,-1,15.20325,9.309074,0.778,0.222,0.75,0.125,0.0,0.429,0.143,0.0,0.5
169143,-1,15.870359,9.078498,0.431,0.569,0.679,0.036,0.0,0.222,0.333,0.333,0.393
64548,-1,13.997064,5.1923714,0.841,0.068,0.333,0.0,0.0,0.0,0.0,0.0,0.667
143316,-1,13.975451,1.770902,0.787,0.213,0.3,0.2,0.0,1.0,0.0,0.0,0.5
245678,-1,17.186384,7.998363,0.717,0.261,0.417,0.417,0.333,0.667,0.0,0.0,0.167
230812,6,10.293116,8.931016,0.656,0.281,0.778,0.111,0.0,0.5,0.0,0.0,0.222
98164,6,8.772964,11.440977,0.548,0.405,0.471,0.059,0.0,0.172,0.0,0.793,0.0
70164,-1,15.998935,0.63655424,0.891,0.091,0.0,0.0,0.111,0.056,0.0,0.056,0.75
150430,-1,13.158885,7.914788,0.275,0.686,1.0,0.371,0.143,0.286,0.0,0.286,0.114
201198,-1,12.203554,7.4677563,0.294,0.676,0.783,0.348,0.067,0.533,0.067,0.0,0.348
113971,-1,17.258356,3.8676121,0.857,0.024,0.0,0.0,0.0,0.0,0.0,0.143,1.0
225057,-1,14.67809,4.274761,0.162,0.784,0.821,0.25,0.375,0.375,0.0,0.125,0.536
8759,-1,14.498953,2.064665,0.907,0.093,0.0,0.0,0.0,0.0,0.5,0.5,0.0
284779,-1,14.371116,2.1136174,0.92,0.06,0.333,0.0,0.062,0.562,0.0,0.062,0.667
118725,-1,16.546288,0.46145985,0.826,0.13,0.0,0.0,0.0,0.0,0.0,0.0,0.2
118737,-1,15.8461075,5.829129,0.718,0.231,0.333,0.667,0.0,0.286,0.0,0.143,0.333
26847,-1,15.664707,6.09945,0.262,0.69,0.667,0.167,0.0,0.0,0.6,0.2,0.417
229755,-1,16.619541,1.5420707,0.936,0.064,0.0,0.0,0.0,0.0,0.0,0.0,0.667
233968,-1,16.605171,5.7496333,0.8,0.133,0.0,0.0,0.286,0.429,0.0,0.143,0.0
17396,-1,16.88863,5.091018,0.278,0.722,0.731,0.808,0.0,0.143,0.714,0.0,0.538
220333,-1,14.578263,4.247596,0.455,0.545,0.5,0.111,0.0,0.0,1.0,0.0,0.611
200540,-1,17.251131,0.52989155,0.647,0.206,0.0,0.0,0.35,0.0,0.0,0.0,0.429
113811,-1,17.990812,1.335162,0.822,0.044,0.0,0.5,0.25,0.0,0.0,0.0,0.5
109599,-1,14.362993,1.5719901,0.898,0.082,0.0,0.0,0.0,0.0,0.0,0.0,0.5
220263,-1,14.268431,9.7713175,0.359,0.615,0.706,0.412,0.0,0.0,0.5,0.0,0.471
156264,-1,15.426348,7.655005,0.262,0.714,0.962,0.577,0.0,0.0,0.0,1.0,0.192
182147,6,8.976783,9.782543,0.848,0.065,0.0,0.0,0.0,0.0,0.0,0.5,0.333
200421,-1,17.908024,4.726054,0.857,0.086,0.0,0.0,0.0,0.0,0.0,0.0,1.0
230126,-1,13.634274,8.827887,0.864,0.114,0.0,0.0,0.333,0.0,0.333,0.0,0.75
263722,6,8.698402,10.655454,0.69,0.238,0.0,0.0,0.118,0.059,0.0,0.235,0.333
127398,6,13.071097,5.6931224,0.235,0.765,0.0,0.0,0.333,0.0,0.333,0.0,0.0
134000,-1,14.120735,9.83906,0.205,0.795,0.862,0.138,0.0,0.25,0.5,0.0,0.276
6953,6,11.90796,7.6882234,0.829,0.122,0.0,0.0,0.0,0.5,0.0,0.333,0.2
282182,-1,13.788531,5.2968707,0.712,0.288,0.071,0.0,0.0,0.0,0.857,0.071,0.643
234324,6,10.861157,10.594041,0.057,0.914,0.969,0.062,0.0,0.375,0.0,0.375,0.125
113526,-1,14.203274,4.4153976,0.59,0.41,0.143,0.143,0.0,0.0,0.857,0.143,0.357
89331,-1,15.586401,2.5243876,0.863,0.118,0.2,0.0,0.0,0.0,0.0,0.0,0.8
209093,-1,14.370437,1.3646425,0.795,0.136,0.0,0.167,0.5,0.0,0.0,0.5,0.5
273024,-1,18.021704,4.1966205,0.896,0.062,0.0,0.0,0.5,0.5,0.0,0.0,0.667
259409,-1,15.406866,7.128944,0.5,0.395,0.0,0.0,0.25,0.0,0.0,0.0,0.0
35881,6,8.184021,10.678261,0.707,0.22,0.8,0.8,0.0,0.0,0.0,0.75,0.2
132778,-1,15.446539,5.594169,0.478,0.435,0.2,0.1,0.0,0.0,1.0,0.0,0.55
57243,6,11.288918,8.762165,0.0,0.957,1.0,0.182,0.0,1.0,0.0,0.0,0.045
59202,-1,17.777681,1.1675594,0.761,0.196,0.125,0.0,0.625,0.125,0.0,0.0,0.75
240912,-1,12.512229,8.266091,0.531,0.438,0.286,0.0,0.143,0.214,0.0,0.214,0.0
195127,-1,12.533795,9.83745,0.095,0.905,0.947,0.053,0.111,0.222,0.111,0.444,0.132
17909,-1,17.0277,1.5666312,0.977,0.0,0.0,0.0,0.0,0.0,0.0,0.0,0.0
217606,-1,13.538147,2.305635,0.756,0.244,0.1,0.1,0.0,0.0,0.0,0.0,0.5
25150,-1,12.876574,7.2198734,0.6,0.35,0.857,0.5,0.0,0.4,0.0,0.4,0.286
15775,-1,9.772044,8.860448,0.654,0.192,0.3,0.0,0.0,0.238,0.0,0.381,0.4
117559,-1,17.322588,2.1578357,0.791,0.209,0.0,0.714,0.421,0.053,0.0,0.053,0.143
237096,-1,15.77058,0.62022376,0.804,0.13,0.5,0.333,0.4,0.067,0.0,0.0,0.0
186749,6,8.269486,10.4252615,0.754,0.169,0.455,0.091,0.115,0.077,0.038,0.269,0.091
211001,-1,14.485152,4.3998756,0.583,0.417,0.6,0.4,0.0,0.333,0.333,0.333,0.467
253955,6,10.209888,10.318389,0.721,0.233,0.0,0.5,0.5,0.0,0.0,0.0,0.0
255166,6,9.646743,8.988986,0.256,0.698,0.448,0.345,0.378,0.135,0.0,0.324,0.069
25159,-1,16.036444,2.7688448,0.894,0.043,0.0,0.0,0.0,0.0,0.333,0.0,0.0
120316,-1,16.235397,3.1562943,0.429,0.524,0.316,0.053,0.0,0.0,0.667,0.0,0.421
91191,-1,15.900126,7.7891207,0.725,0.25,1.0,0.0,0.5,0.333,0.0,0.0,0.0
115277,6,10.250156,10.654192,0.543,0.429,0.571,0.571,0.0,0.0,0.0,1.0,0.0
229451,-1,11.033766,8.28706,0.773,0.159,0.286,0.0,0.0,0.25,0.25,0.25,0.143
151974,-1,16.965467,0.8120204,0.936,0.043,0.5,0.5,0.0,0.0,0.0,0.0,0.5
272704,-1,16.399984,7.884678,0.545,0.455,0.143,0.214,0.0,0.034,0.034,0.034,0.571
19406,-1,15.849302,4.617599,0.857,0.143,0.0,0.0,0.0,0.333,0.333,0.0,1.0
217841,-1,15.501843,0.6416901,0.889,0.067,0.0,0.0,0.25,0.0,0.0,0.0,1.0
129666,-1,13.342757,6.6229057,0.932,0.023,0.0,0.0,0.0,0.0,0.0,0.0,0.0
137710,6,9.823786,11.088063,0.021,0.979,0.886,0.068,0.0,0.375,0.062,0.375,0.045
123405,-1,16.913868,3.2953062,0.818,0.145,0.714,0.286,0.0,0.5,0.0,0.5,0.714
246113,-1,15.017592,0.2321291,0.771,0.143,0.6,1.0,0.462,0.077,0.077,0.0,0.2
178087,-1,15.652728,1.1058257,0.818,0.091,0.25,0.0,0.0,1.0,0.0,0.0,0.25
74435,-1,14.605406,8.210221,0.723,0.255,0.25,0.083,0.2,0.0,0.0,0.6,0.333
60078,-1,17.603075,3.8245137,0.087,0.891,0.951,0.6,0.0,0.571,0.0,0.429,0.585
242889,-1,16.350208,3.9139636,0.87,0.087,0.5,0.5,0.0,0.0,0.0,0.0,0.5
113194,-1,14.246217,1.3225927,0.805,0.098,0.2,0.4,0.455,0.0,0.045,0.0,0.6
116331,-1,13.591728,6.0168285,0.854,0.098,0.0,0.0,0.0,0.0,1.0,0.0,0.0
256078,-1,15.107205,9.372234,0.525,0.425,0.4,0.0,0.0,0.333,0.0,0.0,0.4
78572,-1,15.718833,4.284483,0.736,0.226,0.111,0.111,0.0,0.0,0.0,0.0,0.222
100727,6,9.173149,9.576026,0.844,0.044,0.0,0.0,0.0,0.0,0.0,0.667,0.0
13968,-1,17.242159,3.5990756,0.9,0.075,0.333,1.0,0.0,0.0,0.333,0.333,0.667
227607,-1,11.269542,10.12626,0.525,0.425,0.562,0.062,0.0,0.333,0.0,0.667,0.5
165872,-1,14.340893,6.386874,0.825,0.125,0.5,0.0,0.5,0.143,0.0,0.0,0.75
1333,-1,15.964845,3.6866777,0.8,0.025,0.0,0.0,0.0,0.0,0.0,0.0,0.0
51966,6,14.249113,3.5362327,0.703,0.216,0.125,0.0,0.333,0.0,0.0,0.0,0.125
141891,-1,17.982845,4.3247824,0.87,0.087,0.0,0.0,0.167,0.167,0.0,0.0,0.0
75276,-1,12.75317,7.026939,0.86,0.023,1.0,0.0,0.0,0.333,0.0,0.333,0.0
106982,-1,16.69357,1.2290871,0.689,0.267,0.583,0.5,0.0,1.0,0.0,0.0,0.25
224465,-1,16.304611,0.21477145,0.933,0.044,0.0,0.0,0.312,0.0,0.0,0.062,1.0
166342,-1,13.446347,2.8875172,0.885,0.058,0.0,0.0,0.0,0.143,0.0,0.0,1.0
258523,-1,16.266594,8.91444,0.075,0.925,0.944,0.361,0.0,0.75,0.0,0.0,0.5
134903,6,8.575559,10.956692,0.977,0.023,0.0,0.0,0.0,0.0,0.0,0.0,0.0
207373,-1,17.113453,0.78498983,0.846,0.077,0.0,0.0,0.0,0.0,0.0,0.0,0.333
148488,-1,12.325988,7.1110444,0.69,0.286,0.2,0.3,0.0,0.214,0.071,0.571,0.2
157147,-1,13.457242,7.643021,0.6,0.32,0.562,0.0,0.0,0.3,0.4,0.0,0.625
107727,6,11.923475,7.767104,0.073,0.927,0.889,0.111,0.0,0.308,0.154,0.462,0.083
94866,6,8.963775,11.108856,0.375,0.05,0.0,0.0,0.0,0.333,0.0,0.0,0.0
87908,-1,17.523703,3.5323017,0.83,0.113,0.0,0.0,0.0,0.0,0.0,1.0,0.2
106213,-1,16.538015,6.8025947,0.83,0.021,1.0,1.0,0.0,0.0,0.0,0.25,1.0
259257,-1,14.602012,9.207161,0.344,0.625,0.75,0.2,0.286,0.286,0.143,0.286,0.2
56040,-1,14.094048,9.2087345,0.0,1.0,0.974,0.842,0.0,0.111,0.778,0.111,0.763
256516,-1,10.778233,8.64265,0.925,0.025,0.0,0.0,0.0,0.0,0.0,0.0,0.0
175403,-1,14.241944,3.0026982,0.457,0.543,0.214,0.143,0.0,0.0,0.333,0.0,0.5
98941,-1,17.03151,0.9482867,0.87,0.109,0.0,0.25,0.0,0.5,0.0,0.25,0.5
237073,-1,16.8455,4.4219494,0.488,0.465,0.895,0.105,0.25,0.25,0.25,0.0,0.789
49287,-1,15.320982,5.0072036,0.857,0.114,0.0,0.25,0.0,0.5,0.0,0.0,0.5
195648,0,13.695618,1.4864484,0.955,0.023,0.0,0.0,0.0,0.0,0.5,0.0,1.0
90584,-1,15.048181,6.99348,0.767,0.186,0.125,0.125,0.0,0.125,0.0,0.688,0.25
85684,-1,14.509794,1.3240521,0.886,0.068,0.0,0.0,0.25,0.0,0.0,0.25,0.667
185154,-1,16.17072,3.0307086,0.872,0.077,0.0,0.0,0.5,0.5,0.0,0.0,0.667
161184,-1,15.502417,8.981947,0.048,0.929,0.921,0.342,0.795,0.051,0.026,0.0,0.421
110664,-1,17.556194,1.701296,0.915,0.021,0.0,0.0,0.0,0.0,0.0,0.0,1.0
53509,-1,15.317316,8.764945,0.805,0.146,0.0,0.0,0.0,0.0,0.2,0.2,0.25
114356,-1,15.3962145,9.411999,0.029,0.971,1.0,0.147,0.1,0.4,0.0,0.1,0.059
67259,-1,17.746937,3.8146157,0.925,0.05,0.5,0.5,0.615,0.077,0.0,0.0,0.5
120112,-1,13.481014,2.8643177,0.282,0.692,0.444,0.722,0.143,0.429,0.286,0.143,0.222
190733,-1,13.023768,8.507001,0.689,0.289,0.857,0.143,0.0,0.75,0.0,0.0,0.143
173034,-1,16.21531,2.7748697,0.837,0.102,0.6,0.2,0.0,0.667,0.0,0.333,0.6
105479,-1,13.329099,9.09865,0.667,0.282,0.545,0.091,0.0,0.667,0.0,0.0,0.0
252964,-1,16.613487,8.240443,0.265,0.618,0.706,0.529,0.333,0.0,0.0,0.0,0.353
105987,-1,18.156006,3.9170797,0.717,0.152,0.0,0.0,0.188,0.0,0.0,0.0,0.5
121850,-1,15.819563,1.2186778,0.581,0.395,0.0,0.0,0.0,0.0,0.0,0.0,0.0
188865,6,10.488639,9.035546,0.889,0.083,0.333,0.0,0.0,0.0,0.0,0.5,0.0
14035,-1,16.651812,-0.10870123,0.915,0.064,0.0,0.0,0.0,0.0,0.0,0.0,0.333
17374,-1,14.218198,7.90636,0.587,0.348,0.6,0.2,0.0,0.167,0.167,0.167,0.4
52422,6,9.98675,10.23576,0.538,0.462,0.765,0.0,0.0,0.333,0.333,0.0,0.118
158222,6,9.423937,9.743715,0.556,0.422,0.0,0.0,0.0,0.167,0.0,0.167,0.0
205428,-1,14.583793,4.589085,0.867,0.133,0.0,0.0,0.118,0.0,0.0,0.0,0.5
55212,-1,15.253271,1.1869012,0.7,0.233,0.2,0.4,0.0,0.333,0.0,0.0,0.4
230082,-1,16.538298,8.426066,0.558,0.419,0.0,0.0,0.5,0.5,0.0,0.0,0.0
115425,-1,15.836416,8.3276,0.818,0.109,0.5,0.0,0.0,0.0,0.0,0.0,0.0
275472,-1,15.757506,0.6619322,0.8,0.2,0.25,0.0,0.364,0.0,0.0,0.091,0.5
201507,-1,15.656359,3.320718,0.8,0.15,0.2,0.2,0.0,1.0,0.0,0.0,0.2
143309,-1,16.56281,8.341767,0.703,0.27,0.0,0.0,0.0,0.0,0.0,0.0,0.0
197010,-1,14.527298,4.18188,0.278,0.722,0.174,0.043,0.067,0.0,0.867,0.0,0.696
36440,-1,12.412696,7.03127,0.712,0.231,0.455,0.167,0.0,0.25,0.0,0.0,0.636
139254,-1,14.3483095,3.428066,0.891,0.087,0.0,0.0,0.0,0.0,0.0,0.0,0.5
157953,-1,16.486916,7.520583,0.149,0.809,0.0,0.0,0.0,0.0,1.0,0.0,0.0
223811,6,8.648522,9.846072,0.326,0.63,0.897,0.069,0.464,0.071,0.0,0.25,0.034
273308,-1,10.1571455,8.643902,0.614,0.205,0.111,0.0,0.348,0.13,0.0,0.043,0.556
271957,-1,13.56586,4.4924364,0.882,0.088,0.0,0.0,0.0,0.6,0.2,0.0,0.0
177962,-1,16.780184,8.458509,0.267,0.733,0.0,0.0,0.0,0.0,0.0,0.0,0.0
291199,-1,13.567959,8.369957,0.125,0.854,0.744,0.872,0.0,0.0,1.0,0.0,0.667
266992,6,9.318424,11.182036,0.703,0.243,0.333,0.111,0.0,0.0,0.0,0.824,0.111
198016,-1,13.391953,7.3629103,0.605,0.395,0.733,0.733,0.0,0.25,0.25,0.25,0.333
74849,-1,16.57464,4.102944,0.955,0.023,0.0,0.0,0.0,0.5,0.0,0.0,1.0
99491,-1,14.452185,9.270643,0.448,0.552,0.533,0.067,0.091,0.364,0.091,0.455,0.133
194970,-1,14.726053,6.3830733,0.841,0.091,0.25,0.0,0.0,1.0,0.0,0.0,0.25
151514,-1,12.544522,8.23787,0.611,0.389,0.615,0.231,0.0,0.0,0.5,0.0,0.0
258759,-1,15.82601,0.46846238,0.86,0.07,0.0,0.0,0.0,0.0,0.0,0.0,0.333
204932,-1,17.416779,1.5371761,0.891,0.065,0.0,0.0,0.0,0.0,0.0,0.0,0.333
173148,-1,15.357444,7.9883,0.413,0.543,0.625,0.25,0.0,0.0,0.5,0.0,0.125
37241,-1,15.10327,2.5014737,0.513,0.462,0.5,0.0,0.0,0.0,0.842,0.0,0.667
90477,-1,17.052515,4.409532,0.857,0.143,0.5,0.333,0.0,0.75,0.0,0.0,0.833
230609,-1,15.31498,0.33116883,0.882,0.039,0.0,0.0,0.143,0.0,0.571,0.0,0.5
136531,-1,15.0123825,2.5437863,0.844,0.156,0.0,0.0,0.0,0.0,0.0,0.0,0.571
114228,-1,12.616212,8.072806,0.821,0.128,0.667,0.333,0.0,0.0,0.0,1.0,0.0
197815,4,16.235525,7.444131,0.519,0.462,0.0,0.0,0.0,1.0,0.0,0.0,0.0
223735,-1,14.830054,3.3009164,0.864,0.091,0.0,0.0,0.0,0.0,0.0,0.0,0.667
197405,-1,14.456343,6.1914105,0.744,0.163,0.167,0.333,0.455,0.045,0.045,0.0,0.333
132488,-1,13.761471,7.1250434,0.881,0.119,0.6,0.2,0.1,0.1,0.1,0.0,0.4
46431,-1,16.309513,4.741736,0.886,0.086,0.0,0.0,0.0,0.9,0.0,0.0,0.667
186427,-1,17.22315,2.6482208,0.909,0.055,0.667,0.667,0.286,0.0,0.143,0.143,0.667
47457,-1,12.834489,9.022717,0.652,0.348,0.5,0.062,0.0,0.0,0.625,0.125,0.562
23578,-1,14.260853,3.5760045,0.622,0.311,0.0,0.0,0.0,0.0,0.0,1.0,0.5
258081,-1,15.686697,6.2327023,0.721,0.233,0.0,0.333,0.375,0.125,0.0,0.0,0.0
53313,-1,17.659037,2.550125,0.723,0.191,0.375,0.375,0.24,0.2,0.0,0.12,0.75
229328,-1,15.318341,6.6209598,0.585,0.341,0.0,0.0,0.083,0.25,0.083,0.0,0.667
116413,-1,13.183026,7.2437534,0.233,0.767,0.783,0.087,0.0,0.0,0.667,0.333,0.261
117511,-1,16.199928,3.0246167,0.833,0.119,0.6,0.2,0.25,0.0,0.0,0.5,0.8
194204,-1,16.985954,5.55485,0.775,0.125,0.0,0.0,0.0,0.0,0.0,0.5,0.8
64272,-1,13.77021,2.994638,0.76,0.24,0.0,0.0,0.0,0.333,0.667,0.0,0.667
118014,-1,14.062467,1.8651481,0.442,0.558,0.0,0.0,0.0,1.0,0.0,0.0,0.0
231792,-1,17.863811,1.2552807,0.886,0.091,0.0,0.0,0.125,0.25,0.125,0.0,0.5
66401,6,12.371997,7.1487966,0.788,0.135,0.143,0.0,0.0,0.0,0.286,0.0,0.0
242047,-1,9.668324,11.357662,0.0,1.0,1.0,0.119,0.0,0.625,0.0,0.125,0.095
278420,-1,17.24278,-0.27476227,0.833,0.042,0.0,0.0,0.0,0.0,0.0,0.0,0.0
159157,-1,13.667547,8.250511,0.511,0.447,0.762,0.0,0.0,0.083,0.167,0.417,0.619
110644,-1,14.741627,7.638477,0.692,0.308,0.333,0.667,0.0,0.0,0.333,0.0,0.0
120435,1,16.347881,4.048071,0.791,0.163,0.333,0.0,0.0,0.25,0.0,0.25,0.667
26871,-1,13.91784,7.092629,0.857,0.114,0.667,0.0,0.0,0.5,0.0,0.5,1.0
18766,-1,14.388203,8.1847,0.639,0.333,0.6,0.5,0.0,0.4,0.0,0.2,0.5
60431,-1,15.904506,2.587418,0.829,0.146,0.0,0.0,0.0,0.0,0.0,0.0,0.833
172181,-1,14.273979,7.632904,0.429,0.476,0.222,0.056,0.241,0.069,0.034,0.414,0.111
208096,-1,13.005322,6.74787,0.9,0.05,0.0,0.0,0.0,0.0,0.0,1.0,0.0
59518,-1,13.248984,7.9457607,0.673,0.308,0.267,0.133,0.0,0.0,1.0,0.0,0.733
98717,-1,9.591556,9.886909,0.28,0.68,0.848,0.273,0.077,0.231,0.0,0.538,0.152
129777,-1,13.348298,5.3595095,0.906,0.075,0.0,0.0,0.0,0.5,0.0,0.0,0.8
245334,-1,15.018248,7.9097095,0.0,0.971,1.0,0.273,0.0,0.0,1.0,0.0,0.394
200866,-1,16.686535,8.649644,0.8,0.133,0.0,0.0,0.0,0.667,0.0,0.0,0.0
44096,-1,17.513384,3.9166064,0.222,0.75,0.704,0.556,0.0,0.222,0.667,0.0,0.778
150144,-1,12.770549,7.049306,0.767,0.07,0.0,0.5,0.0,0.0,0.0,0.0,0.5
211950,-1,15.422661,0.026603606,0.884,0.07,0.0,0.0,0.0,0.0,0.0,0.0,0.5
221925,-1,13.75121,9.7502575,0.188,0.75,0.955,0.227,0.0,0.571,0.143,0.286,0.045
245182,-1,16.344114,3.0943718,0.841,0.068,0.0,0.333,0.0,0.0,0.0,0.8,0.333
80962,-1,14.632618,3.5445845,0.44,0.56,0.0,0.0,0.0,0.333,0.0,0.0,1.0
132812,-1,16.242554,1.6519939,0.844,0.022,0.0,0.0,0.0,0.0,0.0,1.0,0.0
35107,-1,8.463163,10.05039,0.852,0.037,0.0,0.0,0.25,0.125,0.062,0.062,0.0
157124,-1,15.026282,5.2664695,0.439,0.512,0.385,0.077,0.0,0.0,0.8,0.0,0.615
164622,6,8.858521,10.884286,0.149,0.83,0.711,0.316,0.22,0.268,0.0,0.415,0.158
177387,-1,12.953225,9.415487,0.5,0.475,0.722,0.056,0.0,0.125,0.875,0.0,0.556
61296,6,10.948251,8.935762,0.756,0.089,0.25,0.0,0.5,0.0,0.0,0.0,0.0
213089,-1,13.931407,4.239816,0.955,0.023,0.0,0.0,0.0,0.5,0.0,0.5,0.0
101841,-1,15.738996,5.458094,0.778,0.178,0.0,1.0,0.0,0.2,0.0,0.0,1.0
165688,-1,17.41252,0.7181201,0.933,0.067,0.0,0.0,0.0,0.0,0.0,1.0,0.667
12989,-1,12.255208,9.507501,0.69,0.276,0.667,0.333,0.286,0.0,0.0,0.143,0.167
65821,-1,17.78125,0.94881,0.822,0.089,0.0,0.0,0.158,0.0,0.0,0.0,0.667
169037,-1,14.402766,4.36869,0.736,0.208,0.0,1.0,0.167,0.167,0.0,0.0,0.0
81174,-1,16.956465,4.9634547,0.84,0.14,0.143,0.0,0.0,0.0,0.0,0.5,0.429
271162,6,12.9114895,5.672219,0.604,0.333,0.5,0.0,0.312,0.0,0.0,0.062,0.0
109637,-1,15.194396,2.7479446,0.718,0.231,0.0,0.0,0.516,0.097,0.0,0.032,0.625
40815,-1,15.901223,2.611212,0.791,0.186,0.25,0.25,0.0,0.0,0.0,0.0,0.625
61024,-1,17.394192,0.9144022,0.833,0.083,0.0,0.25,0.5,0.0,0.0,0.0,0.5
246884,-1,17.066612,7.520282,0.684,0.237,0.0,0.5,0.0,0.13,0.043,0.0,0.167
218665,-1,15.334111,7.9627385,0.621,0.379,0.571,0.143,0.0,0.5,0.0,0.5,0.286
107830,-1,13.74601,5.615369,0.571,0.4,0.643,0.286,0.0,1.0,0.0,0.0,0.429
225292,-1,17.003963,4.6778417,0.636,0.318,0.0,0.0,0.0,0.143,0.143,0.143,0.0
99734,-1,14.87694,2.7060678,0.867,0.089,0.0,0.0,0.0,0.333,0.0,0.333,0.5
103887,-1,16.306845,1.6259732,0.837,0.163,0.0,0.0,0.0,0.0,0.0,1.0,0.333
237315,-1,16.596851,8.396437,0.471,0.49,0.783,0.087,0.0,0.182,0.091,0.182,0.478
150043,-1,14.771309,1.5800025,0.917,0.083,0.0,0.333,0.0,1.0,0.0,0.0,0.667
217273,-1,13.692225,5.5115232,0.81,0.19,0.0,0.143,0.0,0.0,0.333,0.0,0.429
230896,-1,16.652504,3.4009216,0.63,0.37,0.0,0.0,0.0,0.0,0.81,0.048,0.625
10570,-1,15.990359,3.6605883,0.694,0.222,0.0,0.25,0.222,0.0,0.0,0.0,0.5
9224,-1,13.766736,1.2985288,0.881,0.095,0.0,0.0,0.0,0.0,0.0,0.0,0.5
82184,-1,17.258663,5.281885,0.886,0.091,0.0,0.25,0.0,0.333,0.333,0.0,0.5
228621,-1,14.52572,1.1734273,0.925,0.075,1.0,0.0,0.0,0.5,0.0,0.0,0.5
141799,-1,14.367869,3.5784757,0.962,0.038,0.0,0.0,0.0,0.0,0.0,0.0,0.0
275214,-1,15.043356,1.74617,0.86,0.093,0.0,0.0,0.318,0.182,0.0,0.0,1.0
65552,-1,16.143364,7.791984,0.595,0.381,0.0,0.0,0.0,0.0,0.0,0.0,0.0
172895,-1,11.989945,10.039458,0.458,0.542,0.667,0.0,0.0,1.0,0.0,0.0,0.0
22069,-1,14.47058,3.2592556,0.594,0.391,0.783,0.13,0.161,0.29,0.032,0.452,0.522
24893,-1,10.448621,8.752841,0.857,0.024,0.0,0.0,0.0,0.0,0.0,0.0,1.0
30459,-1,14.004421,5.938811,0.0,1.0,0.923,0.731,0.4,0.2,0.0,0.4,0.577
151728,-1,13.659395,2.5199256,0.459,0.514,0.389,0.278,0.2,0.0,0.6,0.0,0.278
39804,-1,13.240151,4.708922,0.907,0.023,0.0,0.0,0.0,0.0,0.0,0.0,1.0
79169,-1,13.445761,7.2732635,0.696,0.196,0.222,0.222,0.345,0.034,0.103,0.0,0.333
181133,-1,14.163823,3.7808073,0.729,0.229,0.455,0.0,0.0,0.0,1.0,0.0,0.636
240125,-1,15.519368,0.24002272,0.923,0.077,0.0,0.0,0.0,0.0,1.0,0.0,0.5
144306,-1,12.314833,8.33315,0.163,0.837,0.966,0.241,0.0,0.4,0.0,0.4,0.172
197670,-1,14.59885,2.154079,0.9,0.075,0.0,0.0,0.3,0.1,0.0,0.0,0.333
155660,-1,13.379123,5.09056,0.95,0.025,1.0,0.0,0.0,0.2,0.0,0.2,0.0
145170,-1,16.689833,8.5581875,0.561,0.439,0.25,0.0,0.0,0.333,0.333,0.333,0.25
271654,-1,10.609845,8.975629,0.551,0.408,0.2,0.0,0.4,0.2,0.0,0.2,0.0
97661,-1,13.590677,5.927154,0.532,0.447,0.7,0.05,0.0,0.0,1.0,0.0,0.0
23349,-1,10.183957,9.089859,0.822,0.089,1.0,0.667,0.0,0.5,0.0,0.5,0.333
281996,-1,15.038241,2.1277509,0.885,0.115,0.2,0.0,0.0,0.0,0.333,0.667,0.8
197524,-1,14.476679,1.3839018,0.833,0.093,0.0,0.2,0.0,0.0,0.5,0.0,0.4
40493,-1,16.916965,8.129756,0.75,0.25,0.0,1.0,0.5,0.0,0.0,0.0,0.0
18432,-1,15.680718,5.1528163,0.691,0.273,0.0,0.0,0.25,0.0,0.0,0.5,0.0
39123,-1,17.11636,3.2078896,0.778,0.194,0.4,0.2,0.667,0.0,0.0,0.0,0.8
52569,-1,18.103275,3.2639875,0.889,0.044,0.0,0.0,0.0,0.0,0.0,0.0,0.5
216782,-1,15.766106,3.5742567,0.565,0.413,0.0,0.333,0.0,0.0,0.5,0.5,0.333
133618,-1,13.442625,4.7499175,0.977,0.0,0.0,0.0,0.667,0.333,0.0,0.0,0.0
271825,-1,15.024164,8.395958,0.625,0.35,0.417,0.25,0.765,0.0,0.059,0.088,0.167
71756,6,9.176221,10.633333,0.633,0.367,0.412,0.059,0.0,0.286,0.0,0.429,0.0
219942,-1,16.34985,0.5583137,0.851,0.128,0.0,0.0,0.0,0.0,0.0,0.0,0.6
159219,-1,17.381557,3.528317,0.745,0.149,0.571,0.143,0.182,0.091,0.273,0.091,0.429
257142,6,8.345671,11.2174835,0.564,0.436,0.0,0.0,0.0,0.0,0.0,0.0,0.0
39564,-1,13.876711,8.014961,0.857,0.143,0.667,0.0,0.0,0.333,0.0,0.333,0.0
243667,-1,12.4739,9.56097,0.222,0.75,0.926,0.074,0.0,0.222,0.333,0.111,0.148
60845,4,16.829199,7.151192,0.451,0.549,0.0,0.0,0.0,0.0,0.0,0.0,0.0
26346,-1,17.320042,2.1425686,0.92,0.04,0.0,1.0,0.0,0.0,0.0,0.0,1.0
234861,-1,17.41353,0.51083124,0.867,0.089,0.0,0.0,0.0,0.0,0.0,0.25,0.667
271568,-1,12.935028,8.528523,0.512,0.488,0.9,0.25,0.2,0.0,0.0,0.2,0.05
69517,-1,16.266075,8.378729,0.643,0.357,0.375,0.0,0.5,0.0,0.0,0.5,0.125
101862,-1,15.238289,2.7747455,0.86,0.093,0.0,0.25,0.0,0.0,0.375,0.0,0.75
217922,-1,16.610863,7.9399185,0.625,0.375,0.2,0.1,0.0,0.25,0.25,0.25,0.1
69343,-1,16.683727,7.5731964,0.05,0.9,0.0,0.0,0.0,0.0,0.0,0.0,0.0
141549,-1,13.864194,3.5673728,0.468,0.532,0.6,0.44,0.0,0.125,0.625,0.0,0.24
52559,-1,15.567277,4.4132323,0.907,0.047,0.0,0.0,0.0,0.0,0.0,0.0,0.5
234124,6,9.356313,10.670318,0.229,0.6,0.467,0.667,0.286,0.238,0.0,0.429,0.2
180502,-1,13.116296,9.347924,0.086,0.886,0.903,0.032,0.0,0.4,0.0,0.4,0.258
4206,-1,12.235693,8.472094,0.744,0.205,0.714,0.0,0.0,0.2,0.4,0.0,0.143
251843,-1,12.219953,8.717972,0.87,0.065,0.0,0.0,0.25,0.083,0.0,0.083,0.0
241705,-1,16.678583,8.335357,0.178,0.8,0.765,0.735,0.0,0.167,0.333,0.0,0.235
52297,-1,15.0513315,0.40076154,0.868,0.132,0.0,0.2,0.0,0.0,0.0,1.0,0.8
75731,6,9.712139,10.493609,0.543,0.371,0.778,0.333,0.0,0.0,0.0,0.5,0.111
208612,-1,8.027176,11.23119,0.4,0.378,0.0,0.0,0.0,0.176,0.0,0.471,0.059
184240,-1,13.222681,9.540903,0.231,0.769,0.4,0.467,0.0,0.0,0.933,0.0,0.367
137141,-1,16.751123,7.2300773,0.659,0.318,0.071,0.071,0.071,0.143,0.071,0.643,0.429
255269,-1,15.1526165,1.2188076,0.857,0.143,0.0,0.0,0.0,0.333,0.0,0.0,0.333
213375,-1,11.194048,9.340053,0.333,0.636,0.684,0.316,0.0,0.231,0.0,0.615,0.211
238285,-1,14.238113,2.6387947,0.585,0.39,0.0,0.0,0.0,0.0,0.0,0.0,0.0
35678,-1,14.668817,6.2393384,0.978,0.0,0.0,0.0,0.0,0.0,0.0,0.5,0.0
181622,-1,13.338862,9.986974,0.174,0.826,0.846,0.308,0.0,0.625,0.125,0.25,0.436
16723,-1,10.931834,8.433373,0.933,0.022,0.0,0.0,0.0,0.0,0.0,0.0,1.0
240332,-1,12.558509,8.230443,0.531,0.469,0.762,0.048,0.0,0.4,0.6,0.0,0.333
18096,-1,15.551142,7.163379,0.478,0.5,0.652,0.174,0.0,0.143,0.571,0.143,0.174
7105,-1,15.334899,0.53342366,0.787,0.106,0.0,0.0,0.5,0.0,0.0,0.0,1.0
112315,-1,15.521735,4.5215654,0.045,0.909,0.821,0.897,0.0,0.0,0.909,0.091,0.641
186919,-1,14.889836,3.8578658,0.356,0.622,0.577,0.077,0.1,0.1,0.8,0.0,0.48
137163,6,11.008471,8.229658,0.641,0.179,0.143,0.286,0.0,0.222,0.111,0.333,0.143
218526,-1,14.920232,1.9373156,0.487,0.462,0.111,0.222,0.0,0.0,0.933,0.067,0.444
71602,-1,11.659215,9.136367,0.3,0.7,0.926,0.259,0.125,0.25,0.0,0.625,0.185
197533,-1,10.622646,8.4304,0.957,0.021,0.0,0.0,0.0,0.5,0.0,0.5,0.0
15122,-1,10.624424,10.647089,0.0,0.971,1.0,0.606,0.087,0.348,0.043,0.304,0.091
125970,-1,16.363314,7.3347425,0.773,0.205,0.2,0.2,0.0,0.0,1.0,0.0,0.2
362,-1,15.643874,3.021779,0.732,0.171,0.0,0.0,0.0,0.5,0.5,0.0,0.333
259001,-1,14.412182,7.226872,0.684,0.263,0.5,0.2,0.2,0.2,0.2,0.0,0.4
272995,-1,9.57908,10.948626,0.676,0.297,0.545,0.0,0.083,0.0,0.0,0.583,0.182
246681,-1,17.306995,1.5158547,0.676,0.265,0.333,0.0,0.125,0.125,0.0,0.75,0.0
33290,-1,16.929642,3.3925877,0.76,0.1,0.2,0.0,0.308,0.0,0.0,0.0,0.6
60857,-1,13.174108,10.093424,0.043,0.936,1.0,0.302,0.0,0.0,0.333,0.667,0.512
137629,-1,16.62739,8.793219,0.485,0.515,0.923,0.071,0.0,0.0,0.0,0.667,0.357
242005,-1,16.426716,3.721988,0.818,0.114,0.0,0.4,0.0,0.0,0.0,0.0,0.8
142378,-1,14.83546,9.380675,0.37,0.593,0.8,0.2,0.0,0.0,0.5,0.5,0.533
247242,-1,14.495069,8.864848,0.118,0.853,0.966,0.034,0.0,0.0,0.333,0.333,0.241
252934,-1,13.7335415,1.4836516,0.921,0.053,0.0,0.0,0.0,0.0,0.0,0.0,0.5
8264,-1,14.75062,7.5111213,0.882,0.118,0.75,0.5,0.0,0.333,0.667,0.0,0.0
227419,-1,16.76893,0.23531254,0.833,0.125,0.0,0.0,0.667,0.0,0.0,0.0,0.4
813,-1,14.266804,6.5895996,0.947,0.026,0.0,0.0,0.467,0.0,0.0,0.0,1.0
265205,-1,12.0672035,10.045099,0.178,0.756,0.125,0.125,0.133,0.133,0.0,0.167,0.0
234545,-1,15.42591,4.953082,0.907,0.07,0.0,0.0,0.0,0.0,0.0,0.0,0.0
7284,6,8.814622,10.281523,0.786,0.167,0.429,0.0,0.0,0.0,0.333,0.333,0.0
22584,-1,16.824238,6.811981,0.415,0.528,0.308,0.077,0.681,0.0,0.0,0.021,0.654
90224,-1,16.7177,1.5765113,0.75,0.227,0.333,0.111,0.25,0.0,0.0,0.25,0.444
4731,-1,15.998972,2.6344151,0.844,0.111,0.0,0.0,0.333,0.0,0.0,0.0,0.6
114416,-1,15.071804,3.2643023,0.886,0.068,0.0,0.0,0.0,0.0,0.0,0.0,0.667
45578,-1,17.860117,3.5359738,0.974,0.0,0.0,0.0,0.0,0.0,0.0,0.0,0.0
74719,-1,16.958466,7.5580273,0.273,0.727,0.0,0.0,0.25,0.0,0.0,0.0,0.0
64692,6,10.001302,8.924197,0.86,0.093,0.5,0.0,0.0,0.0,0.4,0.2,0.25
133549,-1,17.008984,1.5927422,0.864,0.114,0.0,0.0,0.0,0.0,0.0,0.0,0.75
88823,-1,13.264981,3.6720862,0.585,0.415,0.188,0.0,0.0,0.0,1.0,0.0,0.375
143483,-1,15.600926,4.597093,0.727,0.205,0.333,0.0,0.0,0.125,0.0,0.25,0.556
75898,-1,16.180046,3.9660478,0.923,0.0,0.0,0.0,0.0,0.0,0.0,0.0,0.0
91160,-1,15.7456255,5.05728,0.929,0.071,0.0,0.0,0.0,0.0,0.5,0.0,0.5
222198,-1,11.177445,9.355872,0.389,0.583,0.333,0.048,0.0,0.158,0.158,0.421,0.19
109365,-1,14.019586,8.214724,0.775,0.225,0.375,0.125,0.0,0.0,1.0,0.0,0.0
82422,-1,15.911279,7.7444553,0.842,0.132,0.4,0.0,0.0,0.0,0.0,0.0,0.4
195040,-1,15.067687,8.438609,0.349,0.628,0.765,0.118,0.0,0.0,0.5,0.0,0.059
218524,-1,16.30936,0.48842406,0.953,0.023,0.0,0.0,0.0,0.0,0.0,0.0,1.0
36397,-1,14.222461,6.2698627,0.841,0.091,0.0,0.0,0.0,0.643,0.071,0.143,0.0
11281,-1,13.761319,1.8893667,0.825,0.1,0.0,0.0,0.0,0.0,0.5,0.0,0.667
62902,-1,15.4298,1.2530912,0.045,0.955,0.676,0.568,0.0,0.0,0.929,0.0,0.73
238400,6,9.423639,10.181732,0.643,0.333,0.0,0.0,0.0,1.0,0.0,0.0,0.0
84075,6,8.36975,10.395378,0.814,0.116,0.5,0.0,0.0,0.182,0.0,0.455,0.0
83544,-1,14.276153,9.313998,0.0,0.974,0.914,0.057,0.0,0.333,0.167,0.167,0.371
159937,-1,12.994292,8.813843,0.128,0.851,1.0,0.026,0.0,0.25,0.5,0.0,0.158
122204,-1,16.558096,0.13509503,0.833,0.071,0.0,0.0,0.0,0.0,0.0,0.0,0.667
197543,-1,16.776522,4.5017896,0.791,0.116,0.0,0.0,0.278,0.0,0.0,0.0,0.6
201692,-1,16.066307,1.1213077,0.923,0.058,0.333,0.0,0.091,0.091,0.0,0.0,1.0
228265,-1,16.152424,9.136403,0.894,0.106,0.0,0.0,0.0,1.0,0.0,0.0,0.5
103810,-1,15.831399,4.123725,0.608,0.353,0.647,0.412,0.3,0.0,0.2,0.1,0.529
180827,-1,14.384146,2.2627356,0.837,0.163,0.143,0.0,0.0,0.2,0.0,0.4,0.857
17489,-1,13.994441,4.1523285,0.703,0.297,0.5,0.0,0.4,0.0,0.4,0.0,0.6
178356,-1,16.915823,7.393782,0.683,0.268,0.143,0.143,0.0,1.0,0.0,0.0,0.857
32212,-1,15.493802,3.8542452,0.538,0.462,0.941,0.353,0.0,0.333,0.333,0.0,0.529
284900,6,10.266331,10.12175,0.765,0.216,0.0,0.0,0.062,0.0,0.0,0.188,0.0
47003,-1,15.831793,5.052572,0.867,0.067,0.0,0.0,0.667,0.0,0.0,0.0,0.667
269165,6,10.674736,9.335362,0.323,0.677,0.45,0.1,0.63,0.074,0.0,0.185,0.1
17671,-1,15.459366,0.8868708,0.884,0.07,0.0,0.0,0.4,0.1,0.0,0.0,0.333
52685,-1,14.683084,3.265129,0.878,0.073,0.333,0.0,0.0,0.0,0.0,0.0,0.333
40974,-1,13.912345,9.76511,0.0,0.953,1.0,0.225,0.0,0.4,0.1,0.3,0.15
172071,-1,14.373982,1.6260056,0.886,0.114,0.0,0.5,0.0,1.0,0.0,0.0,0.75
83529,-1,12.371311,6.7936974,0.047,0.953,0.927,0.976,0.0,0.0,0.867,0.067,0.39
249429,6,8.074705,11.305124,0.659,0.195,0.0,0.0,0.0,0.083,0.0,0.583,0.0
193765,-1,13.912945,7.981079,0.927,0.049,0.0,0.0,0.0,0.0,0.5,0.5,0.5
136864,-1,15.667765,2.2839642,0.804,0.174,0.143,0.0,0.0,0.0,1.0,0.0,0.429
23542,-1,14.758584,1.5282925,0.902,0.073,0.0,0.0,0.0,0.0,0.0,0.0,0.667
25567,-1,17.167578,0.3420793,0.875,0.083,0.0,0.0,0.0,0.25,0.0,0.0,0.75
71203,-1,16.40243,2.5812724,0.857,0.095,0.333,0.0,0.0,0.0,0.333,0.333,0.667
253600,6,10.169462,10.566038,0.594,0.406,0.308,0.231,0.0,0.111,0.0,0.667,0.077
263014,-1,9.784709,11.176192,0.149,0.787,0.897,0.31,0.0,0.0,0.25,0.0,0.034
832,-1,17.15102,7.412513,0.286,0.694,0.333,0.167,0.057,0.229,0.143,0.114,0.75
176853,1,16.365677,1.9433434,0.825,0.125,0.2,0.4,0.308,0.154,0.0,0.154,0.2
110138,-1,17.884916,3.3363044,0.909,0.091,0.0,0.0,0.0,0.333,0.333,0.0,0.667
203811,-1,12.484473,8.3191185,0.513,0.462,0.412,0.118,0.0,0.0,0.75,0.0,0.118
206779,6,9.144306,9.701632,0.949,0.026,0.0,0.0,0.0,0.5,0.0,0.5,0.0
108449,-1,16.697105,2.7258599,0.86,0.07,0.0,0.0,0.0,0.2,0.0,0.0,1.0
139013,-1,12.768885,9.470007,0.343,0.657,0.478,0.087,0.0,0.294,0.353,0.235,0.348
127222,6,11.477991,8.821107,0.462,0.481,0.28,0.76,0.0,0.19,0.143,0.571,0.04
120501,-1,12.863084,9.8725395,0.0,1.0,0.975,0.125,0.2,0.5,0.0,0.0,0.25
132887,-1,14.887113,7.0809965,0.486,0.459,0.933,0.467,0.0,0.333,0.0,0.667,0.533
81424,-1,13.480122,8.635593,0.765,0.206,0.286,0.0,0.0,0.333,0.333,0.333,0.571
258900,-1,17.392776,0.413279,0.816,0.061,0.0,0.0,0.111,0.0,0.0,0.0,1.0
11203,-1,15.971352,5.216622,0.354,0.646,0.0,0.0,0.0,0.0,0.0,0.0,0.0
12776,-1,13.273969,5.1923976,0.5,0.45,0.667,0.278,0.0,0.143,0.0,0.643,0.5
193512,-1,16.481798,4.681933,0.955,0.045,0.5,0.0,0.0,0.5,0.0,0.0,0.5
123532,3,17.263031,5.2544084,0.8,0.111,0.0,0.0,0.4,0.2,0.0,0.0,0.5
47992,-1,17.119978,7.4315476,0.561,0.415,0.357,0.071,0.0,0.0,1.0,0.0,0.786
176672,-1,16.49708,8.390407,0.551,0.429,0.0,0.0,0.0,0.333,0.333,0.0,0.0
254975,-1,14.60978,7.029863,0.75,0.222,0.5,1.0,0.0,0.0,0.0,0.0,0.0
24772,-1,17.664614,3.8994956,0.783,0.109,0.0,0.0,0.0,0.0,0.0,1.0,0.5
219459,-1,13.696228,8.102997,0.371,0.629,0.688,0.375,0.0,0.2,0.4,0.2,0.125
38185,-1,15.882685,9.140245,0.07,0.907,0.949,0.487,0.0,0.625,0.125,0.125,0.205
103346,-1,14.990923,7.277068,0.615,0.359,0.857,0.714,0.333,0.0,0.333,0.0,0.0
207924,-1,16.348207,1.612608,0.833,0.056,0.0,0.0,1.0,0.0,0.0,0.0,0.5
223152,-1,15.760132,7.9674106,0.231,0.769,0.778,0.778,0.0,0.0,0.333,0.0,0.444
96942,-1,15.65529,2.8500645,0.909,0.068,0.0,0.0,0.25,0.0,0.25,0.0,0.667
91115,-1,14.213608,8.620738,0.022,0.935,0.976,0.238,0.763,0.026,0.0,0.184,0.31
274246,-1,14.241576,1.7570679,0.65,0.3,0.3,0.0,0.0,0.0,0.143,0.0,0.4
68062,-1,13.045175,7.8484735,0.791,0.093,0.25,0.0,0.0,0.0,0.5,0.0,0.75
272020,6,8.742982,11.410348,0.275,0.725,0.793,0.138,0.0,0.286,0.0,0.429,0.138
264597,-1,13.974885,8.142254,0.59,0.385,0.0,0.0,0.0,0.0,0.0,0.0,0.0
167643,-1,16.675564,-0.24365829,0.837,0.082,0.0,0.0,0.364,0.0,0.091,0.0,0.5
110417,-1,13.155893,7.627196,0.385,0.615,0.5,0.708,0.0,0.0,0.647,0.0,0.667
261183,-1,15.372714,8.970399,0.053,0.895,0.97,0.424,0.0,0.0,0.333,0.167,0.576
199786,-1,16.194973,-0.111164644,0.822,0.156,0.167,0.0,0.0,0.25,0.0,0.375,0.833
110428,-1,12.59023,7.8071494,0.239,0.761,0.455,0.176,0.031,0.0,0.938,0.0,0.758
266445,-1,14.640668,9.147338,0.045,0.909,1.0,0.053,0.25,0.5,0.0,0.0,0.184
25000,-1,15.544881,1.5929651,0.778,0.156,0.0,0.0,0.406,0.031,0.0,0.0,0.143
74358,6,9.950722,10.264541,0.581,0.372,0.786,0.286,0.0,0.4,0.0,0.6,0.0
252664,-1,16.719057,7.937182,0.585,0.341,0.417,0.25,0.0,0.0,0.5,0.0,0.167
33459,-1,13.5495,9.115089,0.792,0.208,0.5,0.0,0.125,0.0,0.0,0.0,0.5
134791,-1,14.62886,1.4778523,0.854,0.146,0.0,0.6,0.0,0.167,0.167,0.0,0.8
236619,-1,16.61339,3.4474697,0.833,0.071,0.0,0.0,0.25,0.0,0.0,0.0,1.0
229708,6,8.103277,10.816169,0.755,0.208,0.091,0.0,0.0,0.158,0.0,0.842,0.182
88001,-1,13.745059,9.596025,0.857,0.095,0.5,0.0,0.0,0.25,0.0,0.25,0.25
198521,-1,16.594196,6.2565103,0.795,0.205,0.75,0.5,0.0,0.667,0.0,0.333,0.0
31159,-1,14.3955965,9.503146,0.0,0.975,1.0,0.821,0.071,0.429,0.071,0.286,0.128
20726,-1,15.504173,7.9466286,0.4,0.6,0.8,0.05,0.0,0.0,1.0,0.0,0.25
130604,-1,15.365031,1.1707567,0.86,0.14,0.0,0.333,0.0,0.0,0.0,0.333,1.0
47491,5,17.042189,-0.27429265,0.851,0.064,0.0,0.0,0.25,0.0,0.25,0.0,1.0
186365,-1,14.123403,6.5159273,0.412,0.588,0.263,0.368,0.0,0.0,0.962,0.038,0.474
256817,-1,15.25013,3.2376344,0.75,0.222,0.571,0.571,0.0,0.0,0.0,0.0,0.571
232093,-1,17.97136,4.482909,0.667,0.308,0.5,0.5,0.0,0.0,0.0,1.0,0.667
257195,-1,12.087413,10.419912,0.083,0.917,0.938,0.125,0.125,0.25,0.125,0.25,0.25
127569,-1,13.65368,4.801006,0.833,0.071,0.0,0.0,0.0,0.5,0.0,0.5,0.667
85573,-1,17.276,5.4160023,0.951,0.024,0.0,0.0,0.0,0.0,0.0,0.333,0.0
159673,-1,13.3268175,3.448198,0.905,0.095,0.5,0.5,0.0,0.333,0.0,0.333,0.0
69133,-1,17.010405,2.688687,0.843,0.078,0.0,0.0,0.0,1.0,0.0,0.0,0.75
88950,-1,14.599797,1.6741469,0.692,0.179,0.0,0.0,0.481,0.0,0.0,0.0,0.857
57321,-1,13.585828,3.072928,0.814,0.186,0.25,1.0,0.0,0.0,0.0,0.0,0.625
56399,-1,16.947313,1.6861598,0.5,0.469,0.867,0.333,0.0,0.143,0.571,0.286,0.333
264602,-1,13.989797,3.631826,0.5,0.478,0.727,0.0,0.2,0.0,0.2,0.0,0.273
131394,-1,11.913634,9.816664,0.0,1.0,1.0,0.225,0.053,0.105,0.368,0.053,0.1
266300,-1,15.497114,9.270712,0.118,0.853,0.966,0.552,0.0,0.667,0.333,0.0,0.172
209621,-1,13.569725,8.4488735,0.588,0.412,0.615,0.231,0.0,0.2,0.0,0.7,0.154
161618,-1,14.316773,3.3199654,0.86,0.07,0.0,0.667,1.0,0.0,0.0,0.0,1.0
153465,6,8.441684,11.3118,0.075,0.875,0.829,0.057,0.0,0.0,0.0,0.0,0.286
1739,-1,14.697951,2.3831809,0.816,0.132,0.6,0.4,0.0,0.0,1.0,0.0,0.0
199060,6,9.986263,9.215536,0.4,0.533,0.938,0.125,0.0,1.0,0.0,0.0,0.062
129095,-1,14.190107,3.9817243,0.609,0.391,0.0,0.0,0.333,0.0,0.333,0.0,0.0
2466,-1,17.8304,1.1252921,0.622,0.356,0.938,0.625,0.273,0.0,0.0,0.0,0.125
208409,-1,14.643958,5.3096704,0.81,0.071,0.0,0.0,0.0,0.714,0.0,0.286,0.333
142180,-1,15.458696,5.598822,0.889,0.089,0.0,0.0,0.0,0.5,0.0,0.0,0.667
17458,-1,16.231092,5.844997,0.767,0.186,0.0,0.0,0.5,0.0,0.0,0.0,0.5
95390,3,16.859827,5.4484425,0.7,0.16,0.125,0.0,0.167,0.167,0.0,0.167,0.5
125262,-1,15.805967,7.436618,0.902,0.049,0.0,0.0,0.0,0.0,0.5,0.5,0.0
73631,-1,14.633845,7.339001,0.333,0.667,0.65,0.1,0.05,0.15,0.0,0.75,0.5
232394,-1,14.880673,4.622166,0.354,0.604,0.231,0.154,0.03,0.0,0.909,0.0,0.462
44982,-1,13.851512,10.144617,0.0,1.0,0.976,0.19,0.0,0.4,0.0,0.4,0.146
126899,6,10.141124,9.245076,0.698,0.302,0.0,0.0,0.0,0.0,0.0,0.5,0.0
236184,-1,15.29214,9.22274,0.333,0.644,0.429,0.0,0.409,0.091,0.091,0.0,0.143
208332,6,10.858631,10.334036,0.846,0.077,0.333,0.0,0.0,0.0,0.0,1.0,0.333
248414,-1,12.642141,7.115424,0.188,0.771,0.973,0.081,0.125,0.042,0.083,0.0,0.108
21383,-1,16.026028,6.4350863,0.636,0.273,0.429,0.571,0.143,0.429,0.143,0.286,0.714
53607,-1,16.035072,3.320917,0.821,0.179,0.167,0.167,0.0,1.0,0.0,0.0,0.833
231326,-1,12.367892,7.073911,0.814,0.116,0.25,0.0,0.0,0.0,0.0,0.0,0.0
293889,-1,14.4658,2.4212365,0.622,0.351,0.333,0.417,0.0,0.0,1.0,0.0,0.417
259735,-1,10.742765,9.300842,0.769,0.231,0.167,0.0,0.0,0.0,0.333,0.0,0.0
105399,-1,16.189478,3.9694846,0.864,0.068,0.0,0.0,0.0,0.0,0.0,0.0,0.333
142804,-1,14.527524,1.6111342,0.886,0.091,0.0,0.0,0.5,0.5,0.0,0.0,0.667
288053,-1,16.475458,4.036946,0.889,0.067,0.0,0.0,0.0,0.0,0.0,0.0,0.5
27862,-1,14.708608,5.40396,0.763,0.237,0.75,0.125,0.125,0.125,0.0,0.0,0.25
10811,-1,14.026222,1.9002153,0.129,0.806,0.958,0.5,0.25,0.5,0.0,0.125,0.542
40280,-1,12.527483,7.002004,0.9,0.025,1.0,0.0,0.25,0.5,0.0,0.0,0.0
282983,-1,13.739428,8.83846,0.634,0.366,0.583,0.333,0.0,0.0,0.333,0.0,0.25
86324,-1,11.351882,10.254203,0.05,0.925,0.972,0.056,0.222,0.444,0.111,0.0,0.167
89038,-1,13.413922,2.048728,0.792,0.167,0.0,0.0,0.091,0.0,0.091,0.0,1.0
130527,3,17.309301,5.243932,0.865,0.081,0.0,0.0,0.267,0.0,0.0,0.0,0.0
152030,-1,17.337107,5.3303537,0.733,0.2,0.111,0.111,0.0,0.0,0.333,0.0,0.667
203218,-1,14.302363,7.774677,0.818,0.159,0.0,0.0,0.0,0.0,0.0,0.0,0.0
58999,-1,12.372845,9.452603,0.025,0.975,1.0,0.211,0.083,0.25,0.0,0.167,0.237
57031,-1,15.739981,4.7909656,0.864,0.034,0.0,0.0,0.25,0.0,0.0,0.25,0.0
95695,-1,13.3930645,9.8559475,0.838,0.108,0.25,0.5,0.25,0.5,0.0,0.0,0.25
177159,-1,17.32054,2.8491547,0.9,0.1,0.4,0.2,0.0,0.0,0.0,0.0,0.8
128726,-1,13.573133,7.3591022,0.87,0.087,0.5,0.0,0.0,0.0,0.0,1.0,0.5
31390,-1,13.347176,4.92447,0.904,0.096,0.4,0.0,0.0,0.0,0.5,0.5,0.6
122650,-1,12.102824,10.013935,0.659,0.244,0.667,0.111,0.0,0.143,0.429,0.286,0.0
21898,-1,15.390742,3.70863,0.484,0.484,0.4,0.4,0.0,0.167,0.25,0.417,0.533
182202,-1,14.364207,4.941037,0.553,0.421,0.4,0.067,0.0,0.0,1.0,0.0,0.4
279373,-1,13.58039,5.1911864,0.822,0.156,0.0,0.0,0.0,0.25,0.167,0.0,0.571
280232,-1,14.2826605,2.4078994,0.523,0.477,0.25,0.9,0.0,0.0,1.0,0.0,0.3
227414,-1,13.449945,7.4766865,0.895,0.079,0.333,0.333,0.222,0.0,0.111,0.0,0.0
266165,-1,17.616314,2.0282202,0.829,0.122,0.25,0.0,0.0,0.167,0.333,0.0,0.5
239799,-1,14.488459,1.9849672,0.822,0.156,0.0,0.0,0.0,0.25,0.0,0.25,1.0
210174,-1,16.654636,7.5559616,0.064,0.936,0.765,0.176,0.0,0.12,0.44,0.0,0.412
63062,-1,15.340124,2.7518482,0.936,0.021,0.0,0.0,0.111,0.444,0.0,0.0,1.0
158541,-1,13.492616,2.139029,0.115,0.885,0.087,1.0,0.0,0.0,0.946,0.0,0.652
204193,-1,17.57144,3.0666785,0.682,0.273,0.5,0.0,0.091,0.364,0.0,0.545,0.3
81922,-1,14.7353325,0.92870533,0.667,0.2,0.0,0.111,0.19,0.0,0.0,0.0,0.333
167433,-1,17.377598,1.8140916,0.86,0.07,0.0,0.0,0.6,0.0,0.0,0.0,1.0
162170,-1,16.306025,1.5683707,0.932,0.068,0.333,0.333,0.0,0.0,0.0,0.0,0.667
218191,-1,14.406944,8.732465,0.108,0.865,0.969,0.25,0.25,0.0,0.5,0.25,0.344
62841,-1,12.644751,9.131352,0.302,0.651,0.846,0.103,0.045,0.136,0.0,0.682,0.077
48951,-1,17.06746,7.252675,0.676,0.297,0.0,0.667,0.0,0.5,0.0,0.5,0.667
112509,-1,15.135649,1.4089351,0.625,0.35,0.25,0.375,0.0,0.333,0.0,0.333,0.5
190750,-1,11.145913,8.219673,0.55,0.425,0.625,0.375,0.111,0.222,0.0,0.556,0.25
16765,-1,16.022364,4.081518,0.881,0.071,0.0,0.5,0.125,0.125,0.125,0.0,0.0
37252,-1,14.306694,4.554868,0.558,0.395,0.0,0.0,0.1,0.0,0.0,0.0,0.0
79758,6,9.799232,10.486777,0.156,0.756,0.935,0.516,0.0,0.111,0.222,0.222,0.129
75352,-1,16.011854,8.4456005,0.725,0.235,0.0,0.0,0.0,0.0,1.0,0.0,0.1
4344,-1,8.68416,9.816564,0.605,0.289,0.636,0.091,0.0,0.333,0.0,0.333,0.273
28785,-1,16.435635,1.2657661,0.952,0.0,0.0,0.0,0.0,0.0,0.0,0.0,0.0
84150,-1,15.035388,6.8771772,0.918,0.041,0.0,0.0,0.0,0.0,0.0,0.0,0.0
198681,-1,17.26355,5.1965847,0.841,0.114,0.0,0.0,0.0,0.0,0.0,0.0,0.5
194004,-1,10.2396,8.775669,0.714,0.257,0.143,0.0,0.182,0.045,0.0,0.045,0.286
18351,-1,14.42815,1.4723074,0.953,0.047,0.0,0.0,0.0,0.0,1.0,0.0,0.0
157476,-1,13.987407,4.155855,0.545,0.432,0.2,0.867,0.167,0.0,0.0,0.0,0.467
206043,-1,15.6897545,1.9019145,0.786,0.119,0.2,0.0,0.0,0.0,0.0,0.0,0.2
66298,-1,17.821264,2.698481,0.78,0.22,0.0,0.0,0.0,0.0,0.5,0.0,0.333
24387,4,15.923155,7.7263565,0.244,0.756,0.0,0.0,0.0,0.333,0.0,0.0,0.0
266076,-1,12.823098,6.911771,0.25,0.65,0.96,0.08,0.0,0.75,0.0,0.0,0.0
39993,-1,14.308297,1.4364183,0.024,0.902,0.972,0.083,0.222,0.111,0.444,0.0,0.444
243321,-1,14.52817,5.201275,0.211,0.763,0.931,0.759,0.0,0.25,0.5,0.0,0.69
107686,-1,13.570425,2.3718283,0.756,0.244,0.0,0.5,0.0,0.25,0.0,0.25,0.5
134042,-1,13.926331,8.052506,0.515,0.364,0.778,0.222,0.0,1.0,0.0,0.0,0.444
87661,-1,14.089319,2.7288733,0.949,0.0,0.0,0.0,0.0,0.0,0.0,0.0,0.0
78773,-1,16.821323,0.63313997,0.86,0.093,0.0,0.0,0.0,0.0,0.0,0.0,0.75
245011,-1,14.35623,8.493269,0.795,0.182,0.143,0.0,0.0,0.0,0.75,0.25,0.286
266270,6,12.340344,7.5854197,0.923,0.051,0.5,0.0,0.0,0.0,0.0,0.4,0.0
273737,-1,13.955016,8.551936,0.042,0.896,1.0,0.317,0.0,0.25,0.25,0.125,0.22
210363,-1,16.264038,8.342881,0.389,0.574,0.35,0.5,0.167,0.0,0.333,0.0,0.55
153467,-1,14.681246,2.2854075,0.848,0.087,0.0,0.0,0.0,0.0,0.0,0.0,0.667
112075,-1,14.728258,5.8195276,0.889,0.089,0.0,0.0,0.0,0.0,1.0,0.0,0.5
120807,-1,17.07831,2.190304,0.844,0.111,0.0,0.0,0.154,0.0,0.0,0.0,1.0
153608,-1,11.798691,7.692885,0.821,0.128,0.6,0.0,0.0,0.0,0.5,0.0,0.0
160457,-1,13.298044,5.25255,0.744,0.256,0.0,0.182,0.0,0.083,0.167,0.083,0.818
99600,6,9.267203,10.872729,0.474,0.368,0.0,0.143,0.038,0.154,0.0,0.538,0.143
263638,6,11.806882,8.417734,0.529,0.441,0.0,0.0,0.143,0.143,0.0,0.143,0.0
292328,-1,12.658554,8.834302,0.029,0.943,0.909,0.333,0.0,0.333,0.0,0.444,0.273
76613,-1,16.514183,-0.41135997,0.96,0.04,0.0,0.0,0.375,0.0,0.0,0.0,1.0
169045,-1,12.993234,6.9862614,0.767,0.116,0.25,0.0,0.0,0.0,0.0,0.333,0.25
259930,-1,14.809175,7.4258175,0.684,0.237,0.0,1.0,0.0,0.5,0.0,0.0,0.0
24084,-1,14.696077,9.530283,0.381,0.619,0.478,0.435,0.0,0.0,0.167,0.167,0.478
252299,6,9.58786,10.383599,0.0,1.0,1.0,0.333,0.333,0.667,0.0,0.0,0.303
145215,-1,15.617558,0.03779321,0.885,0.077,0.0,0.0,0.571,0.0,0.0,0.0,0.5
106727,-1,17.181494,2.3294833,0.857,0.102,0.0,0.0,0.0,0.0,0.0,0.0,0.75
215371,-1,14.332485,4.3075895,0.023,0.977,1.0,0.108,0.25,0.25,0.25,0.0,0.27
83844,-1,15.887648,6.1584907,0.805,0.195,0.5,0.5,0.0,0.0,0.0,0.0,0.0
38028,-1,14.964804,1.2592562,0.902,0.049,0.0,0.0,0.0,0.0,0.0,0.0,0.0
227439,-1,15.528864,4.4832873,0.841,0.091,0.0,0.0,0.25,0.125,0.0,0.0,0.667
231129,-1,13.784117,7.282477,0.762,0.238,0.5,0.0,0.25,0.125,0.125,0.0,0.25
50820,-1,15.144834,0.80566937,0.82,0.16,0.0,0.0,0.25,0.0,0.0,0.0,0.25
272846,-1,14.693031,7.8798823,0.1,0.9,1.0,0.792,0.0,0.333,0.333,0.0,0.292
2857,-1,17.392586,3.4752598,0.718,0.256,0.25,0.25,0.531,0.0,0.0,0.094,0.625
239077,-1,15.169951,3.7190044,0.897,0.077,0.0,0.0,0.0,0.167,0.0,0.0,0.667
80379,-1,15.223336,9.577657,0.188,0.812,0.654,0.077,0.0,0.0,1.0,0.0,0.538
88311,-1,14.614161,5.949416,0.458,0.542,0.0,1.0,0.0,0.0,0.0,1.0,0.0
40487,-1,17.305544,0.9881788,0.725,0.2,0.25,0.0,0.471,0.176,0.118,0.0,0.875
142579,-1,13.598401,9.54258,0.026,0.974,1.0,0.514,0.0,0.5,0.0,0.1,0.595
77797,-1,14.831064,0.961924,0.884,0.07,0.0,0.0,0.167,0.0,0.0,0.0,0.333
52638,-1,12.117611,9.910312,0.07,0.907,0.789,0.158,0.0,0.2,0.2,0.5,0.658
127472,-1,14.844566,7.6277947,0.767,0.233,0.3,0.2,0.0,0.167,0.333,0.333,0.4
264352,6,8.396487,11.28204,0.75,0.222,0.5,0.0,0.0,0.5,0.0,0.5,0.0
206225,-1,17.444172,3.3914044,0.792,0.125,0.5,0.0,0.25,0.25,0.0,0.0,0.0
195871,-1,11.561743,10.199826,0.0,1.0,1.0,0.429,0.091,0.182,0.0,0.0,0.095
208235,-1,13.583591,10.144304,0.333,0.667,0.679,0.071,0.25,0.0,0.25,0.25,0.214
11510,-1,15.95807,9.242814,0.75,0.159,0.333,0.0,0.0,0.0,0.333,0.333,0.667
40250,-1,13.342417,5.100851,0.795,0.091,0.0,0.0,0.0,0.0,0.0,0.0,0.5
40246,-1,16.096207,2.5395482,0.5,0.425,0.588,0.059,0.125,0.25,0.5,0.0,0.588
150629,6,10.109087,10.600503,0.07,0.93,1.0,0.216,0.0,0.25,0.25,0.0,0.081
15982,-1,16.971395,0.6533197,0.783,0.109,0.0,0.0,0.0,0.167,0.0,0.0,0.5
280967,-1,16.338081,7.1378083,0.644,0.156,0.143,0.143,0.368,0.053,0.0,0.0,0.714
227892,-1,11.878892,9.532104,0.19,0.786,0.969,0.094,0.0,0.154,0.0,0.846,0.281
217696,-1,14.4429035,2.4596276,0.86,0.07,0.0,0.0,0.0,0.0,0.5,0.0,0.667
209346,-1,17.755377,4.636636,0.765,0.216,0.0,0.0,0.467,0.067,0.0,0.0,0.5
89863,-1,11.572097,9.099176,0.629,0.314,0.0,0.0,0.176,0.0,0.059,0.059,0.0
225855,-1,12.935938,6.6685505,0.848,0.022,0.0,0.0,0.5,0.0,0.0,0.25,0.0
232929,-1,16.230648,5.4246526,0.031,0.906,1.0,0.143,0.5,0.0,0.5,0.0,0.714
95049,-1,14.731911,6.255337,0.83,0.149,0.286,0.0,0.0,0.2,0.6,0.0,0.857
268017,-1,15.352061,7.0512786,0.432,0.541,0.889,0.667,0.0,0.0,0.0,0.5,0.444
283557,-1,15.260623,9.594459,0.511,0.447,0.7,0.35,0.0,0.2,0.6,0.0,0.5
81435,-1,15.286753,9.132243,0.595,0.405,0.692,0.231,0.0,0.5,0.0,0.5,0.231
227813,6,9.397944,11.138494,0.114,0.886,1.0,0.103,0.0,0.25,0.0,0.375,0.026
124926,-1,15.12518,0.21053003,0.977,0.0,0.0,0.0,0.0,0.0,0.0,0.0,0.0
260041,6,9.971801,8.8333025,0.784,0.216,0.75,0.125,0.2,0.2,0.2,0.2,0.0
290215,-1,18.018093,3.8206458,0.955,0.023,0.0,0.0,0.0,0.333,0.0,0.0,1.0
55955,-1,14.941372,0.17988017,0.929,0.048,0.0,0.0,0.5,0.0,0.0,0.0,0.0
213371,-1,17.550186,0.6502746,0.809,0.106,0.0,0.0,0.059,0.0,0.0,0.0,0.5
207046,-1,15.475832,1.7785523,0.833,0.119,0.5,0.0,0.0,1.0,0.0,0.0,0.0
277144,-1,17.244572,1.4701774,0.571,0.429,0.0,1.0,0.0,1.0,0.0,0.0,0.333
136621,-1,15.179582,6.4056025,0.895,0.053,0.333,0.333,1.0,0.0,0.0,0.0,0.333
42127,-1,14.292645,8.498882,0.043,0.936,0.955,0.591,0.045,0.045,0.5,0.273,0.409
190759,6,9.806304,10.77083,0.75,0.25,0.444,0.0,0.0,0.0,0.0,0.667,0.111
159694,-1,15.526335,1.1435663,0.881,0.095,0.0,0.0,0.0,0.0,0.25,0.0,0.5
150849,6,12.829895,5.8809586,0.6,0.38,0.0,1.0,0.0,0.25,0.25,0.25,0.0
195565,-1,18.134327,3.040324,0.884,0.07,0.0,0.0,0.5,0.0,0.0,0.5,0.667
152023,-1,18.041754,3.9275498,0.884,0.07,0.5,0.0,0.25,0.25,0.0,0.25,1.0
201976,-1,12.115803,10.24936,0.0,0.974,1.0,0.237,0.0,0.0,0.0,0.0,0.026
8589,-1,14.964349,1.3087348,0.75,0.2,0.25,0.125,0.0,0.0,1.0,0.0,0.75
135681,-1,13.162063,8.439395,0.659,0.227,0.667,0.333,0.0,0.0,0.5,0.0,0.222
114473,-1,14.2543125,4.6334195,0.8,0.125,0.2,0.0,0.0,0.0,0.5,0.25,0.6
81316,-1,15.113526,5.6669855,0.821,0.179,0.167,0.0,0.0,0.0,0.5,0.0,0.667
5406,-1,17.907658,2.767087,0.804,0.157,0.125,0.125,0.0,0.25,0.0,0.25,0.125
288387,6,10.491373,8.919452,0.074,0.926,0.98,0.388,0.0,0.0,0.0,0.5,0.122
235402,-1,17.011295,1.1658461,0.897,0.103,0.25,0.0,0.0,0.0,0.0,0.0,0.25
3163,-1,17.9415,3.6716816,0.857,0.0,0.0,0.0,0.0,0.0,0.0,0.0,0.0
138308,-1,15.837262,4.5009675,0.85,0.075,0.5,0.0,0.0,0.0,0.0,0.0,0.5
154199,-1,16.387287,1.6516398,0.812,0.146,0.143,0.143,0.0,0.0,0.0,0.0,1.0
63757,6,9.328076,10.522394,0.894,0.085,0.0,0.0,0.5,0.0,0.0,0.5,0.0
92428,-1,17.919203,3.3298714,0.725,0.225,0.143,0.0,0.0,0.125,0.625,0.0,0.571
289495,-1,11.883764,7.8560166,0.795,0.159,0.0,0.333,0.0,1.0,0.0,0.0,0.0
99651,-1,16.53421,5.702589,0.778,0.178,0.0,0.0,0.2,0.4,0.0,0.0,0.0
44083,-1,13.333254,8.107218,0.667,0.286,0.0,0.083,0.0,0.0,0.667,0.0,0.25
45163,6,8.894397,9.705041,0.8,0.089,0.25,0.25,0.0,0.2,0.2,0.2,0.0
210803,-1,12.356222,9.651139,0.25,0.727,0.938,0.875,0.0,0.273,0.091,0.545,0.25
255779,-1,13.755781,7.9074874,0.622,0.324,0.0,1.0,0.0,0.0,0.0,0.0,0.0
80674,-1,13.581309,2.8772337,0.625,0.292,0.286,0.286,0.0,0.0,0.0,0.0,0.571
217065,-1,16.181116,5.6093574,0.841,0.0,0.0,0.0,0.0,0.333,0.0,0.667,0.0
221121,-1,14.27977,9.221566,0.722,0.278,0.6,0.1,0.0,0.5,0.0,0.5,0.2
138268,-1,16.200878,5.292421,0.929,0.071,0.333,0.0,0.0,0.2,0.0,0.0,0.333
288648,-1,14.009343,3.1590483,0.915,0.064,0.333,0.0,0.0,0.333,0.0,0.333,0.333
176800,-1,13.239891,4.968382,0.841,0.114,0.2,0.0,0.0,0.0,0.25,0.0,0.2
204786,-1,8.194519,10.729277,0.059,0.882,0.4,0.1,0.115,0.154,0.0,0.346,0.1
224827,-1,17.204065,3.743994,0.929,0.071,0.333,0.333,0.0,0.0,0.0,1.0,0.0
80424,-1,16.742825,3.789767,0.952,0.024,1.0,0.0,0.0,0.0,0.0,0.0,1.0
221937,-1,17.13948,5.504716,0.767,0.116,0.5,0.5,0.0,0.667,0.333,0.0,0.0
16562,-1,17.456951,2.05231,0.921,0.079,0.0,0.0,0.0,0.333,0.333,0.0,0.333
248239,6,12.45181,9.084876,0.118,0.765,0.769,0.115,0.25,0.0,0.125,0.0,0.115
253175,-1,16.303648,0.23952784,0.833,0.143,0.167,0.0,0.0,0.333,0.0,0.0,0.5
8974,6,9.380627,10.109299,0.846,0.103,0.333,0.0,0.0,0.0,0.0,1.0,0.0
151477,-1,16.956951,2.0381997,0.75,0.194,0.0,0.0,0.062,0.062,0.0,0.75,0.333
82763,-1,16.68461,-0.076597765,0.857,0.122,0.0,0.333,0.0,1.0,0.0,0.0,0.5
203455,6,10.021242,9.928112,0.708,0.271,0.077,0.769,0.0,0.1,0.0,0.3,0.077
113520,-1,16.874203,-0.043820202,0.87,0.109,0.0,0.0,0.0,0.0,0.0,0.0,0.2
227590,-1,9.821648,8.872916,0.889,0.022,0.0,0.0,0.733,0.0,0.0,0.0,0.0
201118,-1,16.352766,1.4518107,0.837,0.116,0.0,0.0,1.0,0.0,0.0,0.0,0.4
52153,-1,15.609197,8.79937,0.545,0.424,0.643,0.0,0.0,0.0,0.5,0.0,0.429
224232,-1,15.236358,4.6136513,0.216,0.757,0.296,0.556,0.0,0.0,0.917,0.0,0.778
212127,-1,17.911345,4.227659,0.903,0.048,0.667,0.667,0.0,0.0,0.0,1.0,0.667
121680,-1,16.495903,7.521593,0.521,0.417,0.0,0.385,0.045,0.227,0.091,0.0,0.308
98656,6,12.184959,8.614682,0.688,0.25,0.5,0.0,0.0,1.0,0.0,0.0,0.0
264234,-1,14.408193,8.255945,0.698,0.209,0.222,0.0,0.0,0.0,0.0,0.0,0.222
126143,-1,10.929314,9.441708,0.634,0.341,0.571,0.143,0.0,0.2,0.2,0.4,0.214
121590,-1,11.426941,9.926872,0.051,0.923,1.0,0.429,0.0,0.667,0.0,0.0,0.114
114606,-1,15.860251,2.365357,0.86,0.047,0.0,0.0,0.0,1.0,0.0,0.0,0.0
30260,-1,10.864166,10.428817,0.0,0.964,1.0,0.308,0.0,0.4,0.1,0.3,0.115
212857,-1,14.376246,2.9856985,0.576,0.333,0.5,0.1,0.0,0.091,0.091,0.727,0.3
258552,-1,13.106403,9.27299,0.675,0.275,0.3,0.0,0.0,0.0,0.0,0.0,0.0
61212,6,8.888567,10.67286,0.5,0.469,0.333,0.133,0.091,0.136,0.045,0.636,0.0
125813,-1,17.76131,5.005107,0.839,0.065,0.0,0.0,0.0,0.0,0.333,0.0,0.75
119049,-1,14.717368,6.8407087,0.095,0.857,0.424,0.879,0.0,0.111,0.778,0.056,0.576
159412,-1,16.388601,1.5897068,0.738,0.119,0.0,0.0,0.706,0.0,0.0,0.0,0.2
75257,-1,14.961003,5.43826,0.057,0.886,0.933,0.433,0.2,0.0,0.1,0.0,0.667
278653,6,9.108488,11.025379,0.943,0.057,0.0,0.0,0.0,0.0,0.5,0.0,0.0
101301,6,9.638369,10.297509,0.395,0.605,1.0,1.0,0.167,0.167,0.0,0.333,0.0
2571,-1,17.515236,1.7499398,0.732,0.22,0.0,0.0,0.0,0.0,0.0,0.0,1.0
77996,-1,15.844357,8.194558,0.805,0.171,0.429,0.0,0.0,0.333,0.0,0.0,0.143
160034,-1,17.36921,2.4283206,0.833,0.083,0.0,0.25,0.0,0.2,0.2,0.4,0.25
25636,-1,14.356583,4.5154114,0.222,0.778,0.519,0.704,0.0,0.083,0.833,0.0,0.593
25391,-1,17.263401,3.037252,0.743,0.229,0.5,0.0,0.0,0.0,1.0,0.0,0.5
239918,-1,13.421439,3.5884879,0.654,0.327,0.882,0.118,0.0,0.5,0.0,0.333,0.412
270993,-1,13.664068,9.881126,0.517,0.483,0.667,0.167,0.4,0.0,0.0,0.0,0.583
272475,6,8.575168,10.070545,0.0,0.967,1.0,0.136,0.077,0.231,0.077,0.538,0.045
178040,-1,14.28122,1.8372844,0.844,0.111,0.0,0.0,0.0,0.0,1.0,0.0,0.5
77385,-1,15.716598,3.1785724,0.833,0.095,0.25,0.0,0.333,0.0,0.0,0.0,0.75
115653,-1,14.717526,0.5488531,0.864,0.114,0.0,0.0,0.0,1.0,0.0,0.0,0.0
35987,-1,15.321851,6.770846,0.619,0.381,0.7,0.3,0.0,0.375,0.0,0.5,0.1
97527,-1,12.10081,6.9686055,0.706,0.235,0.625,0.625,0.0,0.25,0.0,0.0,0.375
100709,-1,12.474907,7.9196343,0.371,0.629,0.0,0.667,0.143,0.0,0.0,0.286,0.0
9021,-1,15.056738,1.5567796,0.745,0.234,0.273,0.273,0.0,0.0,0.5,0.5,0.636
23551,-1,14.074177,1.5406797,0.872,0.043,0.5,0.0,1.0,0.0,0.0,0.0,1.0
14611,-1,12.133562,7.47386,0.659,0.317,0.583,0.0,0.1,0.0,0.5,0.0,0.333
119768,-1,13.166247,9.929772,0.0,0.946,0.961,0.098,0.0,0.562,0.0,0.438,0.353
11076,-1,16.311598,0.9664007,0.864,0.091,0.0,0.0,0.6,0.033,0.0,0.033,0.25
64832,6,9.827987,11.07693,0.725,0.216,0.545,0.182,0.25,0.0,0.25,0.0,0.182
124150,-1,14.056079,6.196798,0.88,0.06,0.667,0.0,0.0,0.5,0.0,0.0,0.333
18168,-1,16.632545,7.051608,0.581,0.372,0.714,0.143,0.0,0.222,0.0,0.222,0.143
266839,-1,12.770694,10.334771,0.022,0.957,0.947,0.132,0.0,0.0,0.0,0.2,0.158
207244,-1,16.62613,7.7482224,0.167,0.833,1.0,0.0,0.167,0.0,0.167,0.0,0.0
171060,-1,14.803562,3.352511,0.717,0.239,0.5,0.0,0.136,0.364,0.045,0.364,0.2
92759,-1,16.832144,0.95982003,0.933,0.044,0.5,0.0,0.0,1.0,0.0,0.0,0.5
55164,-1,16.740332,5.7166376,0.727,0.227,0.2,0.4,0.0,0.333,0.333,0.333,0.8
9426,6,8.750155,10.435724,0.881,0.071,0.0,0.5,0.0,0.0,0.0,0.0,0.0
213398,-1,15.55304,2.9791217,0.025,0.975,0.974,0.789,0.0,0.0,0.6,0.2,0.474
130485,6,8.936616,10.538812,0.465,0.488,0.556,0.333,0.0,0.0,0.2,0.4,0.056
191971,-1,10.722383,9.336237,0.639,0.222,0.429,0.0,0.0,0.0,0.0,0.0,0.0
229536,-1,15.167906,7.0838614,0.75,0.194,1.0,0.2,0.0,0.0,1.0,0.0,0.0
95514,-1,13.219641,9.024329,0.794,0.176,1.0,0.0,0.0,0.0,0.0,0.25,0.0
139308,-1,10.503533,8.648753,0.844,0.067,0.0,0.0,0.0,0.333,0.0,0.0,0.333
190876,-1,17.946527,3.6875212,0.647,0.333,0.0,0.0,0.333,0.0,0.0,0.222,0.5
89855,-1,16.17616,3.7355578,0.911,0.022,0.0,0.0,0.0,0.0,0.5,0.0,0.0
160707,-1,14.049564,3.6329224,0.894,0.043,0.5,0.5,0.5,0.0,0.0,0.5,0.5
215813,-1,14.915991,8.643957,0.868,0.132,0.0,0.0,0.0,0.333,0.333,0.333,0.0
39116,-1,17.191402,-0.25417444,0.848,0.065,0.0,0.0,0.583,0.0,0.0,0.083,0.333
79556,-1,14.103441,9.184552,0.489,0.489,0.412,0.235,0.091,0.0,0.273,0.273,0.647
279323,-1,15.656836,1.1882393,0.681,0.319,0.692,0.077,0.0,0.0,1.0,0.0,0.692
6516,-1,15.848801,2.0054588,0.816,0.105,0.0,0.0,0.0,0.0,0.0,0.0,0.25
267885,6,8.605424,11.249525,0.537,0.39,0.533,0.133,0.0,0.0,0.625,0.125,0.2
39671,-1,15.089483,1.1314056,0.675,0.225,0.375,0.375,0.0,0.0,0.8,0.1,0.375
225121,-1,15.862305,7.036512,0.14,0.86,0.0,0.0,0.0,0.2,0.0,0.2,0.0
226702,-1,15.305623,0.14187191,0.9,0.075,0.0,0.0,0.167,0.0,0.0,0.0,0.667
16564,-1,13.5486,7.28487,0.878,0.073,0.333,0.0,0.0,0.25,0.0,0.5,0.0
294795,-1,13.63778,7.7393312,0.6,0.4,0.692,0.231,0.0,0.5,0.0,0.5,0.231
126741,-1,13.344244,5.210557,0.351,0.622,0.522,0.304,0.0,0.091,0.727,0.091,0.652
86638,-1,14.05496,9.88669,0.088,0.794,0.852,0.111,0.0,0.286,0.286,0.143,0.481
13842,-1,16.747335,5.0028305,0.886,0.068,0.0,0.0,0.0,0.0,1.0,0.0,0.333
204357,-1,15.262803,3.7093287,0.415,0.585,0.818,0.545,0.0,0.4,0.5,0.0,0.5
94435,-1,14.394404,5.4665594,0.792,0.189,0.667,0.222,0.0,0.222,0.111,0.444,0.667
156322,-1,16.237484,5.2783637,0.783,0.174,0.0,0.0,0.0,0.0,1.0,0.0,0.5
46328,-1,15.790625,7.968668,0.778,0.133,0.4,0.0,0.0,0.333,0.0,0.667,0.2
269347,-1,17.124697,1.5694159,0.814,0.163,0.286,0.0,0.05,0.1,0.05,0.0,0.286
184633,-1,11.814987,8.786939,0.116,0.791,1.0,0.152,0.0,0.412,0.0,0.588,0.0
114497,-1,14.755051,1.384725,0.816,0.105,0.0,0.25,0.0,0.0,1.0,0.0,0.5
159212,-1,16.713402,8.252886,0.5,0.45,0.0,0.0,0.0,0.0,0.0,0.0,0.0
41800,-1,15.940847,7.6411695,0.688,0.271,0.6,0.0,0.0,0.0,0.0,0.0,0.2
283616,-1,17.530033,4.5032463,0.861,0.111,0.0,0.0,0.667,0.0,0.0,0.0,0.667
39923,-1,11.843827,9.38004,0.718,0.231,0.3,0.0,0.0,0.25,0.0,0.25,0.333
244124,3,17.4443,5.3705754,0.372,0.512,0.071,0.143,0.579,0.053,0.0,0.263,0.357
276777,-1,15.040184,1.4331263,0.9,0.1,0.0,0.0,0.5,0.5,0.0,0.0,0.5
62506,-1,14.722506,7.291244,0.692,0.308,0.75,0.0,0.0,0.0,1.0,0.0,0.125
63274,-1,15.8026705,1.6267926,0.857,0.048,0.0,0.0,0.0,0.0,1.0,0.0,1.0
250141,6,11.962799,8.476811,0.578,0.356,0.0,0.0,0.0,0.273,0.0,0.091,0.0
98457,-1,16.902798,1.1365008,0.864,0.091,0.0,0.0,0.3,0.1,0.0,0.0,0.667
86961,-1,15.452879,2.568505,0.842,0.132,0.25,0.0,0.0,0.5,0.0,0.0,0.5
272658,-1,16.94119,7.891735,0.833,0.167,0.5,0.0,1.0,0.0,0.0,0.0,0.0
121490,-1,11.109583,9.955408,0.353,0.647,0.857,0.095,0.182,0.091,0.0,0.545,0.095
172006,-1,15.001093,7.597191,0.643,0.333,0.6,0.0,0.0,0.5,0.0,0.0,0.0
34361,-1,12.105442,10.186407,0.039,0.902,1.0,0.065,0.0,1.0,0.0,0.0,0.239
59734,-1,10.337467,8.859333,0.088,0.882,0.897,0.966,0.0,0.375,0.375,0.0,0.207
160014,-1,14.204162,3.3214376,0.978,0.022,0.0,1.0,0.0,0.0,0.0,0.0,1.0
191664,-1,14.5372505,7.9840536,0.068,0.932,1.0,0.611,0.091,0.364,0.182,0.091,0.361
83919,-1,16.896833,2.2891328,0.897,0.103,0.25,0.0,0.0,0.0,0.0,0.0,0.5
108643,-1,11.967409,7.47878,0.771,0.167,1.0,0.75,0.0,0.0,0.0,0.0,0.0
214982,6,11.511406,7.77835,0.786,0.19,1.0,0.0,0.0,0.5,0.0,0.25,0.2
27267,-1,10.929358,10.710207,0.047,0.93,0.85,0.05,0.0,0.176,0.0,0.765,0.225
138618,3,17.197727,5.2288632,0.958,0.021,0.0,0.0,0.5,0.0,0.0,0.0,1.0
269873,-1,11.167743,9.389877,0.788,0.182,0.4,0.4,0.2,0.2,0.0,0.4,0.0
220989,-1,17.511518,0.45275077,0.886,0.068,0.0,0.0,0.0,0.5,0.0,0.5,0.5
206713,-1,13.233604,3.5088112,0.651,0.326,0.0,0.0,0.0,0.0,0.0,0.0,0.333
213751,-1,13.325321,3.734396,0.667,0.314,0.214,0.0,0.091,0.091,0.636,0.0,0.714
164835,6,8.695151,10.814797,0.432,0.541,0.7,0.1,0.111,0.0,0.444,0.0,0.4
18158,-1,14.705607,9.119717,0.366,0.585,0.316,0.474,0.0,0.105,0.263,0.316,0.579
57244,-1,15.240808,1.0395727,0.918,0.061,0.0,0.0,0.286,0.0,0.0,0.0,0.667
269492,-1,16.725563,7.8957763,0.619,0.31,0.091,0.0,0.0,0.0,0.053,0.053,0.545
47178,-1,15.449434,2.9164233,0.921,0.053,0.0,0.0,0.0,0.0,0.0,0.0,0.5
137455,-1,15.646187,4.7788434,0.872,0.128,0.2,0.0,0.0,0.0,0.0,0.0,0.6
23233,-1,15.55819,8.057799,0.826,0.13,0.2,0.6,0.0,0.0,0.0,0.4,0.4
131218,-1,14.885629,2.3045483,0.806,0.139,0.0,0.0,0.0,0.0,0.0,0.333,0.6
97801,6,8.944452,11.470101,0.167,0.75,0.5,0.0,0.333,0.19,0.048,0.333,0.0
251408,-1,10.422072,8.856111,0.111,0.75,0.593,0.111,0.0,0.143,0.571,0.071,0.148
186016,-1,15.718528,7.4760303,0.653,0.306,0.143,0.571,0.0,0.333,0.333,0.333,0.214
252481,-1,13.259493,9.98145,0.023,0.977,1.0,0.256,0.048,0.381,0.0,0.238,0.14
197701,-1,12.417272,7.1275253,0.907,0.07,0.333,0.0,0.0,0.0,0.0,0.0,0.0
289881,-1,10.979995,9.012585,0.805,0.146,0.333,0.167,0.0,0.2,0.0,0.4,0.167
55371,-1,16.277294,4.4059076,0.206,0.794,0.333,0.815,0.0,0.059,0.882,0.0,0.593
38230,-1,15.863697,5.2550445,0.816,0.102,0.0,0.0,0.5,0.083,0.0,0.0,0.6
245162,-1,13.132229,7.1296062,0.814,0.093,0.25,0.0,0.143,0.286,0.0,0.429,0.0
28290,-1,14.059362,9.987492,0.167,0.833,1.0,0.906,0.0,0.571,0.143,0.143,0.156
221074,-1,16.257935,4.0375385,0.636,0.341,0.25,0.5,0.0,0.333,0.333,0.333,0.75
1823,-1,16.255512,3.2803195,0.744,0.154,0.333,0.0,0.0,0.5,0.0,0.0,1.0
162851,-1,14.863277,1.3579292,0.857,0.102,0.0,0.0,0.0,0.0,1.0,0.0,0.75
28277,-1,15.791868,2.252625,0.811,0.132,0.0,0.0,0.2,0.0,0.0,0.0,0.571
203211,-1,13.567784,4.419312,0.976,0.024,0.0,0.0,0.0,0.0,0.0,0.0,1.0
216570,-1,14.314898,3.9091513,0.122,0.854,0.438,0.562,0.0,0.031,0.844,0.031,0.688
51511,-1,12.8367195,6.9480205,0.843,0.157,0.143,0.0,0.0,0.0,0.0,0.0,0.429
237358,-1,14.044928,6.5033364,0.81,0.167,0.0,0.0,0.0,0.125,0.0,0.0,0.571
98829,-1,9.731177,9.277587,0.905,0.024,0.0,0.0,0.0,0.125,0.0,0.875,0.0
261871,-1,16.405977,8.256179,0.659,0.268,0.0,0.0,0.0,0.25,0.0,0.0,0.0
51143,6,10.440777,9.429182,0.512,0.439,0.389,0.111,0.0,0.222,0.0,0.222,0.0
264208,-1,16.01825,9.038578,0.088,0.882,0.929,0.5,0.0,0.667,0.0,0.0,0.179
259588,6,10.231455,10.238559,0.718,0.179,0.571,0.0,0.0,0.0,1.0,0.0,0.0
143265,-1,16.888807,5.2016835,0.87,0.056,0.0,0.0,0.0,0.0,0.0,0.0,1.0
138789,-1,17.801178,2.1614513,0.814,0.116,0.0,0.0,0.0,1.0,0.0,0.0,0.8
129863,-1,11.517044,7.5860286,0.795,0.091,0.25,0.0,0.409,0.182,0.0,0.182,0.5
191803,-1,14.994762,2.1558115,0.896,0.083,0.0,0.0,0.0,0.0,0.0,0.0,1.0
133414,-1,16.781946,2.5782995,0.977,0.023,0.0,0.0,0.0,0.0,0.0,0.333,1.0
246156,-1,13.168773,10.009,0.095,0.881,0.972,0.167,0.0,0.0,0.333,0.0,0.111
177215,-1,13.427219,3.1495163,0.861,0.139,0.0,0.0,0.333,0.0,0.667,0.0,1.0
286691,-1,15.532337,1.0372419,0.69,0.286,0.0,0.0,0.077,0.0,0.077,0.154,0.5
253262,6,9.536969,11.396459,0.392,0.549,0.808,0.577,0.077,0.308,0.0,0.462,0.038
133789,-1,16.920073,1.375572,0.884,0.07,0.0,0.0,0.0,0.333,0.0,0.0,1.0
80362,-1,9.374021,10.217334,0.805,0.171,0.75,0.25,0.0,0.333,0.333,0.0,0.25
192395,-1,16.878508,6.785257,0.211,0.763,0.667,0.074,0.0,0.0,0.778,0.222,0.593
140949,-1,15.672853,3.8779066,0.841,0.114,0.2,0.2,0.0,0.0,0.0,0.0,1.0
107914,-1,13.449987,9.557836,0.629,0.343,0.5,0.25,0.25,0.0,0.0,0.625,0.25
126287,-1,12.654396,9.153304,0.579,0.421,0.688,0.062,0.0,0.6,0.0,0.4,0.25
122847,-1,15.665233,2.4879692,0.919,0.081,0.0,0.0,0.0,0.0,0.0,0.0,0.667
32394,-1,11.690204,7.6324987,0.639,0.333,0.5,0.167,0.0,0.0,0.667,0.0,0.417
213926,6,9.678132,10.7294855,0.182,0.795,0.97,0.152,0.0,0.111,0.0,0.667,0.121
209314,-1,14.31012,4.0534225,0.892,0.108,0.0,0.25,0.5,0.0,0.0,0.0,0.5
111980,6,9.860752,9.849937,0.634,0.317,0.385,0.0,0.077,0.077,0.154,0.538,0.0
7563,3,16.846262,5.5091887,0.805,0.122,0.0,0.333,0.0,0.0,0.0,0.0,1.0
255307,-1,15.474141,9.038834,0.028,0.917,1.0,0.273,0.333,0.167,0.0,0.0,0.273
220572,-1,14.574422,4.7935443,0.077,0.897,0.303,0.091,0.0,0.033,0.933,0.0,0.667
227229,-1,16.09843,1.8619115,0.788,0.152,0.5,0.5,0.0,0.0,0.167,0.0,0.25
217379,-1,14.489259,4.503414,0.39,0.585,0.333,0.208,0.036,0.071,0.643,0.071,0.667
9056,-1,15.598049,2.376084,0.9,0.1,0.0,0.25,0.182,0.0,0.0,0.0,0.5
52470,-1,14.642704,9.703882,0.026,0.949,1.0,0.057,0.143,0.357,0.071,0.071,0.086
18196,-1,16.38864,4.782235,0.889,0.067,0.0,0.0,0.333,0.0,0.0,0.0,0.5
76133,-1,16.563435,8.811803,0.611,0.333,0.364,0.091,0.167,0.167,0.167,0.333,0.364
186972,-1,15.719749,4.53514,0.744,0.231,0.111,0.333,0.0,0.25,0.0,0.25,0.222
214682,-1,13.411243,4.7215066,0.818,0.182,0.0,0.0,0.0,1.0,0.0,0.0,0.333
263276,6,8.635643,10.767298,0.44,0.5,0.125,0.812,0.105,0.0,0.105,0.316,0.0
176912,-1,14.896786,1.4653326,0.525,0.45,0.286,0.0,0.0,0.2,0.4,0.0,0.571
100785,-1,11.358322,8.244507,0.326,0.605,0.885,0.115,0.0,0.167,0.0,0.5,0.115
80754,-1,13.381159,3.5621054,0.817,0.15,0.111,0.0,0.0,0.0,0.0,0.0,0.556
122029,-1,13.639689,3.526002,0.2,0.743,0.52,0.28,0.0,0.0,1.0,0.0,0.48
240862,-1,10.666657,10.382269,0.0,0.878,0.976,0.024,0.107,0.143,0.179,0.036,0.439
142571,-1,16.722694,4.2809696,0.729,0.229,0.091,0.091,0.65,0.05,0.0,0.0,0.636
173122,-1,16.10478,6.1754227,0.474,0.474,0.0,0.0,0.594,0.062,0.031,0.0,0.0
163197,-1,14.663675,5.2159295,0.351,0.622,0.769,0.615,0.077,0.231,0.077,0.385,0.462
165409,6,8.910149,9.8438635,0.932,0.023,0.0,0.0,0.0,0.0,0.0,0.4,0.0
70249,-1,14.342866,5.5893245,0.725,0.2,0.0,0.0,0.304,0.0,0.0,0.0,0.167
276646,-1,16.139585,4.0619674,0.83,0.132,0.333,0.167,0.0,0.5,0.25,0.0,0.167
245225,-1,12.374399,6.582968,0.364,0.636,0.077,0.692,0.0,0.083,0.167,0.25,0.077
14914,-1,14.713479,3.5097184,0.816,0.184,0.0,0.0,0.0,0.0,0.0,0.0,0.5
213228,-1,17.402752,1.9924653,0.907,0.047,0.0,0.0,0.0,0.0,0.0,1.0,0.5
139195,-1,15.051966,2.0521355,0.844,0.111,0.2,0.0,0.0,0.5,0.0,0.0,0.4
39014,-1,13.014873,8.937489,0.651,0.326,0.643,0.214,0.381,0.048,0.095,0.0,0.214
253044,-1,12.714865,9.861849,0.103,0.897,0.96,0.0,0.0,0.0,0.0,0.333,0.16
85512,-1,17.403439,1.2904055,0.927,0.024,0.0,0.0,0.2,0.0,0.0,0.0,0.0
117499,-1,12.721403,10.0519085,0.34,0.596,0.615,0.846,0.0,0.4,0.4,0.2,0.077
274669,-1,16.112408,9.115159,0.776,0.163,0.125,0.0,0.75,0.0,0.0,0.0,0.25
189518,-1,15.517526,4.2011347,0.913,0.087,0.0,0.0,0.333,0.0,0.333,0.0,0.667
102344,-1,17.497517,2.2319489,0.884,0.093,0.0,0.0,0.0,0.0,0.0,0.0,0.75
153574,6,8.044972,11.256503,0.115,0.75,0.273,0.061,0.073,0.098,0.0,0.707,0.03
127504,6,13.105945,5.5368524,0.021,0.957,1.0,0.044,0.0,0.0,0.0,0.0,0.6
224555,-1,17.189093,2.1558034,0.838,0.162,0.25,0.5,0.5,0.0,0.167,0.0,0.5
244623,-1,14.20621,7.0845904,0.87,0.065,0.333,0.0,0.0,1.0,0.0,0.0,0.0
109836,-1,15.116942,0.9917342,0.886,0.045,0.0,0.0,0.0,0.6,0.2,0.0,1.0
49199,6,10.167637,9.040971,0.828,0.172,1.0,0.0,0.0,0.0,0.0,0.0,0.2
203809,6,10.090034,10.570377,0.15,0.8,0.469,0.344,0.0,0.16,0.04,0.56,0.094
65329,-1,15.180429,5.0388474,0.636,0.318,0.929,0.571,0.0,0.2,0.0,0.8,0.429
113508,6,10.226404,9.260595,0.0,0.957,0.978,0.622,0.0,0.167,0.0,0.333,0.022
269066,-1,16.226448,7.3080435,0.762,0.238,0.333,0.0,0.0,0.25,0.25,0.0,0.333
38400,-1,14.009346,9.128071,0.837,0.116,0.0,0.0,0.0,0.0,0.0,0.5,0.2
198249,-1,17.760122,3.3985133,0.907,0.093,0.0,0.0,0.0,0.0,0.0,0.0,0.0
134190,-1,16.666946,1.1654754,0.927,0.024,0.0,0.0,0.455,0.0,0.0,0.0,1.0
240858,-1,17.81274,0.9448616,0.872,0.064,0.0,0.0,0.0,0.333,0.0,0.0,0.5
175754,-1,12.774281,7.713402,0.756,0.195,0.0,0.0,0.0,1.0,0.0,0.0,0.0
280008,-1,12.911291,7.9761996,0.375,0.575,0.615,0.077,0.2,0.2,0.0,0.0,0.385
58967,6,9.641593,10.430277,0.574,0.404,0.444,0.222,0.0,0.0,0.1,0.8,0.056
3615,6,10.876845,8.980828,0.758,0.212,0.429,0.0,0.0,0.0,1.0,0.0,0.143
184345,-1,16.175228,1.4438925,0.833,0.143,0.2,0.2,0.0,0.833,0.0,0.0,0.8
22203,-1,15.990887,1.2165607,0.872,0.085,0.0,0.0,0.091,0.091,0.091,0.091,0.75
69904,-1,14.74265,7.755025,0.464,0.536,0.556,0.111,0.0,0.0,0.0,0.0,0.222
32805,-1,16.759619,7.206134,0.7,0.275,0.6,0.2,0.0,0.333,0.333,0.0,0.2
63239,-1,17.095009,1.9430816,0.795,0.159,0.286,0.0,0.0,0.0,0.0,0.0,0.714
101949,6,8.915586,11.251586,0.706,0.147,0.4,0.0,0.0,0.286,0.0,0.714,0.2
35156,-1,13.874546,9.791453,0.767,0.233,0.429,0.143,0.0,0.0,0.0,1.0,0.0
175913,3,17.389948,4.8605285,0.889,0.044,0.0,0.0,0.0,0.0,1.0,0.0,0.5
207906,-1,14.871672,4.879432,0.771,0.2,0.0,0.0,0.0,0.0,0.0,0.0,0.0
199473,-1,14.87864,8.010089,0.825,0.125,0.0,0.0,0.0,1.0,0.0,0.0,0.0
174823,-1,15.380087,3.050236,0.902,0.073,0.0,0.0,0.444,0.0,0.0,0.0,0.667
67217,-1,13.802271,2.9409204,0.875,0.104,0.25,0.25,0.0,0.2,0.2,0.0,0.25
199385,-1,13.061748,7.3931317,0.59,0.359,0.222,0.0,0.1,0.1,0.0,0.0,0.222
288415,-1,14.704487,7.3338766,0.462,0.487,0.4,0.2,0.0,0.4,0.0,0.0,0.2
119210,-1,16.753275,0.34012014,0.822,0.133,0.0,0.0,0.55,0.05,0.0,0.2,1.0
153579,-1,15.066657,2.874221,0.864,0.068,0.0,0.0,0.0,0.0,0.0,0.0,0.667
173262,3,17.466269,5.035941,0.83,0.106,0.0,0.2,0.0,0.0,0.0,0.75,0.4
39107,-1,14.4227295,2.4947631,1.0,0.0,0.0,0.0,0.5,0.0,0.0,0.5,0.0
186399,-1,14.297668,2.4802935,0.592,0.367,0.4,0.0,0.0,0.0,0.0,0.0,0.4
33533,-1,10.972666,9.746832,0.429,0.571,0.455,0.273,0.067,0.267,0.0,0.6,0.091
14438,-1,17.919342,2.6921935,0.841,0.114,0.0,0.2,0.125,0.125,0.0,0.0,0.4
253853,-1,14.680755,7.5580235,0.448,0.517,0.75,0.5,0.1,0.4,0.0,0.3,0.0
189482,-1,12.039908,10.0827265,0.93,0.047,1.0,0.0,0.0,0.5,0.0,0.0,0.5
170558,-1,9.099312,10.077482,0.225,0.775,0.839,0.194,0.071,0.214,0.214,0.286,0.065
250210,-1,16.56656,8.074604,0.2,0.8,0.826,0.391,0.0,0.143,0.286,0.0,0.217
20770,-1,14.228222,3.3934827,0.851,0.085,0.0,0.0,0.421,0.053,0.0,0.0,0.75
45062,-1,17.454435,0.76713264,0.889,0.067,0.0,0.0,0.0,0.2,0.0,0.1,1.0
77043,-1,17.210014,7.4974084,0.426,0.532,0.706,0.529,0.0,0.0,1.0,0.0,0.471
81525,-1,14.721297,1.9187558,0.667,0.306,0.3,0.0,0.0,0.0,0.333,0.0,0.6
37588,-1,16.518812,1.8918031,0.902,0.049,0.0,0.0,0.0,0.5,0.0,0.0,0.5
23915,-1,13.590771,3.2282891,0.705,0.295,0.333,0.0,0.0,0.0,1.0,0.0,0.333
282069,-1,14.716798,3.9195118,0.383,0.574,0.667,0.148,0.158,0.105,0.316,0.105,0.259
116497,-1,12.375843,10.014611,0.0,1.0,0.943,0.086,0.0,0.545,0.091,0.364,0.343
212090,-1,12.217181,8.799755,0.686,0.314,0.0,0.0,0.0,0.0,1.0,0.0,0.0
88340,-1,16.740797,1.5708352,0.452,0.476,0.65,0.35,0.0,0.143,0.714,0.0,0.6
178947,-1,12.663926,9.175802,0.703,0.297,0.364,0.091,0.0,0.0,0.5,0.5,0.182
156694,-1,13.777766,3.47939,0.744,0.233,0.0,0.0,0.0,1.0,0.0,0.0,0.6
97343,-1,16.52111,1.1322968,0.87,0.065,0.0,0.0,0.0,0.0,0.0,0.0,0.333
251908,-1,14.686527,7.8203387,0.293,0.683,0.0,0.0,0.333,0.333,0.0,0.0,0.0
84117,-1,16.436852,1.4276944,0.886,0.068,0.333,0.0,0.0,0.333,0.0,0.0,0.667
79126,-1,14.472217,6.0937896,0.667,0.178,0.0,0.5,0.0,0.0,0.167,0.417,0.5
280086,-1,13.355437,4.1063166,0.714,0.286,0.533,0.4,0.0,0.5,0.25,0.062,0.533
8661,-1,13.636271,2.2683988,0.889,0.089,0.0,0.0,0.0,0.0,0.0,0.5,1.0
172852,-1,17.359528,2.5219672,0.932,0.068,0.5,0.0,0.0,0.5,0.0,0.0,0.5
143164,-1,17.39405,1.9691864,0.816,0.105,0.25,0.0,0.389,0.056,0.0,0.0,0.75
273639,-1,14.229986,8.835209,0.568,0.405,0.643,0.071,0.0,0.7,0.1,0.0,0.214
238015,6,9.072977,10.835237,0.0,1.0,0.935,0.516,0.167,0.333,0.167,0.333,0.032
65355,-1,9.716063,11.349996,0.0,0.969,1.0,0.367,0.0,0.6,0.0,0.4,0.0
143598,-1,15.286845,5.4893656,0.321,0.679,0.688,0.625,0.0,0.0,0.667,0.0,0.688
289804,-1,13.164021,4.5017347,0.673,0.288,0.25,0.0,0.0,0.0,1.0,0.0,0.5
143518,-1,13.856821,3.642201,0.5,0.412,0.154,0.0,0.0,0.0,0.909,0.0,0.538
174428,-1,17.344818,2.4468875,0.885,0.096,0.0,0.0,0.0,0.667,0.333,0.0,0.4
164031,-1,13.611492,9.759579,0.618,0.382,0.462,0.0,0.0,0.125,0.5,0.375,0.0
139874,-1,13.258898,9.959953,0.237,0.711,0.667,0.444,0.0,0.5,0.0,0.25,0.111
62059,-1,17.141909,4.0299215,0.727,0.25,0.111,0.556,0.583,0.042,0.0,0.0,0.444
121918,-1,17.990463,1.5049262,0.932,0.023,0.0,0.0,0.143,0.0,0.0,0.0,0.0
39181,-1,17.749577,4.2499857,0.87,0.065,0.333,0.0,0.0,0.5,0.0,0.5,0.667
158662,-1,16.746346,2.1835666,0.933,0.044,0.0,0.0,0.0,0.0,0.0,0.0,0.0
133114,-1,15.318083,2.426395,0.867,0.111,0.25,0.0,0.0,0.667,0.0,0.333,0.75
180878,-1,16.039011,1.3463491,1.0,0.0,0.0,0.0,0.0,0.0,0.0,0.0,0.0
166420,-1,18.021421,1.8178866,0.952,0.0,0.0,0.0,0.0,0.0,0.0,0.0,0.0
171457,-1,14.178883,9.488906,0.025,0.95,1.0,0.838,0.0,1.0,0.0,0.0,0.189
268836,-1,16.180628,8.531908,0.267,0.711,0.906,0.188,0.0,0.0,0.0,0.5,0.344
101642,-1,16.949528,7.6762376,0.652,0.326,0.0,0.0,0.0,0.0,0.0,0.0,1.0
244101,-1,14.871382,7.2484064,0.487,0.513,1.0,0.0,0.0,0.75,0.0,0.25,0.25
2291,-1,17.696379,0.94844764,0.889,0.083,0.5,0.5,0.0,0.0,0.0,0.0,1.0
3568,-1,15.9784,3.2393095,0.932,0.045,0.0,0.0,0.0,0.0,0.0,0.0,0.5
27755,-1,14.46931,6.7334533,0.878,0.073,0.0,0.0,0.0,0.0,0.0,0.0,0.0
52445,-1,14.4808445,2.1293104,0.953,0.047,0.0,0.0,0.0,0.0,0.0,0.0,0.0
22939,-1,14.619824,1.5024455,0.837,0.07,0.0,0.0,0.0,0.0,0.0,0.0,0.333
49430,-1,17.112484,7.0799603,0.231,0.718,0.0,0.0,0.0,0.0,0.0,0.0,0.0
79691,-1,15.850142,7.833115,0.65,0.3,0.833,0.167,0.333,0.333,0.0,0.0,0.167
45994,-1,15.183471,9.148013,0.429,0.5,0.286,0.429,0.333,0.0,0.667,0.0,0.357
57150,-1,15.925794,2.214583,0.632,0.105,0.0,0.333,0.312,0.188,0.062,0.062,0.0
213592,-1,12.555312,6.93591,0.571,0.405,0.0,0.0,0.0,0.222,0.222,0.222,0.364
9758,-1,16.206036,0.90408355,0.921,0.053,0.0,0.0,0.0,0.5,0.0,0.0,1.0
153052,-1,12.933695,9.152651,0.475,0.5,0.2,0.35,0.0,0.0,0.96,0.04,0.4
27761,-1,12.189359,7.075978,0.82,0.14,0.0,0.0,0.0,0.0,1.0,0.0,0.714
214549,6,8.537982,10.794591,0.867,0.111,0.2,0.4,0.125,0.25,0.0,0.5,0.2
291436,-1,17.956491,3.1089466,0.849,0.132,0.2,0.0,0.5,0.5,0.0,0.0,0.6
299,-1,17.925392,3.3764386,0.816,0.163,0.0,0.143,0.0,0.0,0.0,0.0,0.714
157690,-1,13.347727,5.3241386,0.911,0.089,0.0,0.0,0.0,0.667,0.0,0.0,0.667
159669,6,10.029886,10.337827,0.745,0.196,0.1,0.1,0.167,0.083,0.0,0.083,0.1
242478,-1,16.975422,3.256801,0.795,0.182,0.0,0.125,0.59,0.026,0.0,0.026,0.375
133047,-1,8.108161,10.533919,0.837,0.07,0.667,0.0,0.158,0.053,0.0,0.474,0.0
230137,-1,13.794444,3.2038836,0.844,0.089,0.0,0.25,0.5,0.0,0.0,0.0,0.75
154398,6,8.299539,10.320956,0.476,0.31,0.0,0.0,0.152,0.061,0.0,0.303,0.231
158147,6,12.631324,6.5821157,0.721,0.279,0.0,0.143,0.0,0.0,0.0,0.667,0.143
119849,-1,15.989537,8.480297,0.227,0.727,0.0,0.065,0.0,0.0,1.0,0.0,0.774
150340,-1,15.035205,8.732341,0.107,0.857,0.9,0.1,0.0,0.333,0.333,0.167,0.15
129026,-1,15.558658,1.0566621,0.523,0.432,0.211,0.789,0.0,0.0,0.25,0.0,0.368
49796,-1,15.8196535,2.740421,0.85,0.1,0.0,0.0,0.0,0.0,0.0,0.0,1.0
61505,3,17.517193,5.2592096,0.881,0.024,0.0,0.0,0.2,0.0,0.0,0.0,1.0
264151,-1,12.98873,10.230054,0.359,0.641,0.75,0.15,0.0,0.5,0.0,0.5,0.15
129499,-1,17.559515,3.150107,0.886,0.045,0.0,0.0,0.083,0.0,0.083,0.0,0.0
199517,5,17.676992,0.5320853,0.822,0.089,0.333,0.0,0.0,0.0,0.0,0.0,0.667
9039,6,12.22064,7.9345136,0.861,0.083,0.667,0.0,0.0,0.0,0.0,0.0,0.0
262157,-1,15.546807,8.591233,0.667,0.308,0.0,0.0,0.0,0.0,0.0,0.0,0.0
159426,6,9.655896,11.321522,0.106,0.894,0.732,0.683,0.0,0.286,0.0,0.643,0.195
100383,-1,17.62607,0.25557142,0.791,0.14,0.0,0.0,0.267,0.0,0.0,0.0,0.5
113077,-1,13.389585,3.3737931,0.848,0.087,0.0,0.0,0.0,1.0,0.0,0.0,0.25
143801,-1,16.021523,5.001518,0.444,0.556,0.0,0.25,0.0,0.143,0.0,0.143,0.25
89244,-1,11.124214,9.840758,0.281,0.719,0.667,0.0,0.0,0.5,0.0,0.25,0.0
176850,-1,16.587862,-0.41615924,0.864,0.114,0.2,0.2,0.0,0.0,0.0,0.5,0.4
219824,6,8.367664,11.214244,0.636,0.341,0.286,0.214,0.0,0.083,0.0,0.875,0.214
27565,-1,15.336676,3.0630722,0.8,0.1,0.25,0.25,0.167,0.0,0.0,0.167,0.5
126419,-1,12.595497,8.892486,0.5,0.472,0.615,0.308,0.0,0.0,0.2,0.6,0.0
54218,6,8.893429,11.359177,0.238,0.714,0.367,0.167,0.026,0.211,0.0,0.553,0.067
29804,-1,12.494176,6.65589,0.452,0.516,0.875,0.188,0.0,0.0,1.0,0.0,0.5
59696,-1,15.401075,0.2794433,0.872,0.085,0.0,0.0,0.0,0.0,0.0,0.0,0.25
76821,-1,14.2968025,8.406885,0.556,0.4,0.529,0.176,0.0,0.222,0.056,0.5,0.059
32781,-1,17.449932,2.109444,0.818,0.091,0.25,0.0,0.0,0.0,0.333,0.0,0.5
175142,-1,10.070873,9.000333,0.773,0.159,0.286,0.0,0.333,0.0,0.111,0.0,0.714
116826,-1,14.443413,5.7618165,0.361,0.639,0.136,0.045,0.0,0.0,1.0,0.0,0.818
136304,-1,12.583305,7.532549,0.87,0.065,0.0,0.5,0.0,0.0,0.0,0.0,0.5
20512,-1,17.468449,1.6069516,0.933,0.044,0.5,0.5,0.5,0.5,0.0,0.0,1.0
30461,-1,16.916933,2.8100064,0.884,0.07,0.0,0.0,0.0,0.0,0.0,0.0,0.5
161170,-1,15.018175,7.161655,0.811,0.189,0.5,0.167,0.5,0.0,0.0,0.0,0.333
221151,-1,14.367745,1.8345958,0.962,0.038,0.5,0.0,0.0,0.0,0.0,0.0,0.5
7968,-1,14.486139,5.9599137,0.935,0.065,0.0,0.0,0.0,0.0,0.0,0.0,0.5
2306,-1,16.44151,1.3352365,0.905,0.095,0.0,0.0,0.656,0.062,0.0,0.062,0.25
266141,-1,13.919883,6.062289,0.727,0.182,0.2,0.2,0.0,0.167,0.167,0.0,0.4
264251,6,9.822074,9.367135,0.175,0.825,0.97,0.576,0.143,0.286,0.143,0.429,0.03
128180,-1,12.11873,9.599056,0.417,0.5,0.611,0.222,0.0,0.143,0.143,0.429,0.111
254498,-1,14.725364,6.6930513,0.821,0.077,0.0,0.0,0.0,0.154,0.0,0.769,0.0
195922,3,17.11075,5.3989544,0.745,0.234,0.1,0.1,0.44,0.04,0.0,0.04,0.4
201362,-1,13.603026,2.5678904,0.756,0.22,0.0,0.571,0.0,0.0,0.0,0.0,0.286
60353,-1,14.407505,3.3768399,0.85,0.125,0.0,0.25,0.083,0.083,0.0,0.083,0.0
270845,4,16.466415,7.4047365,0.024,0.951,0.0,0.0,0.0,0.0,0.0,0.0,0.0
148838,-1,16.187826,1.6784016,0.854,0.125,0.2,0.0,0.0,0.0,0.5,0.0,0.8
265240,-1,15.115058,5.0987487,0.024,0.951,1.0,0.526,0.0,0.0,0.0,0.0,0.395
71799,6,8.858638,9.93588,0.806,0.194,0.167,0.667,0.0,0.5,0.0,0.5,0.167
210282,4,15.563582,7.6715937,0.867,0.089,0.0,0.0,0.0,0.0,0.0,0.0,0.0
244871,-1,11.274157,8.683549,0.167,0.771,0.486,0.135,0.139,0.056,0.0,0.75,0.135
122711,-1,17.699076,4.6320186,0.822,0.089,0.0,0.0,0.0,0.5,0.0,0.5,0.667
213081,1,16.080349,3.4265866,0.864,0.114,0.0,0.2,0.222,0.222,0.0,0.0,0.4
142746,-1,15.397744,7.629199,0.561,0.415,0.0,1.0,0.0,0.0,0.0,0.0,1.0
13372,-1,13.783616,8.827798,0.833,0.119,0.4,0.0,0.0,0.5,0.5,0.0,0.4
149639,-1,15.465469,5.7605724,0.757,0.243,0.625,0.0,0.0,0.333,0.0,0.333,0.375
98255,-1,17.525005,2.1676943,0.878,0.049,0.0,0.0,0.0,0.0,0.0,0.0,0.5
8664,1,16.543291,3.8853655,0.829,0.098,0.5,0.0,0.0,0.182,0.0,0.182,0.5
15541,-1,15.874905,0.54394835,0.953,0.023,0.0,0.0,0.0,0.5,0.0,0.0,0.0
122648,-1,13.787135,8.161001,0.308,0.667,0.92,0.28,0.333,0.333,0.0,0.0,0.36
26770,-1,13.357077,5.120086,0.397,0.587,0.0,0.027,0.0,0.0,0.961,0.0,0.622
236084,6,9.534538,9.09832,0.685,0.167,0.0,0.0,0.3,0.2,0.0,0.25,0.0
134857,-1,14.537279,8.186401,0.837,0.163,0.25,0.0,0.0,0.0,0.0,0.0,0.0
141138,-1,13.96311,10.077052,0.059,0.941,0.872,0.064,0.0,0.0,0.815,0.037,0.532
94930,4,16.197685,7.9653006,0.364,0.591,1.0,0.2,0.143,0.143,0.0,0.286,0.2
16029,-1,16.751066,7.228667,0.395,0.605,0.0,0.0,0.0,0.333,0.333,0.0,0.0
133300,-1,14.429462,5.3126683,0.821,0.179,0.333,0.0,0.333,0.333,0.0,0.0,0.667
164589,5,17.73228,0.616088,0.773,0.205,0.25,0.125,0.0,1.0,0.0,0.0,0.5
266394,6,9.114694,11.324119,0.65,0.3,0.167,0.0,0.0,0.158,0.0,0.737,0.0
95927,-1,13.3580065,3.1097562,0.182,0.818,0.0,1.0,0.0,0.0,0.0,0.0,0.0
70214,-1,13.758564,10.163177,0.0,1.0,0.98,0.9,0.333,0.0,0.333,0.0,0.26
67135,-1,16.1661,1.5606539,0.351,0.595,0.476,0.429,0.0,0.333,0.444,0.111,0.81
7167,-1,13.667432,3.4230633,0.595,0.351,0.417,0.0,0.0,0.0,0.0,0.0,0.333
223071,-1,13.137599,8.884295,0.905,0.071,0.0,0.0,0.0,0.5,0.0,0.25,0.0
134557,-1,16.569899,3.6759279,0.818,0.091,0.25,0.0,0.091,0.091,0.0,0.364,0.75
257559,-1,16.651346,7.6934853,0.162,0.811,1.0,0.545,0.0,0.125,0.0,0.5,0.182
186624,-1,13.085806,8.121416,0.788,0.212,0.857,0.286,0.0,0.5,0.0,0.5,0.429
272213,-1,9.45417,10.981741,0.071,0.881,0.871,0.0,0.25,0.0,0.0,0.75,0.065
89153,6,10.52469,10.064282,0.68,0.28,0.556,0.222,0.0,0.25,0.0,0.5,0.333
6925,6,10.543571,10.549995,0.278,0.685,0.595,0.108,0.0,0.118,0.118,0.647,0.243
65790,-1,15.77782,4.2240105,0.842,0.132,0.2,0.25,0.0,0.0,0.429,0.143,0.4
255289,-1,15.929875,7.1683683,0.717,0.13,0.333,0.0,0.278,0.167,0.0,0.278,0.5
232035,-1,13.478845,8.281734,0.667,0.256,0.333,0.889,0.0,0.5,0.5,0.0,0.111
201329,-1,16.424345,1.1294614,0.875,0.125,0.0,0.0,0.0,0.375,0.0,0.25,0.2
81047,-1,16.294275,5.4319153,0.564,0.41,0.333,0.667,0.2,0.0,0.2,0.0,0.667
198206,-1,12.922464,7.228024,0.756,0.244,0.5,0.167,0.0,0.0,0.0,1.0,0.167
170601,-1,16.617386,6.700398,0.25,0.75,0.87,0.13,0.0,0.0,0.5,0.0,0.348
189553,-1,17.544064,3.1719217,0.821,0.128,0.0,0.0,0.0,0.333,0.0,0.167,0.6
220275,-1,13.242444,9.213276,0.629,0.343,0.4,0.2,0.0,0.25,0.0,0.0,0.2
137916,-1,14.693934,1.025409,0.878,0.098,0.0,0.25,0.333,0.0,0.333,0.0,0.25
113884,-1,15.133396,0.2900063,0.915,0.021,0.0,0.0,0.0,0.0,0.0,0.0,1.0
109040,-1,15.9909935,5.7130127,0.692,0.282,0.545,0.182,0.0,0.667,0.0,0.333,0.455
199904,-1,11.824386,9.63592,0.0,0.974,1.0,0.281,0.5,0.0,0.0,0.056,0.344
129573,-1,12.300392,7.4719114,0.935,0.065,0.0,0.0,0.0,0.0,0.0,1.0,0.0
122184,-1,15.017219,9.028326,0.857,0.119,0.0,0.0,0.0,0.333,0.0,0.0,0.6
222581,-1,12.507952,6.514406,0.373,0.61,0.543,0.857,0.0,0.111,0.778,0.111,0.429
239027,-1,16.195755,5.628161,0.683,0.293,0.273,0.2,0.143,0.0,0.0,0.0,0.273
245554,-1,16.841564,3.3052564,0.881,0.048,0.0,0.0,0.0,0.0,0.0,0.0,0.5
234574,-1,15.003683,5.040254,0.133,0.867,0.282,0.846,0.0,0.0,1.0,0.0,0.718
80626,6,8.7832775,9.78788,0.745,0.255,0.714,0.0,0.0,0.0,0.143,0.429,0.0
276372,6,8.292245,11.316005,0.604,0.34,0.0,0.167,0.194,0.194,0.0,0.389,0.278
39081,-1,13.298823,7.8972383,0.634,0.244,0.444,0.0,0.0,0.333,0.0,0.333,0.111
40085,-1,17.40405,4.1810474,0.733,0.222,0.125,0.0,0.0,0.167,0.0,0.0,0.75
83242,-1,13.411778,3.0300846,0.93,0.047,0.0,0.0,0.444,0.0,0.0,0.0,1.0
122626,-1,11.447621,10.547738,0.812,0.083,1.0,0.0,0.0,0.3,0.0,0.1,0.0
39871,4,16.662382,1.2234635,0.178,0.822,0.941,0.171,0.0,0.4,0.1,0.1,0.2
266937,-1,13.807483,9.882842,0.342,0.605,0.913,0.13,0.0,0.0,0.0,0.222,0.435
101718,-1,11.948018,9.783584,0.036,0.929,1.0,0.08,0.0,0.4,0.2,0.2,0.32
261003,-1,14.651243,9.253295,0.29,0.645,0.867,0.067,0.167,0.333,0.167,0.167,0.267
134261,-1,15.887904,5.0093164,0.837,0.023,0.0,0.0,0.0,0.0,0.0,0.0,0.0
222837,-1,15.282146,2.390493,0.902,0.073,0.0,0.333,0.774,0.0,0.032,0.0,0.667
259617,6,9.89274,10.555686,0.053,0.947,1.0,0.111,0.25,0.062,0.0,0.25,0.389
266965,-1,14.526308,6.9685254,0.787,0.149,0.143,0.143,0.333,0.167,0.167,0.0,0.286
90569,-1,17.498903,4.4035554,0.833,0.083,0.0,0.0,0.25,0.0,0.25,0.25,1.0
43702,-1,9.825636,8.793377,0.776,0.122,0.167,0.167,0.0,0.0,0.0,1.0,0.333
188034,-1,15.461822,6.598458,0.632,0.368,0.154,0.154,0.043,0.174,0.0,0.522,0.231
175345,6,13.233056,5.8609085,0.762,0.19,0.125,0.125,0.217,0.043,0.0,0.087,0.375
257870,-1,12.301503,10.16374,0.034,0.966,1.0,1.0,0.111,0.444,0.111,0.222,0.143
77392,-1,15.171647,9.362148,0.029,0.971,1.0,0.182,0.2,0.0,0.0,0.0,0.235
22754,-1,12.481769,7.1806693,0.822,0.156,0.429,0.714,0.0,0.143,0.286,0.143,0.143
112937,-1,10.476905,8.428532,0.886,0.068,0.333,0.333,0.0,0.0,0.0,0.0,0.333
23158,-1,13.449969,2.5465527,0.884,0.07,0.0,0.0,0.25,0.0,0.0,0.083,1.0
185503,-1,15.437817,2.820532,0.94,0.06,0.0,0.0,0.0,0.0,0.25,0.25,1.0
78924,-1,15.175566,0.8291665,0.75,0.175,0.143,0.0,0.522,0.0,0.087,0.043,0.571
212012,-1,14.200023,6.972941,0.78,0.195,1.0,0.0,0.0,1.0,0.0,0.0,0.0
246388,-1,17.811258,1.8187733,0.911,0.044,0.0,0.0,0.0,0.5,0.0,0.0,0.5
134613,-1,13.568053,3.6205323,0.875,0.125,0.0,0.0,0.0,0.0,0.0,0.0,0.0
250685,-1,14.577002,7.469303,0.35,0.6,0.75,0.583,0.125,0.0,0.125,0.25,0.167
253886,-1,17.106802,2.5473437,0.825,0.075,0.667,0.0,0.526,0.105,0.0,0.053,0.667
195014,-1,14.517836,1.6106259,0.822,0.133,0.0,0.0,0.0,0.0,0.333,0.0,0.5
103795,-1,13.896304,8.835009,0.143,0.857,0.793,0.828,0.0,0.167,0.5,0.083,0.345
80727,-1,9.9054575,8.661194,0.547,0.358,0.842,0.053,0.483,0.069,0.034,0.034,0.105
253914,-1,13.485944,9.543205,0.86,0.1,0.2,0.0,0.0,0.0,0.25,0.25,0.0
27471,-1,11.126934,8.868048,0.513,0.462,0.722,0.056,0.0,0.0,0.0,1.0,0.278
257985,-1,14.056482,3.1071954,0.844,0.133,0.0,0.0,0.5,0.0,0.5,0.0,0.5
269341,-1,15.849531,0.9842803,0.382,0.529,0.562,0.0,0.0,0.333,0.444,0.0,0.75
208259,-1,13.65935,4.7319593,0.913,0.022,0.0,0.0,0.0,0.0,0.0,0.0,0.0
46624,-1,11.946124,9.882904,0.022,0.933,1.0,0.775,0.0,0.2,0.2,0.2,0.35
217017,-1,16.089485,0.5901948,0.872,0.103,0.0,0.25,0.0,0.333,0.333,0.167,0.25
189412,-1,14.885821,2.5484881,0.951,0.0,0.0,0.0,0.0,0.0,0.0,0.0,0.0
119635,-1,17.135283,2.6364033,0.423,0.577,0.333,1.0,0.5,0.0,0.083,0.0,0.667
82458,-1,13.641722,3.104582,0.838,0.162,0.667,0.167,0.0,0.5,0.0,0.25,0.333
122547,-1,14.586453,1.9702314,0.194,0.75,1.0,0.417,0.5,0.0,0.0,0.0,0.583
191455,-1,16.224388,9.106574,0.659,0.244,0.4,0.0,0.0,0.0,0.5,0.0,0.3
95723,-1,15.842201,0.6664032,0.929,0.048,0.0,0.0,0.0,0.0,0.0,0.0,0.0
173899,-1,13.693675,8.677997,0.667,0.282,0.0,0.0,0.143,0.0,0.0,0.0,1.0
88126,-1,13.135029,6.8838253,0.812,0.083,0.0,0.25,0.238,0.19,0.0,0.0,0.5
75610,-1,17.021706,4.8234043,0.9,0.08,0.5,0.0,0.0,0.0,0.0,0.0,0.5
233142,-1,17.009338,0.76964897,0.886,0.114,0.0,0.0,0.0,0.0,1.0,0.0,0.4
106155,-1,16.59581,2.5858376,0.783,0.152,0.143,0.143,0.0,0.25,0.0,0.5,0.714
247331,-1,14.446116,9.384746,0.71,0.29,0.333,0.333,0.0,1.0,0.0,0.0,0.333
264966,6,8.275453,11.053692,0.65,0.325,0.0,0.0,0.0,1.0,0.0,0.0,0.0
139035,-1,15.300164,1.077907,0.868,0.113,0.0,0.0,0.25,0.25,0.0,0.0,0.167
235690,-1,17.617134,5.120441,0.766,0.234,0.125,0.125,0.0,0.0,1.0,0.0,0.125
242921,-1,17.182072,3.8070126,0.81,0.119,0.0,0.2,0.2,0.0,0.0,0.0,0.0
113278,-1,13.876022,2.3305733,0.8,0.125,0.0,0.0,0.0,0.0,0.0,0.0,1.0
66413,-1,14.585874,7.605274,0.167,0.786,0.97,0.758,0.0,0.2,0.4,0.2,0.121
136607,-1,16.037697,3.6546278,0.681,0.319,0.2,0.1,0.0,0.0,0.75,0.0,0.6
137718,-1,14.085201,1.7225227,0.818,0.136,0.0,0.0,0.2,0.15,0.05,0.3,0.833
38617,-1,14.693779,2.7642074,0.977,0.023,0.0,0.0,0.0,0.333,0.0,0.0,1.0
231945,-1,17.276436,5.420828,0.792,0.104,0.0,0.0,0.25,0.5,0.0,0.0,0.4
236372,-1,16.472435,0.0011604531,0.864,0.068,0.333,0.0,0.5,0.0,0.0,0.0,0.333
275717,-1,14.612326,5.874361,0.909,0.023,0.0,0.0,0.0,0.0,0.0,0.333,0.0
162798,-1,16.257595,4.432226,0.605,0.289,0.0,0.273,0.269,0.038,0.0,0.038,0.545
41418,-1,17.406862,5.1647615,0.766,0.17,0.25,0.375,0.0,0.333,0.0,0.333,0.375
243402,-1,14.930053,0.26815015,0.875,0.05,0.0,0.5,0.0,0.667,0.0,0.0,0.5
55670,-1,13.539093,7.2011375,0.535,0.465,1.0,0.0,0.0,0.5,0.0,0.5,0.0
110928,-1,13.638014,8.629258,0.353,0.618,0.571,0.429,0.32,0.0,0.12,0.16,0.667
78147,-1,16.802464,1.665211,0.864,0.091,0.25,0.25,0.0,0.5,0.0,0.0,1.0
153985,-1,10.9543,10.040813,0.86,0.07,0.0,0.0,0.0,1.0,0.0,0.0,0.0
112532,-1,17.264544,1.1141227,0.844,0.111,0.25,0.25,0.143,0.0,0.214,0.0,0.25
217126,-1,10.702744,8.932712,0.85,0.15,0.667,0.5,0.0,1.0,0.0,0.0,0.167
272309,6,10.080863,9.806025,0.533,0.367,0.5,0.5,0.25,0.25,0.0,0.25,0.0
152094,-1,15.207342,5.676413,0.681,0.255,0.333,0.667,0.0,0.0,1.0,0.0,0.917
84851,-1,16.007994,3.8431487,0.5,0.4,0.0,0.125,0.296,0.037,0.0,0.37,0.125
269433,-1,13.453008,8.260762,0.45,0.55,0.857,0.619,0.0,0.25,0.0,0.25,0.048
133036,-1,15.682961,4.5339417,0.932,0.068,0.0,0.0,0.0,0.0,0.571,0.143,0.333
132225,-1,14.252072,4.555864,0.39,0.585,0.333,0.333,0.0,0.0,0.0,0.0,0.667
108935,-1,17.429125,4.453127,0.933,0.067,0.0,0.0,0.0,0.0,0.0,0.0,0.667
40215,-1,15.333514,3.0837767,0.471,0.49,0.0,1.0,0.0,0.5,0.0,0.0,0.0
61951,-1,14.062337,9.319609,0.738,0.238,0.4,0.1,0.316,0.105,0.0,0.0,0.5
57444,-1,17.14438,1.9992833,0.965,0.018,0.0,0.0,0.0,0.333,0.0,0.0,0.0
218042,6,10.837181,9.155988,0.841,0.159,0.0,0.0,0.0,0.0,0.0,0.0,0.0
120851,-1,15.6345415,9.305548,0.408,0.551,0.56,0.8,0.0,0.0,0.0,1.0,0.24
131579,-1,12.355038,6.744298,0.833,0.119,0.0,0.0,0.0,0.0,0.5,0.0,1.0
163957,-1,13.414921,3.678616,0.905,0.071,0.333,0.0,0.0,0.0,0.0,0.0,1.0
250281,-1,16.861788,2.4120173,0.857,0.036,0.0,0.0,0.4,0.0,0.0,0.0,0.0
166194,-1,11.987742,7.9004097,0.212,0.788,0.8,0.36,0.071,0.071,0.143,0.214,0.16
56671,-1,15.053152,3.565172,0.053,0.895,0.97,0.182,0.0,0.333,0.0,0.0,0.242
48787,-1,14.817877,4.0567474,0.34,0.574,0.947,0.368,0.0,0.5,0.25,0.0,0.368
176683,-1,16.395737,-0.3954833,0.821,0.103,0.0,0.0,0.0,0.0,0.5,0.0,0.75
223007,-1,14.934184,1.3685564,0.878,0.073,0.0,0.0,0.0,1.0,0.0,0.0,0.333
119153,-1,15.427614,2.900426,0.757,0.216,0.125,0.0,0.0,0.0,0.25,0.0,0.75
49261,-1,14.021109,7.511073,0.1,0.833,0.842,0.316,0.125,0.25,0.0,0.625,0.632
246011,-1,14.728515,9.209501,0.605,0.395,0.0,0.0,0.0,0.0,1.0,0.0,0.25
28300,-1,12.737569,7.3775764,0.833,0.119,1.0,1.0,0.0,0.0,0.0,0.0,0.0
271107,-1,13.933524,10.000112,0.043,0.935,1.0,0.27,0.167,0.167,0.167,0.083,0.703
198065,-1,17.414997,2.1973782,0.837,0.07,0.0,0.0,1.0,0.0,0.0,0.0,0.333
32348,-1,14.04664,9.568024,0.45,0.525,0.714,0.0,0.0,0.429,0.0,0.429,0.238
166523,-1,13.591276,2.6685686,0.87,0.093,0.0,0.2,0.0,0.0,0.0,0.0,0.4
189855,-1,16.730175,2.416402,0.929,0.071,0.0,0.0,0.0,0.0,0.0,0.0,0.667
83797,-1,14.467341,9.30844,0.0,0.977,1.0,0.875,0.0,0.5,0.0,0.0,0.55
75239,-1,13.621904,8.880101,0.743,0.257,0.0,0.125,0.538,0.0,0.038,0.0,0.25
181402,6,12.515019,6.2489457,0.848,0.13,0.167,0.0,0.0,0.0,0.0,0.0,0.0
74025,-1,16.486967,5.4429936,0.787,0.149,0.143,0.0,0.0,0.25,0.5,0.0,0.571
256446,6,9.793858,10.19096,0.0,0.933,0.962,0.385,0.182,0.091,0.0,0.273,0.154
31117,-1,13.345634,9.362811,0.233,0.767,0.735,0.882,0.0,0.0,0.667,0.167,0.118
260852,-1,11.59677,7.9699087,0.805,0.171,0.0,0.0,0.0,0.333,0.0,0.333,0.0
116414,-1,13.851553,9.839698,0.212,0.758,0.957,0.13,0.0,0.75,0.0,0.25,0.348
175541,6,10.410351,10.726551,0.105,0.895,0.941,0.088,0.0,0.571,0.0,0.286,0.0
9829,-1,16.066187,-0.1645802,0.909,0.023,0.0,0.0,0.0,1.0,0.0,0.0,1.0
48389,0,13.458348,2.0045269,0.841,0.159,0.0,0.0,0.0,0.0,0.0,0.0,0.5
24929,-1,16.243368,5.216773,0.805,0.171,0.0,0.0,0.471,0.0,0.0,0.0,0.0
31245,-1,12.548592,7.045278,0.929,0.024,0.0,0.0,0.0,0.0,0.0,0.0,1.0
145433,-1,10.557875,9.401025,0.679,0.321,0.75,0.125,0.167,0.25,0.0,0.417,0.125
188789,-1,14.736362,3.9020834,0.667,0.311,0.2,0.1,0.029,0.029,0.029,0.029,0.8
58184,6,10.109901,10.7631855,0.406,0.531,0.118,0.0,0.0,0.111,0.0,0.778,0.059
174802,6,8.739716,10.416923,0.833,0.104,0.5,0.0,0.0,0.0,0.0,0.0,0.5
90392,-1,12.940919,9.07137,0.757,0.243,0.5,0.125,0.0,0.0,1.0,0.0,0.5
226797,-1,12.269789,9.246626,0.091,0.909,0.903,0.633,0.0,0.778,0.0,0.222,0.067
226139,-1,15.472218,2.729273,0.522,0.13,0.0,0.0,0.56,0.08,0.0,0.0,0.6
3606,-1,11.406959,8.883617,0.921,0.053,0.0,0.0,0.0,0.286,0.0,0.429,0.0
35426,-1,12.988761,9.290445,0.818,0.136,0.4,0.0,0.25,0.0,0.0,0.25,0.2
95403,-1,16.398062,5.725309,0.805,0.146,0.2,0.0,0.0,0.5,0.125,0.25,0.2
142281,6,9.932842,10.1695595,0.806,0.167,0.5,0.0,0.0,0.5,0.0,0.5,0.0
216436,-1,15.14791,5.6152053,0.833,0.095,0.0,0.0,0.0,0.0,0.0,0.5,0.25
34152,-1,17.111143,4.675255,0.841,0.136,0.0,0.0,0.0,0.909,0.0,0.0,0.5
67638,6,12.882766,5.875624,0.943,0.057,0.0,0.0,0.0,0.0,0.0,0.75,0.0
124828,-1,15.625992,4.9672933,0.733,0.222,0.0,0.0,0.0,0.0,0.733,0.0,0.444
26120,-1,17.644346,4.686552,0.87,0.087,0.0,0.0,0.0,0.0,0.5,0.0,0.5
226675,-1,15.085962,7.3317647,0.696,0.283,0.0,0.0,0.0,0.0,0.0,1.0,0.0
227534,-1,14.818148,9.802121,0.086,0.914,1.0,0.31,0.0,0.0,0.5,0.0,0.379
81465,-1,17.545576,0.8554874,0.955,0.045,0.0,0.0,0.0,0.0,0.0,0.0,0.5
206769,6,9.464365,9.539415,0.653,0.327,1.0,1.0,0.0,0.25,0.0,0.5,0.0
85983,-1,15.424486,0.21495952,0.951,0.049,0.5,0.0,0.471,0.059,0.0,0.0,1.0
4404,-1,14.393927,1.3648542,0.953,0.047,0.0,0.0,0.5,0.0,0.0,0.0,0.0
53049,-1,17.19723,1.3283703,0.478,0.457,0.444,0.111,0.39,0.073,0.049,0.195,0.444
69378,-1,14.551817,9.261627,0.121,0.879,0.857,0.036,0.0,0.0,1.0,0.0,0.714
225134,-1,15.440848,4.1305356,0.286,0.667,0.0,0.0,0.0,0.0,0.0,0.0,0.5
69601,-1,13.189185,7.045186,0.366,0.61,0.92,0.2,0.0,1.0,0.0,0.0,0.24
206477,-1,15.334598,2.5739586,0.826,0.109,0.167,0.0,0.0,0.0,0.2,0.0,0.5
176972,-1,14.831998,5.8118486,0.841,0.114,0.0,0.0,0.0,0.0,0.5,0.5,0.0
205007,-1,15.579312,8.294542,0.829,0.146,0.0,1.0,0.0,0.0,0.0,0.0,0.0
92276,-1,11.941469,7.4060955,0.907,0.023,0.0,0.0,0.0,0.0,0.0,0.0,1.0
281340,-1,12.011262,10.150167,0.064,0.872,0.927,0.732,0.0,0.385,0.077,0.538,0.049
31594,-1,16.595728,7.682985,0.629,0.371,0.3,0.1,0.111,0.111,0.0,0.0,0.5
280172,-1,14.891749,8.570382,0.718,0.231,0.25,0.0,0.0,0.429,0.0,0.286,0.4
53886,-1,13.356984,9.435907,0.034,0.966,1.0,0.63,0.182,0.182,0.0,0.182,0.185
100199,-1,15.697359,8.302529,0.333,0.63,0.824,0.059,0.0,0.333,0.667,0.0,0.294
271322,-1,16.510502,7.0779185,0.442,0.535,0.133,0.067,0.522,0.043,0.043,0.087,0.4
265198,-1,16.967825,7.6276917,0.065,0.871,0.905,0.286,0.542,0.125,0.0,0.208,0.286
293292,6,8.370426,11.203124,0.792,0.17,0.0,0.333,0.0,0.0,0.0,0.5,0.333
73267,-1,11.639284,9.286942,0.897,0.077,0.0,0.333,0.0,0.333,0.0,0.667,0.0
126589,-1,11.969982,7.8339214,0.867,0.067,0.0,0.0,0.0,0.0,0.0,0.0,0.0
34374,-1,17.668852,4.899076,0.854,0.098,0.25,0.0,0.143,0.0,0.0,0.429,1.0
18697,-1,15.540462,7.4880424,0.293,0.683,0.926,0.148,0.0,0.143,0.429,0.286,0.385
130979,-1,12.777912,5.98298,0.022,0.933,1.0,0.725,0.0,0.0,0.0,0.0,0.55
168466,-1,15.714741,1.3901782,0.725,0.216,0.0,0.0,0.0,0.5,0.0,0.0,0.0
233094,-1,13.006532,9.473279,0.0,1.0,1.0,0.176,0.0,0.0,0.0,0.5,0.431
111146,-1,14.886084,1.7843226,0.895,0.105,0.0,0.0,0.0,0.0,0.2,0.0,0.5
59284,-1,14.620737,7.189076,0.909,0.068,0.333,0.0,0.0,0.0,0.0,0.0,0.0
255243,-1,17.848825,1.1243013,0.826,0.109,0.0,0.0,0.0,0.0,0.0,0.0,0.0
237574,-1,16.848034,0.003416777,0.8,0.156,0.167,0.0,0.0,0.0,0.0,0.0,0.333
267882,-1,13.595193,9.996309,0.037,0.889,0.652,0.261,0.105,0.0,0.737,0.0,0.739
16790,-1,15.002437,1.8541311,0.791,0.14,0.333,0.0,0.0,1.0,0.0,0.0,0.667
62917,-1,13.373206,7.427361,0.778,0.222,0.25,0.625,0.0,0.5,0.0,0.0,0.25
78602,6,8.625317,10.997996,0.525,0.45,0.611,0.444,0.0,0.125,0.375,0.25,0.0
164264,-1,14.214853,3.2120538,0.917,0.062,0.0,0.0,0.091,0.0,0.0,0.0,0.333
270129,-1,15.014648,7.4166493,0.535,0.395,0.0,0.0,0.0,0.0,0.0,0.0,0.0
225709,-1,16.948744,2.050656,0.86,0.093,0.333,0.0,0.5,0.5,0.0,0.0,0.333
136238,-1,17.26874,4.24171,0.907,0.07,0.0,0.0,0.0,1.0,0.0,0.0,0.333
31306,-1,16.228806,8.434215,0.341,0.614,0.789,0.263,0.0,0.0,0.5,0.5,0.211
26470,-1,16.953829,2.5207922,0.818,0.136,0.25,0.0,0.0,0.0,0.0,0.0,0.25
264521,6,9.519026,10.917944,0.93,0.0,0.0,0.0,0.0,0.0,0.0,0.0,0.0
14624,-1,15.599987,3.2502127,0.744,0.205,0.0,0.0,0.0,0.0,0.0,0.0,1.0
55716,-1,16.627422,5.2544065,0.694,0.286,0.0,0.0,0.0,0.5,0.0,0.0,0.5
190552,-1,15.123041,6.851254,0.818,0.091,0.25,0.0,0.333,0.0,0.0,0.0,0.25
206557,-1,15.05572,3.1371422,0.667,0.267,0.667,0.167,0.0,0.0,0.5,0.0,0.667
186652,-1,13.289054,5.037319,0.907,0.023,1.0,0.0,0.0,0.5,0.0,0.5,0.0
116013,6,9.715621,10.497998,0.667,0.303,0.2,0.1,0.0,0.0,0.2,0.4,0.0
273101,-1,17.808664,1.5694193,0.632,0.263,0.0,0.0,0.286,0.429,0.0,0.143,0.429
93219,-1,11.418717,9.00429,0.698,0.302,0.167,0.0,0.0,0.5,0.5,0.0,0.167
14705,-1,15.630777,1.2692078,0.791,0.209,0.0,0.0,0.0,1.0,0.0,0.0,1.0
19206,-1,11.958798,8.117364,0.435,0.543,0.72,0.28,0.258,0.194,0.0,0.258,0.16
269277,-1,17.291227,1.6682413,0.891,0.109,0.75,0.0,0.0,0.0,0.0,0.0,0.5
217717,-1,17.978325,4.032093,0.875,0.125,0.0,0.0,0.0,0.0,0.0,0.25,0.333
284661,-1,15.026906,8.72177,0.14,0.86,0.944,0.056,0.5,0.0,0.0,0.0,0.583
84578,3,17.080406,5.283619,0.909,0.068,0.333,0.0,0.0,0.5,0.0,0.5,0.0
256152,-1,16.922005,0.9900398,0.78,0.122,0.2,0.0,0.0,0.0,0.0,0.0,0.4
114018,-1,16.240417,1.01989,0.744,0.128,0.0,0.0,0.167,0.278,0.0,0.167,1.0
163099,6,9.375825,10.508434,0.667,0.31,0.545,0.545,0.0,0.2,0.0,0.8,0.182
103193,-1,15.2049465,5.79734,0.814,0.093,0.25,0.0,0.0,0.0,0.25,0.25,0.5
99503,-1,14.742881,7.36231,0.721,0.279,0.583,0.083,0.2,0.0,0.0,0.6,0.083
267881,-1,15.572387,8.949999,0.794,0.206,0.286,0.0,0.0,0.4,0.4,0.2,0.429
15052,-1,15.144503,3.0846355,0.795,0.091,0.25,0.0,0.0,1.0,0.0,0.0,0.5
291260,-1,14.542235,4.7519135,0.452,0.524,0.667,0.19,0.091,0.0,0.545,0.0,0.714
201033,-1,15.718122,4.169948,0.857,0.119,0.2,0.0,0.278,0.0,0.0,0.0,0.8
229927,-1,17.392574,4.8164296,0.878,0.073,0.0,0.0,0.0,0.0,0.0,0.0,0.333
31210,-1,13.811564,8.0883465,0.889,0.111,0.0,0.667,0.0,0.0,0.0,0.0,0.0
161000,4,15.649049,7.744641,0.772,0.211,0.444,0.0,0.0,0.0,0.333,0.667,0.0
193737,-1,16.935907,8.346789,0.606,0.394,0.0,0.0,0.0,0.0,0.0,1.0,0.5
278931,-1,13.670783,1.512365,0.865,0.108,0.0,0.5,0.0,0.0,1.0,0.0,0.25
33302,-1,14.488563,4.123232,0.0,1.0,1.0,0.909,0.0,0.167,0.5,0.0,0.667
100886,-1,15.233352,7.967375,0.556,0.422,0.556,0.556,0.0,0.0,0.0,0.0,0.333
12451,-1,13.48511,2.5452957,0.82,0.08,0.0,0.0,0.077,0.231,0.077,0.0,1.0
13909,-1,15.822825,0.84732914,0.943,0.057,0.333,0.0,0.0,0.5,0.0,0.5,0.333
82543,-1,13.368588,3.2230682,0.638,0.277,0.538,0.462,0.0,0.286,0.0,0.143,0.538
259437,-1,15.800415,1.0758969,0.273,0.727,0.967,0.067,0.5,0.3,0.0,0.1,0.667
246652,-1,12.366934,9.877867,0.229,0.743,0.88,0.08,0.0,0.0,0.5,0.0,0.04
139004,-1,16.606258,-0.19266017,0.889,0.089,0.25,0.25,0.333,0.0,0.0,0.0,1.0
207546,-1,11.362632,9.586614,0.898,0.082,0.0,0.0,0.0,0.0,0.0,0.0,0.0
132194,-1,17.647707,3.4649312,0.911,0.067,0.0,0.0,0.0,0.0,0.0,0.0,1.0
80049,-1,15.9833555,1.2052276,0.698,0.279,0.0,0.0,0.0,0.0,0.0,1.0,0.0
32705,-1,15.67678,5.3103714,0.848,0.109,0.0,0.2,0.143,0.071,0.0,0.0,0.4
18838,-1,16.030321,2.5052958,0.795,0.114,0.0,0.0,0.167,0.0,0.083,0.0,0.4
64952,-1,13.997043,8.267668,0.256,0.667,0.52,0.84,0.0,0.0,1.0,0.0,0.2
239368,-1,14.841429,7.2913566,0.541,0.405,0.2,0.1,0.4,0.0,0.0,0.0,0.3
264952,6,10.597407,8.830619,0.857,0.119,0.5,0.5,0.0,0.0,0.0,0.0,0.0
154294,-1,13.54689,1.5213373,0.844,0.094,0.0,0.0,0.0,0.0,0.0,0.0,1.0
17452,-1,17.515205,0.77909374,0.913,0.022,0.0,1.0,0.125,0.0,0.0,0.0,0.0
121169,-1,12.068832,8.2307,0.907,0.093,0.333,0.0,0.0,0.5,0.0,0.0,0.333
243817,-1,14.291009,3.4366527,0.782,0.182,0.222,0.0,0.0,0.167,0.5,0.0,0.556
276731,-1,14.498751,6.412024,0.867,0.022,0.0,0.0,0.0,1.0,0.0,0.0,0.0
208967,-1,17.278019,0.10879831,0.913,0.022,0.0,0.0,0.0,0.25,0.0,0.0,0.0
30131,-1,16.0742,3.4516675,0.826,0.174,0.0,0.0,0.333,0.0,0.0,0.333,1.0
222989,6,8.497557,11.274626,0.714,0.286,0.182,0.0,0.0,0.174,0.043,0.652,0.167
95031,-1,12.70691,6.5566607,0.857,0.095,0.25,0.0,0.583,0.042,0.0,0.0,0.75
109679,6,9.124185,10.137168,0.771,0.229,0.143,0.429,0.0,0.0,0.0,0.5,0.143
189264,-1,13.028075,10.054033,0.674,0.217,0.4,0.2,0.0,0.0,0.0,0.667,0.1
194060,-1,14.479766,0.7737511,0.789,0.079,0.0,0.0,0.167,0.0,0.167,0.0,1.0
178633,-1,16.07878,1.8887475,0.844,0.133,0.0,0.2,0.0,0.2,0.4,0.0,0.6
245836,6,8.080029,11.304218,0.841,0.091,0.5,0.25,0.0,0.125,0.125,0.5,0.25
177286,-1,12.852024,7.788605,0.606,0.333,0.4,0.4,0.0,0.0,1.0,0.0,0.4
280964,-1,14.8819685,2.316822,0.868,0.105,0.0,0.0,0.0,0.0,0.0,0.0,0.25
60175,-1,14.750635,5.659267,0.822,0.089,0.0,0.0,0.0,0.0,1.0,0.0,0.667
120492,-1,13.289074,3.5991483,0.532,0.447,0.0,0.5,0.0,0.0,0.333,0.0,0.5
96912,-1,17.067453,5.4564943,0.767,0.14,0.0,0.0,0.0,0.0,0.0,0.0,0.667
69031,-1,14.648101,2.0031226,0.8,0.156,0.0,0.0,0.059,0.294,0.0,0.471,0.857
38257,-1,15.905895,3.1573825,0.705,0.213,0.0,0.091,0.212,0.061,0.0,0.182,0.545
192543,-1,14.867297,5.925608,0.933,0.067,0.0,0.0,0.5,0.0,0.0,0.0,0.0
212182,-1,15.570728,2.38888,0.805,0.098,0.0,0.0,0.312,0.0,0.125,0.0,0.25
283128,-1,14.831972,7.445721,0.156,0.844,1.0,0.054,0.0,0.143,0.071,0.0,0.378
257310,-1,16.721224,7.573437,0.258,0.613,1.0,0.0,0.0,0.125,0.0,0.0,0.125
181814,6,8.779766,9.817233,0.75,0.227,0.4,0.0,0.0,0.5,0.0,0.375,0.1
219476,-1,17.723457,4.9838533,0.78,0.146,0.0,0.2,0.0,0.0,1.0,0.0,0.6
45344,-1,12.344918,7.17214,0.825,0.111,0.0,0.0,0.0,0.5,0.0,0.0,0.571
285435,-1,15.478167,4.3323855,0.855,0.097,0.2,0.0,0.0,1.0,0.0,0.0,0.4
262279,-1,13.286341,9.160448,0.821,0.154,0.2,0.0,0.08,0.48,0.0,0.28,0.0
194277,1,16.33808,4.0683885,0.571,0.371,0.385,0.154,0.0,0.0,0.8,0.0,0.615
50644,-1,15.141622,1.2451844,0.844,0.067,0.0,0.0,0.0,0.0,0.0,0.0,0.667
154275,6,12.546844,6.3906507,0.9,0.075,0.0,0.0,0.0,0.167,0.0,0.0,0.0
120184,-1,16.763332,2.661784,0.81,0.167,0.143,0.143,0.423,0.077,0.0,0.077,0.714
159401,-1,12.918793,10.275989,0.03,0.939,1.0,0.097,0.0,0.0,0.0,0.0,0.742
185399,-1,17.496464,4.133655,0.84,0.08,0.333,0.0,0.0,0.0,0.0,0.5,0.333
204792,-1,15.952168,5.0038633,0.865,0.108,0.0,0.0,0.667,0.167,0.0,0.167,0.0
98842,-1,10.978736,10.205737,0.651,0.279,0.167,0.0,0.0,0.231,0.0,0.231,0.25
191476,-1,15.35098,2.2523487,0.913,0.087,0.0,0.0,0.0,0.0,1.0,0.0,0.75
230211,-1,17.698982,4.9716196,0.833,0.125,0.0,0.0,0.429,0.143,0.0,0.0,0.333
12501,-1,16.530304,1.6587355,0.809,0.128,0.0,0.0,0.0,0.0,0.0,0.0,1.0
240717,-1,13.449396,8.24005,0.143,0.857,0.931,0.138,0.0,0.333,0.333,0.333,0.0
260476,6,9.382754,10.753305,0.789,0.105,0.0,0.0,0.2,0.2,0.0,0.2,0.0
174169,-1,15.311514,7.8181205,0.556,0.444,0.417,0.5,0.0,0.5,0.0,0.0,0.333
23841,-1,15.232581,2.5671015,0.927,0.049,0.0,0.0,0.6,0.0,0.0,0.0,1.0
208647,-1,16.168547,0.9151572,0.884,0.07,0.0,0.0,0.0,0.0,0.0,0.0,1.0
232226,-1,15.956515,3.3313355,0.955,0.0,0.0,0.0,0.375,0.0,0.0,0.0,0.0
274507,-1,16.366423,8.32103,0.366,0.61,0.75,0.542,0.0,0.111,0.222,0.444,0.333
191925,-1,14.589561,1.9652352,0.732,0.195,0.143,0.0,0.0,0.0,0.8,0.2,0.714
110109,-1,15.538357,2.2365294,0.735,0.102,0.0,0.0,0.0,0.0,0.0,0.0,0.6
143636,6,17.479773,1.4524292,0.791,0.14,0.333,0.167,0.2,0.0,0.0,0.0,0.5
255199,-1,10.823634,9.956062,0.784,0.162,0.25,0.25,0.5,0.5,0.0,0.0,0.25
46030,-1,13.510265,7.89112,0.8,0.125,0.2,0.0,0.0,0.889,0.0,0.0,0.2
185675,-1,15.221905,9.138461,0.062,0.917,0.872,0.769,0.2,0.0,0.2,0.0,0.333
112477,-1,13.50907,2.097458,0.829,0.122,0.0,0.0,0.0,0.0,0.0,0.0,0.8
86754,4,17.10718,7.7319455,0.86,0.14,0.0,0.0,0.0,0.0,0.0,0.0,0.0
226103,-1,12.147527,10.234084,0.0,1.0,1.0,0.222,0.182,0.636,0.0,0.0,0.083
232950,-1,12.162439,10.461373,0.079,0.895,0.969,0.485,0.0,0.0,0.0,0.0,0.0
264639,6,10.12423,10.678136,0.514,0.371,0.385,0.308,0.0,0.0,0.143,0.714,0.0
163611,-1,13.6317,10.142342,0.609,0.37,0.125,0.0,0.0,0.0,0.429,0.0,0.625
293723,-1,14.470061,4.1770916,0.902,0.078,0.0,0.25,0.5,0.0,0.25,0.0,0.25
76825,-1,15.424566,2.6791015,0.275,0.039,0.0,0.0,0.0,0.0,0.0,0.0,1.0
221600,-1,16.971022,5.337719,0.787,0.085,0.0,0.0,0.0,0.0,0.0,0.0,0.5
115064,-1,12.252205,10.202128,0.326,0.674,0.839,0.065,0.0,0.0,0.0,0.0,0.129
130536,-1,14.851389,3.618092,0.932,0.045,0.0,0.0,0.0,0.0,1.0,0.0,1.0
747,-1,15.17525,4.938469,0.829,0.122,0.0,0.0,0.25,0.25,0.0,0.0,0.6
116454,-1,14.756899,5.285442,0.059,0.853,0.964,0.75,0.0,0.0,1.0,0.0,0.536
218616,-1,14.520107,1.1837795,0.905,0.048,0.0,0.0,0.0,0.0,0.0,0.0,0.0
180496,-1,15.270205,3.4003391,0.857,0.095,0.0,0.25,0.0,0.0,0.0,0.0,1.0
80475,-1,17.692682,3.2514744,0.359,0.641,0.435,0.826,0.0,0.077,0.923,0.0,0.667
232015,-1,14.716046,2.0481176,0.68,0.26,0.0,0.5,0.0,0.0,0.25,0.0,1.0
269221,-1,14.09512,9.159016,0.184,0.816,0.633,0.267,0.125,0.25,0.0,0.5,0.233
214657,-1,14.718169,4.8124337,0.276,0.69,0.684,0.105,0.0,0.0,1.0,0.0,0.158
219080,6,10.5078945,10.506804,0.243,0.757,0.75,0.071,0.0,0.389,0.0,0.5,0.107
135588,-1,15.717731,2.242167,0.167,0.833,0.152,0.0,0.088,0.029,0.647,0.029,0.788
257138,6,8.779106,10.585182,0.787,0.213,0.5,0.25,0.0,0.2,0.2,0.2,0.0
96249,6,9.780942,9.232877,0.696,0.304,0.0,0.0,0.0,0.0,0.0,0.0,0.0
121405,-1,16.320938,4.538874,0.957,0.022,0.0,0.0,0.0,0.0,0.0,0.0,1.0
58291,-1,17.050085,0.73520684,0.818,0.136,0.2,0.2,0.531,0.0,0.031,0.062,0.4
49209,6,10.186748,10.344142,0.222,0.778,0.75,0.071,0.0,0.211,0.105,0.316,0.0
205890,-1,16.046982,7.8126287,0.4,0.556,0.773,0.091,0.0,0.375,0.062,0.438,0.091
61306,-1,14.725156,4.2203784,0.894,0.043,0.0,0.0,0.0,0.0,0.0,1.0,0.5
3246,-1,10.112722,9.060343,0.611,0.389,0.857,0.071,0.5,0.0,0.0,0.0,0.143
186146,-1,16.287073,8.516067,0.625,0.292,0.385,0.308,0.333,0.333,0.167,0.0,0.154
152153,-1,15.063764,1.4941062,0.417,0.562,0.36,0.0,0.0,0.474,0.474,0.0,0.6
116967,-1,14.801609,8.434518,0.133,0.833,0.958,0.042,0.143,0.286,0.429,0.143,0.667
167702,-1,12.650535,10.2958145,0.026,0.974,0.921,0.105,0.0,0.5,0.0,0.0,0.395
126834,-1,16.238127,1.3162286,0.795,0.179,0.2,0.2,0.0,0.0,0.0,0.0,0.4
12597,-1,17.440878,4.5813026,0.911,0.089,0.0,0.0,0.0,0.167,0.167,0.0,0.5
11554,-1,15.172838,2.5912771,0.0,0.979,1.0,0.217,0.2,0.2,0.0,0.4,0.565
26456,-1,16.971966,7.6548767,0.707,0.293,0.4,0.0,0.333,0.333,0.333,0.0,0.6
210491,6,8.097495,11.196847,0.907,0.047,0.0,0.0,0.0,0.25,0.0,0.75,0.0
98048,6,9.92019,10.682637,0.571,0.429,0.714,0.0,0.143,0.0,0.0,0.286,0.0
35808,6,10.901006,9.782967,0.444,0.528,0.444,0.0,0.1,0.0,0.0,0.3,0.056
125379,-1,15.140171,1.6646056,0.837,0.102,0.0,0.2,0.143,0.0,0.0,0.0,0.8
92917,-1,15.168839,0.17177303,0.86,0.093,0.0,0.0,0.5,0.0,0.0,0.0,1.0
186294,-1,14.924584,7.9166775,0.122,0.857,0.909,0.879,0.25,0.0,0.05,0.05,0.121
231590,-1,15.135857,6.0523267,0.816,0.158,0.333,0.333,0.0,0.333,0.0,0.0,0.833
64835,-1,14.970953,9.58849,0.654,0.308,0.25,0.0,0.0,0.167,0.833,0.0,0.5
268647,6,9.02392,10.612147,0.756,0.222,0.3,0.1,0.3,0.1,0.0,0.4,0.1
84969,-1,16.363514,6.7992744,0.429,0.548,1.0,0.0,0.25,0.0,0.25,0.25,1.0
152352,-1,15.432475,4.29609,0.756,0.22,0.0,0.75,0.0,0.0,0.0,0.0,0.75
37117,-1,17.762825,0.98736995,0.86,0.093,0.0,0.25,0.0,0.0,0.0,0.0,0.5
243902,-1,17.62332,3.5978794,0.739,0.239,0.0,0.0,0.0,0.5,0.0,0.0,1.0
93399,-1,17.981281,1.2467097,0.68,0.22,0.0,0.0,0.385,0.077,0.0,0.0,0.636
30569,-1,16.731094,5.214548,0.881,0.068,0.0,0.0,0.0,0.0,0.5,0.0,0.5
226798,-1,14.588754,2.1034565,0.841,0.136,0.0,0.0,0.0,0.0,0.0,0.0,0.0
125431,-1,11.777616,8.914396,0.684,0.237,0.667,0.0,0.0,0.0,0.5,0.0,0.111
260203,-1,11.23688,9.699771,0.065,0.935,0.966,0.034,0.0,0.5,0.0,0.0,0.241
182421,6,9.937258,10.160994,0.35,0.575,0.667,0.095,0.0,0.5,0.0,0.417,0.095
168492,-1,12.997647,7.1479044,0.933,0.067,0.0,0.0,0.0,0.0,0.0,0.0,0.5
113792,-1,17.552845,2.272564,0.528,0.472,0.562,0.25,0.0,0.0,1.0,0.0,0.688
51930,6,11.799986,8.805816,0.889,0.083,0.0,0.0,0.0,0.182,0.0,0.818,0.0
207838,-1,14.438843,8.655979,0.762,0.238,0.2,0.2,0.111,0.444,0.0,0.444,0.6
219533,-1,16.686989,1.5343351,0.818,0.068,0.0,0.0,0.524,0.0,0.0,0.0,0.667
86672,-1,14.973712,1.994633,0.833,0.125,0.0,0.167,0.0,0.0,0.0,0.0,0.5
290749,6,9.0614805,10.826835,0.488,0.442,0.105,0.105,0.447,0.026,0.0,0.395,0.0
142581,-1,15.015495,6.8972316,0.86,0.047,0.0,0.0,0.0,0.0,0.0,0.0,0.5
13128,-1,15.33625,9.43089,0.565,0.348,0.375,0.0,0.125,0.0,0.125,0.0,0.438
270544,-1,15.300366,3.2063522,0.88,0.06,0.0,0.0,0.0,0.25,0.5,0.0,1.0
118913,-1,15.869903,5.046335,0.843,0.118,0.0,0.167,0.0,0.5,0.0,0.0,0.667
64412,-1,14.551258,6.0557666,0.86,0.023,0.0,0.0,0.143,0.0,0.0,0.0,0.0
136356,-1,13.6208515,1.5343686,0.829,0.057,0.0,0.0,0.0,0.0,0.0,0.0,0.5
195733,-1,13.072171,5.8467107,0.8,0.156,0.0,0.0,0.25,0.0,0.0,0.083,0.0
94378,-1,14.391874,3.453076,0.625,0.312,0.0,1.0,0.25,0.0,0.0,0.0,0.0
41011,-1,12.000923,7.440478,0.78,0.049,0.0,0.0,0.0,0.25,0.0,0.125,0.0
195170,-1,15.515997,3.1697795,0.833,0.143,0.0,0.167,0.0,0.667,0.0,0.0,0.667
87687,6,10.579519,9.1098795,0.659,0.341,0.4,0.067,0.0,0.0,0.5,0.167,0.0
185467,-1,12.24713,7.4206557,0.711,0.267,0.167,0.5,0.0,0.167,0.333,0.167,0.25
154210,-1,15.114563,3.7166233,0.5,0.5,0.667,0.19,0.174,0.087,0.0,0.13,0.286
160839,-1,16.144451,4.4777727,0.857,0.048,0.5,0.0,0.0,0.0,0.0,1.0,0.0
283527,-1,16.376654,0.027128711,0.875,0.062,0.0,0.0,0.5,0.0,0.0,0.0,1.0
68165,-1,17.17986,7.844549,0.641,0.308,0.5,0.5,0.0,0.0,0.0,0.0,0.5
168607,-1,12.210569,7.9787946,0.5,0.406,0.692,0.077,0.0,0.333,0.083,0.167,0.692
216027,-1,10.4218445,10.230329,0.711,0.184,0.286,0.0,0.0,0.0,0.667,0.0,0.0
100763,-1,17.498835,2.050921,0.907,0.07,0.0,0.0,0.0,0.0,0.0,0.0,0.333
62567,-1,15.177372,8.683022,0.0,0.967,0.966,0.241,0.0,0.4,0.0,0.4,0.379
12380,6,12.498171,8.059506,0.294,0.706,0.905,0.095,0.2,0.0,0.0,0.6,0.048
269779,6,9.177902,11.341296,0.708,0.25,0.0,0.0,0.2,0.0,0.0,0.6,0.0
161994,-1,16.39028,2.206083,0.854,0.073,0.333,0.0,0.273,0.0,0.0,0.091,1.0
107071,-1,13.489893,5.0116296,0.881,0.119,0.0,0.0,0.0,0.0,0.0,1.0,0.333
226760,-1,17.065632,3.015785,0.897,0.051,0.5,0.0,0.0,0.0,0.333,0.0,0.0
102255,-1,16.777563,8.357583,0.244,0.733,0.909,0.364,0.0,0.0,0.0,0.333,0.636
109459,-1,14.418748,7.364891,0.355,0.613,0.421,0.0,0.043,0.391,0.0,0.348,0.316
68317,-1,14.995584,4.506085,0.732,0.244,0.5,0.25,0.679,0.0,0.0,0.0,0.75
205312,-1,13.174986,9.324415,0.818,0.114,0.2,0.0,0.0,0.5,0.0,0.5,0.6
124114,5,17.238356,-0.0032976954,0.778,0.111,0.0,0.2,0.158,0.421,0.0,0.0,0.6
169800,-1,13.985349,3.1252449,0.848,0.13,0.333,0.167,0.0,0.0,0.0,0.25,0.5
249415,-1,17.272543,7.2199883,0.594,0.281,0.0,0.0,0.222,0.111,0.111,0.111,0.4
111896,-1,17.19394,2.9962654,0.837,0.14,0.0,0.0,0.0,0.0,0.0,0.0,0.6
210981,-1,12.610854,6.9790583,0.864,0.114,0.0,1.0,0.0,0.0,0.0,0.0,0.0
74677,-1,17.579895,3.5400145,0.783,0.217,0.125,0.0,0.333,0.167,0.0,0.083,0.875
75418,-1,17.348082,1.9984581,0.905,0.071,0.333,0.0,0.0,0.0,0.5,0.5,0.333
79281,6,13.734534,5.426352,0.523,0.455,0.7,0.05,0.0,0.1,0.2,0.4,0.2
259567,-1,14.951024,2.861935,0.294,0.676,0.909,0.217,0.0,0.2,0.2,0.4,0.364
181035,-1,11.068802,8.219372,0.583,0.333,0.818,0.182,0.125,0.25,0.125,0.125,0.364
235694,-1,15.260605,1.9475449,0.83,0.106,0.0,0.0,0.545,0.091,0.0,0.0,0.25
142838,4,16.836803,7.7902117,0.304,0.674,0.333,0.333,0.421,0.053,0.0,0.237,0.0
54317,-1,9.769202,8.802077,0.805,0.146,0.333,0.0,0.0,0.5,0.0,0.5,0.167
109131,-1,14.195452,1.0558927,0.857,0.102,0.0,0.2,0.0,0.0,0.0,0.0,1.0
96189,-1,15.552333,9.204892,0.244,0.756,0.4,0.033,0.0,0.0,0.913,0.0,0.3
84829,1,16.490232,3.7362857,0.938,0.021,0.0,0.0,0.0,0.0,0.0,0.0,0.0
28444,-1,17.33275,3.9035494,0.756,0.244,0.0,0.0,0.0,0.0,0.0,0.0,0.0
51976,-1,14.37909,1.1631979,0.851,0.106,0.0,0.0,0.0,0.0,0.0,0.0,0.6
238227,-1,17.844389,4.5260983,0.837,0.093,0.0,0.0,0.0,0.0,0.0,0.0,0.5
151560,-1,14.690887,2.3370242,0.526,0.421,0.0,0.833,0.0,0.0,0.0,0.0,0.667
15940,-1,15.833359,5.6371393,0.814,0.163,0.0,0.333,0.0,0.0,1.0,0.0,0.0
254898,-1,14.398627,9.049629,0.054,0.946,1.0,0.182,0.0,0.375,0.0,0.5,0.576
83897,-1,15.100512,0.2765337,0.85,0.075,0.0,0.0,0.0,0.0,0.0,0.0,0.667
59375,6,10.250782,9.739639,0.773,0.114,0.2,0.0,0.0,0.25,0.0,0.0,0.0
136494,-1,17.905638,3.0581586,0.905,0.071,0.333,0.333,0.0,0.167,0.167,0.0,0.667
210828,-1,14.801857,3.1938334,0.674,0.326,0.0,1.0,0.0,1.0,0.0,0.0,0.0
89310,-1,16.584034,-0.4607066,0.795,0.159,0.0,0.0,0.0,0.0,0.0,0.0,0.714
248706,6,9.240862,11.475664,0.091,0.818,0.743,0.429,0.0,0.36,0.0,0.56,0.0
84140,-1,14.876102,6.21906,0.955,0.045,0.0,0.0,0.0,0.25,0.0,0.0,1.0
158793,-1,16.204185,8.431908,0.791,0.163,0.0,0.0,0.0,0.143,0.143,0.0,0.4
151906,-1,15.608265,6.885687,0.075,0.925,1.0,0.639,0.333,0.0,0.167,0.167,0.5
272769,-1,11.717911,9.528662,0.884,0.07,0.0,0.0,0.0,0.0,0.0,0.333,0.0
121983,-1,15.577304,4.9494905,0.878,0.049,0.0,0.0,0.0,0.0,0.0,0.0,0.5
101421,-1,16.063583,3.4600463,0.721,0.186,0.125,0.125,0.364,0.0,0.0,0.0,0.625
126948,-1,14.046279,9.41411,0.297,0.622,0.652,0.043,0.0,0.417,0.0,0.417,0.13
144811,-1,17.085537,7.9614205,0.531,0.438,0.0,0.0,0.0,0.25,0.25,0.0,0.0
1758,4,16.703812,7.2868066,0.667,0.222,0.25,0.125,0.0,0.2,0.4,0.2,0.25
60747,-1,16.229984,0.83941203,0.816,0.184,0.0,0.0,0.0,0.167,0.167,0.0,0.0
252082,6,10.619878,9.442572,0.688,0.292,0.222,0.0,0.0,0.5,0.0,0.333,0.0
156847,-1,13.890396,8.37305,0.558,0.395,0.5,0.0,0.0,0.167,0.583,0.25,0.188
153997,-1,15.392301,3.692247,0.907,0.07,0.0,0.0,0.208,0.0,0.0,0.0,0.333
208400,-1,16.356358,4.5041175,0.881,0.048,0.0,0.0,0.0,0.0,0.0,0.0,0.0
285843,-1,16.537464,0.8546355,0.735,0.163,0.125,0.0,0.125,0.062,0.0,0.0,0.75
288547,-1,16.638187,-0.1935558,0.818,0.114,0.2,0.0,0.0,0.0,0.0,1.0,0.8
256407,-1,16.938152,7.098965,0.667,0.282,0.0,0.0,0.435,0.087,0.043,0.261,0.0
190500,-1,14.007446,9.244838,0.086,0.914,0.742,0.065,0.0,0.0,0.692,0.077,0.742
192639,6,8.272752,10.467873,0.524,0.429,0.25,0.375,0.0,0.174,0.043,0.696,0.438
177180,-1,14.891105,3.8419743,0.868,0.105,0.25,0.5,0.0,0.0,0.0,0.333,0.0
184455,-1,13.718355,8.519847,0.489,0.511,0.0,0.0,0.0,0.0,0.0,0.0,0.0
26260,-1,16.692394,8.220852,0.714,0.286,0.6,0.1,0.0,0.333,0.333,0.333,0.3
223574,-1,17.33489,3.016957,0.892,0.054,0.0,0.0,0.5,0.0,0.0,0.0,0.0
143203,-1,15.780339,2.687654,0.909,0.091,0.0,0.0,0.0,0.0,0.0,0.5,0.667
230360,-1,13.270405,5.2524447,0.829,0.146,0.25,0.0,0.0,0.0,1.0,0.0,0.0
155060,-1,13.310572,8.739538,0.787,0.128,0.0,0.0,0.0,0.0,0.0,0.0,0.0
77180,-1,15.547754,8.002609,0.795,0.182,0.125,0.5,0.0,0.5,0.0,0.333,0.5
265257,-1,14.433162,7.980583,0.367,0.6,0.917,0.333,0.25,0.25,0.0,0.25,0.5
31336,-1,12.838653,7.678659,0.667,0.333,0.182,0.0,0.0,0.0,0.9,0.0,0.636
231165,-1,14.422954,2.9957829,0.857,0.095,0.0,0.0,0.5,0.0,0.0,0.5,1.0
77236,-1,14.677986,3.1881688,0.646,0.271,0.0,0.077,0.208,0.042,0.0,0.083,0.462
25926,-1,15.961663,0.5591026,0.867,0.089,0.0,0.0,0.0,0.0,0.0,0.0,0.5
216090,-1,16.691242,0.49325934,0.925,0.05,0.0,0.0,0.0,0.333,0.0,0.0,1.0
153617,-1,15.515378,6.6576242,0.854,0.122,0.0,0.25,0.0,0.308,0.077,0.0,0.5
211375,-1,13.392036,8.05976,0.718,0.231,1.0,0.0,0.0,0.0,0.0,0.0,0.0
244281,-1,16.661543,5.24643,0.553,0.421,0.188,0.062,0.0,0.0,1.0,0.0,0.875
62452,-1,18.021746,4.051068,0.842,0.158,0.0,0.333,0.0,0.0,0.0,0.0,1.0
68294,-1,11.632885,8.845665,0.093,0.884,1.0,0.167,0.0,0.333,0.333,0.333,0.194
224930,-1,15.668732,1.8029249,0.842,0.123,0.286,0.143,0.0,0.0,1.0,0.0,0.0
64660,-1,14.472124,2.5490534,0.8,0.2,0.5,0.333,0.0,0.5,0.0,0.5,0.5
264804,-1,17.634085,2.049935,0.881,0.095,0.0,0.0,0.75,0.0,0.25,0.0,0.5
263539,-1,10.997529,9.956032,0.059,0.941,0.933,0.6,0.0,0.211,0.158,0.474,0.2
96547,-1,15.65356,5.7796464,0.849,0.132,0.0,0.0,0.0,0.5,0.0,0.0,0.429
243491,-1,17.643305,4.4195776,0.78,0.146,0.333,0.667,0.2,0.1,0.0,0.1,1.0
130306,-1,15.120881,1.9571223,0.86,0.093,0.0,0.0,0.0,0.25,0.0,0.0,0.75
141641,-1,14.759119,4.193074,0.738,0.19,0.0,0.143,0.143,0.143,0.143,0.0,0.571
90989,-1,17.285767,4.282567,0.957,0.043,0.0,0.0,0.0,0.0,0.0,0.0,1.0
74629,-1,16.122438,1.4412507,0.809,0.17,0.5,0.125,0.0,0.0,0.0,0.0,0.875
216823,-1,17.503283,4.248169,0.891,0.087,0.25,0.0,0.25,0.25,0.25,0.0,1.0
32917,-1,14.774767,8.5162,0.872,0.085,0.0,0.0,0.2,0.0,0.0,0.2,0.0
110371,-1,17.491774,2.2637553,0.875,0.042,0.0,0.0,0.0,0.0,0.0,0.0,1.0
34897,-1,13.792512,8.649907,0.721,0.163,0.333,0.667,0.0,0.0,0.5,0.5,0.333
179977,-1,17.51974,3.099001,0.843,0.098,0.2,0.0,0.143,0.0,0.0,0.429,0.6
140962,-1,13.3485155,4.1088247,0.787,0.106,0.2,0.0,0.0,0.0,0.5,0.5,0.8
140600,-1,13.59248,7.818106,0.673,0.25,0.5,0.0,0.0,0.0,0.0,0.0,0.333
109318,-1,15.652305,9.042711,0.265,0.735,0.88,0.8,0.0,0.0,0.0,1.0,0.2
42011,-1,16.234913,0.8034449,0.841,0.136,0.0,0.333,0.091,0.636,0.0,0.0,0.333
88671,-1,16.313261,7.581364,0.354,0.625,0.333,0.056,0.0,0.0,0.765,0.0,0.5
1410,-1,13.864622,7.541004,0.55,0.45,0.812,0.188,0.143,0.143,0.429,0.0,0.438
248125,-1,14.427683,7.7853446,0.629,0.257,0.571,0.143,0.333,0.0,0.333,0.333,0.143
106246,-1,15.879568,3.1939144,0.886,0.068,0.0,0.333,0.4,0.0,0.0,0.0,0.0
85235,-1,12.62104,8.412649,0.229,0.543,0.062,0.25,0.259,0.222,0.0,0.333,0.188
210495,6,9.052663,10.765252,0.118,0.853,0.966,0.241,0.0,0.25,0.0,0.5,0.034
13191,-1,10.62733,8.490783,0.951,0.024,0.0,0.0,0.0,0.0,0.0,0.0,0.0
160730,-1,15.08672,0.6296459,0.922,0.059,0.0,0.0,0.0,0.0,0.0,0.0,1.0
94316,-1,11.4876375,9.947752,0.125,0.875,0.846,0.038,0.0,0.385,0.0,0.308,0.231
69926,-1,12.223535,10.102362,0.236,0.745,0.561,0.098,0.026,0.211,0.105,0.5,0.561
150809,-1,12.217514,10.0553875,0.5,0.5,0.7,0.15,0.0,0.25,0.0,0.75,0.1
136959,-1,13.118218,4.741537,0.171,0.805,0.912,0.667,0.0,0.2,0.2,0.2,0.5
152353,-1,10.499917,9.936504,0.745,0.213,0.111,0.333,0.0,0.222,0.0,0.333,0.0
285038,-1,17.799255,4.272065,0.807,0.14,0.0,0.0,0.455,0.0,0.0,0.0,0.625
244016,-1,13.394295,3.581078,0.9,0.1,1.0,0.0,0.0,1.0,0.0,0.0,0.5
114431,-1,14.333648,4.122492,0.091,0.886,0.947,0.158,0.4,0.2,0.0,0.4,0.342
81389,-1,12.455166,7.0694447,0.425,0.55,0.619,0.429,0.0,0.0,1.0,0.0,0.667
172135,-1,15.530162,9.367278,0.152,0.804,0.703,0.081,0.226,0.032,0.355,0.065,0.784
196595,-1,13.254214,5.019266,0.878,0.082,0.0,0.0,0.25,0.167,0.0,0.25,1.0
226892,-1,13.094391,7.9828086,0.179,0.821,0.893,0.857,0.12,0.2,0.0,0.28,0.286
276952,-1,12.394259,10.118869,0.122,0.878,1.0,0.559,0.0,0.4,0.0,0.0,0.029
3704,-1,16.213364,3.2037032,0.837,0.093,0.25,0.25,0.125,0.125,0.0,0.5,0.75
70929,-1,13.833295,2.685417,0.73,0.27,0.333,0.667,0.0,0.0,0.0,0.0,0.556
241582,-1,14.269866,3.3084602,0.019,0.981,0.961,0.922,0.059,0.412,0.059,0.176,0.686
168443,-1,13.433478,8.071636,0.769,0.154,0.2,0.4,0.2,0.0,0.05,0.05,0.2
254152,-1,15.989329,7.3160987,0.826,0.152,0.333,0.0,0.0,0.0,0.0,0.0,0.333
66808,-1,14.309089,5.8318505,0.857,0.095,0.0,0.0,0.0,0.0,0.0,0.0,0.333
174292,-1,14.260108,4.969513,0.778,0.133,0.0,0.2,0.0,0.75,0.0,0.0,0.8
23287,-1,14.1716585,4.1972213,0.81,0.167,0.429,0.0,0.25,0.25,0.0,0.0,0.286
94895,-1,16.655815,7.187523,0.357,0.595,0.75,0.25,0.333,0.0,0.333,0.0,0.625
216310,-1,17.810026,1.2553605,0.864,0.114,0.0,0.25,0.0,0.0,0.0,0.0,0.5
197618,-1,18.0962,3.6502397,0.854,0.098,0.0,0.0,0.333,0.333,0.0,0.0,0.5
227959,-1,16.705505,8.1009245,0.34,0.623,0.333,0.333,0.0,0.0,0.0,0.5,0.667
86291,3,17.015326,4.9107137,0.911,0.067,0.0,0.0,0.0,0.0,1.0,0.0,0.667
267592,-1,12.72925,9.655008,0.429,0.571,0.818,0.364,0.0,1.0,0.0,0.0,0.136
126328,-1,14.009332,2.0064623,0.783,0.174,0.0,0.0,0.25,0.25,0.0,0.0,0.5
206472,-1,16.896013,6.765102,0.955,0.045,0.0,0.0,0.0,0.0,0.0,0.0,0.0
292173,-1,16.30356,1.2324256,0.86,0.116,0.5,0.0,0.2,0.0,0.0,0.4,0.5
62092,-1,14.861755,1.1216035,0.902,0.098,0.0,0.0,0.0,0.0,0.0,0.5,0.667
233762,-1,15.675134,0.7162458,0.833,0.083,0.0,0.0,0.0,0.0,0.0,0.0,0.25
124703,-1,15.998375,8.890958,0.038,0.962,1.0,0.776,0.0,0.0,0.667,0.0,0.429
150465,-1,16.314499,0.61838776,0.881,0.119,0.4,0.0,0.0,0.0,0.0,0.0,0.6
211693,-1,12.07311,6.9746904,0.88,0.12,0.0,0.0,0.722,0.056,0.0,0.0,0.667
254625,-1,16.766556,7.6630907,0.085,0.872,0.333,0.667,0.0,0.0,0.0,0.0,0.333
171827,-1,13.156775,8.513012,0.257,0.714,0.56,0.8,0.0,0.059,0.647,0.059,0.6
242999,-1,15.829373,4.356194,0.848,0.087,0.0,0.25,0.0,0.0,1.0,0.0,0.5
191035,-1,16.820911,5.2974877,0.915,0.064,0.0,0.0,0.0,1.0,0.0,0.0,0.667
137659,-1,16.484175,7.9541416,0.85,0.125,0.0,1.0,0.0,0.0,0.0,0.0,0.0
162099,6,8.499959,10.304746,0.78,0.073,0.0,0.0,0.0,0.0,0.111,0.333,0.0
244574,-1,14.406651,8.1907215,0.407,0.556,0.138,0.31,0.0,0.036,0.893,0.0,0.621
41435,-1,15.653181,5.238155,0.904,0.077,0.0,0.0,1.0,0.0,0.0,0.0,0.5
136873,-1,17.327686,5.207885,0.863,0.098,0.0,0.0,0.0,0.0,0.0,0.0,0.8
220609,-1,13.622605,2.4380646,0.775,0.225,0.0,0.778,0.0,0.0,1.0,0.0,0.889
279928,-1,13.144466,7.338648,0.429,0.571,0.75,0.208,0.125,0.5,0.125,0.25,0.25
236752,-1,17.578794,1.6082993,0.674,0.302,0.0,0.167,0.462,0.026,0.026,0.0,0.75
70424,-1,16.769163,1.3223267,0.867,0.089,0.0,0.25,0.25,0.5,0.0,0.25,0.5
111871,4,16.89969,7.4440856,0.1,0.833,0.0,0.0,0.0,0.0,0.0,0.0,0.0
174295,-1,13.570928,2.0842404,0.932,0.068,0.0,0.0,0.0,0.0,0.167,0.667,1.0
55400,-1,18.094584,1.8313226,0.9,0.08,0.25,0.0,0.0,0.0,0.0,0.0,0.5
58752,-1,13.827989,1.5508183,0.784,0.216,0.125,0.125,0.533,0.067,0.0,0.0,0.25
126437,-1,13.273935,8.813758,0.528,0.453,0.7,0.3,0.0,0.375,0.125,0.312,0.05
181544,-1,14.918719,0.8396992,0.952,0.024,1.0,0.0,0.0,0.333,0.0,0.0,1.0
215865,6,11.385825,8.078416,0.778,0.194,0.8,0.0,0.0,0.0,0.25,0.25,0.2
108662,-1,16.904648,7.2049108,0.872,0.128,1.0,1.0,0.0,1.0,0.0,0.0,0.0
56475,-1,15.732525,6.327233,0.952,0.048,0.0,0.0,0.0,0.25,0.0,0.25,0.5
229447,-1,15.954518,3.7439015,0.909,0.068,0.0,0.0,0.0,1.0,0.0,0.0,0.667
116277,-1,15.388184,3.918189,0.956,0.022,1.0,0.0,1.0,0.0,0.0,0.0,1.0
9022,-1,16.983704,4.2418065,0.841,0.023,0.0,0.0,0.0,0.0,0.0,1.0,0.0
53151,-1,17.149715,4.4786625,0.918,0.061,0.0,0.333,0.0,0.0,0.0,0.0,1.0
140304,-1,13.211421,4.8235793,0.455,0.515,0.0,0.059,0.091,0.0,0.864,0.0,0.471
28362,-1,12.288861,7.7885065,0.356,0.6,0.962,0.269,0.0,0.5,0.167,0.333,0.192
16210,-1,16.537724,0.17439726,0.882,0.059,0.0,0.0,0.0,0.0,0.0,0.0,1.0
50500,-1,18.073298,3.1470144,0.889,0.044,0.0,0.0,0.0,0.0,0.0,0.0,1.0
275301,6,17.392084,1.4109896,0.894,0.043,0.0,0.0,0.0,0.125,0.0,0.0,0.5
25844,-1,17.998968,4.359577,0.776,0.163,0.143,0.0,0.167,0.167,0.0,0.5,0.571
121004,6,10.429846,10.127832,0.289,0.658,0.625,0.458,0.176,0.059,0.0,0.471,0.167
112165,-1,14.375878,1.8937072,0.902,0.024,1.0,0.0,0.0,0.0,0.0,0.0,0.0
102240,-1,15.69336,7.5809455,0.071,0.929,1.0,0.176,0.367,0.033,0.0,0.133,0.059
200359,-1,16.770458,7.62835,0.822,0.156,0.0,0.0,0.0,0.0,0.0,0.0,0.333
200938,-1,14.408847,3.9702523,0.541,0.378,0.5,0.429,0.071,0.0,0.214,0.0,0.643
179079,-1,15.111835,8.345609,0.487,0.513,0.4,0.7,0.0,0.0,1.0,0.0,0.8
37686,-1,15.353993,3.693686,0.8,0.2,0.143,0.143,0.0,0.0,0.25,0.5,0.429
243176,-1,15.975745,8.829366,0.053,0.947,0.971,0.029,0.0,0.667,0.0,0.0,0.229
227592,-1,14.5786705,7.117829,0.805,0.195,0.167,0.0,0.0,0.333,0.167,0.0,0.5
203791,6,10.117163,10.345984,0.204,0.796,0.921,0.184,0.0,0.333,0.333,0.0,0.105
165012,-1,13.522286,8.47561,0.082,0.918,0.952,0.071,0.053,0.526,0.105,0.053,0.548
151217,-1,14.569775,3.703068,0.824,0.176,0.667,0.5,0.0,0.2,0.6,0.0,0.167
223149,-1,13.998654,8.372078,0.114,0.886,0.935,0.129,0.0,0.286,0.0,0.714,0.133
52347,-1,13.473235,7.6047406,0.925,0.0,0.0,0.0,0.5,0.0,0.0,0.0,0.0
235376,-1,16.930235,5.453421,0.82,0.04,0.0,0.0,0.25,0.062,0.062,0.125,0.0
260533,-1,8.073406,11.291139,0.167,0.694,0.375,0.0,0.143,0.143,0.0,0.571,0.125
24309,-1,16.952143,8.284953,0.787,0.149,0.333,0.0,0.0,0.0,0.333,0.333,0.167
87835,-1,15.225976,2.136574,0.808,0.038,0.0,0.0,0.333,0.0,0.0,0.0,0.5
223355,-1,14.385695,8.514807,0.825,0.15,0.0,0.0,0.0,0.0,0.0,0.0,0.5
264204,6,10.600873,10.464392,0.333,0.571,0.708,0.125,0.0,0.429,0.0,0.571,0.125
21746,-1,16.377241,7.12387,0.619,0.357,0.0,0.0,0.0,0.0,0.0,0.0,0.0
69489,-1,15.126674,0.31384793,0.83,0.064,0.0,0.0,0.0,0.0,0.0,0.0,0.5
46327,-1,14.656405,9.794448,0.091,0.848,0.889,0.333,0.0,0.0,0.875,0.0,0.667
266706,2,17.320309,1.9294767,0.8,0.143,0.2,0.0,0.0,0.0,0.0,0.0,0.6
39259,-1,16.818098,-0.1410705,0.884,0.093,0.0,0.0,0.0,0.0,0.0,0.0,1.0
21208,-1,16.857811,7.0993595,0.356,0.622,0.0,0.0,0.5,0.0,0.0,0.0,0.0
98621,6,9.736022,10.302912,0.41,0.538,0.714,0.095,0.0,0.273,0.182,0.364,0.238
83184,6,11.348509,8.849924,0.725,0.25,0.3,0.0,0.55,0.05,0.05,0.15,0.1
118176,6,12.454349,8.042401,0.613,0.387,0.5,0.0,0.0,1.0,0.0,0.0,0.0
220126,-1,14.933556,5.1655827,0.825,0.175,0.2,0.2,0.0,0.0,1.0,0.0,0.4
151184,-1,16.488987,3.763053,0.872,0.085,0.0,0.0,0.0,0.333,0.0,0.0,0.0
90412,-1,10.158632,8.643625,0.78,0.14,0.0,0.0,0.462,0.038,0.0,0.077,0.714
139617,6,9.6125765,10.503024,0.459,0.541,0.85,0.1,0.1,0.3,0.2,0.2,0.1
203757,-1,15.569392,9.262844,0.1,0.85,0.727,0.697,0.0,0.067,0.6,0.0,0.788
85644,-1,15.280621,5.7005754,0.767,0.209,0.0,0.0,0.0,0.0,1.0,0.0,0.333
293649,-1,17.74353,2.5201948,0.894,0.043,0.0,0.0,0.0,0.0,0.0,0.0,0.5
32741,-1,17.186256,5.3398337,0.889,0.111,0.667,0.0,0.333,0.0,0.333,0.0,0.667
158934,-1,16.92731,5.2914376,0.863,0.118,0.0,0.0,1.0,0.0,0.0,0.0,1.0
32342,-1,14.922794,0.7262224,0.829,0.143,0.0,0.0,0.0,0.0,0.0,0.0,0.4
150123,-1,11.148027,10.518681,0.087,0.913,0.976,0.286,0.364,0.182,0.045,0.045,0.098
18970,-1,17.520428,3.6441052,0.86,0.047,0.0,0.0,0.0,0.0,0.0,0.333,1.0
23626,-1,16.604387,8.062846,0.604,0.375,0.0,0.286,0.0,0.176,0.235,0.059,0.571
242524,-1,13.417893,7.5022397,0.16,0.84,0.821,0.051,0.0,0.273,0.136,0.273,0.615
7024,-1,17.993114,1.3042706,0.959,0.0,0.0,0.0,0.0,0.0,0.0,0.333,0.0
169838,-1,16.275888,3.2901092,0.65,0.3,0.0,0.0,0.0,0.167,0.583,0.0,0.833
160255,-1,15.75417,0.07083877,0.974,0.026,0.0,0.0,0.0,0.0,0.0,0.0,1.0
66035,-1,14.693941,1.8915572,0.773,0.227,0.4,0.1,0.1,0.1,0.0,0.2,0.3
51782,-1,12.538296,8.249743,0.829,0.143,0.5,0.75,0.0,0.0,0.0,0.0,0.25
5014,-1,15.676753,8.263839,0.683,0.268,0.4,0.4,0.0,1.0,0.0,0.0,0.6
129806,-1,14.777527,1.0606015,0.791,0.163,0.0,0.2,0.0,0.0,0.0,0.0,0.6
209660,-1,10.503776,8.391696,0.929,0.0,0.0,0.0,0.167,0.0,0.0,0.0,0.0
135345,-1,15.560729,1.8841163,0.808,0.135,0.0,0.0,0.0,0.0,0.0,0.083,0.571
241767,-1,13.349864,3.3471828,0.486,0.514,0.833,0.611,0.0,0.2,0.0,0.8,0.167
19117,4,16.466032,7.4513507,0.74,0.24,1.0,0.0,0.0,0.0,0.0,0.0,0.0
165873,-1,16.097351,9.208496,0.667,0.312,0.143,0.143,0.0,0.0,0.0,1.0,0.429
195152,-1,16.501858,-0.42899612,0.818,0.182,0.125,0.0,0.2,0.0,0.0,0.0,0.5
187737,-1,13.893306,4.328331,0.957,0.021,0.0,0.0,0.5,0.0,0.5,0.0,1.0
100060,-1,16.564207,8.777043,0.732,0.244,0.5,0.5,0.0,0.0,0.0,0.5,0.25
158090,-1,14.011529,9.941024,0.069,0.931,0.926,0.185,0.1,0.3,0.3,0.1,0.667
28621,-1,14.568688,2.4674368,0.278,0.722,0.4,0.92,0.0,0.056,0.722,0.056,0.48
60336,-1,15.035817,0.27317587,0.86,0.12,0.0,0.167,0.0,0.333,0.0,0.0,0.833
275894,-1,15.650851,7.3474884,0.342,0.658,0.737,0.632,0.0,0.5,0.0,0.25,0.211
134924,-1,12.195463,8.724675,0.625,0.375,0.0,0.0,0.0,0.0,1.0,0.0,0.0
155681,-1,13.243934,4.782781,0.943,0.057,0.0,0.5,0.6,0.0,0.0,0.0,0.5
218132,-1,14.235037,9.850349,0.341,0.636,0.741,0.185,0.625,0.125,0.125,0.0,0.111
47910,-1,12.361565,7.3675513,0.611,0.389,0.5,0.143,0.0,0.2,0.1,0.6,0.071
46303,-1,13.859889,3.393824,0.744,0.205,0.0,0.571,0.5,0.071,0.143,0.0,0.714
151465,-1,17.846752,1.500578,0.833,0.119,0.0,0.0,0.133,0.0,0.0,0.0,0.5
173860,-1,13.896771,9.911992,0.043,0.957,1.0,0.341,0.0,0.5,0.0,0.333,0.523
176340,-1,15.534495,4.284336,0.825,0.125,0.0,0.0,0.167,0.0,0.0,0.0,0.6
268741,-1,13.704469,7.208977,0.633,0.333,0.667,0.889,0.0,0.0,0.0,0.0,0.222
131962,6,9.351476,10.640783,0.919,0.081,0.0,0.0,0.0,0.0,0.0,1.0,0.0
74913,-1,15.563804,4.4282837,0.86,0.1,0.0,0.0,0.0,0.0,0.5,0.0,0.4
117401,-1,13.260003,9.389471,0.694,0.25,0.333,0.111,0.0,0.25,0.0,0.75,0.556
66062,6,9.986937,10.740873,0.349,0.651,0.857,0.5,0.0,0.182,0.0,0.727,0.214
246645,-1,16.648325,8.07793,0.651,0.256,0.0,0.4,0.0,0.0,0.0,0.2,0.0
62638,-1,13.293783,5.554013,0.491,0.415,0.095,0.238,0.0,0.0,0.8,0.0,0.81
33870,-1,15.740773,2.6543198,0.581,0.302,0.077,0.077,0.618,0.0,0.0,0.029,0.538
267983,-1,9.836483,8.781617,0.342,0.658,0.68,0.4,0.3,0.3,0.05,0.25,0.16
198374,6,11.296783,9.87733,0.258,0.742,0.762,0.095,0.0,0.0,0.0,1.0,0.095
58362,-1,14.086009,8.541259,0.524,0.405,0.588,0.176,0.353,0.0,0.059,0.0,0.176
155084,6,10.590648,10.387774,0.0,1.0,1.0,0.179,0.143,0.286,0.0,0.143,0.143
17648,-1,13.972696,6.142245,0.132,0.842,0.9,0.933,0.167,0.167,0.167,0.0,0.467
165994,-1,14.380555,9.348026,0.085,0.894,0.976,0.073,0.8,0.0,0.0,0.1,0.585
75499,-1,16.579617,4.2283087,0.941,0.039,0.0,0.0,0.0,0.5,0.0,0.0,0.5
164100,-1,14.633333,1.894736,0.818,0.091,0.0,0.0,0.333,0.0,0.0,0.333,1.0
117128,-1,15.730042,0.8929524,0.659,0.341,0.5,0.0,0.4,0.0,0.2,0.0,0.833
125460,-1,10.441361,9.60622,0.184,0.816,0.778,0.444,0.0,0.333,0.067,0.467,0.037
178889,-1,16.217625,5.812135,0.722,0.25,0.5,0.75,0.0,0.0,0.0,0.0,0.25
83476,-1,13.044996,9.160747,0.089,0.867,0.692,0.128,0.088,0.029,0.765,0.0,0.615
48553,-1,15.982916,9.068372,0.054,0.946,1.0,0.788,0.0,0.25,0.25,0.25,0.636
62605,-1,15.920102,5.8605046,0.905,0.048,0.5,0.0,0.375,0.5,0.0,0.0,0.0
1583,-1,15.860548,1.1157451,0.867,0.044,0.5,0.5,0.0,0.0,0.0,0.0,1.0
84640,6,9.159083,9.72731,0.875,0.1,0.5,0.0,0.333,0.0,0.0,0.0,0.0
175875,-1,16.67469,8.331647,0.087,0.87,0.0,0.0,0.25,0.0,0.0,0.25,0.0
63441,-1,17.133852,1.3260723,0.878,0.049,1.0,0.0,0.0,0.0,0.0,0.0,1.0
245630,6,9.254123,9.359987,0.667,0.25,0.556,0.0,0.0,0.222,0.0,0.667,0.0
244475,-1,16.510466,8.830562,0.238,0.762,0.967,0.033,0.0,0.0,1.0,0.0,0.333
249588,-1,12.792853,9.069433,0.767,0.2,0.5,0.0,0.2,0.2,0.0,0.4,0.0
133626,-1,12.2608,10.104304,0.118,0.882,1.0,0.517,0.111,0.222,0.0,0.667,0.034
228250,-1,13.920272,9.335684,0.053,0.921,1.0,0.857,0.25,0.25,0.0,0.25,0.514
195120,-1,14.542679,6.3287416,0.8,0.175,0.167,0.333,0.0,0.0,0.0,0.0,0.667
80864,-1,10.649046,10.106533,0.562,0.438,0.545,0.091,0.0,0.0,0.0,1.0,0.0
206701,-1,14.996475,0.20574294,0.867,0.067,0.333,0.0,0.0,0.0,0.333,0.0,0.667
170776,-1,12.876424,9.1406975,0.154,0.808,0.85,0.8,0.0,0.6,0.2,0.2,0.0
239637,-1,13.785997,1.4762298,0.911,0.022,0.0,0.0,0.0,0.333,0.0,0.0,1.0
109156,-1,14.446229,1.7861443,0.708,0.083,0.0,0.0,0.0,0.0,0.0,0.0,0.5
82456,-1,16.848362,6.726401,0.78,0.2,0.143,0.143,0.0,0.0,1.0,0.0,0.286
139599,-1,15.8340845,3.972776,0.481,0.407,0.5,0.5,0.0,0.0,0.0,0.0,0.5
34525,-1,17.402452,3.8008492,0.194,0.806,0.321,0.179,0.0,0.0,0.833,0.0,0.429
170765,-1,16.958567,3.4059381,0.667,0.333,0.25,0.0,0.0,0.0,0.941,0.0,0.583
196519,-1,16.05244,5.118817,0.103,0.897,0.344,0.875,0.0,0.048,0.952,0.0,0.469
182406,-1,13.795794,9.65469,0.846,0.115,0.333,0.0,0.0,0.0,0.0,1.0,0.167
124898,-1,15.623746,0.8921362,0.659,0.295,0.083,0.083,0.385,0.077,0.038,0.0,0.333
35452,-1,10.47227,9.404558,0.854,0.098,0.25,0.0,0.0,0.0,0.0,1.0,0.0
92529,-1,12.590762,10.05333,0.0,0.975,0.974,0.128,0.167,0.167,0.0,0.333,0.282
1943,-1,15.889298,3.7838821,0.744,0.209,0.0,0.111,0.0,0.0,0.0,0.0,0.667
6655,-1,12.546804,8.001773,0.585,0.321,0.625,0.0,0.167,0.0,0.0,0.667,0.188
35872,-1,17.776155,2.9035761,0.919,0.081,0.333,0.0,0.0,0.0,0.0,0.25,1.0
261923,6,10.707667,10.309985,0.455,0.545,0.941,0.412,0.0,0.333,0.0,0.6,0.118
193264,-1,17.626093,2.9552023,0.86,0.07,0.0,0.0,0.0,0.5,0.5,0.0,0.667
43858,-1,16.659145,0.29583642,0.889,0.083,0.0,0.0,0.0,0.0,0.0,0.0,0.5
81709,-1,16.167538,8.414668,0.0,0.978,1.0,0.073,0.0,0.75,0.25,0.0,0.22
240156,-1,14.241925,1.2475288,0.795,0.136,0.0,0.0,0.655,0.034,0.0,0.034,0.667
38112,6,8.877142,11.1559925,0.368,0.605,0.565,0.13,0.042,0.25,0.0,0.417,0.0
141544,-1,14.457675,2.4096553,0.907,0.047,0.0,1.0,0.0,1.0,0.0,0.0,1.0
150995,-1,15.836866,7.3198237,0.047,0.93,0.795,0.132,0.0,0.182,0.364,0.273,0.103
34986,-1,14.96156,9.326496,0.543,0.457,0.562,0.188,0.0,0.0,0.0,0.667,0.0
30090,-1,16.682663,2.3472288,0.829,0.146,0.333,0.167,0.0,0.6,0.0,0.2,0.833
60572,-1,13.464658,9.147686,0.745,0.176,0.444,0.333,0.0,0.167,0.0,0.5,0.222
163847,-1,14.3341675,3.0321288,0.75,0.182,0.0,1.0,0.0,0.0,0.0,0.0,0.5
97484,-1,16.37837,0.676077,0.791,0.14,0.8,0.0,0.083,0.0,0.25,0.0,0.4
81187,-1,14.596449,2.3282106,0.763,0.186,0.455,0.273,0.125,0.0,0.625,0.125,0.455
114020,6,10.3619585,10.377063,0.086,0.886,0.968,0.161,0.0,0.333,0.0,0.0,0.258
270118,6,9.216102,11.547296,0.289,0.711,0.333,0.037,0.034,0.103,0.034,0.759,0.071
244905,-1,16.518814,1.9323384,0.975,0.025,1.0,0.0,0.0,0.0,0.0,0.0,1.0
343,-1,16.727169,5.7482615,0.905,0.071,0.5,0.0,0.0,0.0,0.0,0.0,0.0
166667,-1,16.584858,2.2707465,0.898,0.082,0.0,0.0,0.0,0.0,0.0,0.0,0.667
242628,-1,16.275341,5.432099,0.933,0.044,0.0,0.0,0.0,0.333,0.0,0.667,0.5
244934,-1,15.1095295,5.940323,0.095,0.881,0.8,0.033,0.0,0.0,0.714,0.143,0.5
67002,-1,15.015678,6.8048453,0.882,0.078,0.0,0.0,0.0,0.0,0.0,0.25,0.5
234356,-1,14.384638,7.725881,0.453,0.547,0.0,0.0,0.0,0.0,0.0,0.0,0.0
208395,-1,14.665862,5.465883,0.629,0.171,0.0,0.0,0.1,0.0,0.0,0.0,0.0
287254,-1,10.356349,9.048135,0.279,0.698,0.286,0.143,0.2,0.125,0.05,0.4,0.107
149537,-1,16.534286,5.735835,0.581,0.349,0.0,0.583,0.0,0.5,0.5,0.0,0.25
174612,-1,17.36442,2.5916848,0.857,0.071,0.0,0.0,0.2,0.2,0.0,0.1,0.5
230177,-1,8.018738,11.010166,0.86,0.047,0.5,0.0,0.0,0.0,0.0,0.8,0.5
171088,-1,17.710575,3.1509511,0.679,0.321,0.118,0.529,0.0,0.0,0.852,0.0,0.529
229126,-1,13.925154,6.9393554,0.929,0.048,0.0,1.0,0.0,0.0,0.0,1.0,0.0
262144,6,10.357667,10.361349,0.161,0.71,0.591,0.227,0.0,0.308,0.077,0.308,0.182
39530,-1,15.671604,0.4143541,0.658,0.289,0.2,0.3,0.4,0.0,0.15,0.0,0.5
33546,-1,14.074257,3.3755457,0.06,0.9,0.628,0.256,0.0,0.0,0.963,0.0,0.744
171916,-1,15.595699,2.5168343,0.341,0.023,0.0,0.0,0.0,0.0,0.0,0.0,1.0
49949,-1,17.730465,2.5023513,0.86,0.047,0.0,0.5,0.0,0.333,0.0,0.667,1.0
122302,-1,15.054134,4.544032,0.86,0.14,0.167,0.0,0.0,0.0,1.0,0.0,0.167
207520,-1,12.712719,9.44437,0.462,0.538,0.714,0.143,0.083,0.417,0.0,0.417,0.0
165006,-1,12.683483,9.675271,0.111,0.889,0.042,0.375,0.0,0.0,0.917,0.0,0.833
36175,6,10.291208,8.963109,0.838,0.108,1.0,0.0,0.0,0.0,0.0,0.0,0.25
194397,-1,17.09876,2.0537908,0.93,0.023,0.0,0.0,0.067,0.067,0.0,0.667,0.0
156587,-1,14.539306,8.633085,0.323,0.677,0.389,0.0,0.0,0.0,0.7,0.0,0.611
62949,6,10.619501,10.421981,0.657,0.286,0.25,0.625,0.0,0.0,0.0,0.4,0.125
217141,-1,17.551327,3.5821588,0.947,0.026,0.0,0.0,0.0,0.0,0.0,0.0,1.0
185776,-1,16.751139,-0.44075885,0.803,0.082,0.0,0.2,0.143,0.0,0.0,0.429,0.4
80267,-1,16.891651,8.019821,0.034,0.966,0.982,0.107,0.5,0.0,0.25,0.25,0.298
287908,-1,17.154121,1.123681,0.841,0.091,0.25,0.0,0.0,0.0,0.5,0.0,0.5
164739,-1,16.383009,2.9927497,0.86,0.1,0.2,0.0,0.0,0.0,0.0,0.0,0.8
220595,-1,17.20608,4.002053,0.911,0.044,0.0,0.0,0.0,0.333,0.0,0.333,1.0
93044,-1,14.029528,3.6389403,0.049,0.927,1.0,0.474,0.0,0.333,0.0,0.333,0.526
110760,-1,10.883086,10.150736,0.867,0.133,0.333,0.0,0.0,0.2,0.0,0.4,0.167
131361,-1,16.704506,7.0580335,0.13,0.848,0.0,0.0,0.0,0.0,0.0,0.0,0.0
43998,6,8.977662,11.439301,0.434,0.453,0.286,0.048,0.0,0.125,0.042,0.667,0.286
273662,6,8.363454,10.7666,0.595,0.31,0.5,0.0,0.0,0.4,0.0,0.533,0.0
114134,6,8.223793,10.626738,0.676,0.265,0.889,0.0,0.25,0.625,0.0,0.125,0.0
242939,-1,17.749199,3.3436944,0.891,0.109,1.0,0.0,0.0,1.0,0.0,0.0,0.667
121390,-1,14.211395,7.538507,0.85,0.15,0.111,0.0,0.083,0.083,0.333,0.0,0.111
248456,-1,14.006734,7.39541,0.721,0.209,0.5,0.125,0.0,0.0,0.0,0.0,0.25
136367,-1,15.7067175,2.6547432,0.571,0.31,0.5,0.0,0.0,0.0,0.143,0.0,1.0
76998,-1,14.813405,5.194185,0.075,0.906,0.809,0.128,0.053,0.421,0.0,0.421,0.553
115524,6,9.221125,11.303194,0.676,0.324,0.0,0.091,0.0,0.077,0.0,0.769,0.0
4954,-1,14.692481,9.548583,0.474,0.395,0.933,0.067,0.0,0.0,0.0,0.0,0.067
243939,-1,15.022654,0.15155682,0.745,0.196,0.3,0.0,0.333,0.333,0.0,0.333,0.6
123711,-1,15.132589,8.999326,0.109,0.87,1.0,0.15,0.0,0.455,0.273,0.091,0.35
207450,-1,17.208002,0.7419072,0.578,0.133,0.0,0.0,0.296,0.037,0.0,0.0,0.5
181006,-1,17.828722,1.463886,0.844,0.067,0.333,0.0,0.0,0.0,0.0,1.0,0.0
242993,-1,17.56339,2.8062994,0.878,0.082,0.25,0.0,0.0,0.25,0.0,0.0,0.0
114240,-1,13.680628,5.3793955,0.86,0.116,0.0,0.0,0.0,0.0,0.0,0.0,0.5
164664,-1,11.911118,8.181901,0.375,0.625,0.828,0.103,0.077,0.0,0.231,0.538,0.414
126397,-1,16.134968,3.058824,0.855,0.055,0.0,0.0,0.0,0.333,0.0,0.0,1.0
281790,-1,11.927142,9.129254,0.889,0.067,0.333,0.0,0.0,0.5,0.0,0.5,0.333
92900,-1,12.442932,7.334696,0.894,0.043,0.0,0.0,0.0,0.333,0.0,0.333,0.5
203169,6,10.458503,10.1760435,0.316,0.684,0.842,0.105,0.333,0.0,0.0,0.0,0.0
89149,-1,13.776008,5.964821,0.891,0.109,0.0,0.0,0.05,0.15,0.0,0.5,0.4
240995,-1,14.681364,0.9871406,0.8,0.2,0.1,0.2,0.0,0.0,0.667,0.0,0.7
262091,6,9.148356,11.454066,0.081,0.838,0.815,0.444,0.043,0.261,0.0,0.565,0.037
190683,-1,17.008823,3.5041037,0.886,0.045,0.0,0.0,0.0,0.4,0.0,0.0,0.5
79345,-1,16.475965,3.9921265,0.617,0.362,0.625,0.125,0.409,0.045,0.0,0.091,0.312
128501,-1,13.503071,9.336438,0.171,0.829,0.735,0.059,0.1,0.2,0.7,0.0,0.324
106888,-1,17.343496,-0.09126098,0.867,0.067,0.0,0.0,0.0,0.0,0.0,0.0,1.0
248718,-1,17.430607,0.18165462,0.854,0.104,0.2,0.0,0.2,0.0,0.0,0.0,0.6
189719,-1,16.67415,2.3985803,0.783,0.217,0.1,0.0,0.125,0.0,0.0,0.125,0.2
8650,-1,15.214042,8.57082,0.86,0.093,0.25,0.0,0.0,0.0,0.0,0.0,0.25
3452,-1,15.022536,4.503137,0.795,0.114,0.0,0.0,0.429,0.0,0.143,0.0,0.0
21848,-1,14.389849,2.008782,0.844,0.022,0.0,0.0,0.333,0.333,0.0,0.333,1.0
110442,-1,17.594515,3.9986215,0.814,0.116,0.0,0.0,0.0,0.0,0.0,0.0,0.6
87498,-1,17.260633,3.2475054,0.829,0.049,0.0,0.0,0.0,0.0,0.0,0.0,0.5
152725,-1,14.682732,6.464321,0.906,0.057,0.0,0.0,0.0,0.2,0.0,0.4,0.0
90671,-1,13.541888,3.1768055,0.718,0.256,0.0,0.2,0.167,0.0,0.167,0.0,0.6
191996,-1,16.398878,-0.25460294,0.825,0.125,0.0,0.0,0.0,0.0,0.0,0.25,0.75
75242,6,8.651097,10.807781,0.875,0.125,0.667,0.0,0.0,0.2,0.0,0.2,0.333
244104,-1,16.643219,4.0504746,0.881,0.119,0.4,0.8,0.0,0.0,1.0,0.0,1.0
210972,-1,15.92438,8.333984,0.629,0.314,0.364,0.818,0.0,0.0,0.333,0.0,0.273
205334,-1,15.914867,-0.056635454,0.936,0.043,0.0,0.0,0.0,0.0,0.0,0.5,0.0
173133,-1,16.174057,2.22506,0.884,0.093,0.0,0.0,0.0,0.0,0.0,0.0,0.75
285069,6,9.566869,10.35692,0.205,0.795,0.769,0.654,0.043,0.261,0.043,0.652,0.0
24396,-1,16.558744,8.826892,0.783,0.217,0.1,0.1,0.25,0.0,0.125,0.0,0.3
175550,-1,15.125728,7.329051,0.744,0.231,0.25,0.125,0.0,0.9,0.0,0.0,0.375
162919,-1,16.39417,0.60774994,0.951,0.049,0.0,0.0,0.0,0.0,0.0,0.0,1.0
279416,-1,13.415027,3.4473014,0.452,0.524,0.864,0.045,0.167,0.25,0.167,0.083,0.409
207753,-1,13.765019,7.995111,0.647,0.265,0.857,0.286,0.0,1.0,0.0,0.0,0.0
243340,-1,15.067473,1.5451953,0.905,0.095,0.25,0.0,0.0,0.0,0.0,0.0,0.75
223788,-1,15.425602,3.1660213,0.925,0.05,0.0,0.0,0.0,0.333,0.0,0.0,1.0
88845,-1,13.9917345,5.3809686,0.783,0.109,0.0,0.0,0.0,0.0,0.0,0.0,0.6
77422,-1,15.307424,3.263729,0.85,0.075,0.0,0.0,0.167,0.083,0.083,0.083,0.0
39541,-1,12.725903,7.8245625,0.898,0.085,0.333,0.333,0.167,0.0,0.333,0.0,0.333
88678,-1,16.510359,7.316816,0.529,0.412,0.75,0.5,0.0,0.0,0.0,0.0,0.25
8456,-1,13.627721,9.250211,0.929,0.048,0.5,1.0,0.0,0.0,0.333,0.333,0.0
13460,-1,17.2039,5.458741,0.796,0.082,0.0,0.25,0.25,0.0,0.0,0.0,0.25
175598,-1,15.27526,0.91328156,0.718,0.231,0.0,0.0,0.423,0.0,0.0,0.0,0.429
139908,-1,14.006647,9.217083,0.0,0.925,0.917,0.722,0.0,0.077,0.231,0.077,0.194
275535,-1,17.73049,1.7289644,0.84,0.1,0.0,0.0,0.5,0.0,0.0,0.0,0.4
125628,-1,15.560843,8.655276,0.86,0.07,0.0,0.333,0.0,1.0,0.0,0.0,0.333
289752,-1,14.039725,6.1769376,0.9,0.1,0.333,0.0,0.0,0.0,0.0,0.0,0.333
245920,-1,15.301499,7.7640796,0.257,0.714,0.957,0.304,0.2,0.2,0.0,0.4,0.304
8395,-1,17.440973,0.19381236,0.855,0.091,0.0,0.0,0.0,0.0,0.0,0.333,0.25
191874,-1,13.697135,2.9747982,0.675,0.325,0.222,0.333,0.222,0.0,0.111,0.0,0.667
68934,-1,17.621176,3.3812215,0.816,0.163,0.0,0.0,0.0,0.0,0.167,0.167,0.5
50018,-1,13.958672,2.203225,0.881,0.095,0.0,0.0,0.0,0.667,0.333,0.0,0.75
262371,6,12.948428,5.61053,0.717,0.239,0.0,0.0,0.0,0.0,0.0,0.0,0.0
281054,-1,14.582221,4.050428,0.8,0.143,0.4,0.0,0.0,0.0,0.0,0.0,0.2
169206,-1,14.365082,1.3578722,0.95,0.05,0.5,0.0,0.0,0.0,0.0,0.0,0.0
234655,-1,17.44214,0.80560094,0.81,0.119,0.2,0.0,0.333,0.0,0.0,0.0,0.2
99383,-1,16.259436,3.5370808,0.8,0.15,0.0,0.0,0.0,1.0,0.0,0.0,1.0
285917,-1,16.092672,2.4719968,0.756,0.171,0.333,0.167,0.0,0.0,0.0,0.0,0.333
144303,-1,16.522333,-0.40831748,0.842,0.132,0.0,0.0,0.0,0.0,0.0,0.0,0.5
283809,-1,15.935366,1.4851876,0.861,0.056,0.5,0.0,0.167,0.0,0.0,0.0,0.5
100872,-1,16.750307,7.654632,0.133,0.844,0.935,0.613,0.125,0.062,0.062,0.0,0.419
57437,-1,17.823256,4.6720595,0.738,0.197,0.0,0.1,0.63,0.037,0.0,0.0,0.9
163842,-1,15.098218,8.636558,0.513,0.436,0.0,0.167,0.0,0.25,0.0,0.0,0.0
204296,-1,13.469184,2.8861547,0.889,0.074,0.0,0.25,0.0,0.0,0.667,0.0,0.5
36781,-1,16.880455,6.6217446,0.929,0.071,0.0,0.0,0.0,0.0,1.0,0.0,1.0
126813,-1,13.637104,2.4627528,0.878,0.073,0.0,0.0,0.0,0.0,0.0,0.0,0.667
67580,-1,15.660198,1.0318007,0.703,0.243,0.167,0.0,0.0,0.0,0.0,0.0,0.0
107856,-1,13.438061,2.9612935,0.143,0.829,0.966,0.759,0.0,0.0,0.667,0.0,0.345
71700,-1,12.251843,10.328375,0.143,0.833,0.829,0.139,0.0,0.286,0.143,0.286,0.314
274311,-1,17.255857,1.4701945,0.787,0.043,0.0,0.0,0.2,0.2,0.2,0.0,1.0
181924,-1,14.136528,2.0946686,0.889,0.067,0.0,0.0,0.118,0.294,0.059,0.0,0.667
21852,-1,16.589437,5.6587543,0.86,0.14,0.333,0.0,0.429,0.0,0.0,0.0,0.667
258754,-1,13.479339,6.269787,0.282,0.692,0.958,0.5,0.0,0.444,0.222,0.0,0.167
7498,-1,13.396435,7.2877736,0.5,0.333,0.0,0.0,0.32,0.04,0.0,0.16,0.333
91359,0,13.792148,1.5399839,0.917,0.028,0.0,0.0,0.0,0.0,1.0,0.0,1.0
237738,-1,11.287196,9.131286,0.706,0.265,0.667,0.556,0.0,0.5,0.0,0.0,0.556
230905,-1,12.769649,9.399569,0.538,0.436,0.667,0.2,0.0,0.167,0.167,0.167,0.333
57749,-1,14.981233,3.7400446,0.784,0.216,0.0,0.0,0.111,0.0,0.0,0.0,0.6
264415,-1,16.656952,6.527463,0.714,0.257,0.0,0.0,0.0,0.0,0.667,0.333,0.0
143580,-1,13.796591,8.014754,0.0,0.973,1.0,0.086,0.286,0.143,0.0,0.0,0.4
273512,-1,15.698855,8.073603,0.349,0.581,0.571,0.0,0.0,0.5,0.25,0.25,0.643
169142,-1,12.990204,9.190102,0.053,0.947,1.0,0.472,0.4,0.1,0.0,0.2,0.306
208838,-1,16.290941,5.3180175,0.766,0.128,0.0,0.0,0.25,0.0,0.0,0.25,0.0
217838,-1,16.435354,7.3228397,0.314,0.657,1.0,1.0,0.2,0.2,0.0,0.2,0.0
110699,-1,17.551208,4.1204505,0.865,0.108,0.0,0.0,0.0,0.111,0.0,0.0,0.75
102802,-1,14.23203,3.7902646,0.718,0.231,0.25,0.125,0.25,0.25,0.25,0.25,0.5
123961,6,8.557725,10.749655,0.457,0.457,0.562,0.625,0.125,0.125,0.125,0.375,0.062
7965,-1,13.361195,3.4051259,0.636,0.295,0.0,0.0,0.423,0.0,0.231,0.0,0.667
181463,-1,13.927091,3.8057878,0.435,0.478,0.364,0.045,0.0,0.0,0.636,0.182,0.318
6795,-1,16.024708,0.83580935,0.568,0.386,0.0,0.0,0.625,0.0,0.0,0.062,0.0
5542,-1,17.39517,2.5681355,0.889,0.022,0.0,0.0,0.0,0.0,0.0,0.0,1.0
166426,-1,15.612461,7.759789,0.222,0.778,0.75,0.042,0.111,0.0,0.556,0.0,0.083
150141,-1,11.939211,7.696504,0.881,0.048,0.0,0.0,0.167,0.0,0.0,0.0,0.0
68024,-1,13.894036,4.09526,0.909,0.068,0.333,0.0,1.0,0.0,0.0,0.0,0.333
209956,6,10.60769,10.383593,0.488,0.463,0.611,0.0,0.0,0.1,0.0,0.05,0.056
109791,-1,15.22529,6.752793,0.64,0.18,0.0,0.0,0.455,0.045,0.045,0.045,0.556
99388,-1,16.61732,5.7734675,0.8,0.175,0.0,0.333,0.0,1.0,0.0,0.0,0.333
253318,-1,9.771189,8.840728,0.125,0.719,0.955,0.5,0.333,0.238,0.0,0.048,0.136
129287,6,9.403539,9.279877,0.864,0.068,0.0,0.0,0.0,0.5,0.0,0.0,0.333
65883,-1,15.314842,7.4285755,0.833,0.104,0.0,0.0,0.167,0.0,0.0,0.0,1.0
130003,-1,14.728672,5.78767,0.851,0.043,0.0,0.0,0.0,0.5,0.0,0.333,0.0
82270,-1,15.144786,0.7664102,0.75,0.205,0.25,0.125,0.0,0.0,0.6,0.0,0.625
172513,-1,14.902246,5.7228518,0.881,0.095,0.25,0.0,0.0,0.0,0.0,0.0,0.25
43727,-1,16.349268,8.456246,0.242,0.697,0.609,0.13,0.053,0.421,0.368,0.105,0.696
175152,-1,14.507901,1.4490091,0.9,0.08,0.0,0.0,0.0,0.0,0.0,0.5,0.667
126521,-1,15.99321,8.874865,0.15,0.8,0.9,0.633,0.0,0.4,0.0,0.2,0.276
143249,-1,15.926803,9.00441,0.417,0.583,0.867,0.067,0.0,0.2,0.0,0.6,0.4
33117,-1,14.859759,9.669394,0.2,0.8,0.594,0.031,0.0,0.0,0.647,0.059,0.781
188785,-1,14.66761,4.8373604,0.804,0.157,0.25,0.0,0.0,0.0,1.0,0.0,0.75
50897,-1,15.070211,6.147931,0.711,0.263,1.0,0.0,0.0,0.375,0.0,0.375,0.727
187500,6,9.331548,10.616058,0.702,0.255,0.4,0.2,0.0,0.0,0.0,1.0,0.0
31572,6,8.737139,10.915521,0.889,0.089,0.0,0.0,0.0,0.2,0.0,0.6,0.0
96117,-1,13.821215,7.6822,0.905,0.095,0.5,0.5,0.0,0.0,0.0,0.5,0.25
165172,-1,16.541351,6.335999,0.605,0.368,0.364,0.545,0.0,0.0,1.0,0.0,0.182
232440,-1,17.235294,2.7179155,0.811,0.135,0.25,0.25,0.0,0.0,0.0,1.0,0.5
189860,-1,12.375919,8.374263,0.932,0.068,1.0,0.0,0.0,0.4,0.2,0.2,0.0
78074,-1,17.579702,2.4545293,0.978,0.022,0.0,0.0,0.0,0.0,0.0,0.0,0.0
197400,-1,13.247713,9.298014,0.881,0.071,0.333,0.0,0.5,0.0,0.0,0.0,0.0
208172,-1,14.903468,4.378149,0.047,0.93,0.975,0.1,0.5,0.0,0.5,0.0,0.625
70174,-1,17.776878,3.9632618,0.905,0.095,0.333,0.333,0.0,0.5,0.0,0.5,0.667
260096,-1,13.733734,10.048521,0.0,1.0,1.0,0.107,0.0,0.6,0.2,0.2,0.25
220425,-1,13.627506,9.314723,0.171,0.829,0.931,0.379,0.0,0.0,0.0,0.0,0.0
224398,-1,13.050985,8.855842,0.816,0.105,0.5,0.25,0.0,0.0,0.0,0.0,0.5
252123,6,9.008749,11.102015,0.78,0.195,0.0,0.0,0.0,0.0,0.0,0.0,0.0
234315,2,17.69541,2.3033855,0.811,0.132,0.143,0.0,0.0,0.0,0.0,0.0,0.571
133201,-1,13.045646,6.9894295,0.919,0.054,0.5,0.0,0.0,0.143,0.143,0.143,0.0
97548,5,17.548016,1.3144153,0.851,0.043,0.0,0.0,0.4,0.0,0.2,0.0,0.0
164007,6,11.959831,7.41641,0.357,0.643,1.0,0.222,0.0,0.0,0.0,0.0,0.056
260163,6,10.783774,10.022861,0.128,0.872,0.971,0.676,0.0,0.286,0.0,0.0,0.118
69115,-1,12.633277,6.986644,0.622,0.27,0.889,0.333,0.0,0.5,0.0,0.333,0.333
247103,-1,11.55115,9.659774,0.567,0.4,0.833,0.083,0.4,0.2,0.2,0.2,0.0
16244,-1,12.812675,7.6167345,0.744,0.179,0.286,0.0,0.0,0.0,0.5,0.0,0.571
171342,-1,14.255449,2.6527464,0.568,0.432,0.75,0.062,0.091,0.091,0.091,0.545,0.562
159090,-1,15.363735,8.435774,0.744,0.231,0.111,0.0,0.0,0.333,0.333,0.0,0.444
222725,-1,15.922111,1.0813618,0.857,0.095,0.0,0.0,0.0,0.0,0.5,0.0,0.667
242645,-1,17.072777,5.0974,0.814,0.093,0.0,0.0,0.0,0.0,0.0,1.0,0.75
252974,-1,13.200254,7.624302,0.694,0.306,0.0,0.0,0.0,0.0,0.2,0.0,0.0
197395,-1,14.851802,1.2262082,0.795,0.045,0.0,0.0,0.0,0.333,0.333,0.0,0.0
142802,-1,17.106009,2.786839,0.857,0.095,0.0,0.0,0.2,0.0,0.0,0.2,1.0
219644,-1,17.698423,4.6574626,0.884,0.093,0.0,0.25,0.0,0.0,0.0,0.0,0.5
127523,6,10.149183,9.993055,0.0,0.955,1.0,0.35,0.2,0.2,0.2,0.2,0.3
177572,-1,13.663791,8.158038,0.219,0.781,0.88,0.04,0.0,0.2,0.4,0.4,0.0
44141,-1,13.674486,7.5308447,0.643,0.333,0.5,0.071,0.0,0.231,0.0,0.308,0.0
196763,-1,14.674666,4.850792,0.453,0.491,0.385,0.038,0.511,0.043,0.106,0.0,0.423
61749,-1,17.331362,0.17295907,0.702,0.043,0.0,0.0,0.429,0.0,0.0,0.0,0.0
86567,-1,9.324035,11.167608,0.26,0.06,0.0,0.0,0.0,0.0,0.0,0.0,0.333
152406,-1,13.882428,4.2981143,0.864,0.136,0.0,0.0,0.0,0.0,0.0,0.0,0.0
23277,-1,16.622238,8.681561,0.238,0.762,0.0,0.0,0.0,0.0,0.0,0.0,0.0
196419,-1,15.209457,5.70365,0.837,0.116,0.6,0.0,0.25,0.0,0.0,0.0,0.2
96094,-1,17.098648,7.0376863,0.429,0.543,0.684,0.474,0.333,0.333,0.333,0.0,0.526
19374,6,9.018444,9.768986,0.867,0.089,0.25,0.0,0.0,0.5,0.0,0.5,0.0
214624,-1,14.223486,1.357803,0.977,0.023,1.0,0.0,0.0,0.0,0.0,0.0,0.0
81868,-1,13.258498,8.883512,0.6,0.382,0.625,0.188,0.0,0.25,0.125,0.5,0.062
210595,2,17.659666,3.7608373,0.939,0.02,0.0,0.0,0.0,0.0,0.0,0.0,0.0
45892,-1,12.205141,8.408065,0.119,0.833,0.939,0.152,0.333,0.167,0.167,0.167,0.212
179706,-1,18.088184,2.9006493,0.808,0.096,0.0,0.0,0.0,0.0,0.0,0.0,0.4
199916,-1,15.592793,0.7092918,0.913,0.043,0.0,0.0,0.0,0.0,0.5,0.5,0.5
28496,6,10.882014,9.010748,0.548,0.405,0.8,0.067,0.0,0.0,0.0,0.6,0.0
170328,-1,11.984379,10.5518,0.0,0.98,1.0,0.065,0.0,0.0,0.0,0.667,0.065
284930,6,9.845881,10.1928215,0.711,0.289,0.667,0.0,0.0,0.333,0.0,0.333,0.0
45764,-1,16.202,5.9217567,0.844,0.089,0.0,0.0,0.0,0.5,0.5,0.0,0.5
78407,-1,14.68114,9.645988,0.167,0.81,0.971,0.059,0.0,0.5,0.5,0.0,0.353
10459,6,10.312552,9.767631,0.256,0.692,0.704,0.444,0.056,0.167,0.0,0.778,0.111
239914,-1,13.259821,7.2625923,0.672,0.328,0.615,0.0,0.0,0.0,0.0,0.0,0.231
68238,4,16.909748,7.810159,0.535,0.442,0.5,0.0,0.0,0.0,0.5,0.5,0.167
68854,-1,17.576412,3.3083482,0.7,0.16,0.143,0.143,0.414,0.241,0.034,0.0,0.714
37507,-1,17.419144,2.4490538,0.884,0.093,0.0,0.0,0.5,0.0,0.0,0.0,0.25
23723,-1,11.635782,9.940939,0.822,0.133,0.333,0.167,0.0,0.333,0.0,0.333,0.5
16517,-1,15.967874,2.2832804,0.81,0.095,0.0,0.0,0.2,0.0,0.0,0.0,0.5
177659,-1,15.562485,2.426979,0.85,0.15,0.6,0.0,0.0,0.0,0.0,0.0,0.6
128850,-1,16.113665,1.4363582,0.854,0.098,0.0,0.0,0.0,0.5,0.0,0.5,1.0
66225,-1,15.044171,4.838242,0.649,0.27,0.6,0.3,0.0,0.333,0.333,0.333,0.4
86506,6,8.674614,9.904711,0.065,0.848,0.923,0.872,0.167,0.167,0.0,0.467,0.205
199339,-1,12.525602,9.602099,0.314,0.686,0.944,0.111,0.0,0.333,0.067,0.4,0.389
89257,-1,13.933454,3.0168602,0.694,0.278,0.5,0.5,0.0,0.5,0.0,0.0,0.5
282329,-1,15.211634,2.2187266,0.821,0.103,0.0,0.0,0.308,0.0,0.077,0.0,0.4
197883,-1,15.607069,0.17619915,0.841,0.159,0.0,0.0,0.0,0.0,0.667,0.0,0.667
287640,-1,16.649992,8.767795,0.829,0.171,0.333,0.333,0.0,0.0,0.333,0.667,0.333
180951,-1,15.740154,5.908331,0.953,0.023,1.0,1.0,0.0,0.5,0.0,0.0,1.0
251503,-1,13.990482,8.328742,0.184,0.763,0.897,0.138,0.154,0.308,0.0,0.385,0.207
15701,-1,15.102225,0.53734595,0.896,0.083,0.0,0.0,0.0,0.0,0.0,0.0,0.5
89722,4,16.961376,7.2935786,0.179,0.821,0.0,0.0,0.0,0.0,0.0,0.0,0.0
93516,-1,14.109498,3.8563287,0.261,0.674,0.6,0.12,0.0,0.056,0.833,0.056,0.76
186751,-1,16.654642,0.34370595,0.88,0.06,0.333,0.0,0.0,0.0,0.0,0.4,0.667
117380,-1,16.939735,-0.34109604,0.822,0.133,0.333,0.0,0.75,0.0,0.0,0.0,0.167
143542,-1,16.934269,2.5293863,0.939,0.041,0.0,0.0,0.471,0.0,0.0,0.059,0.5
58781,-1,15.168766,5.8464,0.696,0.239,0.111,0.0,0.0,0.0,0.0,0.0,0.5
273378,-1,16.640156,8.38799,0.657,0.286,1.0,0.333,0.0,0.0,0.0,0.0,0.167
238043,-1,13.304319,7.5663834,0.895,0.105,0.0,0.0,0.0,0.0,0.0,0.0,0.0
12719,-1,17.748608,2.9584577,0.744,0.179,0.5,0.0,0.0,0.0,0.0,0.667,1.0
220403,-1,12.893935,8.48204,0.841,0.114,0.0,0.0,0.0,0.0,0.0,1.0,0.0
73911,-1,16.208502,2.8451653,0.929,0.048,0.0,0.5,0.0,0.0,0.0,0.0,0.0
1418,-1,13.672679,9.336798,0.806,0.194,0.429,0.143,0.0,0.286,0.0,0.643,0.0
110679,-1,16.42474,5.2766805,0.591,0.364,0.0,0.0,0.273,0.091,0.091,0.273,1.0
103884,-1,13.701159,1.7394067,0.929,0.048,0.0,0.0,0.0,0.0,0.5,0.0,1.0
199988,-1,17.016565,8.177973,0.683,0.293,0.091,0.091,0.359,0.0,0.0,0.026,0.364
50178,-1,15.906306,7.6614437,0.897,0.103,0.0,0.0,0.5,0.0,0.0,0.0,0.0
193834,-1,16.841448,6.687121,0.5,0.42,0.0,0.0,0.13,0.087,0.043,0.174,0.0
157384,-1,14.472483,8.500336,0.907,0.093,0.0,1.0,0.0,0.0,0.0,0.0,1.0
195836,-1,15.742762,4.950746,0.809,0.106,0.0,0.25,0.0,0.5,0.0,0.5,0.25
258847,6,9.897969,10.161406,0.556,0.417,0.75,0.25,0.167,0.167,0.0,0.417,0.083
159577,-1,15.12311,2.217371,0.189,0.757,0.0,0.0,0.286,0.0,0.286,0.0,0.0
24748,-1,16.979927,8.309023,0.405,0.571,0.833,0.333,0.0,0.4,0.2,0.2,0.417
186174,-1,13.888781,3.811888,0.111,0.861,0.333,0.767,0.0,0.0,0.923,0.0,0.867
112236,6,10.245279,9.125045,0.388,0.51,0.92,0.12,0.0,0.333,0.0,0.333,0.04
261615,-1,11.992292,8.378754,0.571,0.408,1.0,1.0,0.0,0.0,0.0,0.0,0.0
179583,-1,17.961393,4.3718586,0.917,0.0,0.0,0.0,0.2,0.45,0.0,0.0,0.0
56235,-1,14.522176,6.4127455,0.692,0.282,0.364,0.0,0.0,0.083,0.0,0.583,0.5
46430,6,9.378932,11.112167,0.237,0.684,0.192,0.115,0.0,0.133,0.0,0.867,0.0
56866,-1,15.909538,7.5770926,0.63,0.333,0.118,0.059,0.059,0.118,0.118,0.588,0.706
228329,-1,17.319141,0.5250698,0.841,0.091,0.0,0.0,0.0,0.0,0.5,0.0,0.5
176181,-1,11.468171,9.776764,0.0,0.961,1.0,0.114,0.091,0.182,0.091,0.364,0.022
142465,6,10.708252,9.711612,0.766,0.213,0.4,0.0,0.143,0.143,0.0,0.714,0.0
182011,-1,16.990896,5.42118,0.66,0.319,0.0,1.0,0.0,0.5,0.25,0.0,1.0
130972,-1,14.698563,5.2482333,0.886,0.091,0.0,0.0,0.0,1.0,0.0,0.0,1.0
242112,-1,16.245716,-0.2832884,0.86,0.07,0.0,0.333,0.0,0.0,0.0,0.0,0.667
69219,-1,17.024862,2.7015946,0.897,0.051,0.0,0.0,0.333,0.0,0.2,0.067,1.0
172814,-1,12.974361,7.429996,0.872,0.085,0.0,0.0,0.0,0.0,1.0,0.0,0.0
10376,-1,15.109995,1.8363824,0.875,0.1,0.25,0.25,0.0,0.0,0.0,0.0,0.5
196811,-1,13.59879,1.7659466,0.291,0.673,0.114,0.111,0.0,0.0,0.973,0.0,0.486
11124,-1,10.857964,8.236122,0.826,0.065,0.333,0.0,0.25,0.0,0.0,0.0,0.0
121105,-1,14.977714,7.251114,0.34,0.623,0.0,0.0,0.0,0.0,0.0,0.0,0.0
157376,-1,15.657573,4.93046,0.884,0.093,0.25,0.0,0.5,0.0,0.0,0.5,0.5
66498,-1,14.952493,4.8420286,0.513,0.436,0.25,0.438,0.0,0.067,0.867,0.0,0.438
253910,-1,12.298485,7.950197,0.65,0.3,0.222,0.111,0.0,0.308,0.077,0.308,0.111
249515,-1,16.264025,7.366529,0.913,0.065,0.333,0.333,0.0,0.125,0.25,0.125,0.333
19098,-1,17.401693,4.967425,0.809,0.17,0.0,0.0,0.0,0.0,0.0,0.0,1.0
96199,-1,16.527418,2.774639,0.364,0.614,0.5,0.846,0.0,0.0,0.667,0.0,0.731
224188,5,17.397226,0.32099852,0.767,0.116,0.0,0.0,0.333,0.0,0.0,0.111,0.5
14466,-1,17.367655,0.7758833,0.891,0.022,0.0,0.0,0.0,0.5,0.0,0.0,1.0
15658,-1,15.5340395,1.6698763,0.796,0.167,0.0,0.0,0.0,0.2,0.0,0.2,0.625
184383,-1,15.439649,0.9140115,0.925,0.057,0.333,0.0,0.0,0.0,0.0,0.0,1.0
79741,6,10.887696,10.562916,0.312,0.667,0.781,0.031,0.0,0.5,0.0,0.5,0.031
228905,-1,15.183662,9.05779,0.042,0.917,1.0,0.209,0.417,0.0,0.083,0.167,0.256
77627,-1,12.357611,6.841298,0.889,0.022,0.0,1.0,0.0,0.5,0.0,0.0,1.0
100250,-1,15.378684,1.9724865,1.0,0.0,0.0,0.0,0.0,0.0,0.5,0.5,0.0
269239,6,8.996654,10.577453,0.625,0.375,0.455,0.455,0.0,0.182,0.0,0.636,0.273
236602,-1,13.369746,9.606621,0.108,0.865,0.906,0.156,0.0,0.125,0.0,0.5,0.062
278785,6,9.806436,9.652685,0.385,0.615,0.833,0.042,0.1,0.2,0.0,0.1,0.083
276247,-1,13.721474,4.7610226,0.424,0.545,0.75,0.375,0.0,0.0,0.2,0.4,0.312
248850,-1,12.909716,10.26307,0.36,0.56,0.75,0.0,0.0,0.0,0.0,0.5,0.231
185368,-1,15.499048,6.848948,0.647,0.353,0.294,0.882,0.0,0.0,0.8,0.0,0.412
180649,-1,15.934564,1.7718893,0.571,0.381,0.062,0.25,0.0,0.0,1.0,0.0,0.688
54328,-1,15.456606,0.52607745,0.864,0.068,0.0,0.0,0.0,1.0,0.0,0.0,0.667
112723,6,9.906276,9.580969,0.922,0.059,0.333,0.0,0.0,0.0,0.0,0.0,0.333
130376,-1,14.503104,4.241578,0.314,0.657,0.0,0.905,0.067,0.0,0.8,0.0,0.762
142908,-1,15.508838,3.9488623,0.036,0.929,1.0,0.269,0.2,0.0,0.0,0.0,0.769
178292,-1,12.590122,9.500282,0.438,0.521,0.64,0.16,0.0,0.1,0.1,0.7,0.36
126116,-1,16.46774,0.58107334,0.854,0.104,0.0,0.0,0.0,0.0,1.0,0.0,0.6
178411,-1,16.191906,3.7222538,0.84,0.12,0.0,0.0,0.2,0.0,0.0,0.2,0.833
22896,-1,12.321382,9.335816,0.023,0.977,1.0,0.095,0.0,0.5,0.0,0.25,0.429
107832,-1,12.555153,7.0254116,0.697,0.242,0.0,0.75,0.0,0.0,0.0,0.5,0.0
220264,-1,11.60908,9.110196,0.811,0.162,0.0,0.0,0.0,0.5,0.0,0.0,0.167
223278,6,9.023332,9.715796,0.424,0.576,0.789,0.105,0.0,0.286,0.143,0.286,0.316
161746,-1,17.251802,5.413118,0.841,0.114,0.0,0.0,0.0,0.0,0.333,0.333,0.75
52836,-1,12.428606,8.437437,0.833,0.119,0.0,0.0,0.0,0.5,0.0,0.5,0.333
85126,-1,13.087285,8.389894,0.775,0.15,0.0,0.0,0.125,0.562,0.0,0.125,0.667
70172,-1,12.302519,8.469281,0.375,0.625,0.414,0.31,0.062,0.062,0.688,0.0,0.207
68991,-1,17.783117,2.8193524,0.868,0.079,0.333,0.0,0.0,0.0,0.0,0.8,0.333
8282,-1,12.7383,7.3327966,0.023,0.886,1.0,0.947,0.0,0.0,0.0,0.0,0.053
1371,-1,15.751997,8.972798,0.531,0.469,0.533,0.067,0.125,0.0,0.0,0.125,0.533
47242,-1,16.523964,5.2546577,0.043,0.957,0.955,0.75,0.0,0.5,0.5,0.0,0.477
245705,6,8.141194,11.3210535,0.182,0.773,0.278,0.111,0.0,0.158,0.0,0.316,0.0
58793,6,8.749047,10.493184,0.889,0.089,0.0,0.0,0.0,0.0,0.0,1.0,0.5
247251,-1,16.735773,7.6898866,0.511,0.447,0.125,0.125,0.0,0.0,0.0,0.0,0.125
149731,-1,15.017997,0.6437703,0.694,0.306,0.273,0.182,0.0,0.167,0.667,0.0,0.545
140668,-1,13.94329,3.3662603,0.81,0.19,0.2,0.0,0.0,0.0,0.0,0.0,0.4
92074,-1,14.420099,1.4854321,0.86,0.093,0.0,0.0,0.0,0.0,0.0,0.0,0.5
152547,-1,15.411447,5.0110545,0.543,0.413,0.789,0.158,0.25,0.125,0.0,0.25,0.632
243539,-1,16.411179,1.6504397,0.902,0.098,0.0,0.333,0.0,0.2,0.0,0.2,0.667
223998,-1,12.761935,9.081597,0.743,0.229,0.375,0.25,0.143,0.143,0.0,0.143,0.0
204494,-1,15.83451,8.3909235,0.75,0.229,0.4,0.1,0.0,1.0,0.0,0.0,0.4
132954,6,9.4888525,11.276347,0.706,0.265,0.556,0.0,0.077,0.154,0.0,0.308,0.111
167455,-1,16.770756,2.2706997,0.6,0.333,0.667,0.0,0.0,0.083,0.417,0.0,0.533
175175,-1,14.845667,1.0123675,0.83,0.149,0.0,0.0,0.0,0.25,0.25,0.0,0.5
153681,-1,17.043043,8.018395,0.55,0.425,0.0,0.5,0.0,1.0,0.0,0.0,0.0
223988,-1,14.556316,3.496144,0.615,0.333,0.462,0.231,0.0,0.0,0.7,0.3,0.385
162277,-1,15.152742,8.120119,0.029,0.971,1.0,0.333,0.333,0.111,0.0,0.0,0.167
206278,-1,17.477829,3.282773,0.844,0.133,0.167,0.0,0.0,0.0,0.0,0.0,0.333
50934,-1,14.59674,1.3841455,0.059,0.882,0.897,0.828,0.182,0.0,0.091,0.273,0.621
251236,6,10.381767,10.910715,0.233,0.7,0.762,0.857,0.0,0.231,0.0,0.385,0.095
186595,-1,14.062007,4.273106,0.881,0.095,0.75,0.5,0.0,0.0,0.0,1.0,0.0
86927,-1,17.632343,3.435967,0.905,0.071,0.333,0.0,0.214,0.071,0.071,0.143,0.0
287113,-1,17.111776,3.63212,0.83,0.149,0.0,0.5,0.0,0.0,0.0,0.0,0.0
38801,-1,15.9494,1.8140799,0.905,0.048,0.0,0.0,0.0,0.0,0.0,0.0,0.5
92152,-1,13.574087,1.5381778,0.8,0.133,0.0,0.0,0.25,0.0,0.0,0.0,0.667
110956,-1,14.463646,0.9327392,0.756,0.146,0.5,0.0,0.0,0.0,0.0,0.8,0.333
64295,-1,10.418973,8.778133,0.8,0.133,0.0,0.0,0.0,0.0,0.5,0.0,0.5
111891,-1,16.778019,-0.06189865,0.844,0.089,0.0,0.0,0.125,0.0,0.0,0.125,1.0
262150,-1,15.654242,6.6049743,0.775,0.175,0.429,0.143,0.0,0.312,0.0,0.0,0.286
83719,-1,15.459456,3.6147616,0.794,0.147,0.0,0.0,0.72,0.0,0.0,0.0,0.8
135431,-1,14.869822,2.2322876,0.222,0.689,0.821,0.179,0.0,0.333,0.667,0.0,0.357
24362,-1,15.136682,9.688582,0.34,0.66,0.824,0.294,0.0,0.0,0.5,0.5,0.5
222647,-1,13.982495,10.161421,0.0,0.953,1.0,1.0,0.0,1.0,0.0,0.0,0.585
261548,-1,16.745356,1.5507444,0.311,0.689,0.677,0.067,0.0,0.444,0.222,0.056,0.516
143347,-1,18.052317,3.6288304,0.884,0.07,0.0,0.0,0.0,0.0,0.0,0.0,1.0
124519,-1,15.493217,1.2665166,0.265,0.735,0.92,0.115,0.25,0.75,0.0,0.0,0.577
52436,-1,14.889843,9.359724,0.205,0.769,0.4,0.967,0.0,0.0,0.5,0.167,0.4
249674,6,8.584719,11.47902,0.486,0.371,0.538,0.077,0.0,0.278,0.0,0.5,0.0
112907,6,9.677904,9.260242,0.196,0.739,0.758,0.182,0.062,0.188,0.0,0.625,0.303
222189,-1,10.979949,8.897859,0.75,0.182,0.375,0.0,0.0,0.444,0.0,0.333,0.0
200963,-1,14.006002,7.7258625,0.738,0.238,0.4,0.0,0.0,0.333,0.333,0.0,0.6
173947,-1,14.756937,3.8150668,0.891,0.043,0.0,0.0,0.0,0.0,0.0,0.0,0.5
81905,6,9.695447,9.040749,0.359,0.615,0.333,0.042,0.0,0.125,0.25,0.625,0.167
40809,-1,15.790804,2.6779587,0.911,0.044,0.0,0.0,0.533,0.0,0.0,0.133,1.0
245067,-1,9.219563,9.347754,0.854,0.049,0.5,0.0,0.0,0.0,0.0,0.0,0.0
257955,4,17.11528,1.5271991,0.163,0.837,0.0,0.0,0.111,0.0,0.0,0.111,0.0
192560,-1,16.029295,7.565514,0.667,0.308,0.222,0.444,0.261,0.13,0.0,0.348,0.778
65159,-1,14.158707,1.5308403,0.119,0.81,0.387,1.0,0.0,0.2,0.8,0.0,0.387
140315,-1,15.591422,4.7489147,0.87,0.087,0.25,0.0,0.0,0.0,0.0,0.75,0.75
88535,-1,13.440883,9.192189,0.292,0.708,0.676,0.147,0.0,0.214,0.0,0.643,0.0
174099,-1,17.646801,1.1297501,0.933,0.044,0.0,0.0,0.0,0.0,0.0,0.0,1.0
119312,-1,16.490028,4.706541,0.805,0.146,0.25,0.0,0.0,0.0,0.0,0.0,0.75
210116,-1,15.386623,7.2708826,0.8,0.133,0.167,0.0,0.0,0.0,1.0,0.0,0.667
254730,6,12.824156,5.904147,0.783,0.109,0.0,0.0,0.0,0.0,0.333,0.0,0.2
184534,-1,9.528885,11.311479,0.564,0.282,0.727,0.182,0.0,1.0,0.0,0.0,0.545
117202,-1,13.069863,8.376101,0.855,0.145,0.667,0.0,0.0,0.0,0.0,0.0,0.0
163023,-1,16.763584,-0.108188696,0.955,0.045,0.5,0.0,0.0,1.0,0.0,0.0,0.5
100079,-1,9.97476,8.87346,0.8,0.044,0.0,0.0,0.444,0.0,0.0,0.0,0.0
83812,-1,16.785769,7.562136,0.63,0.283,0.083,0.25,0.531,0.062,0.031,0.031,0.75
70216,6,9.481884,9.157238,0.75,0.114,0.4,0.4,0.0,0.25,0.25,0.0,0.0
227863,-1,13.930724,6.170124,0.913,0.087,0.0,0.0,0.0,0.0,0.0,0.0,0.5
89719,-1,15.17293,0.22842841,0.887,0.057,0.0,0.0,0.0,0.0,0.0,0.0,0.667
120452,-1,15.9808,3.373107,0.822,0.178,0.0,0.0,0.4,0.04,0.0,0.0,0.857
234261,-1,17.952414,2.9866362,0.775,0.175,0.0,0.0,0.273,0.091,0.0,0.0,0.857
132177,-1,12.704251,8.132724,0.854,0.098,0.333,0.0,0.0,0.0,0.0,0.0,0.333
174482,-1,13.600587,2.1584127,0.366,0.585,0.217,0.826,0.071,0.214,0.071,0.071,0.739
1707,6,11.371381,9.091237,0.725,0.25,0.333,0.111,0.056,0.0,0.0,0.389,0.333
3251,-1,16.722317,6.9842367,0.383,0.617,0.0,0.0,0.0,0.0,0.0,0.0,0.0
120144,-1,15.7938,5.681699,0.792,0.146,0.333,0.167,0.0,0.0,0.4,0.2,0.167
283806,-1,14.725528,2.147309,0.761,0.152,0.0,0.0,0.467,0.0,0.1,0.0,0.857
83360,-1,16.153873,5.8882995,0.763,0.211,0.5,0.0,0.0,0.0,0.5,0.0,0.333
132956,6,8.422369,10.541643,0.778,0.2,0.111,0.111,0.0,0.8,0.0,0.2,0.444
160312,-1,13.798105,3.134904,0.791,0.163,0.0,0.0,0.5,0.5,0.0,0.0,0.714
127262,-1,17.697172,1.8210877,0.848,0.109,0.0,0.2,0.333,0.0,0.333,0.0,0.8
2264,-1,16.749588,3.7385497,0.0,1.0,0.951,0.537,0.143,0.143,0.0,0.143,0.195
117943,-1,14.909691,3.597935,0.674,0.256,0.0,0.0,0.553,0.0,0.0,0.026,0.545
92187,-1,11.3907585,8.99745,0.25,0.719,0.913,0.087,0.083,0.25,0.0,0.583,0.217
62356,6,8.168551,11.17232,0.535,0.395,0.062,0.062,0.0,0.115,0.0,0.769,0.062
197202,-1,13.925115,6.2235594,0.821,0.154,0.333,0.167,0.0,0.0,0.0,0.333,0.833
169587,-1,15.395109,2.708265,0.7,0.24,0.0,0.0,0.25,0.0,0.0,0.0,0.8
99846,-1,15.537478,4.901221,0.833,0.139,0.0,0.0,0.0,0.0,0.0,1.0,0.25
97538,-1,17.59572,1.3885604,0.822,0.089,0.0,0.0,0.0,0.5,0.0,0.0,1.0
213701,-1,17.926222,1.5790244,0.894,0.043,0.0,0.0,0.231,0.0,0.0,0.0,1.0
93894,-1,15.039442,3.3914716,0.83,0.128,0.0,0.0,0.0,1.0,0.0,0.0,0.667
171485,-1,15.118703,6.5147514,0.083,0.861,0.345,0.552,0.0,0.083,0.917,0.0,0.724
107253,-1,13.171903,5.84918,0.829,0.098,0.0,0.0,0.0,0.286,0.143,0.286,0.5
96847,-1,16.22522,9.037186,0.289,0.667,0.379,0.828,0.5,0.0,0.25,0.0,0.31
184286,6,8.960441,11.4840765,0.043,0.957,0.93,0.581,0.208,0.208,0.0,0.083,0.14
86653,-1,13.738743,7.7391915,0.878,0.098,0.0,0.0,0.0,0.0,0.0,1.0,0.0
135464,4,17.070642,7.2562923,0.342,0.632,0.0,0.0,0.0,1.0,0.0,0.0,0.0
195558,-1,16.369455,3.308016,0.609,0.37,0.588,0.0,0.0,0.0,0.0,0.0,0.588
272478,-1,16.506922,7.7587442,0.111,0.844,0.0,0.0,0.0,0.038,0.154,0.077,0.25
135870,-1,16.63582,7.56699,0.478,0.5,0.318,0.364,0.0,0.0,0.8,0.067,0.818
74611,6,9.079913,10.503451,0.867,0.111,0.0,0.0,0.0,0.0,0.0,0.667,0.0
260320,6,11.076258,9.961043,0.571,0.343,0.727,0.091,0.0,0.25,0.0,0.5,0.0
101277,-1,14.714732,1.7156434,0.85,0.125,0.2,0.2,0.217,0.0,0.174,0.0,1.0
257749,6,11.20714,9.999529,0.325,0.625,0.87,0.043,0.167,0.167,0.083,0.417,0.13
14423,6,8.00633,11.060754,0.792,0.167,0.167,0.0,0.0,0.25,0.0,0.5,0.0
119421,-1,14.110458,8.163154,0.76,0.22,0.091,0.0,0.0,0.5,0.0,0.0,0.455
93139,-1,14.473942,4.778449,0.163,0.837,0.057,0.114,0.0,0.0,1.0,0.0,0.514
70610,-1,13.481562,2.59142,0.86,0.12,0.0,0.0,0.0,0.0,1.0,0.0,0.6
33317,-1,13.480444,9.687389,0.326,0.587,0.84,0.12,0.0,0.333,0.0,0.556,0.16
249402,6,10.525825,10.089301,0.622,0.378,0.214,0.071,0.053,0.526,0.0,0.158,0.0
235965,-1,13.3952055,8.707238,0.203,0.763,0.956,0.022,0.071,0.214,0.0,0.286,0.178
197407,-1,12.169533,10.368927,0.0,1.0,1.0,0.25,0.0,0.0,0.5,0.0,0.2
117730,6,9.699793,9.54153,0.738,0.19,0.125,0.0,0.0,0.091,0.0,0.818,0.125
200533,-1,14.617033,0.9355739,0.889,0.083,0.0,0.0,0.0,0.0,0.0,0.0,1.0
48596,-1,16.584534,8.15102,0.512,0.488,0.0,0.0,0.3,0.0,0.0,0.1,0.0
152514,-1,17.491302,2.0151014,0.841,0.159,0.0,0.0,0.0,0.0,0.0,0.0,0.8
239469,-1,15.784504,6.9114065,0.795,0.114,0.2,0.0,0.182,0.182,0.091,0.182,0.0
107504,-1,14.89373,9.165151,0.053,0.921,0.971,0.086,0.0,0.0,0.0,0.0,0.029
82454,-1,15.259237,3.405775,0.921,0.026,0.0,0.0,0.0,0.0,1.0,0.0,1.0
16812,6,10.478015,9.451083,0.725,0.275,0.0,0.0,0.0,0.0,0.0,0.5,0.0
31822,-1,17.553173,2.632884,0.953,0.047,0.0,0.0,0.235,0.118,0.0,0.059,1.0
167197,-1,15.256363,4.419885,0.844,0.044,0.0,0.0,0.0,0.0,0.0,1.0,1.0
127700,6,9.0887375,10.182636,0.725,0.25,0.143,0.286,0.0,0.0,0.0,0.5,0.286
44166,-1,14.3514,3.0591347,0.822,0.111,0.0,0.0,0.0,0.0,0.0,1.0,1.0
41365,-1,16.502506,-0.38042146,0.826,0.13,0.167,0.0,0.2,0.0,0.0,0.1,0.5
231615,-1,15.86486,3.2158575,0.878,0.098,0.0,0.0,0.333,0.0,0.0,0.0,0.5
150032,6,10.433605,9.139249,0.867,0.111,0.2,0.0,0.0,0.25,0.0,0.75,0.0
115993,-1,15.892725,1.0504442,0.385,0.615,0.227,1.0,0.0,0.0,0.4,0.2,0.455
87986,-1,15.863518,7.2773643,0.617,0.34,0.167,0.0,0.0,0.0,0.0,0.0,0.333
81899,-1,13.714162,8.786219,0.367,0.6,0.889,0.889,0.0,0.5,0.0,0.0,0.611
178403,-1,14.54712,1.203428,0.864,0.068,0.0,0.0,0.3,0.0,0.05,0.0,1.0
25673,6,12.469892,9.008807,0.949,0.051,0.0,0.0,0.0,0.0,0.0,0.0,0.0
153398,-1,13.728714,8.298037,0.385,0.615,0.696,0.087,0.5,0.167,0.167,0.0,0.043
152571,6,10.452266,9.927033,0.667,0.308,0.727,0.091,0.0,0.0,0.6,0.0,0.273
294630,-1,13.480021,8.962417,0.8,0.175,0.429,0.0,0.0,0.0,1.0,0.0,0.0
290794,-1,11.824018,10.221394,0.595,0.381,0.467,0.133,0.0,0.0,1.0,0.0,0.267
233642,-1,16.742468,8.188122,0.211,0.789,0.364,0.182,0.0,0.0,0.333,0.0,0.364
141721,-1,16.820332,1.1370935,0.838,0.135,0.0,0.333,0.0,0.5,0.0,0.0,0.667
136516,-1,13.321751,5.365614,0.886,0.045,0.5,0.0,0.0,1.0,0.0,0.0,0.5
158952,-1,13.228098,3.735018,0.333,0.59,0.682,0.364,0.182,0.0,0.364,0.091,0.682
60413,-1,15.43488,4.9396443,0.85,0.15,0.4,0.0,0.0,0.333,0.0,0.0,0.8
196677,-1,16.734423,0.44376498,0.932,0.023,0.0,0.0,0.0,0.0,0.0,0.0,1.0
273063,-1,14.206432,8.406418,0.349,0.605,0.654,0.038,0.143,0.333,0.048,0.333,0.269
113231,-1,13.906015,5.078176,0.957,0.043,0.0,0.0,0.0,0.0,0.0,0.0,1.0
273971,-1,13.469366,9.841281,0.488,0.463,0.333,0.0,0.0,0.333,0.0,0.333,0.556
26490,6,10.253052,10.078939,0.049,0.951,0.944,0.306,0.0,0.474,0.053,0.316,0.417
51759,-1,11.912939,7.6994605,0.58,0.38,0.0,0.0,0.0,0.0,0.0,0.0,0.0
178451,-1,13.84739,5.8889236,0.605,0.326,0.231,0.692,0.333,0.0,0.333,0.0,0.615
154684,6,12.09538,8.643769,0.275,0.65,0.692,0.385,0.0,0.278,0.222,0.444,0.269
5068,-1,15.681731,3.4061668,0.909,0.045,0.0,0.0,0.0,0.0,0.0,0.0,1.0
287322,-1,9.683273,10.164137,0.886,0.045,0.5,0.5,0.333,0.0,0.0,0.333,0.0
155733,-1,14.706578,9.651783,0.333,0.667,0.682,0.364,0.111,0.0,0.667,0.0,0.682
257135,-1,15.421134,3.3939974,0.293,0.61,0.333,0.0,0.2,0.133,0.0,0.4,0.333
157189,-1,16.366167,2.9084973,0.796,0.184,0.286,0.286,0.0,0.25,0.25,0.25,0.857
172656,-1,15.421458,8.458031,0.071,0.929,0.778,0.028,0.0,0.0,0.545,0.091,0.722
91881,-1,17.610178,2.5350392,0.915,0.064,0.0,0.0,0.0,0.0,0.0,0.0,0.667
193792,-1,15.009308,8.337761,0.786,0.143,0.0,0.0,0.0,0.0,0.0,0.0,1.0
7656,-1,18.046438,1.7176113,0.889,0.067,0.0,0.0,0.0,0.5,0.0,0.0,1.0
101349,-1,14.719468,5.792278,0.333,0.667,0.0,1.0,0.0,0.0,0.5,0.0,0.619
4855,-1,13.315319,3.7346451,0.795,0.182,0.0,0.125,0.353,0.0,0.059,0.235,0.75
53143,-1,13.551948,7.395709,0.673,0.286,0.643,0.143,0.0,0.333,0.167,0.5,0.5
52785,-1,15.377021,1.2031561,0.439,0.512,0.0,0.0,0.0,0.0,0.5,0.0,0.0
265533,-1,9.979068,9.24751,0.333,0.63,0.059,0.824,0.0,0.0,0.5,0.2,0.118
52309,-1,12.57824,6.3820324,0.0,0.932,1.0,0.425,0.0,0.0,0.857,0.0,0.6
65093,-1,16.474218,8.455782,0.533,0.422,1.0,0.0,0.0,0.167,0.0,0.0,0.0
34158,-1,11.898476,8.259831,0.688,0.229,0.333,0.0,0.222,0.111,0.0,0.0,0.0
14342,-1,13.748719,2.844424,0.604,0.396,0.125,0.062,0.067,0.133,0.533,0.0,0.824
228415,-1,17.571478,2.6329706,0.844,0.133,0.0,0.0,0.593,0.037,0.0,0.0,0.5
78981,-1,15.475774,1.2661289,0.767,0.233,0.5,0.0,0.0,0.0,0.0,0.0,0.0
41671,6,9.465939,11.113027,0.5,0.261,0.0,0.0,0.0,0.269,0.0,0.615,0.0
42196,-1,13.985453,3.5660577,0.03,0.97,1.0,0.226,0.316,0.105,0.0,0.053,0.387
58731,-1,14.915328,0.4611502,0.949,0.051,0.0,0.0,0.0,1.0,0.0,0.0,0.5
114929,-1,17.862782,3.498527,0.942,0.019,0.0,1.0,0.286,0.0,0.143,0.0,0.0
191533,-1,11.843415,8.055119,0.795,0.179,0.167,0.0,0.067,0.0,0.0,0.0,0.167
106960,-1,12.408544,7.8466835,0.605,0.342,0.5,0.083,0.25,0.062,0.0,0.625,0.0
24561,-1,15.905115,0.68150043,0.723,0.234,0.111,0.0,0.0,0.167,0.5,0.167,0.667
18846,-1,16.517128,5.729297,0.683,0.317,0.0,0.0,0.0,0.0,0.333,0.0,0.0
270006,6,9.380565,10.221635,0.25,0.688,0.714,0.048,0.0,0.182,0.0,0.818,0.0
163293,4,15.630235,7.562694,0.641,0.359,1.0,0.0,0.0,0.0,0.0,0.0,0.0
46714,-1,17.604992,5.2239184,0.227,0.773,0.0,0.0,0.0,0.0,0.0,0.0,0.0
64060,-1,14.131031,9.75842,0.167,0.81,0.941,0.176,0.125,0.25,0.0,0.125,0.176
123064,-1,11.830709,7.5019493,0.471,0.5,0.941,0.059,0.235,0.235,0.0,0.412,0.176
267297,6,8.48371,11.170651,0.512,0.463,0.0,0.0,0.0,0.0,0.0,0.0,0.0
14904,-1,14.251109,3.1497002,0.822,0.178,0.0,0.0,0.364,0.0,0.091,0.0,1.0
151347,-1,16.074682,7.9277544,0.048,0.881,0.941,0.471,0.0,0.0,0.333,0.111,0.559
57579,-1,15.3890505,0.25132626,0.804,0.13,0.0,0.0,0.222,0.0,0.0,0.0,1.0
236082,-1,15.127062,1.1741412,0.795,0.091,0.0,0.0,0.333,0.0,0.0,0.0,0.5
156379,-1,9.723091,10.243284,0.447,0.526,0.3,0.1,0.056,0.056,0.222,0.611,0.15
67281,-1,13.986629,3.3605046,0.875,0.1,0.0,0.5,0.0,0.0,0.0,0.0,0.75
192070,-1,14.368102,7.8989615,0.784,0.189,0.714,0.0,0.0,0.0,0.0,1.0,0.286
53534,-1,14.007926,2.0716658,0.932,0.023,0.0,1.0,0.222,0.0,0.111,0.0,1.0
175181,-1,11.6992235,10.190426,0.0,0.949,1.0,0.054,0.222,0.333,0.0,0.222,0.378
107957,-1,16.231169,-0.16807754,0.877,0.053,0.333,0.0,0.75,0.0,0.0,0.0,0.333
44509,-1,10.229023,11.005484,0.186,0.814,0.943,0.029,0.2,0.4,0.0,0.0,0.171
270526,-1,9.981156,11.183155,0.0,0.971,1.0,0.606,0.0,0.25,0.0,0.25,0.394
67978,-1,14.254255,4.0655413,0.0,0.978,1.0,0.805,0.0,0.0,0.0,0.0,0.537
194602,-1,14.21857,9.981274,0.098,0.902,0.919,0.676,0.0,0.167,0.333,0.167,0.486
157503,-1,8.628735,9.888417,0.854,0.083,0.0,0.0,0.0,0.125,0.0,0.0,0.0
2515,6,10.257569,9.099937,0.667,0.256,0.8,0.4,0.0,0.0,0.0,0.556,0.1
240671,-1,16.49404,2.1462653,0.868,0.075,0.0,0.0,0.444,0.0,0.0,0.0,0.75
103455,-1,16.431736,0.42777634,0.812,0.104,0.0,0.0,0.2,0.1,0.0,0.0,0.4
51526,-1,14.3874655,1.394658,0.829,0.086,0.0,0.0,0.333,0.333,0.333,0.0,0.333
151961,-1,17.219732,3.971532,0.86,0.047,0.0,0.0,1.0,0.0,0.0,0.0,0.0
212448,-1,10.506878,8.588507,0.923,0.019,1.0,0.0,0.25,0.25,0.25,0.0,1.0
61858,-1,16.097095,5.622962,0.778,0.2,0.0,0.167,0.655,0.034,0.034,0.0,0.571
119298,-1,16.35738,0.8142465,0.867,0.067,0.0,0.0,0.0,0.0,0.0,0.0,0.667
16068,-1,14.825011,7.2160306,0.077,0.923,0.794,0.147,0.0,0.25,0.5,0.25,0.514
51705,-1,15.217141,4.79435,0.955,0.045,0.0,0.0,0.0,0.0,0.0,0.0,1.0
201500,-1,14.302757,3.8042047,0.792,0.146,0.8,0.0,0.444,0.0,0.0,0.111,0.8
73049,1,16.39699,3.248019,0.864,0.114,0.0,0.0,0.333,0.0,0.0,0.0,0.8
179111,-1,14.32005,9.229447,0.0,0.981,1.0,0.103,0.0,0.333,0.333,0.0,0.154
195435,6,9.187217,11.51133,0.132,0.774,0.615,0.872,0.0,0.344,0.094,0.312,0.256
118343,-1,16.861097,7.995793,0.816,0.184,1.0,0.0,0.0,0.0,0.0,0.0,1.0
234201,-1,17.092237,4.127596,0.841,0.136,0.0,0.25,0.333,0.0,0.0,0.333,1.0
78579,6,9.269638,11.387287,0.333,0.643,0.375,0.125,0.0,0.261,0.0,0.696,0.0
115526,-1,11.18415,9.560256,0.907,0.093,0.5,0.0,0.0,0.167,0.0,0.5,0.0
74904,1,16.64781,3.3381588,0.377,0.585,0.517,0.276,0.0,0.087,0.696,0.043,0.862
125561,-1,14.086408,9.020467,0.861,0.139,0.0,0.0,0.0,0.0,0.75,0.0,0.75
81240,-1,14.224469,2.6680207,0.714,0.286,0.5,0.125,0.0,0.0,0.0,0.0,0.625
150468,-1,17.25301,3.3552525,0.657,0.343,0.2,0.2,0.0,0.0,1.0,0.0,0.2
144382,-1,11.572924,9.780277,0.846,0.096,0.0,0.0,0.0,0.0,0.0,0.333,0.0
172816,-1,15.035461,9.574188,0.13,0.87,0.921,0.132,0.0,0.0,0.5,0.0,0.158
244089,-1,16.311274,-0.28035524,0.889,0.111,0.0,0.0,0.25,0.0,0.0,0.25,0.4
20396,-1,16.134224,5.723678,0.714,0.214,0.5,0.0,0.0,1.0,0.0,0.0,0.5
26374,6,12.623797,8.816949,0.271,0.729,0.857,0.029,0.0,0.25,0.25,0.375,0.0
95412,-1,16.002302,9.010673,0.5,0.464,0.773,0.409,0.0,0.286,0.0,0.143,0.182
57108,-1,16.693218,-0.4161705,0.887,0.094,0.0,0.0,0.0,0.0,0.0,0.0,0.4
211446,-1,17.576315,4.190935,0.917,0.056,0.0,0.0,0.333,0.333,0.0,0.0,0.5
181213,-1,15.61106,4.046053,0.886,0.045,0.0,0.0,0.0,0.0,0.0,0.0,1.0
212423,-1,15.243317,5.2607565,0.92,0.04,0.0,0.0,0.0,1.0,0.0,0.0,1.0
166407,6,13.511968,6.1022525,0.054,0.946,0.971,0.886,0.0,0.0,0.6,0.2,0.171
152949,-1,16.69492,6.4812593,0.205,0.744,0.0,0.0,0.0,0.0,0.0,0.0,0.0
255100,6,11.725389,9.241608,0.543,0.457,0.5,0.062,0.0,0.333,0.0,0.333,0.375
205082,-1,13.418636,7.785408,0.435,0.543,0.8,0.45,0.0,0.5,0.167,0.167,0.35
214336,-1,14.16326,8.894571,0.805,0.195,0.0,0.0,0.0,0.0,0.0,0.0,1.0
184166,-1,14.551527,2.9582574,0.353,0.588,0.15,0.1,0.0,0.0,1.0,0.0,0.6
128632,-1,13.2752905,4.7064514,0.623,0.358,0.0,0.125,0.167,0.0,0.167,0.0,0.375
225925,-1,13.167523,10.061346,0.0,1.0,1.0,0.139,0.125,0.5,0.0,0.125,0.167
96528,-1,16.844646,2.311398,0.66,0.277,0.077,0.385,0.27,0.108,0.027,0.0,0.769
123136,-1,14.6022215,1.3573377,0.902,0.049,0.0,0.0,0.0,0.0,0.0,0.0,0.5
233355,-1,17.403,4.782997,0.911,0.0,0.0,0.0,0.0,0.5,0.5,0.0,0.0
207950,-1,16.060242,8.403738,0.588,0.382,0.6,0.8,0.0,1.0,0.0,0.0,0.2
157981,-1,13.289101,3.9688315,0.625,0.375,0.0,0.5,0.167,0.0,0.167,0.0,0.5
215432,-1,14.740617,8.093384,0.164,0.782,0.905,0.071,0.121,0.242,0.03,0.364,0.071
121939,-1,16.635122,2.2609189,0.878,0.049,0.0,0.0,0.231,0.0,0.0,0.077,1.0
267750,-1,16.130693,8.04238,0.257,0.714,0.5,0.0,0.0,0.125,0.0,0.0,0.0
228967,-1,13.663067,5.4524083,0.0,0.976,1.0,0.3,0.091,0.182,0.273,0.182,0.375
243897,6,9.860901,10.856342,0.04,0.94,0.935,0.174,0.0,0.375,0.0,0.5,0.217
227533,-1,16.220356,2.3095436,0.864,0.114,0.0,0.333,0.222,0.0,0.0,0.222,0.333
293276,-1,14.64024,4.9217477,0.608,0.353,0.688,0.5,0.0,0.25,0.0,0.625,0.062
151412,-1,16.43144,7.890907,0.303,0.697,0.0,1.0,0.0,0.111,0.111,0.111,0.0
191143,-1,17.782804,4.9240904,0.952,0.0,0.0,0.0,0.25,0.25,0.0,0.25,0.0
152222,-1,13.459169,4.5905094,0.811,0.17,0.0,0.0,0.0,0.0,1.0,0.0,0.5
83515,-1,13.684985,5.8718066,0.514,0.459,0.625,0.625,0.0,0.0,1.0,0.0,0.375
195491,-1,16.448975,-0.12914675,0.904,0.077,0.0,0.0,0.2,0.2,0.0,0.0,0.5
207799,6,10.606339,10.530364,0.0,1.0,1.0,0.216,0.2,0.4,0.0,0.2,0.162
169665,6,11.28902,9.242496,0.5,0.478,0.864,0.273,0.0,0.278,0.0,0.611,0.136
161553,-1,13.842434,3.3085933,0.756,0.22,0.286,0.143,0.0,0.0,0.0,0.333,0.571
34809,-1,13.925541,3.0842297,0.395,0.581,0.0,0.0,0.0,0.0,1.0,0.0,0.0
263102,-1,17.574913,1.7117033,0.609,0.391,0.0,0.0,0.0,0.5,0.0,0.0,0.0
222016,-1,15.383423,-0.0054680044,0.909,0.045,0.0,0.0,0.0,0.0,0.0,0.0,0.5
115207,-1,17.77514,0.9337662,0.841,0.068,0.0,0.333,0.429,0.143,0.0,0.143,0.333
150060,-1,13.395688,6.235893,0.14,0.837,1.0,0.056,0.0,0.5,0.1,0.2,0.194
35154,-1,14.259205,2.3232694,0.778,0.222,0.0,0.0,0.5,0.0,0.0,0.0,1.0
67202,-1,14.262471,7.443286,0.953,0.047,0.5,0.0,0.0,0.333,0.0,0.333,1.0
61020,-1,17.00956,0.62558854,0.818,0.136,0.0,0.0,0.5,0.062,0.0,0.094,0.5
162830,6,8.43131,10.797575,0.814,0.14,0.0,0.167,0.0,0.0,0.0,0.143,1.0
80093,-1,13.901126,3.86144,0.457,0.543,0.5,0.143,0.2,0.0,0.2,0.0,0.429
135735,-1,14.165492,4.6034436,0.34,0.66,0.828,0.103,0.0,0.5,0.0,0.25,0.138
128125,-1,16.059916,1.6934758,0.81,0.167,0.143,0.0,0.0,0.667,0.0,0.333,0.857
97877,-1,12.075342,9.977277,0.14,0.86,0.974,0.211,0.0,0.0,1.0,0.0,0.132
216691,-1,11.612594,9.893276,0.512,0.463,0.529,0.059,0.0,0.143,0.857,0.0,0.118
213510,-1,12.8796015,8.820132,0.359,0.641,0.087,0.0,0.0,0.0,1.0,0.0,0.696
250658,-1,16.48999,8.846302,0.5,0.444,0.143,0.0,0.0,0.0,0.714,0.0,0.357
39041,-1,16.296522,1.6504385,0.698,0.14,0.0,0.0,0.0,0.0,0.0,0.0,0.667
68546,-1,17.399054,3.2811146,0.821,0.128,0.2,0.0,0.2,0.2,0.0,0.0,0.8
101230,6,12.109137,8.841599,0.838,0.162,0.25,0.0,0.0,0.0,0.0,0.0,0.0
37251,6,9.021461,9.776653,0.923,0.051,1.0,0.0,0.0,0.0,0.0,0.667,0.0
273216,6,9.417434,11.009061,0.205,0.727,0.758,0.939,0.0,0.2,0.0,0.6,0.091
283795,6,8.481357,11.072532,0.822,0.156,0.0,0.333,0.0,0.375,0.0,0.625,0.167
259804,6,8.676041,10.662679,0.548,0.381,0.533,0.067,0.0,0.308,0.0,0.154,0.067
96101,6,10.983393,9.132838,0.78,0.171,0.286,0.0,0.167,0.0,0.167,0.333,0.143
142772,6,10.42747,8.5213375,0.044,0.933,0.976,0.714,0.0,0.75,0.0,0.25,0.238
45847,-1,12.482411,8.1525955,0.75,0.159,0.143,0.143,0.0,0.6,0.0,0.0,0.286
231683,3,17.300024,5.2431498,0.717,0.196,0.0,0.0,0.0,0.0,0.0,1.0,1.0
156975,-1,11.558256,7.9306273,0.933,0.0,0.0,0.0,0.0,0.0,0.0,0.0,0.0
261287,-1,12.510274,10.186601,0.143,0.829,0.786,0.464,0.0,0.167,0.5,0.167,0.25
207811,-1,17.55369,5.2143364,0.951,0.049,0.0,0.0,0.0,0.0,0.0,0.0,0.5
64714,6,10.9336,8.260123,0.762,0.19,0.5,0.125,0.0,0.25,0.0,0.75,0.125
226542,-1,13.616437,8.8542185,0.147,0.853,0.75,0.071,0.0,0.2,0.0,0.6,0.036
164801,3,17.611595,4.7615566,0.905,0.095,0.25,0.0,0.0,0.0,0.0,1.0,0.5
170121,-1,14.660776,3.3845475,0.841,0.114,0.2,0.0,0.0,0.0,0.0,0.0,0.6
199402,6,10.897345,9.81716,0.5,0.5,0.312,0.125,0.0,0.0,0.0,1.0,0.062
100096,-1,13.298617,8.041053,0.467,0.533,0.8,0.067,0.0,0.0,0.0,0.4,0.0
103330,-1,13.29208,3.426138,0.848,0.065,0.0,0.0,0.0,0.0,0.6,0.0,0.333
222173,-1,13.2799,8.695656,0.081,0.919,0.969,0.188,0.0,0.0,0.0,1.0,0.375
16051,6,11.149919,8.574423,0.227,0.773,0.971,0.206,0.0,0.25,0.0,0.5,0.206
97362,-1,13.907292,7.9239316,0.674,0.302,0.0,0.0,0.0,0.25,0.0,0.0,0.0
227273,-1,13.647818,3.3415442,0.727,0.227,0.5,0.0,0.0,0.0,1.0,0.0,0.4
64475,-1,9.403417,11.28778,0.652,0.174,0.2,0.0,0.167,0.167,0.0,0.0,0.5
73588,-1,15.874931,7.815637,0.707,0.259,0.429,0.214,0.167,0.167,0.0,0.167,0.429
261868,-1,17.135286,-0.3436176,0.783,0.13,0.0,0.2,0.25,0.0,0.0,0.083,0.8
148383,-1,17.838436,4.0164022,0.884,0.093,0.25,0.25,0.0,0.0,0.0,0.0,0.75
130088,-1,15.328617,2.5956976,0.867,0.133,0.0,0.0,0.0,1.0,0.0,0.0,0.0
222695,-1,15.848015,1.8601396,0.795,0.045,0.0,0.0,0.333,0.0,0.0,0.0,0.5
169940,-1,14.001802,9.953509,0.0,1.0,1.0,0.385,0.0,1.0,0.0,0.0,0.359
105505,-1,13.430217,3.9800937,0.83,0.075,0.0,0.0,0.0,0.0,0.053,0.0,1.0
256157,-1,11.551787,9.922413,0.538,0.423,0.4,0.2,0.0,0.125,0.125,0.625,0.2
26702,-1,16.313662,4.6171556,0.87,0.109,0.0,0.0,0.5,0.5,0.0,0.0,0.0
91231,0,13.541062,1.6538205,0.737,0.237,0.25,0.625,0.0,0.0,0.667,0.0,0.25
142508,-1,14.419492,8.269901,0.804,0.087,0.0,0.0,0.0,0.125,0.0,0.0,1.0
238294,-1,14.658686,4.7249017,0.721,0.256,0.0,0.0,0.708,0.0,0.0,0.0,0.6
33945,-1,14.217758,4.5972233,0.585,0.39,0.4,0.067,0.391,0.087,0.0,0.174,0.4
217864,-1,17.571096,4.851086,0.342,0.632,0.417,0.375,0.05,0.0,0.95,0.0,0.5
40149,-1,10.667461,10.469467,0.31,0.667,0.893,0.179,0.083,0.25,0.0,0.333,0.071
123541,-1,12.8825445,9.149651,0.744,0.163,0.143,0.0,0.0,0.0,0.714,0.0,0.143
46627,-1,15.723098,5.0555506,0.857,0.119,0.0,0.333,0.0,0.143,0.0,0.0,0.667
32494,-1,12.980716,6.9186387,0.932,0.068,0.333,0.0,0.0,0.0,0.0,1.0,0.0
170974,-1,16.772976,3.1338694,0.356,0.622,0.0,1.0,0.4,0.0,0.2,0.2,1.0
111805,-1,15.920808,2.0386164,0.925,0.05,0.0,0.0,0.0,0.0,0.0,0.0,0.5
115379,-1,17.275927,3.67019,0.848,0.109,0.0,0.0,0.0,0.0,0.0,0.0,0.6
186514,-1,16.284552,8.949835,0.3,0.66,0.97,0.394,0.0,0.143,0.429,0.429,0.515
229246,-1,12.109548,9.860786,0.447,0.553,0.75,0.0,0.0,0.333,0.167,0.333,0.3
18773,-1,15.365028,5.603839,0.808,0.058,0.0,0.0,0.0,0.0,0.0,0.0,0.667
152807,-1,17.82266,3.480713,0.854,0.062,0.0,0.0,0.0,0.182,0.0,0.0,0.333
292075,-1,17.074364,2.9944122,0.829,0.122,0.2,0.0,0.0,0.0,0.2,0.4,0.8
116702,6,8.685116,10.234623,0.375,0.625,0.889,0.333,0.0,0.0,0.0,0.75,0.222
256720,-1,14.77903,8.7733345,0.486,0.459,0.0,0.0,0.0,0.0,0.0,0.0,0.0
214340,-1,16.023294,3.7008107,0.848,0.152,0.143,0.0,0.773,0.114,0.0,0.023,0.286
31748,-1,14.427658,3.1945238,0.667,0.333,0.273,0.636,0.0,0.0,0.5,0.0,0.545
159120,6,8.880414,11.390464,0.429,0.548,0.0,0.0,0.0,0.5,0.5,0.0,0.0
213253,6,12.204413,8.254423,0.902,0.049,0.0,0.0,0.143,0.0,0.0,0.143,0.0
283808,-1,17.52384,4.226864,0.953,0.023,0.0,0.0,0.0,0.0,0.0,0.5,0.0
197071,-1,14.682103,9.694915,0.514,0.486,0.556,0.056,0.0,0.75,0.0,0.0,0.056
174766,-1,16.453798,4.0455346,0.816,0.184,0.429,0.0,0.0,0.0,0.0,0.5,0.286
13757,6,8.717488,10.50068,0.561,0.341,0.357,0.286,0.0,0.118,0.0,0.824,0.071
144232,-1,16.379765,0.19878952,0.938,0.042,0.0,0.0,0.0,0.0,0.0,0.0,0.5
86482,-1,16.554447,6.9511805,0.758,0.242,0.333,0.167,0.0,0.2,0.0,0.2,0.333
208795,-1,15.305393,4.6329327,0.955,0.023,0.0,0.0,0.0,0.0,0.0,0.25,1.0
214689,-1,17.479668,4.7182193,0.92,0.04,0.0,0.0,0.0,0.0,0.0,0.0,0.5
218460,6,8.001749,11.295366,0.298,0.617,0.037,0.0,0.195,0.098,0.0,0.537,0.148
44465,-1,17.981071,1.9999471,0.848,0.087,0.0,0.0,0.5,0.0,0.0,0.0,0.25
206435,-1,15.753348,5.087872,0.88,0.02,0.0,0.0,0.0,1.0,0.0,0.0,1.0
172916,-1,13.899099,5.9196486,0.0,0.978,0.976,0.619,0.0,1.0,0.0,0.0,0.548
191195,-1,17.09039,0.97741747,0.889,0.063,0.25,0.0,0.25,0.25,0.0,0.0,0.75
164028,-1,14.748914,9.172564,0.773,0.182,0.0,0.143,0.0,0.0,0.333,0.0,0.571
28345,-1,15.122875,8.691903,0.275,0.7,1.0,0.536,0.0,0.375,0.25,0.125,0.643
179085,5,17.393589,0.2042857,0.833,0.104,0.4,0.2,0.4,0.0,0.0,0.0,0.8
256676,6,9.66873,10.401708,0.469,0.531,0.462,0.214,0.0,0.167,0.333,0.0,0.0
63397,-1,13.936926,10.123398,0.0,1.0,1.0,0.829,0.0,0.333,0.333,0.333,0.571
86728,-1,17.932098,3.981136,0.837,0.07,0.333,0.0,0.1,0.0,0.1,0.0,1.0
292765,6,12.92664,5.7978578,0.761,0.217,0.0,0.0,0.0,0.0,0.0,0.5,0.0
69313,-1,16.390734,7.469297,0.619,0.381,0.333,0.0,0.0,1.0,0.0,0.0,0.333
272047,-1,11.749072,8.231052,0.911,0.044,0.5,0.0,0.0,0.0,0.0,0.333,0.0
242287,-1,16.031849,8.860682,0.587,0.413,0.263,0.105,0.111,0.0,0.778,0.0,0.579
52499,-1,16.249783,1.5987822,0.848,0.109,0.0,0.333,0.0,0.0,1.0,0.0,1.0
8269,-1,17.421026,1.4121734,0.93,0.047,0.0,0.0,0.071,0.0,0.0,0.0,0.0
75984,-1,15.888554,3.6981435,0.75,0.25,0.375,0.0,0.125,0.188,0.0,0.375,0.75
129658,-1,14.252049,7.9990377,0.733,0.2,0.429,0.143,0.0,0.0,0.0,0.0,0.429
194431,-1,17.647041,1.7072548,0.887,0.038,0.0,0.0,0.0,0.0,0.0,0.0,1.0
66734,6,10.357109,10.399133,0.65,0.325,0.692,0.462,0.0,0.571,0.143,0.286,0.077
8656,-1,17.176449,2.1207714,0.915,0.043,0.0,0.0,0.0,0.25,0.25,0.25,0.5
268028,-1,16.749266,1.2287247,0.878,0.073,0.0,0.0,0.2,0.0,0.0,0.0,0.667
177869,-1,14.975617,5.098596,0.192,0.769,0.667,0.231,0.065,0.258,0.355,0.258,0.385
145604,-1,10.7680855,8.238368,0.628,0.326,0.462,0.0,0.0,0.067,0.267,0.067,0.0
240526,-1,15.145316,9.697082,0.044,0.933,0.9,0.9,0.0,0.0,0.0,0.0,0.3
33119,-1,14.239196,9.947965,0.037,0.963,1.0,0.5,0.5,0.5,0.0,0.0,0.577
164368,6,10.798515,10.380317,0.611,0.389,0.357,0.143,0.0,0.0,0.818,0.182,0.214
9923,-1,9.371294,11.107607,0.442,0.558,0.417,0.042,0.0,0.0,0.0,0.64,0.042
21059,-1,17.364748,0.8302031,0.957,0.043,0.0,0.0,0.5,0.0,0.0,0.0,1.0
128288,-1,16.769386,-0.3187997,0.814,0.047,0.0,0.0,0.5,0.062,0.0,0.0,1.0
174117,-1,16.558699,0.37144393,0.841,0.068,0.0,0.0,0.321,0.0,0.0,0.0,0.5
274543,-1,15.810344,8.490569,0.471,0.51,0.333,0.333,0.143,0.0,0.0,0.0,0.333
46047,-1,13.4644575,8.992441,0.02,0.98,1.0,0.102,0.0,1.0,0.0,0.0,0.122
137979,-1,16.679548,6.279187,0.9,0.1,0.0,0.0,0.0,0.0,0.0,0.0,0.0
96816,-1,17.627142,2.607789,0.886,0.045,0.5,0.0,0.0,0.0,0.25,0.75,0.5
169336,-1,13.791551,8.417266,0.735,0.265,0.667,0.0,0.0,0.0,0.0,0.0,0.0
192862,-1,14.800783,1.9695023,0.711,0.237,0.0,0.0,0.409,0.227,0.045,0.0,0.5
271939,-1,13.928402,10.181273,0.029,0.941,0.931,0.931,0.0,0.091,0.636,0.091,0.517
161743,6,10.402511,10.367416,0.119,0.881,0.771,0.143,0.0,0.167,0.667,0.0,0.086
264889,-1,12.766155,7.0109878,0.795,0.136,0.333,0.333,0.286,0.286,0.0,0.143,0.167
26369,-1,16.868113,0.3792742,0.841,0.114,0.0,0.0,0.0,1.0,0.0,0.0,0.667
107552,4,16.805391,7.295564,0.324,0.595,0.909,0.364,0.0,0.25,0.125,0.625,0.136
189833,-1,16.717295,8.216649,0.106,0.894,0.0,0.0,0.0,0.5,0.5,0.0,0.0
130845,-1,17.51957,2.4501371,0.886,0.068,0.333,0.0,0.0,0.0,0.0,1.0,0.667
35342,-1,14.061879,1.6234765,0.905,0.095,0.0,0.333,0.0,0.0,0.0,0.0,1.0
260605,-1,16.82447,7.348761,0.512,0.439,0.8,0.267,0.0,0.5,0.0,0.5,0.467
198155,-1,14.352665,1.1968421,0.194,0.389,0.5,0.167,0.0,0.154,0.0,0.077,0.167
107941,-1,12.194553,8.699598,0.057,0.943,0.812,0.5,0.0,0.421,0.0,0.316,0.0
58625,-1,14.241816,8.264603,0.171,0.8,0.92,0.24,0.0,0.0,0.0,0.0,0.04
199464,-1,15.472824,8.205738,0.542,0.438,0.6,0.133,0.0,0.0,0.25,0.0,0.4
220670,-1,14.2073555,9.638654,0.293,0.707,0.824,0.176,0.0,0.0,0.0,0.0,0.294
68423,-1,16.64714,8.687085,0.568,0.432,0.143,0.0,0.0,0.0,0.333,0.0,0.0
121797,-1,11.983061,7.955264,0.73,0.216,0.571,0.0,0.0,0.143,0.714,0.0,0.571
114928,-1,16.299355,6.9256988,0.942,0.019,0.0,0.0,0.1,0.1,0.0,0.0,0.0
197421,-1,14.898861,6.162398,0.907,0.047,0.0,0.0,0.0,0.0,0.0,1.0,0.5
266718,6,10.141188,9.404684,0.769,0.205,0.75,0.0,0.0,0.25,0.25,0.25,0.125
111977,6,12.970933,5.9742846,0.955,0.023,0.0,0.0,0.0,0.5,0.0,0.5,0.0
26978,-1,14.885994,1.24498,0.854,0.122,0.2,0.4,0.0,0.0,1.0,0.0,0.4
228750,-1,16.799397,5.2070947,0.929,0.048,0.0,0.0,0.0,0.5,0.5,0.0,0.0
237479,-1,9.450882,9.8271885,0.909,0.091,0.5,0.5,0.0,1.0,0.0,0.0,0.0
164293,-1,13.544244,4.5797863,0.884,0.07,0.0,0.0,0.0,0.0,0.0,0.0,0.0
143971,-1,13.599795,2.8885233,0.932,0.023,0.0,0.0,0.0,0.0,0.0,0.0,1.0
10197,-1,15.3639765,5.391696,0.884,0.093,0.0,0.0,0.0,0.0,0.0,0.0,0.75
135858,-1,13.43761,9.980252,0.205,0.795,0.969,0.188,0.143,0.143,0.0,0.143,0.031
106532,6,10.469774,10.363415,0.489,0.467,0.75,0.1,0.0,0.5,0.0,0.125,0.1
166425,6,9.282092,10.705431,0.614,0.386,0.0,0.0,0.0,0.0,0.0,0.0,0.0
19339,-1,15.483644,8.25816,0.568,0.409,0.294,0.118,0.0,0.182,0.636,0.091,0.294
73149,-1,14.745061,0.74750906,0.911,0.067,0.0,0.0,0.0,0.0,0.167,0.0,0.667
60044,-1,14.997974,0.60551935,0.902,0.073,0.0,0.0,0.0,0.0,0.0,0.0,0.333
78953,-1,13.821435,2.5229003,0.894,0.085,0.0,0.0,0.167,0.333,0.0,0.167,0.0
164316,-1,17.904764,3.429235,0.841,0.091,0.0,0.5,0.0,0.0,0.0,0.0,0.75
238763,-1,16.444462,4.254105,0.895,0.053,0.0,0.0,0.0,0.667,0.0,0.0,0.667
119584,-1,13.251758,10.04557,0.0,0.977,1.0,0.205,0.1,0.7,0.0,0.1,0.4
46357,-1,16.705933,8.28013,0.667,0.31,0.538,0.077,0.125,0.375,0.125,0.0,0.077
256375,6,9.978139,10.688848,0.458,0.5,0.737,0.0,0.0,0.0,0.0,0.714,0.0
69111,6,12.879086,6.167656,0.612,0.306,0.231,0.0,0.355,0.194,0.032,0.323,0.615
208375,-1,16.325369,7.450097,0.85,0.075,0.5,0.5,0.0,0.6,0.0,0.0,0.5
224627,4,17.015411,7.186306,0.39,0.585,0.0,0.0,0.0,0.0,0.0,0.333,0.0
44726,-1,10.544245,8.564154,0.86,0.07,0.0,0.0,0.25,0.0,0.25,0.0,0.333
184825,-1,15.907424,2.7064838,0.93,0.07,0.0,0.0,0.0,0.5,0.167,0.0,0.5
213199,-1,14.704042,1.7074232,0.977,0.023,0.0,0.0,0.583,0.0,0.0,0.083,0.0
166885,-1,16.797209,3.772023,0.739,0.196,0.111,0.667,0.0,0.0,0.0,0.0,0.556
18819,6,11.139357,9.55016,0.059,0.941,0.692,0.538,0.143,0.0,0.143,0.429,0.077
206743,-1,10.858523,10.370737,0.135,0.865,0.907,0.326,0.0,0.143,0.0,0.821,0.163
162806,-1,15.947792,2.8888516,0.767,0.186,0.0,0.0,0.0,0.0,0.0,0.0,0.5
58610,-1,13.897698,8.360704,0.286,0.69,0.741,0.407,0.0,0.167,0.833,0.0,0.407
120884,-1,15.096675,6.141789,0.725,0.2,0.25,0.375,0.0,0.0,0.0,1.0,0.75
212001,-1,15.397768,0.026372874,0.857,0.082,0.5,0.0,0.0,0.0,0.0,0.0,1.0
142921,-1,13.406068,7.1839027,0.056,0.944,1.0,0.273,0.0,0.333,0.0,0.5,0.061
171660,-1,13.502232,3.0912259,0.516,0.484,0.692,0.231,0.0,0.0,1.0,0.0,0.385
158518,-1,14.699433,0.6349691,0.796,0.102,0.0,0.0,0.0,0.5,0.0,0.0,0.4
16087,-1,14.177372,3.8056293,0.86,0.093,0.0,0.0,0.0,0.0,0.0,0.0,1.0
271423,6,11.1239,8.818677,0.872,0.103,0.0,0.0,0.0,0.0,0.0,0.0,0.0
122421,6,12.042701,8.08496,0.736,0.208,0.273,0.091,0.214,0.0,0.0,0.286,0.0
265837,-1,15.690758,8.806544,0.69,0.31,0.375,0.125,0.067,0.067,0.067,0.533,0.375
107329,-1,13.9783945,7.1614428,0.133,0.867,0.949,0.205,0.111,0.444,0.111,0.222,0.051
44195,-1,13.874395,8.456155,0.128,0.846,0.938,0.688,0.0,0.0,0.667,0.0,0.312
707,-1,16.20301,8.798286,0.0,1.0,1.0,0.406,0.333,0.0,0.333,0.333,0.75
49265,-1,15.451529,2.2433646,0.929,0.071,0.0,0.0,0.0,0.25,0.0,0.25,1.0
234954,-1,13.948883,3.0748925,0.775,0.2,0.25,0.0,0.0,0.0,1.0,0.0,0.0
79068,-1,15.8405285,1.3294983,0.867,0.133,0.0,0.2,0.0,0.0,0.0,0.0,0.4
76936,-1,14.528145,1.8027457,0.805,0.146,0.0,0.0,0.0,0.5,0.0,0.5,0.5
58107,-1,13.285629,8.626559,0.0,0.919,1.0,0.758,0.125,0.5,0.0,0.25,0.455
125236,6,8.6737795,10.625569,0.128,0.795,0.4,0.033,0.061,0.091,0.0,0.667,0.033
140382,-1,14.287006,1.3265247,0.833,0.143,0.167,0.0,0.0,0.0,0.5,0.0,0.667
232307,-1,13.82964,3.2487376,0.867,0.089,0.0,0.0,0.0,0.0,0.0,0.0,0.0
117599,-1,14.699515,8.142397,0.757,0.243,0.75,0.0,0.0,0.5,0.5,0.0,0.375
64504,-1,15.009629,0.29691178,0.857,0.071,0.0,0.0,0.0,0.0,0.0,0.0,0.5
164490,-1,14.05815,3.3775492,0.075,0.925,0.892,0.703,0.0,0.0,0.8,0.0,0.486
213292,-1,14.85521,5.086209,0.542,0.438,0.6,0.15,0.0,0.333,0.583,0.0,0.65
101675,3,17.086359,5.2711463,0.65,0.3,0.0,0.0,0.0,0.0,0.0,0.5,0.2
244590,-1,12.5212755,9.692193,0.34,0.64,0.947,0.158,0.0,0.286,0.0,0.429,0.105
263316,-1,15.728665,7.515384,0.475,0.525,0.667,0.0,0.0,0.667,0.0,0.0,0.0
88672,-1,17.1686,1.3123852,0.522,0.413,0.0,0.0,0.25,0.25,0.0,0.0,0.0
142645,-1,14.734067,7.3782454,0.852,0.074,0.0,0.0,0.0,0.0,0.0,0.8,0.25
74356,-1,17.06934,4.5095596,0.818,0.114,0.0,0.2,0.0,1.0,0.0,0.0,0.6
155305,-1,13.797032,5.168837,0.933,0.0,0.0,0.0,0.0,1.0,0.0,0.0,0.0
151490,-1,13.39783,5.1933017,0.9,0.075,0.0,0.0,0.667,0.0,0.0,0.0,0.667
131697,3,17.127352,5.267411,0.8,0.075,0.0,0.0,0.0,0.667,0.0,0.0,1.0
118904,-1,17.82892,1.1965916,0.841,0.068,0.333,0.333,0.111,0.0,0.0,0.0,0.0
262902,-1,15.178917,8.530415,0.256,0.718,0.6,0.2,0.0,0.1,0.0,0.0,0.0
241498,-1,13.578881,2.3596547,0.744,0.186,0.375,0.0,0.067,0.133,0.067,0.0,0.875
232907,-1,15.625276,4.462934,0.95,0.05,0.0,0.0,0.0,0.667,0.0,0.0,0.5
271148,6,10.612127,9.654528,0.488,0.463,0.0,0.0,0.222,0.111,0.0,0.0,0.0
181501,-1,17.270401,3.3094172,0.356,0.622,0.0,0.5,0.0,0.0,0.0,0.0,0.5
49895,-1,14.264083,5.798075,0.829,0.122,0.2,0.4,0.0,0.333,0.0,0.333,0.5
236109,-1,13.871398,1.6658069,0.864,0.068,0.0,0.0,0.077,0.154,0.0,0.0,0.75
231908,-1,13.094547,8.936037,0.05,0.875,1.0,0.156,0.0,0.5,0.0,0.5,0.031
99075,-1,11.769376,9.488339,0.763,0.237,0.889,0.0,0.0,0.0,0.0,1.0,0.111
200943,-1,16.583689,3.1972258,0.818,0.159,0.167,0.0,0.25,0.125,0.0,0.0,0.833
220294,-1,16.117865,4.229543,0.789,0.211,0.375,0.0,0.25,0.0,0.25,0.0,0.75
77615,6,10.168998,11.027493,0.533,0.378,0.167,0.111,0.0,0.053,0.0,0.632,0.056
200319,-1,15.6223755,7.673018,0.294,0.686,0.5,0.25,0.0,0.0,0.25,0.0,0.0
226884,-1,14.553781,4.6405797,0.026,0.923,0.939,0.438,0.0,0.5,0.0,0.5,0.273
32766,-1,17.67006,3.123574,0.792,0.146,0.0,0.0,0.37,0.111,0.0,0.037,0.857
194586,-1,16.824846,7.769609,0.718,0.256,0.5,0.0,0.0,0.0,0.0,0.0,0.5
142405,-1,15.9166355,5.1806674,0.825,0.175,0.0,0.0,0.0,0.0,1.0,0.0,0.778
193819,-1,17.28356,1.9121648,0.867,0.089,0.0,0.0,0.0,0.333,0.0,0.333,1.0
13443,6,17.324772,1.4605844,0.923,0.077,0.0,0.0,0.0,1.0,0.0,0.0,0.667
259341,-1,14.21958,7.916423,0.065,0.891,0.735,0.118,0.75,0.1,0.0,0.075,0.353
237448,6,8.043521,11.278584,0.606,0.364,0.083,0.0,0.032,0.0,0.0,0.387,0.0
158917,-1,13.969539,7.066974,0.786,0.19,0.0,0.0,0.25,0.0,0.0,0.083,0.333
210950,6,9.676462,10.631172,0.074,0.889,0.87,0.565,0.0,0.2,0.0,0.4,0.174
141348,-1,15.204828,0.48474425,0.933,0.022,0.0,0.0,0.0,0.0,0.0,1.0,0.0
181375,-1,15.615361,6.521269,0.361,0.639,0.957,0.565,0.0,0.5,0.0,0.0,0.217
205647,-1,14.232382,8.104649,0.13,0.848,0.895,0.079,0.0,0.286,0.143,0.286,0.132
138650,-1,15.457569,4.233091,0.744,0.128,0.0,0.0,0.0,0.0,0.333,0.0,1.0
50383,-1,16.63967,4.131898,0.87,0.043,0.0,0.0,0.0,1.0,0.0,0.0,1.0
232701,-1,16.755638,7.6587806,0.043,0.915,0.857,0.657,0.143,0.0,0.714,0.0,0.686
177356,-1,16.718227,8.115028,0.043,0.957,1.0,0.0,0.0,0.0,0.0,0.0,0.0
17849,-1,13.491058,3.0536807,0.5,0.5,1.0,1.0,0.0,0.0,0.0,0.25,0.0
89939,-1,13.612121,8.323605,0.846,0.096,0.0,0.0,0.2,0.2,0.0,0.2,0.333
248380,-1,16.7005,7.9481936,0.294,0.706,0.955,0.136,0.0,0.0,1.0,0.0,0.364
118534,-1,16.290989,4.006391,0.824,0.137,0.0,0.0,0.0,0.2,0.0,0.6,0.0
66313,-1,18.069683,4.0085025,0.935,0.043,0.0,0.0,0.0,0.0,0.0,0.0,0.5
128902,-1,15.256367,1.234546,0.818,0.159,0.286,0.0,0.429,0.0,0.0,0.0,0.857
292176,-1,15.71472,7.538159,0.729,0.25,0.5,0.0,0.0,0.0,0.0,0.2,1.0
258162,6,9.147294,9.694532,0.781,0.156,0.0,0.5,0.333,0.0,0.0,0.667,0.0
204607,-1,10.326715,8.767216,0.122,0.854,0.706,0.382,0.789,0.053,0.0,0.105,0.471
15,-1,9.577113,9.722127,0.578,0.4,0.222,0.0,0.133,0.033,0.0,0.667,0.278
111465,6,9.28328,10.987193,0.304,0.348,0.357,0.643,0.0,0.143,0.0,0.571,0.214
80314,-1,16.359112,2.132526,0.914,0.086,0.0,0.0,0.0,1.0,0.0,0.0,0.333
35680,-1,16.030653,3.755702,0.854,0.098,0.0,0.0,0.0,0.0,0.333,0.0,0.333
194517,-1,13.5197525,7.2517533,0.84,0.12,1.0,0.0,0.0,0.0,0.0,0.0,0.0
256534,-1,11.951302,10.040642,0.033,0.967,1.0,0.148,0.25,0.0,0.25,0.25,0.148
131817,-1,17.731678,3.7506902,0.907,0.07,0.0,0.0,0.0,1.0,0.0,0.0,0.667
54544,-1,16.732996,4.5341897,0.875,0.042,0.5,0.0,0.0,0.0,0.0,0.667,1.0
92203,-1,16.612688,8.225181,0.615,0.385,0.0,0.0,0.0,1.0,0.0,0.0,0.0
289266,-1,15.075197,8.657575,0.156,0.812,0.833,0.083,0.6,0.067,0.067,0.133,0.5
232471,-1,17.60015,3.044913,0.9,0.02,0.0,0.0,0.0,1.0,0.0,0.0,1.0
223465,-1,12.430463,7.010619,0.75,0.075,0.333,0.0,0.0,0.25,0.0,0.0,0.0
265760,-1,14.236974,6.946181,0.723,0.234,0.571,0.0,0.0,0.333,0.167,0.5,0.143
107964,2,17.937952,2.8285425,0.717,0.239,0.4,0.1,0.0,0.0,0.0,0.0,0.6
39284,6,11.179815,9.581549,0.543,0.457,0.188,0.0,0.095,0.143,0.048,0.429,0.0
99060,6,13.121256,5.580146,0.744,0.205,0.375,0.25,0.077,0.154,0.0,0.692,0.125
193907,-1,15.8521385,5.325907,0.884,0.07,0.333,0.667,0.0,0.0,0.0,0.0,1.0
207981,-1,14.949419,6.317834,0.86,0.07,0.333,0.0,0.0,0.167,0.0,0.833,0.667
4494,-1,16.862387,0.720705,0.897,0.026,0.0,0.0,0.0,0.0,0.333,0.0,1.0
108728,-1,16.005756,7.7643685,0.78,0.122,0.25,0.25,0.0,0.0,0.0,0.0,0.25
67705,-1,14.925453,4.7973037,0.149,0.83,0.921,0.684,0.0,0.0,0.6,0.2,0.579
194225,-1,14.512973,3.4574804,0.864,0.114,0.0,0.0,0.333,0.0,0.0,0.0,0.5
177219,-1,14.252784,1.6237746,0.927,0.024,0.0,0.0,0.0,0.0,0.2,0.0,0.0
256591,-1,16.793589,-0.46908873,0.617,0.106,0.0,0.0,0.565,0.0,0.0,0.043,0.6
237148,-1,14.255073,3.244598,0.744,0.233,0.0,0.5,0.167,0.222,0.0,0.056,0.0
120609,-1,13.96575,8.123625,0.163,0.837,0.833,0.139,0.222,0.222,0.111,0.222,0.6
7160,-1,13.5030365,2.5959048,0.886,0.091,0.0,0.0,0.0,0.0,1.0,0.0,0.0
99317,6,8.15395,10.683888,0.932,0.045,0.5,0.5,0.25,0.0,0.0,0.25,0.5
6494,-1,10.251784,8.471861,0.909,0.045,0.0,0.0,0.0,0.5,0.0,0.0,0.5
126976,6,9.680569,10.781247,0.167,0.767,0.565,0.696,0.053,0.421,0.105,0.368,0.043
5050,-1,14.018766,5.875372,0.0,0.975,1.0,0.162,0.0,0.5,0.0,0.5,0.459
109028,-1,16.840473,1.7513987,0.886,0.091,0.0,0.0,0.0,0.5,0.0,0.5,0.333
135384,-1,15.132079,1.8795321,0.979,0.0,0.0,0.0,0.0,0.5,0.0,0.0,0.0
264903,-1,16.919298,7.819404,0.541,0.405,0.0,0.2,0.808,0.0,0.0,0.038,0.4
35361,-1,12.285883,8.336907,0.915,0.064,0.0,0.0,0.0,0.0,1.0,0.0,0.0
264255,-1,10.616004,9.6943445,0.944,0.028,0.0,0.0,0.0,0.0,0.0,0.0,0.0
4168,-1,14.430464,8.937263,0.0,0.957,1.0,0.273,0.222,0.111,0.111,0.222,0.091
290998,-1,14.351737,2.5605385,0.776,0.163,0.0,0.0,0.0,0.0,0.667,0.0,0.667
50376,6,9.222894,11.16893,0.25,0.722,0.692,0.231,0.0,0.273,0.0,0.545,0.346
33930,-1,17.608952,5.120635,0.886,0.0,0.0,0.0,0.0,0.5,0.0,0.5,0.0
150948,6,8.518353,10.049069,0.786,0.167,0.333,0.0,0.0,0.5,0.5,0.0,0.0
215945,-1,15.004175,6.9994526,0.424,0.545,0.312,0.25,0.0,0.25,0.0,0.5,0.375
45233,-1,14.148959,6.047987,0.0,0.978,1.0,0.023,0.091,0.455,0.0,0.364,0.523
107498,-1,16.199944,3.832947,0.826,0.087,0.0,0.0,0.0,0.0,0.0,0.333,1.0
91858,-1,13.500285,4.339517,0.737,0.211,0.625,0.0,0.0,0.0,0.0,1.0,0.5
30802,-1,15.50427,8.146654,0.561,0.415,0.0,0.0,0.0,0.0,1.0,0.0,0.0
30389,2,17.476992,2.1454926,0.846,0.103,0.0,0.333,0.0,1.0,0.0,0.0,0.667
198812,-1,13.8689165,9.5283985,0.316,0.658,0.8,0.08,0.0,1.0,0.0,0.0,0.24
78850,-1,15.382271,2.2531314,0.683,0.073,0.0,0.0,0.0,0.25,0.0,0.25,0.0
32023,-1,16.980118,2.9179556,0.78,0.195,0.667,0.333,0.0,0.0,0.0,0.5,1.0
233752,-1,15.276355,1.4092093,0.657,0.086,0.0,0.0,0.556,0.0,0.056,0.0,1.0
141569,-1,15.574622,5.4598393,0.86,0.116,0.0,0.0,0.5,0.0,0.0,0.0,0.4
61509,-1,16.843805,6.716576,0.3,0.633,1.0,1.0,0.0,0.5,0.0,0.0,1.0
151533,-1,16.631124,0.92872256,0.905,0.095,0.0,0.0,0.0,0.2,0.0,0.0,0.75
79511,-1,13.04932,6.155394,0.863,0.118,0.167,0.167,0.091,0.273,0.0,0.0,0.667
127924,-1,13.600335,3.409191,0.812,0.146,0.0,0.333,0.333,0.0,0.333,0.0,0.5
88476,-1,15.783654,0.28035098,0.845,0.103,0.2,0.0,0.167,0.167,0.167,0.0,0.6
171493,-1,11.791696,7.6235795,0.851,0.085,0.75,0.75,0.143,0.429,0.0,0.143,0.0
96648,-1,16.799774,8.489568,0.867,0.067,0.0,0.0,0.25,0.0,0.0,0.0,1.0
215906,-1,14.65271,3.3859606,0.031,0.969,1.0,0.3,0.111,0.333,0.222,0.0,0.5
91467,-1,17.755589,2.2319667,0.93,0.047,0.0,0.0,0.588,0.0,0.0,0.0,1.0
238639,-1,12.983487,6.9244075,0.238,0.762,0.969,0.375,0.0,0.333,0.333,0.333,0.031
2833,-1,14.735567,4.7014937,0.698,0.256,0.545,0.455,0.0,0.615,0.231,0.0,0.636
31587,-1,15.442702,1.5523466,0.795,0.179,0.2,0.2,0.0,0.333,0.0,0.333,0.6
60273,-1,15.829342,9.030184,0.262,0.738,0.8,0.267,0.0,0.0,0.6,0.2,0.1
131865,-1,15.057865,2.001589,0.846,0.154,0.2,0.4,0.0,0.0,0.5,0.0,0.6
223579,-1,17.14109,4.231,0.913,0.087,0.0,0.0,0.0,1.0,0.0,0.0,1.0
197209,-1,16.75936,8.30527,0.0,1.0,1.0,0.931,0.0,0.0,0.5,0.0,0.379
11831,-1,16.036386,0.8204926,0.868,0.094,0.4,0.2,0.0,0.0,1.0,0.0,0.6
271966,-1,15.272317,6.997005,0.87,0.065,0.0,0.0,0.0,0.167,0.0,0.833,0.0
128743,-1,14.708551,6.161203,0.979,0.0,0.0,0.0,0.0,0.0,0.0,0.0,0.0
243058,-1,13.25141,3.4736803,0.959,0.041,0.0,0.0,0.0,0.0,1.0,0.0,0.5
20674,-1,15.166142,9.021013,0.581,0.419,0.667,0.444,0.0,0.222,0.222,0.0,0.222
128408,-1,15.498742,3.2541173,0.844,0.156,0.0,0.0,0.0,0.0,0.5,0.0,0.833
144628,6,8.180462,11.273907,0.6,0.35,0.083,0.167,0.043,0.174,0.0,0.609,0.167
18455,-1,13.481412,7.6157074,0.366,0.61,0.96,0.56,0.2,0.267,0.0,0.4,0.12
35075,-1,15.685825,9.212828,0.2,0.8,0.724,0.172,0.0,0.125,0.375,0.0,0.655
212919,-1,16.172447,1.6054372,0.891,0.065,0.333,0.0,0.0,0.0,0.0,0.0,0.0
84401,-1,13.802636,5.2278547,0.857,0.119,0.0,0.0,0.182,0.0,0.0,0.0,0.0
169331,-1,13.427541,3.6007907,0.886,0.068,0.0,0.0,0.0,0.0,0.0,0.5,0.667
161283,-1,14.395198,1.194967,0.814,0.163,0.25,0.0,0.0,0.0,0.0,0.0,0.25
72451,-1,12.008202,8.596808,0.762,0.19,0.75,0.0,0.0,0.0,0.25,0.0,0.0
221761,-1,15.228189,7.4279356,0.891,0.087,0.0,0.0,0.0,0.0,0.0,0.0,0.667
98739,-1,13.240104,4.583222,0.841,0.114,0.2,0.0,0.25,0.0,0.0,0.25,0.8
240996,-1,17.873255,1.5521529,0.815,0.093,0.0,0.0,0.429,0.0,0.0,0.0,0.4
17937,-1,15.036445,1.1477047,0.907,0.07,0.0,0.0,0.0,1.0,0.0,0.0,0.333
226754,-1,16.116308,0.7563084,0.906,0.031,0.0,0.0,0.0,0.0,0.0,0.0,1.0
243188,-1,13.837405,2.5721118,0.595,0.405,0.1,0.0,0.0,0.0,1.0,0.0,0.3
57366,-1,13.809734,1.2874982,0.804,0.059,0.0,0.0,0.083,0.083,0.0,0.083,0.667
212542,-1,11.791323,8.312795,0.847,0.153,0.25,0.0,0.286,0.286,0.0,0.0,0.375
154720,-1,13.801801,8.850359,0.147,0.853,0.929,0.321,0.0,0.5,0.0,0.5,0.071
229357,-1,11.186625,9.9407425,0.056,0.944,1.0,0.171,0.0,0.455,0.0,0.455,0.147
291556,4,16.504953,8.106607,0.756,0.22,0.5,0.0,0.0,1.0,0.0,0.0,0.0
32121,-1,14.980088,8.301643,0.075,0.925,0.633,0.7,0.0,0.182,0.455,0.091,0.5
289000,-1,13.957007,7.2477555,0.795,0.205,0.25,0.0,0.0,0.333,0.333,0.0,0.0
83868,-1,16.55708,5.737789,0.56,0.4,1.0,0.0,0.0,0.0,0.0,0.0,1.0
74011,-1,16.385721,4.1846895,0.921,0.053,0.5,0.0,0.0,0.0,0.5,0.0,0.5
57270,-1,13.610938,4.624192,0.891,0.091,0.0,0.0,0.0,0.5,0.5,0.0,0.2
46950,-1,14.690701,2.192604,0.587,0.348,0.6,0.067,0.0,0.0,0.0,0.0,0.2
129407,-1,16.542583,0.28884432,0.844,0.089,0.5,0.25,0.333,0.0,0.333,0.333,1.0
34183,6,8.507027,10.032658,0.911,0.089,0.25,0.0,0.333,0.0,0.0,0.333,0.0
136649,-1,17.863104,3.1943173,0.674,0.279,0.583,0.167,0.167,0.167,0.0,0.167,0.917
291437,-1,15.209038,2.4851558,0.787,0.17,0.125,0.125,0.0,0.167,0.167,0.0,0.5
163649,-1,17.197336,2.5673997,0.955,0.045,0.0,0.0,0.0,0.0,0.0,0.0,0.5
173328,6,11.045247,9.770533,0.533,0.422,0.2,0.1,0.083,0.125,0.0,0.542,0.05
131874,-1,16.58835,3.5827231,0.87,0.109,0.2,0.0,0.649,0.027,0.0,0.081,0.6
154649,-1,10.979817,9.86426,0.317,0.634,0.84,0.08,0.111,0.333,0.0,0.0,0.04
93787,6,10.955497,9.940677,0.0,0.945,0.981,0.077,0.0,0.583,0.0,0.333,0.058
165819,-1,17.952045,1.4258546,0.739,0.239,0.0,0.091,0.333,0.0,0.028,0.0,0.636
177346,-1,15.33642,0.58290505,0.911,0.089,0.0,0.0,0.0,0.0,0.0,0.0,1.0
2550,-1,17.454737,4.9468307,0.864,0.091,0.0,0.0,0.0,0.667,0.0,0.333,0.333
167277,-1,15.9321165,9.240941,0.571,0.429,0.056,0.0,0.0,0.0,0.941,0.0,0.611
252757,-1,17.447128,1.3841462,0.927,0.073,0.0,0.0,0.125,0.125,0.0,0.0,1.0
188598,-1,12.848898,7.954002,0.167,0.812,0.868,0.579,0.0,0.6,0.0,0.4,0.026
203496,6,9.997156,11.004766,0.22,0.78,0.316,0.368,0.0,0.2,0.0,0.467,0.079
177331,-1,16.32528,5.427232,0.833,0.143,0.0,0.0,0.0,0.667,0.0,0.333,0.6
75003,-1,12.538137,9.947374,0.019,0.981,1.0,0.078,0.0,1.0,0.0,0.0,0.059
49812,-1,15.013533,3.5006406,0.636,0.364,0.667,0.0,0.111,0.222,0.556,0.0,0.333
24179,-1,15.126279,1.6238239,0.841,0.091,0.0,0.25,0.591,0.0,0.0,0.045,0.75
10950,-1,15.1796665,9.696548,0.622,0.289,0.167,0.083,0.0,0.0,0.9,0.0,0.583
207412,-1,15.679276,9.122696,0.302,0.651,0.607,0.071,0.0,0.0,0.636,0.0,0.207
150764,-1,16.958012,8.241211,0.625,0.375,1.0,0.133,0.0,0.1,0.2,0.4,0.067
101864,-1,17.267937,2.9038293,0.977,0.0,0.0,0.0,0.0,0.0,0.0,0.0,0.0
37943,-1,17.289585,0.5985541,0.878,0.041,0.0,0.0,0.0,0.0,0.0,0.0,1.0
133958,-1,17.175642,-0.35742915,0.6,0.133,0.167,0.167,0.381,0.048,0.0,0.0,0.167
143605,-1,15.987928,4.4141397,0.269,0.712,0.0,0.0,0.0,0.0,0.0,0.0,1.0
216107,-1,14.671799,9.139516,0.295,0.705,0.29,0.29,0.0,0.0,0.878,0.024,0.419
253470,6,9.017846,11.21209,0.479,0.479,0.304,0.0,0.0,0.133,0.067,0.333,0.0
261123,-1,12.750344,8.763394,0.317,0.634,0.792,0.125,0.062,0.438,0.062,0.438,0.083
272367,-1,14.074984,9.140731,0.481,0.481,0.5,0.0,0.0,1.0,0.0,0.0,0.25
97903,-1,15.444411,2.7445424,0.738,0.238,0.0,0.0,0.0,0.0,0.0,0.0,0.25
23425,-1,15.4057865,5.167435,0.917,0.062,0.0,0.0,0.0,0.769,0.077,0.0,0.667
110306,-1,14.233879,2.514118,0.854,0.049,0.0,0.0,0.0,0.667,0.333,0.0,0.5
258454,-1,15.358472,7.0020638,0.065,0.848,0.0,0.0,0.042,0.0,0.0,0.042,0.5
201749,2,18.001534,2.8057756,0.8,0.156,0.167,0.0,0.0,0.0,0.0,0.0,0.5
254531,-1,15.974177,3.505505,0.867,0.133,0.0,0.0,0.0,0.0,0.0,0.0,0.833
198802,-1,14.717875,1.1261458,0.765,0.206,0.143,0.143,0.0,0.0,0.857,0.0,0.571
9908,6,8.233745,10.57194,0.932,0.023,0.0,0.0,0.0,0.0,0.5,0.5,0.0
216607,-1,16.722616,3.325992,0.927,0.024,0.0,0.0,0.0,0.0,0.0,0.0,1.0
124429,-1,17.632744,4.9481244,0.9,0.04,0.0,0.0,0.25,0.125,0.0,0.0,0.5
183489,-1,16.41282,3.559983,0.756,0.22,0.5,1.0,0.0,0.0,0.0,0.0,0.5
205080,-1,13.073203,8.762217,1.0,0.0,0.0,0.0,0.0,0.667,0.0,0.0,0.0
71491,-1,16.183289,8.459417,0.462,0.513,0.45,0.75,0.0,0.0,0.125,0.5,0.3
129724,-1,11.572056,9.34965,0.692,0.256,0.2,0.3,0.0,0.429,0.143,0.286,0.2
99161,-1,16.060204,0.7451972,0.87,0.109,0.0,0.4,0.2,0.4,0.0,0.0,0.8
20762,-1,13.832662,3.2785776,0.225,0.775,0.067,0.567,0.0,0.0,0.897,0.034,0.567
69584,-1,17.60953,2.932501,0.341,0.585,0.636,0.273,0.222,0.111,0.111,0.0,0.682
95932,-1,16.255678,3.0836632,0.162,0.811,0.828,0.69,0.571,0.071,0.214,0.143,0.552
39645,-1,17.307629,7.2479057,0.286,0.657,0.55,0.05,0.0,0.154,0.154,0.385,0.5
101755,-1,12.881432,7.8947706,0.75,0.227,0.556,0.0,0.0,0.0,0.0,0.0,0.444
112997,-1,16.606047,7.577262,0.8,0.178,0.25,0.5,0.0,0.667,0.0,0.0,0.25
151515,-1,11.355913,9.354983,0.711,0.263,0.571,0.0,0.333,0.333,0.0,0.333,0.0
220,3,17.305851,5.198499,0.756,0.146,0.333,0.0,0.0,0.0,0.0,1.0,0.167
163183,-1,12.515649,8.115496,0.061,0.939,1.0,0.645,0.091,0.182,0.182,0.182,0.484
204455,-1,13.87462,3.8865175,0.804,0.176,0.25,0.0,0.0,0.0,0.0,0.0,0.375
244405,-1,16.661968,0.34059474,0.882,0.088,0.0,0.0,0.25,0.0,0.0,0.0,0.667
190024,-1,15.004839,0.47508928,0.75,0.25,0.0,0.0,0.0,0.667,0.0,0.0,0.5
90005,-1,16.159313,4.4182343,0.848,0.13,0.0,0.0,0.0,0.4,0.0,0.2,0.667
125260,-1,16.563791,2.9358554,0.955,0.023,0.0,0.0,0.5,0.0,0.0,0.0,0.0
114432,-1,17.434355,5.0188675,0.439,0.561,0.565,0.435,0.0,0.2,0.6,0.1,0.609
250309,-1,14.062795,4.0861707,0.898,0.061,0.0,0.0,0.0,0.0,0.0,0.5,0.333
243379,-1,13.408154,4.213172,0.977,0.0,0.0,0.0,0.0,0.0,0.0,0.0,0.0
166408,-1,13.527981,7.083563,0.92,0.08,0.333,0.0,0.0,0.111,0.0,0.0,0.0
255172,-1,13.858403,9.76796,0.778,0.194,0.857,0.0,0.0,0.286,0.0,0.429,0.143
161647,-1,13.871884,3.6817405,0.079,0.921,0.943,0.086,0.0,0.0,0.571,0.0,0.629
166453,-1,16.5784,8.437959,0.86,0.116,0.0,0.0,0.3,0.0,0.0,0.0,0.0
100956,-1,13.282146,8.188872,0.657,0.343,0.6,0.8,0.0,0.5,0.0,0.125,0.0
145294,-1,14.064032,8.612889,0.057,0.943,1.0,0.094,0.222,0.333,0.056,0.278,0.29
203716,-1,15.511969,5.035397,0.545,0.409,0.294,0.176,0.4,0.1,0.4,0.0,0.765
7124,-1,15.996597,1.6117536,0.884,0.116,0.0,0.0,0.5,0.0,0.0,0.0,0.667
172079,-1,13.258486,3.2037425,0.854,0.146,0.0,0.0,0.0,0.25,0.75,0.0,0.8
70842,6,9.844901,10.924002,0.617,0.319,0.267,0.267,0.0,0.4,0.55,0.05,0.067
271632,-1,17.06618,-0.36695904,0.81,0.119,0.0,0.25,0.0,0.0,0.0,1.0,0.5
191981,6,10.589106,9.212733,0.394,0.576,0.889,0.111,0.0,0.5,0.0,0.5,0.056
241795,-1,15.462437,3.5156608,0.913,0.022,0.0,0.0,0.154,0.077,0.0,0.154,0.0
209572,6,9.040524,10.996689,0.727,0.205,0.222,0.0,0.0,0.2,0.067,0.4,0.222
246372,-1,17.39214,2.1806054,0.533,0.444,0.55,0.5,0.0,0.273,0.364,0.091,0.65
46405,-1,14.409275,7.301342,0.139,0.861,0.857,0.643,0.0,0.0,0.667,0.0,0.643
274856,6,8.625165,10.066832,0.732,0.22,0.571,0.143,0.72,0.0,0.0,0.04,0.143
144053,-1,15.490625,5.5413756,0.773,0.182,0.0,0.0,0.0,1.0,0.0,0.0,0.0
57298,-1,12.256199,7.431933,0.574,0.404,0.421,0.737,0.0,0.5,0.25,0.0,0.526
102611,-1,14.626144,2.9293346,0.791,0.093,0.0,0.0,0.0,0.333,0.0,0.333,0.75
38180,-1,13.605251,7.594352,0.907,0.047,1.0,0.0,0.2,0.2,0.0,0.2,1.0
112371,-1,17.027454,7.6660175,0.111,0.889,0.0,1.0,0.0,0.111,0.333,0.0,0.5
148578,-1,14.801704,3.9109204,0.186,0.814,0.656,0.594,0.0,0.0,0.81,0.143,0.323
15924,-1,15.439275,4.7734594,0.5,0.471,0.375,0.125,0.0,0.0,1.0,0.0,0.688
144886,-1,16.753643,8.296694,0.705,0.227,0.0,0.0,0.0,0.0,0.0,0.0,0.0
246667,-1,11.507758,9.759892,0.649,0.216,0.25,0.0,0.0,0.0,0.0,0.0,0.0
254213,-1,14.9550495,1.5301774,0.917,0.056,0.0,0.0,0.0,0.0,0.0,0.0,0.0
205983,-1,17.103176,5.133195,0.886,0.068,0.0,0.0,0.25,0.0,0.0,0.0,0.0
225546,6,10.960961,8.828567,0.909,0.045,0.5,0.0,0.0,0.0,0.0,0.0,0.0
270529,-1,17.343637,0.48595876,0.872,0.106,0.0,0.2,0.667,0.0,0.167,0.0,0.4
255095,6,9.290084,10.580458,0.69,0.286,0.417,0.417,0.0,0.125,0.0,0.625,0.0
134705,-1,13.239387,4.887109,0.925,0.025,0.0,0.0,0.0,0.333,0.333,0.0,1.0
187682,-1,13.358764,6.3408027,0.868,0.038,0.5,0.0,0.0,0.5,0.5,0.0,0.5
191417,-1,16.638823,3.8069668,0.905,0.095,0.0,0.0,0.333,0.0,0.0,0.0,0.5
128635,-1,15.291854,1.9233167,0.953,0.047,0.0,0.0,0.5,0.25,0.0,0.0,1.0
143844,-1,15.76205,3.6735256,0.857,0.048,0.0,0.0,0.0,0.0,0.0,0.5,0.5
233092,-1,14.277331,6.1874547,0.744,0.256,0.143,0.143,0.0,0.556,0.0,0.333,0.714
16658,-1,14.957819,1.0925074,0.875,0.1,0.333,0.0,0.0,0.0,0.25,0.0,0.667
133040,-1,11.090042,10.4026575,0.089,0.867,0.944,0.25,0.0,0.4,0.2,0.0,0.139
52217,-1,13.48811,3.014911,0.837,0.047,0.0,0.0,0.0,0.0,0.0,0.0,1.0
291472,-1,11.946413,7.912368,0.69,0.262,0.636,0.0,0.0,0.5,0.5,0.0,0.091
49350,6,10.351668,9.281624,0.121,0.879,0.963,0.037,0.25,0.0,0.0,0.25,0.148
227437,-1,16.682192,1.8669435,0.911,0.067,0.0,0.0,0.0,0.125,0.0,0.0,0.333
32580,6,11.536722,9.120637,0.884,0.093,0.25,0.0,0.0,0.167,0.0,0.667,0.25
34057,-1,14.139355,7.894381,0.884,0.023,0.0,1.0,0.0,0.0,0.0,0.0,0.0
180093,-1,16.589758,0.013242596,0.907,0.07,0.333,0.0,0.0,0.0,0.0,0.0,0.667
107302,-1,16.839405,1.3826375,0.884,0.093,0.0,0.0,0.2,0.6,0.0,0.0,0.667
45523,-1,18.082663,3.8813658,0.844,0.089,0.0,0.0,0.583,0.0,0.028,0.0,0.5
203278,6,9.908311,10.863404,0.42,0.54,0.0,0.0,0.0,1.0,0.0,0.0,0.0
194235,-1,16.531342,4.5153036,0.881,0.095,0.0,0.0,0.0,0.0,0.0,0.0,0.5
41098,-1,9.847264,8.980089,0.488,0.39,0.0,0.091,0.037,0.222,0.0,0.63,0.091
271457,6,9.707861,10.495158,0.667,0.333,0.091,0.0,0.1,0.15,0.0,0.65,0.0
141104,-1,15.018819,9.739813,0.033,0.967,1.0,0.621,0.0,0.667,0.0,0.0,0.552
282487,-1,15.1548,9.134245,0.212,0.788,0.784,0.622,0.0,0.182,0.455,0.0,0.595
144217,-1,14.182435,9.326006,0.024,0.976,1.0,0.103,0.167,0.5,0.167,0.167,0.333
118667,6,9.774155,11.117306,0.512,0.442,0.526,0.421,0.136,0.182,0.0,0.455,0.105
160206,5,17.873371,0.8383018,0.843,0.118,0.167,0.0,0.125,0.062,0.0,0.0,1.0
200957,6,8.5657625,9.956699,0.486,0.459,0.588,0.0,0.0,0.045,0.0,0.864,0.059
90901,-1,16.503948,5.6596384,0.822,0.156,0.0,0.0,0.0,0.0,0.0,0.0,0.25
94425,-1,15.407885,1.5691792,0.297,0.703,0.8,0.36,0.0,0.167,0.5,0.167,0.48
239359,-1,12.790973,7.7720585,0.864,0.091,0.333,0.0,0.0,0.0,0.0,0.0,0.333
195227,-1,15.245086,2.1178071,0.75,0.188,0.111,0.222,0.08,0.0,0.04,0.0,1.0
112822,-1,14.551219,7.8888164,0.714,0.245,0.25,0.25,0.125,0.25,0.0,0.375,0.25
17268,6,8.608709,10.228882,0.854,0.021,0.0,0.0,0.267,0.2,0.0,0.267,0.0
109879,6,10.031228,9.618318,0.386,0.523,0.739,0.609,0.056,0.111,0.0,0.278,0.043
68290,-1,14.261465,8.609465,0.913,0.087,0.0,0.0,0.0,0.25,0.0,0.5,0.0
218893,-1,13.793066,2.088709,0.649,0.243,0.444,0.111,0.0,0.2,0.4,0.0,0.333
133863,-1,16.76999,0.776446,0.875,0.1,0.0,0.0,0.125,0.125,0.0,0.0,0.75
191865,-1,11.851819,10.187213,0.167,0.833,0.696,0.043,0.0,0.188,0.0,0.688,0.087
80714,-1,8.00625,11.108929,0.531,0.245,0.083,0.0,0.08,0.08,0.0,0.4,0.167
120744,-1,16.574606,1.2564677,0.816,0.143,0.286,0.0,0.111,0.0,0.0,0.111,0.429
134786,-1,16.413076,8.013632,0.655,0.345,0.0,0.0,0.0,0.0,0.0,0.0,0.0
41396,-1,16.369965,6.85421,0.911,0.089,0.0,0.25,0.0,0.0,0.0,0.0,0.0
154654,-1,14.488068,1.5507379,0.857,0.071,0.0,0.0,0.091,0.0,0.091,0.0,0.333
225935,-1,16.006195,0.26120546,0.881,0.071,0.333,0.0,1.0,0.0,0.0,0.0,0.667
221431,-1,15.67104,2.2896523,0.791,0.14,0.0,0.0,0.786,0.0,0.0,0.071,0.833
94002,-1,14.22752,3.474937,0.312,0.646,0.71,0.161,0.0,0.0,1.0,0.0,0.548
102608,6,9.046736,10.4672,0.333,0.595,0.72,0.56,0.059,0.176,0.0,0.765,0.08
171865,-1,14.457657,6.4148364,0.918,0.041,0.5,0.0,0.0,0.167,0.0,0.833,0.0
48705,-1,14.455339,6.3906593,0.889,0.0,0.0,0.0,0.0,0.0,0.0,1.0,0.0
237184,-1,15.263202,5.549484,0.773,0.136,0.4,0.2,0.0,0.0,0.0,1.0,0.4
100941,6,17.39528,1.5402874,0.95,0.025,0.0,0.0,0.0,0.0,0.0,0.0,0.0
105511,-1,17.637705,1.8853552,0.762,0.143,0.167,0.0,0.0,0.0,0.875,0.0,0.667
122436,-1,14.725624,3.9291494,0.175,0.825,0.818,0.697,0.0,0.0,1.0,0.0,0.667
60780,-1,14.322639,7.129886,0.875,0.125,0.0,0.0,0.0,0.0,0.5,0.5,0.5
48263,-1,13.572804,1.555174,0.806,0.083,0.0,0.0,0.167,0.0,0.0,0.0,0.0
11847,-1,17.248627,1.4998844,0.919,0.081,0.0,0.0,0.333,0.0,0.333,0.0,1.0
248031,6,10.634207,9.872379,0.816,0.079,0.333,0.0,0.0,0.333,0.0,0.333,0.333
170500,-1,12.703208,6.393239,1.0,0.0,0.0,0.0,0.0,0.0,0.0,0.0,0.0
52216,-1,13.353847,9.497529,0.843,0.137,0.0,0.143,0.0,1.0,0.0,0.0,0.0
35323,-1,16.218004,3.1714594,0.81,0.167,0.0,0.0,0.688,0.0,0.0,0.031,0.714
257840,-1,13.883967,10.053572,0.083,0.917,0.97,0.394,0.0,0.222,0.667,0.056,0.667
164349,-1,15.012709,1.947947,0.756,0.156,0.0,0.167,0.35,0.0,0.0,0.0,0.667
2604,-1,16.466417,2.0316486,0.864,0.136,0.0,0.0,0.0,0.0,0.5,0.0,0.667
136279,-1,17.535599,3.1163118,0.4,0.525,0.5,1.0,0.0,0.0,0.5,0.0,0.0
174891,6,12.550686,8.053191,0.483,0.517,0.75,0.25,0.0,0.0,1.0,0.0,0.0
112786,6,8.627935,10.847502,0.381,0.548,0.158,0.105,0.077,0.192,0.0,0.308,0.053
199821,-1,14.594518,7.975828,0.838,0.162,0.0,0.167,0.0,0.333,0.333,0.0,0.667
269467,6,12.412178,8.437845,0.841,0.045,0.5,0.0,0.0,0.0,0.0,0.0,0.0
60283,-1,15.230846,7.0442066,0.933,0.067,0.5,0.0,0.0,0.75,0.0,0.25,0.0
172487,-1,14.504473,6.119202,0.767,0.233,0.2,0.0,0.286,0.0,0.0,0.0,0.8
6982,-1,14.167686,3.3107138,0.81,0.095,0.0,0.667,0.0,0.0,0.0,0.0,0.667
246892,6,11.235992,8.994885,0.806,0.139,0.4,0.2,0.0,0.5,0.0,0.5,0.0
48833,-1,13.873701,1.6717147,0.978,0.022,0.0,0.0,0.5,0.0,0.0,0.0,1.0
22865,-1,16.009495,1.0686241,0.818,0.114,0.0,0.0,0.0,0.0,0.0,1.0,0.6
242140,-1,14.489193,8.921707,0.646,0.333,0.5,0.062,0.231,0.231,0.077,0.0,0.062
46171,-1,14.425955,3.8055837,0.88,0.06,0.0,0.0,0.0,0.0,0.0,0.0,1.0
61899,6,9.278948,10.008839,0.898,0.041,0.5,0.5,0.2,0.0,0.0,0.0,0.0
13386,-1,16.788677,4.213954,0.364,0.6,0.516,0.903,0.0,0.214,0.357,0.143,0.419
154328,-1,15.516507,3.6783168,0.225,0.775,0.739,0.043,0.143,0.0,0.0,0.0,0.739
242394,-1,17.616594,2.187902,0.833,0.119,0.0,0.0,0.0,0.167,0.0,0.167,0.0
100996,-1,15.603936,1.1239339,0.411,0.589,0.308,0.077,0.0,0.0,0.889,0.0,0.615
194722,-1,12.149307,9.057714,0.46,0.52,0.524,0.238,0.0,0.167,0.333,0.0,0.238
83830,-1,14.222964,8.161577,0.513,0.462,0.389,0.111,0.0,0.3,0.5,0.2,0.333
112073,6,10.312942,10.441795,0.844,0.111,0.2,0.0,0.167,0.0,0.333,0.333,0.0
213147,-1,13.217505,8.842126,0.268,0.659,0.889,0.037,0.125,0.0,0.0,0.125,0.37
209930,-1,16.79331,3.9648354,0.9,0.075,0.333,0.333,0.0,0.0,0.0,0.0,0.333
271475,6,8.080202,11.263409,0.441,0.471,0.6,0.133,0.067,0.133,0.0,0.533,0.0
160910,1,16.481766,2.6552272,0.857,0.143,0.0,0.0,1.0,0.0,0.0,0.0,0.75
82889,-1,14.642757,7.910483,0.867,0.133,0.0,0.0,0.0,0.0,0.0,0.0,0.0
35925,-1,14.37631,4.6066294,0.783,0.196,0.625,0.0,0.0,0.0,0.667,0.0,0.0
176916,-1,15.747291,4.6497083,0.816,0.184,0.333,0.167,0.125,0.125,0.25,0.0,0.667
233174,-1,17.225435,2.3508582,0.646,0.25,0.25,0.0,0.0,0.0,0.5,0.0,0.917
212270,-1,13.919283,6.248629,0.581,0.387,0.5,0.417,0.0,0.0,0.286,0.429,0.5
185674,-1,16.8558,8.135521,0.845,0.138,0.0,0.0,0.0,0.0,0.0,0.0,0.667
185438,-1,16.41051,8.542886,0.3,0.7,0.333,0.0,0.273,0.182,0.091,0.0,0.333
60982,-1,16.006212,7.3522463,0.116,0.86,1.0,0.417,0.0,0.333,0.0,0.333,0.472
108717,6,11.397259,8.073383,0.139,0.778,0.808,0.154,0.062,0.188,0.0,0.625,0.115
88285,-1,16.016724,0.15609033,0.953,0.023,0.0,0.0,0.0,0.0,0.0,0.0,0.0
60584,-1,16.437363,0.68035907,0.827,0.096,0.0,0.0,0.0,0.25,0.75,0.0,0.75
222820,-1,16.233356,7.4338183,0.513,0.462,0.0,0.0,0.0,0.167,0.0,0.333,0.0
7985,-1,17.641705,3.8639872,0.925,0.05,0.0,1.0,0.0,0.0,0.0,1.0,0.0
158419,-1,15.658675,5.1217895,0.545,0.432,0.111,0.944,0.0,0.0,0.6,0.0,0.667
132165,-1,16.594612,8.6571045,0.698,0.283,0.571,0.357,0.621,0.034,0.0,0.069,0.357
137326,-1,16.704535,7.423052,0.641,0.333,0.083,0.0,0.154,0.308,0.0,0.231,0.417
82385,-1,14.552861,1.9582189,0.857,0.095,0.333,0.0,0.0,0.0,0.0,0.0,0.5
100905,-1,11.71275,10.105364,0.286,0.714,0.542,0.083,0.0,0.375,0.25,0.25,0.083
216901,-1,16.882027,8.235345,0.848,0.13,0.4,0.0,0.0,1.0,0.0,0.0,0.4
67881,-1,11.091015,10.20943,0.082,0.878,1.0,0.721,0.0,0.0,0.333,0.333,0.093
265065,-1,17.850904,1.3998454,0.833,0.095,0.0,0.0,0.0,0.0,0.0,0.0,0.5
44912,-1,14.381232,8.927328,0.857,0.119,0.2,0.0,0.0,0.0,0.0,1.0,0.4
220619,-1,16.899338,6.9419208,0.409,0.591,0.0,0.0,0.0,0.0,0.0,0.0,0.0
65987,6,8.984757,10.703807,0.667,0.256,0.7,0.4,0.05,0.55,0.0,0.1,0.0
50204,-1,14.671329,4.631979,0.952,0.048,0.0,0.0,0.0,0.0,0.0,0.0,1.0
172019,-1,17.484415,1.7155746,0.818,0.136,0.0,0.0,0.5,0.0,0.0,0.0,0.833
94530,-1,17.144133,1.2424221,0.872,0.106,0.333,0.333,0.167,0.25,0.0,0.417,0.667
293918,-1,14.05508,8.54549,0.714,0.286,0.833,0.0,0.0,0.0,1.0,0.0,0.0
11487,-1,16.68102,2.6755946,0.917,0.021,0.0,0.0,0.429,0.0,0.0,0.143,1.0
49290,-1,13.308521,6.649422,0.837,0.116,0.0,0.0,0.0,0.5,0.5,0.0,0.75
102421,-1,13.913845,8.727191,0.064,0.936,0.955,0.318,0.167,0.333,0.0,0.167,0.205
9615,-1,17.147741,1.3266176,0.279,0.698,0.9,0.167,0.778,0.0,0.0,0.028,0.567
38990,6,12.26602,6.8227205,0.733,0.222,0.167,0.167,0.0,0.273,0.091,0.455,0.167
276514,-1,16.177925,3.96053,0.913,0.043,0.0,0.0,0.0,0.0,0.0,0.0,0.0
191331,-1,16.433393,7.812602,0.636,0.318,1.0,0.0,0.0,0.0,0.0,1.0,0.0
53057,-1,13.21135,4.3796396,0.019,0.962,0.98,0.961,0.0,0.0,0.5,0.0,0.725
54070,-1,13.7452965,2.0068889,0.884,0.093,0.0,0.25,0.25,0.0,0.25,0.0,0.75
117836,-1,16.270323,0.22635843,0.864,0.114,0.0,0.0,0.5,0.5,0.0,0.0,1.0
214479,-1,16.239073,1.8325914,0.857,0.095,0.0,0.0,0.0,0.0,0.0,0.0,0.75
87355,-1,15.111091,3.574984,0.114,0.829,0.357,0.214,0.0,0.0,0.95,0.0,0.5
255049,-1,17.551853,4.1972966,0.634,0.244,0.167,0.167,0.0,0.5,0.0,0.5,0.667
2748,-1,14.179596,4.4245114,0.744,0.231,0.286,0.0,0.0,0.5,0.5,0.0,0.571
170495,-1,14.708698,8.551026,0.73,0.243,0.25,0.0,0.0,0.167,0.167,0.0,0.25
67918,-1,11.744169,8.431304,0.13,0.833,0.867,0.6,0.048,0.429,0.095,0.429,0.4
161473,-1,16.907785,1.7389216,0.837,0.116,0.0,0.2,0.0,0.0,0.0,0.0,0.6
281944,-1,14.156385,4.314381,0.875,0.075,0.5,0.0,0.0,0.0,0.0,0.0,0.5
49245,-1,17.472336,3.7946036,0.355,0.613,0.125,0.25,0.0,0.444,0.222,0.111,0.625
162542,-1,17.21562,2.2977517,0.574,0.362,0.25,0.0,0.444,0.074,0.259,0.0,0.75
88795,-1,14.169109,8.18247,0.238,0.714,0.483,0.31,0.308,0.179,0.026,0.205,0.276
187210,-1,17.699234,3.8498778,0.804,0.152,0.0,0.333,0.0,0.0,0.0,0.333,0.333
155239,-1,13.053134,7.755564,0.837,0.14,0.25,0.0,0.0,0.0,0.333,0.0,0.0
43765,-1,14.385012,1.3966148,0.854,0.073,0.333,0.0,0.0,0.0,0.0,0.0,1.0
252130,-1,14.046607,4.3763323,0.781,0.219,0.571,0.429,0.167,0.167,0.5,0.167,0.0
33474,-1,16.949127,7.7563815,0.659,0.341,0.0,0.0,0.0,0.0,0.0,0.0,0.0
160620,-1,17.718365,1.3788851,0.64,0.16,0.0,0.125,0.087,0.0,0.043,0.0,0.25
23953,-1,15.694651,1.107858,0.718,0.231,0.2,0.0,0.143,0.0,0.0,0.0,0.2
204746,-1,16.525618,5.646925,0.533,0.378,0.0,0.0,0.0,0.0,0.0,0.0,0.0
133392,-1,13.428776,3.0153759,0.812,0.042,0.0,0.0,0.0,0.5,0.0,0.5,0.0
49513,-1,16.806765,-0.23143262,0.956,0.022,0.0,0.0,0.0,0.5,0.0,0.0,1.0
168130,-1,17.660946,4.1810126,0.923,0.077,0.333,0.0,0.0,1.0,0.0,0.0,0.667
100355,-1,15.012725,0.6693831,0.837,0.102,1.0,0.0,0.429,0.0,0.0,0.0,0.0
291813,-1,12.538155,6.9065356,0.87,0.109,0.5,0.0,0.0,0.25,0.0,0.75,0.5
159563,-1,14.120508,1.5384146,0.846,0.077,0.0,0.0,0.0,0.0,0.0,0.0,0.667
118796,-1,12.682627,9.1552105,0.0,0.977,1.0,0.643,0.0,0.429,0.143,0.429,0.643
78636,1,16.412527,3.7383094,0.878,0.073,0.0,0.0,0.0,1.0,0.0,0.0,0.0
264686,-1,9.790227,9.021577,0.767,0.209,0.444,0.0,0.0,0.167,0.0,0.167,0.222
20727,-1,16.175219,2.804616,0.86,0.14,0.0,0.0,0.0,0.0,0.0,0.0,0.5
95022,1,16.32073,3.6867726,0.917,0.042,0.0,0.0,0.0,0.333,0.333,0.333,0.0
8397,-1,16.278915,1.0334072,0.148,0.815,0.85,0.25,0.0,0.125,0.25,0.125,0.55
191573,-1,14.115663,4.2614264,0.829,0.122,0.25,0.0,0.0,1.0,0.0,0.0,0.25
290857,-1,14.408348,8.119471,0.794,0.176,0.0,0.5,0.5,0.0,0.125,0.0,0.5
172551,-1,17.393476,3.3658707,0.796,0.204,0.0,0.0,0.667,0.0,0.0,0.0,0.0
177728,4,16.834139,7.3314013,0.441,0.559,0.0,0.0,0.0,1.0,0.0,0.0,0.0
19792,-1,15.060744,9.20883,0.643,0.238,0.25,0.25,0.333,0.0,0.0,0.0,0.75
152433,-1,12.807495,6.103834,0.794,0.206,0.0,0.0,0.0,0.5,0.0,0.0,0.333
158172,-1,15.517444,4.8984137,0.951,0.049,0.0,0.5,0.0,0.25,0.25,0.0,0.0
216277,-1,13.89224,3.2041104,0.81,0.167,0.0,0.0,0.0,0.5,0.0,0.0,0.5
251315,-1,18.172823,3.437757,0.833,0.104,0.0,0.0,0.227,0.545,0.0,0.045,0.8
241368,3,17.473484,4.820099,0.83,0.106,1.0,1.0,0.55,0.0,0.0,0.0,0.0
270912,6,8.99879,11.016832,0.854,0.122,0.0,0.333,0.4,0.2,0.0,0.2,0.0
186581,-1,11.934203,10.0652075,0.02,0.959,0.956,1.0,0.067,0.2,0.267,0.333,0.273
237562,-1,17.83531,2.7547162,0.868,0.026,0.0,0.0,0.0,0.0,0.0,0.167,0.0
44668,-1,17.14787,5.0641584,0.875,0.125,0.167,0.0,0.0,0.182,0.0,0.0,0.667
73953,-1,15.994867,3.4463809,0.78,0.169,0.2,0.1,0.5,0.167,0.0,0.167,0.5
3399,-1,15.85003,3.2074769,0.911,0.067,0.0,0.0,0.286,0.143,0.0,0.0,0.333
163864,-1,15.076245,4.5060377,0.721,0.279,0.0,0.0,0.0,1.0,0.0,0.0,0.0
106321,-1,14.789444,7.9668636,0.722,0.222,0.0,0.0,0.111,0.0,0.111,0.111,0.0
155193,-1,13.920959,5.218271,0.825,0.15,0.0,0.2,0.0,0.0,0.0,0.0,0.4
50686,-1,17.9821,1.4273363,0.761,0.217,0.333,0.0,0.167,0.083,0.0,0.25,0.889
185932,-1,17.262846,3.7651298,0.696,0.283,0.0,1.0,0.0,0.0,1.0,0.0,1.0
100330,-1,16.777067,1.8670413,0.844,0.044,0.0,0.0,0.625,0.0,0.0,0.0,1.0
100937,-1,15.693093,8.816146,0.026,0.974,0.946,0.135,0.0,0.25,0.0,0.0,0.649
271833,6,9.214393,10.703587,0.489,0.489,0.333,0.333,0.0,0.0,0.0,0.25,0.0
94730,-1,15.997092,1.0591587,0.88,0.06,0.0,0.0,0.0,0.0,0.0,1.0,0.0
149893,-1,16.785656,1.4796832,0.759,0.13,0.0,0.0,0.0,0.167,0.0,0.167,0.5
119508,-1,16.136894,1.035976,0.889,0.111,0.0,0.0,0.0,0.0,0.333,0.0,0.25
103087,-1,15.788264,1.5205426,0.845,0.103,0.0,0.333,0.0,0.125,0.0,0.125,0.333
122503,6,9.1668415,9.82685,0.822,0.067,0.0,0.0,0.0,0.0,0.0,0.667,0.0
40110,6,12.950692,5.623792,0.867,0.044,0.0,0.0,0.0,0.0,0.0,0.0,0.0
14697,-1,14.089865,9.203021,0.053,0.895,1.0,0.091,0.304,0.13,0.0,0.087,0.03
54459,-1,15.137828,4.988307,0.829,0.122,0.0,0.0,0.0,0.0,0.5,0.0,0.2
238005,-1,15.234706,1.2143184,0.7,0.3,0.0,0.0,0.0,0.5,0.5,0.0,0.0
32420,-1,11.551548,9.099512,0.912,0.088,0.333,0.0,0.0,0.5,0.0,0.25,0.0
86308,-1,14.634534,5.374615,0.7,0.3,0.0,1.0,0.25,0.0,0.0,0.0,0.0
138227,1,16.18165,3.1425128,0.711,0.222,0.0,0.111,0.816,0.0,0.0,0.0,0.556
103517,-1,15.474046,2.4959433,0.707,0.195,0.571,0.0,0.0,0.2,0.0,0.0,0.429
92457,-1,15.817073,3.5643911,0.787,0.064,0.0,0.333,0.0,0.0,0.0,0.0,0.0
151163,-1,16.691553,1.3280867,0.84,0.04,0.0,0.0,0.0,0.0,0.0,0.0,0.5
125650,-1,16.290792,3.818759,0.917,0.042,0.0,0.0,0.125,0.5,0.0,0.125,0.0
256076,-1,14.180519,7.448262,0.386,0.591,0.0,0.0,1.0,0.0,0.0,0.0,0.0
124962,-1,16.372505,8.280057,0.234,0.766,0.355,0.125,0.0,0.0,0.963,0.037,0.677
55798,-1,17.16921,7.071453,0.814,0.163,0.0,0.0,0.0,0.0,1.0,0.0,0.0
228913,-1,15.912429,8.301669,0.026,0.949,0.969,0.594,0.0,0.5,0.0,0.333,0.344
205673,-1,16.947113,7.7369413,0.388,0.551,0.0,0.0,0.0,0.0,0.5,0.0,0.0
246903,-1,14.774068,2.420422,0.881,0.0,0.0,0.0,0.2,0.1,0.0,0.0,0.0
80279,-1,12.916479,7.8707404,0.875,0.104,0.4,0.2,0.6,0.0,0.0,0.0,0.0
234796,-1,16.598276,8.49337,0.419,0.535,0.667,0.167,0.0,0.2,0.2,0.0,0.5
109973,-1,12.338812,7.7606544,0.913,0.043,0.0,0.0,0.0,0.0,0.0,0.0,0.0
218088,-1,14.630725,4.575387,0.683,0.317,0.25,0.167,0.5,0.0,0.5,0.0,0.583
7935,-1,15.501591,4.40176,0.905,0.095,0.0,0.5,0.5,0.0,0.0,0.0,0.0
71952,-1,11.912103,9.271763,0.545,0.455,0.2,0.2,0.0,0.0,0.0,0.0,0.4
132363,-1,12.626013,7.101352,0.188,0.792,0.946,0.568,0.0,0.333,0.0,0.667,0.297
161089,-1,15.576734,0.6846942,0.918,0.02,1.0,0.0,0.0,0.143,0.143,0.143,1.0
5028,1,16.37903,4.0878553,0.881,0.0,0.0,0.0,0.0,0.0,0.0,0.0,0.0
226877,-1,13.581483,4.530916,0.581,0.349,0.0,0.0,0.0,0.333,0.0,0.0,0.0
15828,-1,11.645007,9.519119,0.8,0.182,0.3,0.0,0.0,0.0,0.571,0.0,0.1
57731,-1,15.627782,3.266455,0.895,0.088,0.0,0.0,0.25,0.0,0.0,0.0,0.75
46336,-1,14.350431,3.0356388,0.842,0.105,0.5,0.5,0.0,1.0,0.0,0.0,0.75
3948,6,9.258889,11.238294,0.791,0.163,0.143,0.0,0.0,0.118,0.059,0.471,0.143
207514,-1,14.78788,5.9993134,0.854,0.073,0.0,0.0,0.0,0.0,0.0,0.0,0.5
39766,-1,13.749767,8.24339,0.293,0.683,0.815,0.296,0.0,0.333,0.5,0.167,0.259
226871,-1,16.372967,1.1457344,0.86,0.093,0.0,0.0,0.0,0.0,0.0,0.0,0.333
156712,-1,15.487595,1.992078,0.884,0.023,0.0,0.0,0.0,0.0,0.0,0.6,1.0
157866,-1,16.902147,1.0530094,0.909,0.023,0.0,1.0,0.0,0.0,0.333,0.0,1.0
160776,-1,15.495075,3.7007732,0.902,0.024,0.0,0.0,0.0,0.833,0.0,0.0,1.0
240048,-1,14.997797,5.0111775,0.434,0.566,0.583,0.167,0.286,0.143,0.429,0.0,0.75
59947,-1,14.568953,7.1047935,0.727,0.273,0.0,0.0,0.0,0.0,0.5,0.0,0.667
102734,-1,17.27124,3.0191443,0.718,0.179,0.143,0.0,0.0,0.25,0.25,0.25,0.571
203478,-1,15.398597,-0.020828182,0.946,0.054,0.0,0.0,0.333,0.0,0.0,0.0,0.5
115312,-1,15.490443,9.343103,0.02,0.98,1.0,0.122,0.278,0.111,0.0,0.056,0.5
97024,-1,17.903786,4.43036,0.717,0.261,0.0,0.0,0.0,0.0,0.0,0.0,0.667
71011,-1,12.46148,6.775846,0.079,0.895,0.758,0.576,0.053,0.053,0.474,0.0,0.455
214925,-1,16.654474,6.383815,0.711,0.263,0.5,0.5,0.0,0.0,0.0,0.0,0.5
182061,-1,13.041384,8.919221,0.686,0.2,0.143,0.143,0.0,0.0,0.667,0.0,0.143
54804,-1,15.875664,4.2401166,0.933,0.044,0.0,0.0,1.0,0.0,0.0,0.0,0.0
100712,-1,13.269567,10.070077,0.0,1.0,0.976,0.976,0.0,0.5,0.0,0.333,0.119
132615,6,8.029188,11.060448,0.929,0.024,0.0,0.0,0.0,0.222,0.0,0.333,0.0
212143,-1,12.4206705,6.5561314,0.486,0.457,0.3,0.4,0.773,0.091,0.0,0.091,0.2
189170,-1,17.559376,5.1529207,0.75,0.159,0.143,0.0,0.3,0.05,0.05,0.2,0.429
94036,-1,15.127232,1.5507032,0.935,0.043,0.0,0.0,0.333,0.0,0.0,0.0,0.5
216066,6,10.203339,9.301029,0.732,0.244,0.444,0.111,0.111,0.222,0.333,0.111,0.0
10605,6,9.5341425,9.308598,0.286,0.679,0.474,0.737,0.158,0.053,0.0,0.632,0.105
24292,-1,17.481543,3.285297,0.872,0.085,0.0,0.0,0.0,0.0,0.0,0.0,0.5
133266,-1,14.400981,0.88813984,0.857,0.119,0.2,0.0,0.0,0.0,1.0,0.0,0.8
289878,-1,16.132143,2.9475212,0.725,0.225,0.222,0.222,0.167,0.0,0.333,0.0,0.556
233708,-1,10.631312,8.277958,0.891,0.065,0.0,0.0,0.0,0.0,0.5,0.5,0.667
52789,-1,15.644447,-0.011708649,0.87,0.109,0.2,0.0,0.0,0.0,0.0,0.0,0.6
24727,-1,15.43728,4.9156995,0.841,0.091,0.0,0.333,0.0,0.0,0.5,0.0,0.333
150831,-1,11.991813,7.91738,0.766,0.234,0.0,0.0,0.0,0.0,0.0,0.0,0.0
22923,-1,15.034935,2.104769,0.216,0.757,0.25,0.143,0.0,0.0,1.0,0.0,0.679
25236,-1,16.64362,3.6945844,0.75,0.154,0.0,0.125,0.452,0.0,0.0,0.0,0.25
145459,6,8.609304,10.737127,0.975,0.025,0.0,0.0,0.0,0.125,0.0,0.125,1.0
92959,-1,8.386116,10.690418,0.162,0.838,0.71,0.71,0.034,0.207,0.0,0.483,0.129
207736,-1,16.100935,1.471052,0.881,0.071,0.333,0.0,0.0,0.0,0.0,0.0,1.0
58596,-1,16.451885,6.4487786,0.718,0.231,0.25,0.125,0.136,0.364,0.045,0.318,0.5
238338,-1,15.934456,5.3204975,0.809,0.085,0.5,0.0,0.0,0.667,0.0,0.333,0.25
262095,6,9.172346,11.0872755,0.039,0.941,0.979,0.417,0.308,0.154,0.0,0.154,0.062
46203,-1,16.931076,-0.30754086,0.818,0.068,0.0,0.0,0.458,0.0,0.0,0.042,0.5
57459,-1,14.615137,2.1821861,0.855,0.073,0.0,0.0,0.067,0.0,0.0,0.0,0.5
246052,-1,15.585049,1.1743613,0.575,0.4,0.786,0.286,0.0,0.286,0.0,0.0,0.357
26130,3,17.411352,5.3833127,0.812,0.125,0.25,0.0,0.0,0.0,0.0,0.5,0.5
29800,-1,17.028204,8.026481,0.412,0.588,0.0,0.0,0.0,0.0,0.333,0.0,0.0
132729,3,16.93881,5.4371533,0.933,0.044,0.0,0.0,0.0,0.0,0.0,0.0,1.0
257335,-1,16.10757,7.997218,0.657,0.314,0.0,0.0,0.231,0.0,0.0,0.077,0.0
20642,-1,14.154286,7.6437454,0.744,0.256,0.0,0.0,0.0,0.0,0.0,0.0,0.0
269735,-1,13.575765,9.900161,0.041,0.959,0.8,0.267,0.1,0.1,0.1,0.2,0.433
55844,-1,11.829432,8.876077,0.0,0.972,1.0,0.088,0.0,0.0,0.6,0.2,0.647
231329,-1,17.133785,5.1309547,0.826,0.065,0.0,0.0,0.0,0.0,0.0,1.0,0.667
20317,-1,14.086151,4.3647985,0.956,0.022,0.0,0.0,0.0,0.0,0.5,0.5,0.0
167808,-1,15.081085,8.539873,0.265,0.735,0.238,0.048,0.0,0.0,0.944,0.0,0.238
184865,-1,15.99942,0.5515596,0.8,0.15,0.0,0.0,0.0,0.0,0.0,0.0,0.0
273270,6,12.0144205,8.7884655,0.85,0.15,0.4,0.0,0.0,0.0,0.0,0.0,0.0
107843,-1,16.569687,8.81961,0.55,0.45,0.444,0.111,0.0,0.0,0.25,0.25,0.0
216766,-1,16.282452,1.6269283,0.889,0.044,0.0,0.0,0.0,0.5,0.5,0.0,1.0
131165,-1,15.460392,2.4700477,0.829,0.098,0.0,0.0,0.0,0.0,0.0,0.0,0.333
229253,-1,17.33407,0.17877273,0.844,0.089,0.0,0.0,0.143,0.0,0.0,0.0,1.0
191335,-1,16.720528,0.6934049,0.83,0.106,0.0,0.0,0.0,0.0,0.333,0.0,0.75
7415,-1,15.259234,1.2297968,0.647,0.353,0.364,0.091,0.0,0.2,0.2,0.0,0.727
8824,-1,16.95171,2.112918,0.75,0.227,0.0,0.0,0.361,0.0,0.0,0.056,0.4
283327,-1,14.664121,5.6615653,0.844,0.111,0.0,0.0,0.0,0.0,0.0,0.0,0.5
23619,-1,15.10623,0.7521878,0.932,0.068,0.0,0.0,0.0,0.25,0.0,0.0,1.0
165193,-1,14.500688,1.298377,0.911,0.067,0.0,0.0,0.364,0.091,0.0,0.0,1.0
175347,-1,14.634815,4.158491,0.194,0.722,0.962,0.385,0.0,0.5,0.0,0.0,0.038
2803,-1,15.338276,2.0036783,0.85,0.15,0.0,0.333,0.25,0.25,0.0,0.0,0.333
114784,-1,11.353544,9.223814,0.271,0.667,0.625,0.125,0.0,0.229,0.0,0.629,0.312
245176,-1,13.426467,5.756195,0.3,0.7,0.0,0.5,0.0,0.0,0.0,0.0,0.5
89111,-1,14.49233,2.7518845,0.784,0.196,1.0,1.0,0.0,0.5,0.0,0.0,1.0
201414,-1,17.781843,1.2559623,0.824,0.078,0.0,0.0,0.263,0.0,0.0,0.0,0.0
152594,-1,14.252826,8.435657,0.143,0.857,1.0,0.378,0.0,0.0,1.0,0.0,0.297
272989,-1,16.983454,0.5791673,0.791,0.047,0.0,0.0,0.529,0.0,0.059,0.0,0.0
207292,-1,15.289673,0.43453625,0.824,0.088,0.333,0.0,0.571,0.0,0.0,0.0,0.667
239832,-1,15.295834,0.41779473,0.868,0.094,0.0,0.0,0.417,0.0,0.0,0.0,0.25
281889,-1,13.645221,9.264349,0.833,0.071,0.0,0.0,0.0,0.5,0.0,0.0,0.667
213977,-1,16.251816,3.943734,0.818,0.136,0.0,0.0,0.0,1.0,0.0,0.0,0.0
93678,-1,16.168575,8.605419,0.365,0.635,0.0,0.0,0.0,0.0,0.0,0.0,0.0
171486,-1,15.26105,2.1577709,0.721,0.163,0.2,0.4,0.0,0.143,0.286,0.143,0.6
117931,-1,15.858321,5.5722146,0.927,0.073,0.0,1.0,0.0,0.5,0.0,0.5,0.0
59616,-1,15.161085,8.785234,0.737,0.237,0.111,0.111,0.0,0.0,1.0,0.0,0.667
294343,-1,16.68873,1.3353066,0.419,0.535,0.5,0.0,0.5,0.0,0.0,0.0,1.0
290839,-1,13.715623,8.306062,0.065,0.935,0.857,0.905,0.0,0.222,0.222,0.444,0.238
34883,-1,17.307718,4.924093,0.881,0.095,0.0,0.0,0.0,0.0,0.333,0.333,0.5
236656,-1,12.4908,10.110197,0.618,0.382,0.615,0.308,0.333,0.167,0.0,0.167,0.077
188220,-1,17.546146,1.9126672,0.82,0.18,0.0,0.125,0.0,0.0,0.0,0.0,0.625
175083,-1,13.387709,6.154727,0.886,0.068,0.0,0.333,0.0,0.9,0.0,0.1,0.333
81202,-1,13.266562,3.2929537,0.848,0.109,0.2,0.2,0.0,0.0,0.0,0.0,0.8
165667,-1,14.846966,8.753825,0.912,0.088,0.0,0.0,0.0,0.25,0.0,0.0,0.333
251649,-1,16.430605,8.378365,0.35,0.625,0.84,0.04,0.0,0.0,0.0,0.333,0.48
15249,-1,17.771929,3.2945318,0.87,0.109,0.0,0.0,0.0,0.333,0.0,0.0,0.2
267985,5,17.070673,-0.182805,0.8,0.089,0.0,0.0,0.303,0.061,0.0,0.061,0.667
1918,-1,17.172598,0.30369496,0.889,0.089,0.0,0.0,0.2,0.0,0.2,0.2,0.5
56648,-1,15.959673,5.865174,0.844,0.111,0.0,0.0,0.0,0.0,0.0,0.0,0.2
254012,6,8.576888,10.741003,0.586,0.172,0.0,0.0,0.308,0.0,0.0,0.385,0.0
229176,-1,16.494257,4.0114465,0.805,0.171,0.286,0.143,0.417,0.0,0.25,0.0,0.714
177694,-1,14.48908,6.0647817,0.889,0.089,0.0,0.0,0.0,0.0,0.5,0.0,1.0
118392,-1,16.187166,3.496274,0.933,0.067,0.0,0.0,0.0,0.4,0.0,0.4,0.0
236534,-1,16.294416,1.2742225,0.838,0.081,0.0,0.0,0.5,0.0,0.0,0.125,0.333
36058,6,15.481605,2.7306113,0.346,0.135,0.2,0.4,0.0,0.1,0.1,0.1,0.4
236159,-1,14.229877,4.6091533,0.792,0.132,0.125,0.0,0.0,0.2,0.2,0.2,0.375
236244,-1,14.058061,4.2797103,0.628,0.256,0.0,0.333,0.0,0.5,0.0,0.0,0.0
108290,-1,13.272804,3.5165386,0.953,0.0,0.0,0.0,0.0,0.0,0.0,0.0,0.0
253710,-1,11.2347975,9.929271,0.0,1.0,1.0,0.351,0.462,0.077,0.0,0.077,0.135
27903,-1,18.001974,2.7708812,0.844,0.111,0.0,0.0,0.667,0.0,0.0,0.0,0.8
258733,-1,13.699071,8.026119,0.806,0.167,0.6,0.4,0.5,0.167,0.0,0.167,0.2
225606,-1,16.668724,7.5629225,0.17,0.811,0.333,0.333,0.0,0.091,0.636,0.091,0.667
128505,6,10.7163315,10.123929,0.523,0.409,0.625,0.125,0.1,0.3,0.0,0.25,0.062
243037,-1,15.811122,7.0299892,0.615,0.385,0.556,0.444,0.083,0.333,0.083,0.167,0.222
174156,-1,13.700323,6.063351,0.619,0.333,0.0,0.455,0.0,0.182,0.0,0.455,0.545
9000,-1,13.532915,7.9357624,0.838,0.108,0.5,0.0,0.0,0.333,0.333,0.333,0.25
62086,-1,16.49115,5.2347693,0.194,0.778,0.654,0.385,0.0,0.077,0.769,0.0,0.538
271308,4,15.695532,8.206822,0.73,0.243,0.0,0.0,0.0,0.0,0.0,0.0,0.0
209254,6,12.468135,7.5349045,0.473,0.455,0.68,0.08,0.0,0.545,0.0,0.455,0.0
131406,6,15.45481,2.7967756,0.511,0.044,0.0,0.0,0.2,0.0,0.0,0.0,0.5
232816,-1,17.58313,4.8321905,0.809,0.149,0.167,0.0,0.0,0.0,0.0,0.0,0.5
48642,-1,13.871927,5.197338,0.85,0.15,0.4,0.0,0.0,0.0,0.0,0.167,0.2
1424,-1,13.883836,2.3381193,0.938,0.031,0.0,0.0,0.0,0.0,0.0,0.0,1.0
37945,6,12.466161,6.972206,0.809,0.149,0.0,0.0,0.0,0.0,0.0,0.0,0.0
251182,-1,16.68981,6.8982806,0.775,0.05,0.0,0.0,0.0,0.0,0.0,0.0,0.0
216278,6,10.812603,8.185675,0.905,0.095,0.333,0.0,0.0,0.0,0.0,1.0,0.0
84519,-1,9.3216505,10.113505,0.325,0.675,0.778,0.778,0.536,0.0,0.0,0.107,0.5
236882,-1,17.13485,2.8355248,0.955,0.045,0.0,0.0,0.167,0.0,0.167,0.0,1.0
20754,-1,15.399737,2.0299804,0.936,0.043,0.0,0.0,0.091,0.0,0.182,0.091,1.0
249611,-1,16.894804,0.8611351,0.735,0.147,0.0,0.0,0.0,0.0,0.0,0.0,0.667
291035,-1,17.546257,4.167862,0.8,0.133,0.0,0.0,0.5,0.0,0.0,0.0,0.667
197311,-1,16.693893,4.4826946,1.0,0.0,0.0,0.0,0.0,0.0,0.0,1.0,0.0
91979,-1,14.262798,4.451392,0.814,0.186,0.0,0.0,0.5,0.0,0.5,0.0,1.0
253365,-1,15.929087,0.7144069,0.905,0.048,0.0,0.0,0.0,0.5,0.0,0.0,1.0
184792,-1,12.701633,7.5927486,0.833,0.095,0.25,0.0,0.0,0.0,0.25,0.25,0.25
150812,-1,15.481078,7.631276,0.66,0.283,0.333,0.0,0.0,0.0,0.0,0.0,0.667
159737,6,8.387953,11.235781,0.731,0.173,0.222,0.333,0.0,0.176,0.0,0.765,0.0
106136,6,14.337618,3.2548587,0.474,0.526,0.0,0.0,0.0,0.0,0.8,0.0,0.375
40298,-1,13.822393,2.3912692,0.881,0.119,0.0,0.0,0.0,0.0,0.0,0.0,0.75
69221,-1,17.719028,3.3419592,0.92,0.06,0.0,0.0,0.263,0.053,0.0,0.0,0.333
278978,-1,12.4955015,6.9381375,0.5,0.478,0.476,0.048,0.038,0.0,0.846,0.0,0.905
156109,-1,17.615383,1.9469979,0.848,0.109,0.2,0.0,0.0,0.0,0.0,0.0,0.6
111998,-1,14.57524,4.270102,0.812,0.167,0.143,0.0,0.0,0.0,0.0,0.0,0.857
225691,-1,16.43229,3.522881,0.867,0.044,0.0,0.0,0.0,0.0,0.0,0.5,0.0
101948,-1,12.3446865,7.375947,0.895,0.105,0.5,0.5,0.25,0.0,0.5,0.0,0.5
114025,-1,13.652842,4.9165044,0.614,0.364,0.0,0.0,0.0,0.333,0.0,0.0,0.0
245279,-1,17.677973,3.6195464,0.767,0.233,0.5,0.0,0.0,1.0,0.0,0.0,0.5
270134,-1,16.253736,8.710625,0.842,0.158,0.167,0.0,0.0,0.333,0.0,0.333,0.167
137191,-1,13.083838,6.525329,0.659,0.317,0.2,0.0,0.0,0.0,0.0,0.0,0.6
28518,-1,17.28278,2.137951,0.83,0.094,0.0,0.0,0.407,0.037,0.037,0.0,0.8
137953,-1,13.36633,3.5797706,0.953,0.023,0.0,0.0,0.0,0.0,0.0,0.0,1.0
116430,-1,13.935247,3.4595716,0.763,0.211,0.0,0.0,0.0,0.4,0.5,0.0,0.375
185433,-1,17.015678,8.310685,0.679,0.302,0.0,0.0,0.5,0.0,0.0,0.5,0.0
253932,-1,16.370975,4.1440744,0.805,0.171,0.0,0.0,0.0,0.4,0.0,0.0,0.0
68138,-1,13.534713,2.892724,0.977,0.023,0.0,0.0,0.0,0.0,0.0,0.0,1.0
194679,-1,16.918821,8.080735,0.844,0.125,0.25,0.0,0.25,0.25,0.0,0.0,0.0
168152,6,10.365174,10.539219,0.176,0.824,0.926,0.667,0.0,0.5,0.0,0.5,0.259
98309,-1,14.62927,4.286327,0.125,0.875,0.618,0.941,0.2,0.4,0.0,0.4,0.529
14063,-1,15.472895,7.5210204,0.061,0.848,0.929,0.929,0.0,0.5,0.25,0.25,0.25
170163,3,16.93986,5.3134065,0.953,0.023,0.0,0.0,0.25,0.25,0.0,0.0,1.0
78799,-1,16.310015,3.604662,0.841,0.136,0.0,0.0,0.5,0.0,0.0,0.5,0.167
17856,-1,15.6923275,7.3876925,0.438,0.542,0.0,0.0,0.333,0.0,0.0,0.083,0.0
50048,-1,16.37959,5.779182,0.706,0.294,0.286,0.143,0.0,0.8,0.0,0.0,0.429
165962,-1,14.923475,6.207324,0.786,0.19,0.0,0.0,0.0,1.0,0.0,0.0,0.25
218790,-1,18.078854,3.9412694,0.905,0.048,0.0,0.5,0.0,0.0,0.0,0.0,0.5
45246,-1,16.619473,2.8599455,0.907,0.07,0.0,0.0,0.0,0.5,0.167,0.167,1.0
270256,-1,13.177347,7.5781417,0.512,0.419,0.0,0.077,0.481,0.074,0.0,0.185,0.385
47168,-1,13.338295,3.9691741,0.867,0.089,0.0,0.0,0.0,0.0,0.0,1.0,0.0
92865,-1,11.989769,7.789716,0.394,0.576,0.941,0.412,0.0,0.0,0.0,1.0,0.059
148066,-1,11.332909,9.620374,0.587,0.413,0.875,0.062,0.0,0.0,1.0,0.0,0.5
31154,-1,17.644377,2.2822595,0.816,0.132,0.0,0.2,0.0,0.333,0.0,0.0,0.6
143352,-1,13.795531,6.022731,0.341,0.659,0.0,0.0,0.0,1.0,0.0,0.0,0.0
210624,-1,13.291808,9.738532,0.105,0.868,0.0,0.0,0.0,0.0,0.5,0.0,0.0
214014,-1,16.054012,5.785332,0.512,0.488,0.25,0.2,0.0,0.154,0.846,0.0,0.4
6752,-1,15.300509,2.145558,0.622,0.333,0.133,0.867,1.0,0.0,0.0,0.0,0.467
179334,-1,17.637129,2.1770303,0.881,0.071,0.0,0.0,0.0,0.0,0.0,0.0,0.333
21345,-1,11.744175,7.8552833,0.561,0.439,0.889,0.056,0.091,0.455,0.0,0.455,0.111
180792,-1,13.914694,7.8690524,0.927,0.049,0.0,0.0,0.0,0.0,1.0,0.0,0.0
171692,6,13.409676,6.144569,0.379,0.621,0.706,0.0,0.2,0.0,0.0,0.0,0.059
177621,-1,15.131974,3.5212357,0.791,0.209,0.0,0.0,0.0,0.0,0.0,0.0,0.5
19965,-1,14.099071,3.816638,0.487,0.487,0.611,0.278,0.0,0.5,0.312,0.0,0.5
238032,-1,16.248692,1.7750561,0.81,0.167,0.286,0.0,0.0,0.167,0.0,0.75,0.714
260289,6,9.047493,11.499784,0.771,0.143,0.6,0.4,0.1,0.1,0.0,0.3,0.2
161143,-1,14.656468,9.754441,0.019,0.981,1.0,0.84,0.0,0.273,0.0,0.273,0.32
29825,-1,17.553644,2.7098296,0.816,0.158,0.0,0.0,0.5,0.0,0.0,0.0,0.333
61297,-1,11.836354,9.704284,0.216,0.73,0.96,0.08,0.647,0.059,0.0,0.059,0.16
224171,-1,16.83192,4.8347263,0.814,0.093,0.0,0.0,0.0,0.0,0.0,0.0,0.5
102258,-1,14.520335,8.711296,0.0,0.902,1.0,0.465,0.0,0.714,0.0,0.143,0.07
172247,-1,15.135088,9.089233,0.196,0.804,0.88,0.32,0.0,0.167,0.5,0.0,0.4
203646,-1,14.86811,3.8109808,0.818,0.091,0.0,0.0,0.4,0.2,0.0,0.2,0.75
221127,-1,13.9452095,7.0686593,0.95,0.0,0.0,0.0,0.0,0.25,0.25,0.0,0.0
21288,4,16.8414,7.216746,0.478,0.478,0.0,0.0,0.0,0.0,0.0,0.0,0.0
165601,-1,12.260916,10.390277,0.021,0.979,1.0,0.283,0.167,0.167,0.0,0.0,0.13
8570,-1,17.06258,0.5726219,0.905,0.048,0.0,0.0,0.0,0.0,0.0,0.0,0.0
23402,6,8.998807,11.38282,0.2,0.8,0.897,0.205,0.118,0.059,0.353,0.118,0.077
242407,-1,15.955034,9.160149,0.469,0.531,0.643,0.0,0.0,0.0,0.4,0.2,0.286
162589,-1,14.977683,6.7488003,0.843,0.059,0.0,0.0,0.0,0.5,0.0,0.25,0.5
203962,-1,10.559648,8.514345,0.909,0.068,0.0,0.0,0.0,0.5,0.25,0.25,0.667
270348,-1,9.452218,11.443153,0.108,0.838,0.517,0.828,0.0,0.174,0.043,0.652,0.0
155177,-1,16.992706,1.009379,0.884,0.07,0.0,0.0,0.0,0.0,0.0,0.0,0.667
240891,-1,13.840949,2.1365442,0.771,0.167,0.0,0.0,0.0,0.0,0.0,0.0,0.625
118550,-1,17.562403,4.711799,0.917,0.056,0.0,0.5,0.0,0.0,0.0,0.143,0.5
24144,-1,17.25652,4.061799,0.725,0.175,0.167,0.333,0.25,0.0,0.0,0.0,0.667
274219,-1,17.776146,1.0216056,0.622,0.222,0.1,0.1,0.568,0.0,0.027,0.054,0.4
164830,-1,16.43484,5.8881865,0.805,0.195,0.125,0.0,0.0,0.0,0.0,0.0,0.25
161905,-1,14.239334,4.526583,0.821,0.154,0.167,0.0,0.0,0.0,0.5,0.5,0.167
100179,-1,13.443685,3.187114,0.725,0.275,0.111,0.8,0.125,0.25,0.0,0.25,0.556
223002,-1,14.584582,7.600484,0.714,0.262,0.25,0.0,0.0,1.0,0.0,0.0,0.25
120912,4,16.406275,7.5015273,0.588,0.353,0.0,0.333,0.0,0.0,0.0,0.0,0.0
92542,-1,13.295684,3.214257,0.829,0.171,0.5,0.0,0.0,0.222,0.444,0.111,0.833
31301,-1,15.56621,2.1799657,0.86,0.116,0.0,0.0,0.333,0.0,0.0,0.0,0.8
24670,-1,14.434789,4.095775,0.822,0.178,0.25,0.0,0.0,0.0,0.0,0.167,0.375
138810,-1,15.665446,5.2632318,0.86,0.093,0.0,0.333,0.0,0.0,0.0,0.0,0.667
8969,6,10.258268,9.874711,0.86,0.116,0.0,0.0,0.0,0.0,0.0,1.0,0.0
39325,-1,14.982634,2.020016,0.725,0.2,0.0,0.0,0.5,0.0,0.0,0.5,0.571
216368,-1,14.634636,4.737448,0.622,0.324,0.3,0.1,0.0,0.0,0.667,0.0,0.5
72296,-1,13.573097,3.730187,0.857,0.071,0.333,0.0,0.0,0.0,0.0,0.0,0.667
225148,-1,16.241573,-0.35033807,0.889,0.044,0.0,0.0,0.0,0.0,0.0,0.0,1.0
78123,-1,11.984063,9.472156,0.139,0.833,1.0,0.4,0.0,0.667,0.0,0.333,0.033
158441,-1,14.527144,1.1916368,0.907,0.047,0.0,0.0,0.0,0.0,0.0,0.0,1.0
37766,2,17.53131,2.2688642,0.857,0.061,0.0,0.5,0.143,0.143,0.429,0.0,0.5
17127,-1,17.061775,1.9626312,0.842,0.088,0.0,0.0,0.4,0.2,0.0,0.0,0.4
134594,-1,14.242765,1.4249234,0.875,0.1,0.0,0.0,0.0,0.0,0.0,0.0,0.75
149692,-1,13.083056,9.975692,0.118,0.882,0.964,0.821,0.286,0.0,0.286,0.143,0.071
229457,-1,15.441784,3.4413033,0.224,0.776,0.235,0.971,0.0,0.0,1.0,0.0,0.706
231825,6,9.368999,10.018465,0.512,0.439,0.167,0.0,0.0,0.037,0.926,0.037,0.0
277321,4,17.07384,7.312355,0.267,0.689,0.0,0.0,0.0,0.4,0.0,0.0,0.0
169640,6,9.315263,10.535894,0.093,0.907,0.974,0.744,0.0,0.111,0.0,0.444,0.103
13179,-1,17.056717,2.775416,0.864,0.114,0.2,0.0,0.0,0.0,0.0,0.0,0.2
247473,6,9.049235,11.589579,0.263,0.684,0.864,0.318,0.0,0.125,0.0,0.625,0.0
181610,-1,12.237103,10.402896,0.088,0.882,0.9,0.1,0.0,0.0,0.0,0.5,0.1
188045,-1,16.091587,8.101295,0.463,0.537,0.952,0.048,0.143,0.143,0.0,0.429,0.381
156443,-1,15.170022,5.828243,0.827,0.115,0.333,0.0,0.0,0.5,0.0,0.0,0.167
339,-1,16.986229,-0.14217702,0.889,0.089,0.75,0.25,0.0,0.0,0.0,0.0,0.75
137558,6,9.036568,9.738981,0.761,0.152,0.286,0.0,0.333,0.0,0.0,0.667,0.143
231623,-1,15.971886,2.665027,0.342,0.605,0.235,1.0,0.0,0.0,0.286,0.0,0.706
44688,-1,12.748821,10.1518545,0.028,0.889,0.938,0.25,0.167,0.0,0.0,0.0,0.062
217200,-1,13.416428,6.9589295,0.894,0.085,0.5,0.0,0.0,0.0,0.0,0.0,0.5
3471,-1,17.153496,3.0196464,0.83,0.085,0.5,0.0,0.0,0.0,1.0,0.0,0.5
51733,-1,15.772769,6.263603,0.217,0.761,0.97,0.212,0.0,0.5,0.167,0.167,0.545
215549,-1,13.355428,8.797936,0.341,0.659,0.828,0.069,0.0,0.1,0.15,0.6,0.172
57606,-1,17.175083,0.5627353,0.818,0.136,0.0,0.2,0.217,0.043,0.0,0.0,0.6
207000,-1,15.146815,6.99115,0.898,0.041,0.0,0.0,0.0,0.0,0.0,0.5,0.0
219632,-1,14.815302,4.5629406,0.24,0.72,0.647,0.059,0.0,0.0,0.833,0.0,0.412
111447,-1,13.615237,9.55356,0.283,0.679,0.944,0.083,0.0,0.0,0.0,0.75,0.306
36847,-1,15.8801365,-0.11363189,0.804,0.157,0.0,0.0,0.0,0.0,0.429,0.0,0.25
175832,4,16.535875,7.631531,0.16,0.82,0.0,0.0,0.0,0.0,0.0,0.0,0.0
148393,-1,15.597689,1.931495,0.352,0.648,0.857,0.179,0.1,0.2,0.1,0.3,0.714
38515,-1,15.10101,1.1704321,0.904,0.058,0.333,0.0,0.622,0.0,0.027,0.027,1.0
170823,-1,13.6388035,10.202328,0.0,1.0,1.0,0.056,0.0,0.0,0.5,0.5,0.75
218464,-1,13.256389,9.204512,0.5,0.5,0.6,0.0,0.0,0.222,0.111,0.0,0.133
244425,-1,14.357293,1.2347082,0.762,0.214,0.0,0.0,0.091,0.0,0.0,0.091,0.556
159855,-1,14.407108,1.1193894,0.88,0.06,0.0,0.333,0.0,0.0,0.0,0.0,0.333
53351,-1,13.245707,4.926853,0.889,0.067,0.0,0.0,0.0,0.0,0.0,0.0,0.0
120418,-1,17.542843,2.7121873,0.875,0.125,0.0,0.0,0.0,0.0,0.25,0.0,1.0
71519,-1,14.302668,7.3720856,0.419,0.465,0.263,0.053,0.091,0.136,0.455,0.182,0.263
130774,-1,12.198822,9.764367,0.477,0.5,0.375,0.125,0.0,0.0,0.0,0.0,0.0
51412,-1,17.187021,2.870586,0.921,0.053,0.0,0.5,0.333,0.0,0.333,0.0,0.5
19414,-1,11.820798,9.969078,0.044,0.956,0.905,0.048,0.0,0.333,0.333,0.333,0.214
131622,-1,10.595312,8.53863,0.048,0.929,1.0,0.897,0.273,0.455,0.0,0.0,0.359
79127,-1,18.028265,3.9663017,0.354,0.604,0.241,0.759,0.0,0.0,1.0,0.0,0.552
109245,-1,15.705749,1.6048491,0.822,0.044,0.0,0.0,0.0,0.0,0.0,0.0,1.0
8840,-1,14.212884,1.3136365,0.833,0.093,0.0,0.2,0.0,0.4,0.0,0.2,0.8
167262,6,10.687423,9.587464,0.5,0.5,0.8,0.05,0.0,0.143,0.286,0.571,0.0
4902,-1,15.838146,5.7604446,0.5,0.444,0.643,0.071,0.0,0.0,1.0,0.0,0.643
239343,-1,17.645887,2.0346863,0.667,0.067,0.0,0.0,0.0,0.0,0.0,0.0,0.5
260837,-1,14.593031,4.897316,0.574,0.383,0.722,0.167,0.125,0.0,0.0,0.5,0.389
26613,-1,17.37676,2.3433,0.86,0.047,0.0,0.0,0.0,0.0,0.0,0.0,0.5
95992,-1,17.684713,1.968948,0.857,0.119,0.0,0.2,0.588,0.059,0.0,0.0,0.6
27464,-1,17.209358,4.48825,0.795,0.159,0.0,0.0,0.0,0.571,0.143,0.0,0.714
155907,4,16.334675,7.734607,0.795,0.154,0.0,0.0,0.0,0.5,0.0,0.0,0.0
106345,-1,14.321906,2.3351963,0.917,0.0,0.0,0.0,0.0,1.0,0.0,0.0,0.0
201662,-1,14.723253,4.0176735,0.579,0.421,0.312,0.188,0.0,0.067,0.333,0.4,0.625
127392,-1,15.705338,5.056257,0.929,0.071,0.0,0.333,0.0,0.0,0.0,0.5,0.333
150260,-1,15.970345,0.8339714,0.83,0.149,0.429,0.143,0.0,0.0,0.25,0.0,0.429
64643,-1,14.441686,1.2997404,0.86,0.07,0.0,0.0,0.312,0.125,0.0,0.0,0.0
105912,-1,13.947262,7.0703406,0.486,0.432,0.5,0.062,0.0,1.0,0.0,0.0,0.25
275961,-1,16.814869,7.789229,0.147,0.853,0.0,0.0,0.0,0.25,0.0,0.0,0.0
2160,-1,13.971363,9.28411,0.688,0.312,0.625,0.0,0.0,1.0,0.0,0.0,0.25
236918,-1,17.261568,1.5280678,0.93,0.047,0.0,0.0,0.333,0.074,0.0,0.0,0.0
279444,6,11.776173,7.9112535,0.128,0.872,0.871,0.871,0.0,0.0,1.0,0.0,0.065
47143,4,15.657543,7.645958,0.453,0.528,0.4,0.4,0.188,0.062,0.062,0.0,0.2
69637,-1,14.151606,7.8562384,0.541,0.459,0.2,0.2,0.25,0.0,0.0,0.75,0.2
155085,-1,13.755221,5.0086627,0.81,0.143,0.0,0.5,0.2,0.0,0.0,0.0,0.5
144711,-1,17.741116,2.9412296,0.698,0.302,0.182,0.091,0.333,0.0,0.333,0.0,0.545
193144,-1,15.530412,2.0125217,0.708,0.146,0.5,0.0,0.0,0.778,0.0,0.0,0.25
89746,6,9.57097,9.891037,0.863,0.078,0.25,0.0,0.111,0.111,0.0,0.333,0.0
119902,-1,16.230335,8.775833,0.675,0.325,0.143,0.571,0.0,0.0,0.0,0.0,0.143
4792,-1,16.28465,-0.30438763,0.787,0.085,0.0,0.0,0.0,0.0,0.0,0.0,0.5
124411,-1,12.529478,7.1594734,0.932,0.045,0.0,0.0,0.0,0.75,0.0,0.0,0.5
57061,-1,16.993208,-0.032144252,0.962,0.038,0.0,0.5,0.0,0.0,0.0,0.0,0.0
44602,-1,17.459234,2.6873968,0.875,0.075,0.0,0.0,0.0,0.0,0.0,0.0,0.667
74064,-1,13.528628,5.3938274,0.439,0.512,0.5,0.5,0.091,0.273,0.0,0.091,0.5
78899,-1,15.514975,1.078903,0.955,0.045,0.0,0.0,0.333,0.333,0.0,0.0,0.5
15978,-1,16.864012,2.7580729,0.947,0.026,0.0,0.0,0.333,0.0,0.0,0.333,0.0
173201,-1,14.877853,5.1829705,0.614,0.295,0.417,0.0,0.111,0.111,0.222,0.0,0.167
22254,-1,17.369368,0.37410206,0.867,0.067,0.667,0.333,0.0,0.25,0.25,0.0,0.0
45320,-1,14.561106,2.5477772,0.826,0.152,0.143,0.0,0.273,0.182,0.091,0.0,0.714
149401,-1,14.257683,7.5276575,0.76,0.24,0.333,0.0,0.25,0.25,0.0,0.0,0.0
257008,-1,15.768281,7.8717856,0.029,0.971,0.0,0.0,0.0,0.0,0.667,0.0,0.0
227142,-1,15.8082075,5.027492,0.776,0.163,0.125,0.125,0.0,0.333,0.0,0.333,0.75
212639,-1,15.820499,8.302687,0.053,0.895,0.97,0.03,0.0,0.0,0.0,0.0,0.545
134335,-1,15.115766,5.726902,0.932,0.023,0.0,1.0,0.0,1.0,0.0,0.0,0.0
68197,-1,13.847644,8.709185,0.0,1.0,1.0,0.154,0.143,0.571,0.0,0.143,0.256
233149,-1,14.406234,3.7782986,0.955,0.023,0.0,0.0,0.0,0.5,0.0,0.5,1.0
133092,-1,15.247102,7.732117,0.676,0.324,0.143,0.0,0.0,0.0,0.0,0.0,0.0
28638,-1,18.048218,4.211126,0.14,0.837,1.0,0.471,0.0,0.0,0.0,0.0,0.559
221655,-1,16.425198,0.12140864,0.902,0.049,0.0,0.0,0.125,0.0,0.0,0.0,0.0
187317,-1,14.700057,1.6167269,0.917,0.083,0.25,0.25,0.125,0.125,0.0,0.0,0.5
165618,-1,15.255172,3.6940906,0.789,0.158,0.0,0.0,0.0,0.0,1.0,0.0,0.667
245549,-1,15.166825,2.7015972,0.905,0.048,0.5,0.0,0.0,0.5,0.0,0.0,1.0
47570,-1,17.276535,2.9281971,0.909,0.045,0.0,0.5,0.0,0.0,0.0,0.0,1.0
26294,-1,14.410412,6.8626738,0.872,0.085,0.0,0.0,0.0,0.0,0.0,1.0,0.0
14661,-1,13.137331,9.298387,0.8,0.2,0.333,0.0,0.4,0.0,0.0,0.0,0.333
251570,6,8.875498,11.306744,0.367,0.612,0.5,1.0,0.0,1.0,0.0,0.0,0.0
218782,-1,14.666563,0.9255491,0.81,0.167,0.167,0.0,0.0,0.0,0.5,0.5,0.833
239042,-1,12.778208,6.376624,0.348,0.609,0.889,0.185,0.091,0.091,0.0,0.636,0.037
100754,-1,15.519575,1.9830092,0.66,0.28,0.0,0.0,0.471,0.0,0.0,0.0,0.75
161418,-1,13.147693,8.664604,0.447,0.526,0.65,0.15,0.0,0.231,0.308,0.077,0.6
153061,-1,16.826899,5.7374744,0.8,0.025,0.0,0.0,0.0,0.0,0.0,0.25,0.0
93885,-1,13.432974,8.36537,0.625,0.344,0.7,0.8,0.333,0.0,0.333,0.0,0.5
266008,6,9.123942,11.390079,0.6,0.375,0.0,0.111,0.0,0.0,0.0,0.5,0.0
93573,-1,18.04473,1.8387064,0.904,0.058,0.0,0.0,0.154,0.0,0.154,0.0,1.0
126586,-1,16.416754,6.8209543,0.5,0.5,1.0,0.333,0.667,0.0,0.0,0.083,0.333
76250,-1,15.161916,1.9904863,0.738,0.238,0.3,0.2,0.111,0.0,0.444,0.111,0.3
171509,-1,13.161583,6.7827086,0.909,0.068,0.0,0.0,0.333,0.111,0.222,0.111,0.667
90586,-1,16.267609,-0.010435736,0.889,0.089,0.0,0.0,0.0,0.0,0.0,0.0,0.25
119346,6,11.541356,9.351336,0.472,0.5,0.737,0.105,0.333,0.111,0.0,0.167,0.158
199681,-1,13.482293,9.166623,0.143,0.857,0.881,0.405,0.053,0.474,0.105,0.316,0.167
150818,-1,12.554176,7.042294,0.783,0.152,0.0,0.0,0.0,0.5,0.0,0.0,0.286
185437,-1,17.072712,1.1306525,0.931,0.052,0.0,0.0,0.091,0.0,0.091,0.273,1.0
233742,-1,17.235258,1.5793961,0.952,0.024,0.0,0.0,0.462,0.077,0.0,0.077,0.0
121192,-1,13.541026,2.3874328,0.86,0.14,0.2,0.0,0.0,0.0,0.0,0.0,0.8
156176,-1,15.748961,5.2027383,0.364,0.614,0.0,1.0,0.0,0.25,0.0,0.25,0.0
91480,-1,13.698781,2.499275,0.525,0.45,0.0,0.812,0.0,0.0,0.0,0.0,0.5
178098,-1,13.8174305,8.215831,0.229,0.75,0.857,0.25,0.0,0.25,0.5,0.0,0.25
141819,-1,13.687186,8.767363,0.0,1.0,0.973,0.622,0.0,0.286,0.143,0.143,0.243
259346,6,8.670814,10.552322,0.636,0.303,0.667,0.0,0.0,0.0,0.2,0.2,0.444
49404,-1,15.9052,1.7203158,0.911,0.067,0.0,0.0,0.0,0.0,0.0,0.0,0.333
69278,-1,12.002358,8.142995,0.476,0.357,0.214,0.214,0.519,0.148,0.0,0.222,0.071
64920,3,17.095142,5.520509,0.902,0.049,0.0,0.0,0.214,0.071,0.0,0.0,0.5
1624,-1,17.543612,4.6300387,0.902,0.049,0.0,0.0,0.143,0.571,0.0,0.0,0.5
36288,-1,13.927713,9.772725,0.233,0.744,0.906,0.212,0.533,0.0,0.133,0.2,0.375
160441,-1,13.687017,10.064156,0.035,0.93,0.981,0.077,0.0,0.5,0.167,0.167,0.385
49139,-1,16.888933,7.0465174,0.216,0.784,0.0,0.0,0.0,0.0,0.0,0.0,0.0
107827,-1,16.32313,1.212652,0.872,0.051,0.0,0.0,0.0,0.0,1.0,0.0,1.0
224167,-1,15.4213505,1.7281843,0.447,0.5,0.588,0.412,0.1,0.4,0.0,0.1,0.765
100857,6,10.238161,9.417983,0.28,0.72,0.778,0.083,0.091,0.182,0.045,0.136,0.028
60655,-1,13.277434,4.020315,0.333,0.649,0.167,0.0,0.024,0.0,0.952,0.0,0.694
261757,-1,12.123636,7.572384,0.538,0.128,1.0,0.0,0.286,0.0,0.0,0.143,0.0
240258,-1,12.664075,7.598707,0.87,0.065,0.667,0.333,0.0,0.222,0.0,0.333,0.333
49814,-1,12.912443,7.573386,0.9,0.05,0.0,0.5,0.333,0.0,0.0,0.0,1.0
259787,-1,17.732346,1.9834789,0.915,0.043,0.5,0.5,0.0,0.667,0.0,0.0,1.0
185677,-1,15.991232,-0.05797578,0.756,0.2,0.125,0.125,0.25,0.0,0.25,0.25,0.125
140778,-1,15.889006,7.440436,0.884,0.116,0.5,0.0,0.111,0.0,0.111,0.0,0.5
55454,-1,14.549331,3.7707212,0.439,0.512,0.053,0.895,0.333,0.0,0.0,0.0,0.526
212097,-1,13.164221,7.7701187,0.049,0.878,0.914,0.771,0.484,0.065,0.0,0.194,0.286
186737,-1,16.898815,5.714728,0.863,0.118,0.167,0.0,0.0,0.2,0.2,0.0,0.5
173129,-1,13.815861,2.5045989,0.22,0.78,0.0,0.0,0.0,0.0,0.0,0.0,0.0
254963,-1,11.0318,10.717011,0.136,0.841,0.914,0.029,0.0,0.0,0.667,0.0,0.086
5038,-1,16.725386,0.44516802,0.841,0.114,0.0,0.333,0.0,0.0,0.0,0.0,0.333
108561,-1,17.357008,1.4970641,0.929,0.024,0.0,0.0,0.0,0.0,0.0,0.0,0.0
125760,-1,17.238531,0.2907015,0.891,0.087,0.0,0.0,0.292,0.0,0.0,0.0,0.25
76584,-1,16.287876,3.3416064,0.818,0.114,0.0,0.0,0.0,0.0,0.0,0.0,0.4
170867,-1,13.83034,2.0275161,0.851,0.106,0.333,0.333,0.0,0.0,0.0,0.0,0.333
131152,6,11.11391,9.6665325,0.535,0.442,0.389,0.0,0.0,0.062,0.0,0.875,0.278
128630,-1,13.495943,8.731071,0.83,0.149,0.0,0.143,0.412,0.0,0.0,0.059,0.286
170390,-1,14.948221,5.3230343,0.405,0.541,0.8,0.15,0.167,0.167,0.333,0.167,0.05
97088,-1,14.5060425,7.8206663,0.293,0.683,0.9,0.5,0.125,0.25,0.0,0.625,0.1
118663,-1,17.110283,2.7706227,0.829,0.122,0.0,0.0,0.0,0.0,0.0,0.0,0.6
65352,-1,15.766461,6.771161,0.675,0.325,0.1,0.111,0.0,0.333,0.0,0.0,0.5
267621,-1,14.764867,8.344565,0.613,0.387,0.583,0.0,0.0,0.0,0.5,0.0,0.75
107598,-1,16.677969,6.7708573,0.657,0.229,0.0,0.0,0.2,0.0,0.0,0.067,0.25
238455,-1,9.727932,8.776116,0.455,0.159,0.167,0.0,0.211,0.0,0.053,0.105,0.167
163818,-1,17.753613,1.1157596,0.93,0.07,0.0,0.0,0.0,0.0,0.0,0.0,0.0
179475,-1,16.78313,7.676067,0.485,0.515,0.6,0.2,0.0,0.312,0.125,0.5,0.267
58943,-1,15.744041,5.1505876,0.875,0.075,0.333,0.0,0.0,0.25,0.0,0.5,0.333
74470,-1,17.2121,0.44006383,0.863,0.098,0.0,0.0,0.286,0.0,0.0,0.0,0.8
171437,-1,15.628297,6.5752444,0.658,0.342,0.333,0.333,0.1,0.2,0.4,0.2,0.667
272698,-1,11.892926,9.879124,0.622,0.27,0.5,0.0,0.0,0.333,0.556,0.0,0.4
5184,-1,15.922702,7.235727,0.755,0.189,0.0,0.0,0.0,1.0,0.0,0.0,0.0
128561,-1,14.480323,1.2880546,0.739,0.174,0.0,0.0,0.125,0.375,0.25,0.0,1.0
192762,-1,16.757626,7.27923,0.528,0.472,0.667,0.333,0.0,0.0,0.0,0.0,0.0
282612,-1,14.664429,5.956973,0.896,0.062,1.0,0.0,0.333,0.0,0.333,0.0,0.0
234764,-1,13.6453085,1.9775809,0.846,0.077,0.0,0.0,1.0,0.0,0.0,0.0,1.0
197259,6,9.560863,10.931647,0.882,0.039,0.0,0.5,0.0,0.75,0.0,0.0,0.0
264126,-1,10.431766,10.412707,0.381,0.595,0.72,0.08,0.174,0.217,0.043,0.348,0.28
223820,-1,13.4852085,7.4248033,0.723,0.213,0.5,0.125,0.0,0.25,0.0,0.5,0.375
225003,-1,12.411395,7.187239,0.237,0.737,0.852,0.815,0.125,0.062,0.062,0.625,0.037
51173,6,9.325916,9.328836,0.822,0.067,0.0,0.0,0.0,0.222,0.0,0.667,0.0
207119,-1,15.481187,8.812435,0.262,0.738,0.146,0.463,0.0,0.0,0.925,0.025,0.244
86462,6,9.422223,10.62902,0.564,0.385,0.75,0.5,0.0,0.167,0.0,0.722,0.25
186839,-1,14.510631,7.526199,0.805,0.098,0.0,0.0,0.0,0.333,0.0,0.333,0.25
162052,-1,12.394089,8.264189,0.9,0.05,0.5,0.5,0.0,0.0,0.5,0.0,0.0
182317,-1,15.80698,0.28726923,0.864,0.114,0.2,0.0,0.222,0.0,0.0,0.111,0.2
94913,-1,16.018795,8.793926,0.35,0.575,0.762,0.143,0.0,0.0,0.75,0.0,0.524
243862,-1,14.273107,1.6829861,0.188,0.812,0.054,0.027,0.0,0.0,0.971,0.0,0.622
141223,-1,14.542373,2.2545588,0.955,0.045,0.0,0.0,0.0,0.0,0.0,0.0,0.5
71914,6,8.609342,10.107823,0.854,0.146,0.2,0.2,0.0,0.0,0.0,0.429,0.0
156428,-1,17.020706,7.3498077,0.542,0.438,0.0,0.0,0.0,0.5,0.0,0.0,0.0
170368,-1,16.260946,0.56164515,0.902,0.073,0.0,0.0,0.0,0.0,0.0,0.0,0.333
216788,-1,15.847656,6.6569,0.139,0.833,1.0,0.25,0.786,0.0,0.0,0.071,0.321
25369,-1,15.734771,7.32684,0.783,0.196,0.2,0.2,0.0,1.0,0.0,0.0,0.2
282540,-1,14.690335,1.4830694,0.919,0.081,0.0,0.0,0.0,0.0,0.0,0.0,0.333
244235,-1,16.201204,7.9171987,0.342,0.658,0.5,0.0,0.0,0.0,0.667,0.0,0.5
234974,5,16.97601,-0.4151784,0.711,0.178,0.143,0.143,0.462,0.038,0.038,0.192,0.429
85178,-1,14.143362,3.7537897,0.721,0.14,0.0,0.0,0.421,0.053,0.0,0.0,0.333
16699,-1,16.25116,4.2547054,0.905,0.048,0.0,0.0,0.0,0.0,0.5,0.5,0.0
222370,-1,17.306803,0.22146924,0.932,0.068,0.0,0.0,0.0,0.5,0.0,0.0,1.0
128633,-1,15.094641,0.46628305,0.953,0.047,0.0,0.0,0.0,0.0,0.0,0.0,0.0
67652,-1,16.449959,5.64229,0.628,0.372,0.0,0.0,0.0,0.5,0.0,0.0,0.0
289180,-1,15.377716,3.6484344,0.65,0.317,0.0,0.056,0.0,0.059,0.882,0.0,0.889
239418,-1,13.564517,7.1193366,0.681,0.255,0.0,0.9,0.0,0.0,0.5,0.0,0.1
282776,0,13.779118,1.4394816,0.837,0.093,0.0,0.0,0.0,0.0,0.5,0.0,0.75
260110,-1,15.8648405,1.7191767,0.946,0.054,0.0,0.0,0.0,0.0,0.0,0.0,0.5
234247,-1,18.038055,3.5905066,0.58,0.38,1.0,0.0,0.0,0.333,0.0,0.0,0.5
233779,-1,17.036293,2.7803235,0.949,0.0,0.0,0.0,0.5,0.0,0.0,0.0,0.0
15351,-1,15.154337,2.3253455,0.909,0.068,0.0,0.0,0.0,0.0,0.5,0.0,1.0
127266,-1,17.214481,3.1196332,0.889,0.089,0.0,0.0,0.0,0.0,0.0,0.0,1.0
33537,6,9.358564,10.9570875,0.612,0.327,0.0,1.0,0.4,0.0,0.0,0.0,0.0
67703,-1,16.02924,4.976135,0.837,0.163,0.143,0.143,0.0,0.667,0.333,0.0,0.429
111007,-1,15.26886,0.4352246,0.911,0.089,0.0,0.0,0.0,0.2,0.0,0.4,0.25
64158,-1,16.310236,8.787851,0.057,0.886,0.933,0.567,0.167,0.0,0.0,0.0,0.533
271398,-1,16.81911,0.32172173,0.756,0.133,0.167,0.167,0.25,0.125,0.0,0.208,0.333
11247,-1,13.977814,7.2449927,0.907,0.07,0.0,0.0,0.0,0.5,0.0,0.0,0.0
46056,-1,13.2636595,4.024262,0.914,0.057,0.5,0.0,0.0,0.0,0.0,0.0,0.5
221202,-1,14.981849,3.052058,0.805,0.146,0.0,0.167,0.0,0.2,0.4,0.0,0.833
119750,-1,15.120573,0.13070092,0.895,0.088,0.0,0.2,0.0,0.0,0.0,0.0,1.0
217227,6,12.414058,6.6032867,0.818,0.114,0.0,0.0,0.0,0.0,0.333,0.0,0.0
102743,6,9.317909,10.723872,0.732,0.268,0.0,0.0,1.0,0.0,0.0,0.0,0.0
267312,4,16.155481,7.3402267,0.741,0.222,0.125,0.0,0.0,0.0,0.0,0.0,0.25
15150,-1,17.77385,3.8571537,0.932,0.045,0.0,0.0,0.333,0.0,0.0,0.2,0.5
218001,-1,16.481163,6.5580997,0.894,0.085,0.333,0.333,0.0,0.0,0.333,0.0,0.0
120587,-1,17.048115,3.3795042,0.762,0.143,0.167,0.333,0.0,0.6,0.0,0.0,0.333
228756,-1,16.762383,6.682732,0.3,0.6,0.343,0.086,0.712,0.115,0.0,0.019,0.629
201309,-1,15.190442,7.3183417,0.811,0.189,0.0,0.0,0.0,0.0,0.0,0.5,0.0
96415,-1,16.385315,1.7110093,0.833,0.119,0.0,0.2,0.0,0.0,0.0,0.0,0.8
175549,-1,15.651501,5.380639,0.841,0.136,0.167,0.0,0.0,0.0,0.0,0.0,0.833
91307,-1,17.00703,5.13228,0.935,0.043,0.0,0.0,0.0,0.0,0.0,1.0,0.5
229597,-1,15.681074,9.311679,0.488,0.512,0.81,0.143,0.0,0.5,0.5,0.0,0.333
201849,-1,13.575557,4.377709,0.86,0.07,0.5,0.0,0.0,0.0,0.5,0.0,0.5
48725,-1,15.350095,1.8392415,0.838,0.162,0.5,0.0,0.0,0.0,0.0,0.0,0.5
78706,-1,17.140676,-0.32557714,0.809,0.085,0.0,0.0,0.286,0.0,0.0,0.0,0.75
166507,-1,17.307674,2.4880297,0.875,0.104,0.0,0.0,0.333,0.0,0.333,0.333,0.25
74712,-1,13.208823,9.280285,0.541,0.432,0.429,0.0,0.0,0.0,0.0,0.0,0.0
123196,-1,14.036693,8.381571,0.07,0.86,0.853,0.824,0.24,0.4,0.04,0.12,0.324
204707,-1,13.257494,6.9107084,0.842,0.132,0.25,0.5,0.118,0.0,0.0,0.059,0.5
92644,-1,14.514812,6.07235,0.935,0.043,0.5,0.0,0.0,0.0,0.0,0.333,0.5
88394,-1,16.360437,3.006366,0.902,0.039,0.0,0.0,0.0,0.0,1.0,0.0,1.0
203202,-1,15.334631,3.7260683,0.419,0.558,0.783,0.304,0.0,0.0,0.889,0.0,0.522
125364,-1,17.301907,2.4037914,0.825,0.125,0.2,0.0,0.0,0.5,0.0,0.0,0.4
271778,-1,15.83453,8.011659,0.724,0.276,0.0,0.0,0.0,0.0,0.0,0.0,0.0
19515,-1,15.223231,2.3918858,0.812,0.188,0.0,0.0,0.273,0.0,0.0,0.0,0.667
177954,-1,15.837578,0.07053493,0.86,0.07,0.667,0.0,0.5,0.0,0.0,0.0,0.667
7063,0,13.552764,1.5746604,0.824,0.059,0.0,0.0,0.0,0.0,0.0,0.0,1.0
217297,-1,13.052139,9.1228,0.414,0.552,0.667,0.067,0.0,0.0,0.5,0.0,0.8
221623,-1,17.288523,2.1131327,0.85,0.05,0.0,0.0,0.5,0.062,0.0,0.062,1.0
120771,-1,15.367033,4.2068005,0.843,0.137,0.0,0.0,0.6,0.2,0.0,0.0,0.857
116114,-1,14.40928,3.3741076,0.854,0.098,0.5,0.0,0.0,0.0,0.0,1.0,0.75
209829,-1,13.331902,9.387256,0.525,0.475,0.211,0.105,0.0,0.091,0.545,0.091,0.421
127236,-1,15.772201,3.6375768,0.72,0.16,0.25,0.0,0.143,0.143,0.0,0.0,0.125
101572,-1,14.813296,2.220026,0.93,0.023,0.0,0.0,0.0,1.0,0.0,0.0,1.0
148526,-1,17.412153,3.225356,0.872,0.106,0.0,0.0,0.0,0.0,0.0,0.0,1.0
58304,-1,14.09796,9.819455,0.023,0.907,0.973,0.622,0.143,0.286,0.429,0.143,0.324
242665,-1,15.281261,0.3607175,0.907,0.056,0.0,0.0,0.222,0.0,0.0,0.0,0.333
257014,4,17.081308,7.282976,0.088,0.882,0.0,1.0,0.0,0.0,0.0,0.0,0.0
14946,-1,17.473969,4.7594585,0.75,0.25,0.167,0.333,0.0,0.5,0.0,0.5,0.833
34662,-1,14.139571,2.9629471,0.558,0.395,0.0,0.0,0.526,0.0,0.0,0.053,0.5
243253,-1,12.259748,8.934262,0.4,0.55,0.727,0.227,0.222,0.0,0.0,0.222,0.136
140251,-1,15.451521,8.743341,0.138,0.862,0.682,0.136,0.0,0.0,0.9,0.0,0.545
173337,-1,16.653435,1.76889,0.857,0.143,0.0,0.0,0.0,0.0,0.0,0.0,0.5
186338,-1,14.709238,5.7513247,0.889,0.067,1.0,0.0,0.0,0.0,1.0,0.0,0.5
284614,6,11.762882,8.792337,0.359,0.538,0.333,0.048,0.0,0.16,0.0,0.68,0.048
16389,-1,11.089403,10.644803,0.0,1.0,0.975,0.195,0.0,0.538,0.308,0.077,0.15
74631,-1,14.494563,3.5588148,0.81,0.167,0.167,0.167,0.0,0.0,0.0,0.0,0.5
168474,6,8.67596,11.100181,0.635,0.327,0.353,0.235,0.1,0.1,0.0,0.45,0.059
635,-1,15.454771,2.3097203,0.833,0.146,0.0,0.143,0.0,0.0,0.0,0.0,0.714
130810,-1,13.945851,5.688613,0.864,0.0,0.0,0.0,0.0,0.5,0.0,0.0,0.0
30754,-1,15.016117,0.22224116,0.922,0.039,0.0,0.0,0.0,0.0,0.333,0.0,1.0
133858,-1,16.675436,0.36868763,0.905,0.048,0.0,0.0,0.0,0.0,0.0,0.0,0.5
40377,-1,17.67907,1.7711782,0.886,0.068,0.0,0.0,0.5,0.0,0.0,0.0,1.0
153562,-1,16.283522,3.6009736,0.714,0.238,0.0,0.0,0.0,0.0,1.0,0.0,1.0
57875,-1,13.796713,2.2189224,0.744,0.179,0.167,0.667,0.0,0.0,1.0,0.0,0.833
154161,-1,15.973213,1.5110269,0.884,0.093,0.0,0.0,0.333,0.333,0.0,0.0,0.5
93254,-1,10.962313,8.46312,0.745,0.191,0.25,0.0,0.0,0.25,0.125,0.375,0.0
51370,-1,15.98456,1.6330516,0.705,0.25,0.0,0.0,0.077,0.308,0.0,0.308,0.0
233045,-1,17.50029,4.6007466,0.897,0.051,0.0,0.0,0.0,0.0,0.0,0.0,0.5
229252,6,10.859546,9.131633,0.098,0.829,0.939,0.182,0.333,0.222,0.0,0.111,0.242
288319,-1,11.8937435,10.069172,0.021,0.979,1.0,0.13,0.0,0.5,0.25,0.0,0.391
96142,0,13.836826,1.6262925,0.85,0.075,0.0,0.0,0.0,0.0,0.0,0.0,1.0
128442,-1,14.50166,3.614633,0.413,0.522,0.625,0.333,0.25,0.25,0.0,0.125,0.625
99321,-1,13.109762,9.0109215,0.743,0.2,0.571,0.0,0.0,0.0,0.333,0.0,0.143
27537,-1,16.017855,0.76135296,0.479,0.479,0.13,0.217,0.0,0.0,0.885,0.038,0.478
27485,-1,15.556888,5.0529075,0.718,0.231,0.0,0.0,0.227,0.0,0.0,0.091,0.333
9190,-1,13.4525385,2.6718838,0.837,0.047,0.0,0.0,0.5,0.0,0.0,0.0,1.0
18219,-1,12.243901,7.421304,0.615,0.385,0.333,0.067,0.091,0.0,0.636,0.0,0.533
244972,-1,16.111542,3.4000893,0.818,0.023,0.0,0.0,0.154,0.077,0.154,0.077,1.0
40009,-1,14.430084,6.832563,0.804,0.152,0.0,0.167,0.5,0.0,0.0,0.0,0.667
32608,-1,15.592404,7.121203,0.767,0.186,0.429,0.0,0.0,0.0,0.0,0.667,0.429
143191,-1,15.401228,3.742347,0.667,0.333,0.125,0.875,0.0,0.0,0.5,0.0,0.625
10397,-1,16.778719,7.4058123,0.694,0.222,0.375,0.5,0.0,0.333,0.0,0.333,0.375
250194,-1,17.990892,3.494305,0.854,0.104,0.2,0.2,0.0,0.286,0.0,0.286,0.4
130184,-1,15.482271,2.4446635,0.891,0.109,0.2,0.0,0.0,0.0,0.0,0.0,0.8
154305,3,17.081806,5.183789,0.93,0.023,1.0,0.0,0.0,0.0,0.0,1.0,0.0
117737,-1,11.242882,9.181608,0.364,0.614,0.815,0.074,0.0,0.0,0.0,1.0,0.111
56023,-1,16.367424,6.8267655,0.233,0.674,0.5,0.444,0.375,0.167,0.0,0.208,0.222
108669,-1,13.403322,8.1577015,0.756,0.22,0.333,0.0,0.182,0.091,0.091,0.364,0.111
141600,-1,16.546335,1.5868256,0.775,0.15,0.0,0.167,0.542,0.042,0.0,0.0,0.833
15294,-1,15.174299,0.2961107,0.93,0.047,0.0,0.0,0.5,0.0,0.0,0.0,1.0
141054,-1,14.376675,9.897412,0.375,0.625,0.765,0.059,0.2,0.2,0.0,0.2,0.471
228580,6,13.014931,5.7224913,0.419,0.548,0.5,0.0,0.0,0.0,0.25,0.0,1.0
89301,-1,13.477466,8.455014,0.51,0.49,0.333,0.083,0.125,0.062,0.438,0.125,0.167
230431,-1,13.818993,3.5069594,0.853,0.147,0.2,0.0,0.133,0.133,0.0,0.2,0.4
268475,6,8.956923,11.29624,0.766,0.191,0.0,0.0,0.0,0.0,0.0,0.714,0.0
119148,-1,14.359974,3.4127645,0.879,0.103,0.0,0.4,0.0,0.0,1.0,0.0,0.6
282094,-1,13.83972,9.994556,0.341,0.61,0.636,0.182,0.091,0.273,0.182,0.273,0.182
41945,6,10.401516,8.614677,0.857,0.048,0.0,0.0,0.0,0.0,0.0,1.0,0.0
61797,-1,14.295795,2.417336,0.788,0.115,0.0,0.0,0.429,0.0,0.0,0.0,0.0
107639,-1,15.405764,2.9117517,0.036,0.929,0.902,0.902,0.1,0.35,0.0,0.4,0.412
245837,6,8.324131,11.27605,0.609,0.261,0.0,0.0,0.143,0.071,0.0,0.607,0.1
187117,-1,12.434321,7.9674153,0.949,0.0,0.0,0.0,0.0,0.667,0.0,0.0,0.0
20658,-1,14.6040535,4.2003517,0.367,0.633,0.611,0.389,0.0,0.0,0.833,0.0,0.222
4486,-1,15.382971,0.3706653,0.765,0.235,0.143,0.143,0.0,0.25,0.25,0.0,0.143
138503,-1,17.97815,3.8283544,0.815,0.167,0.111,0.111,0.333,0.0,0.0,0.0,0.444
231480,-1,14.428436,9.833924,0.0,0.979,0.907,0.023,0.111,0.222,0.333,0.222,0.279
219689,-1,14.942252,3.4214475,0.932,0.023,0.0,0.0,0.5,0.0,0.0,0.5,0.0
282206,-1,13.815901,3.0379891,0.851,0.128,0.0,0.25,0.0,0.0,0.0,0.0,0.5
245372,-1,13.481225,8.230739,0.78,0.22,0.0,0.8,0.0,0.667,0.0,0.333,0.2
113866,-1,16.430677,3.95785,0.8,0.125,0.4,0.2,0.25,0.25,0.0,0.0,0.2
270381,6,8.871379,11.241642,0.35,0.6,0.917,0.583,0.0,0.25,0.0,0.5,0.0
245434,-1,13.409259,2.6936572,0.283,0.696,0.032,1.0,0.0,0.0,0.083,0.0,0.742
185012,6,8.556835,10.602935,0.854,0.146,0.25,0.5,0.0,0.2,0.2,0.6,0.0
204588,6,8.52676,10.292114,0.733,0.178,0.625,0.0,0.333,0.0,0.0,0.667,0.625
225671,-1,16.600374,-0.0920092,0.622,0.267,0.0,0.091,0.278,0.0,0.0,0.028,0.545
64399,-1,13.896116,10.0078,0.439,0.537,0.636,0.091,0.0,0.167,0.167,0.667,0.182
8556,-1,14.439519,7.7277265,0.795,0.182,0.0,0.2,0.0,0.0,0.0,1.0,0.0
262110,-1,14.636245,1.6657604,0.378,0.486,0.556,0.167,0.36,0.0,0.12,0.04,0.333
241725,-1,12.143783,10.011761,0.269,0.731,0.704,0.185,0.4,0.2,0.0,0.2,0.259
110841,-1,18.141891,3.1634605,0.906,0.075,0.25,0.0,0.4,0.0,0.0,0.1,0.75
189368,-1,16.846418,1.3777822,0.875,0.05,0.0,0.0,0.0,0.0,0.0,0.0,0.0
220714,-1,14.48026,8.382178,0.524,0.452,0.0,0.0,0.333,0.0,0.0,0.0,0.0
84783,-1,17.965801,4.4097896,0.843,0.098,0.0,0.0,0.444,0.056,0.0,0.0,0.6
12394,-1,15.474571,1.2932842,0.149,0.851,0.95,0.075,0.0,0.222,0.0,0.667,0.325
196834,-1,14.627887,9.576263,0.098,0.843,0.953,0.744,0.0,0.6,0.0,0.0,0.419
110394,-1,9.814749,10.121496,0.229,0.771,0.649,0.054,0.0,0.286,0.143,0.5,0.108
225273,-1,16.66097,5.729933,0.857,0.071,0.0,0.0,0.0,0.0,0.0,0.0,0.333
267114,-1,10.453914,8.879347,0.667,0.308,0.286,0.143,0.0,0.5,0.0,0.0,0.143
242687,-1,16.529821,6.1321754,0.0,1.0,1.0,0.792,0.0,0.0,0.0,0.0,0.375
186,6,8.799186,10.449876,0.857,0.071,0.0,0.0,0.0,0.0,0.333,0.333,0.0
215111,-1,14.72598,3.5955772,0.884,0.116,0.0,0.2,0.0,0.0,0.0,0.0,0.6
213360,-1,15.884185,9.09731,0.833,0.119,0.4,0.0,0.143,0.429,0.0,0.286,0.2
142336,-1,12.592056,8.0875025,0.745,0.234,0.364,0.091,0.0,0.167,0.0,0.667,0.091
34818,-1,15.614496,5.57889,0.12,0.86,0.524,0.929,0.0,0.0,0.955,0.0,0.524
83334,-1,17.864893,2.9769468,0.614,0.364,0.0,0.0,0.0,1.0,0.0,0.0,1.0
60051,-1,13.459077,3.643998,0.911,0.089,0.25,0.0,0.0,0.0,0.0,0.0,0.0
121576,-1,15.04576,5.0944886,0.171,0.829,0.906,0.625,0.0,0.0,0.4,0.4,0.469
228713,-1,12.7649145,7.0638638,0.513,0.462,0.824,0.176,0.417,0.083,0.083,0.0,0.0
134482,-1,14.927152,7.202504,0.632,0.316,0.182,0.091,0.0,0.5,0.0,0.333,0.455
269372,-1,14.364829,8.198933,0.5,0.375,0.545,0.364,0.0,0.0,0.25,0.25,0.273
126562,-1,15.379026,8.362305,0.769,0.205,0.5,0.0,0.0,0.0,0.0,0.0,0.0
57817,-1,17.813856,1.2459292,0.84,0.1,0.2,0.2,0.0,0.0,0.0,0.143,0.8
156884,-1,14.893388,0.26307282,0.918,0.082,0.0,0.0,0.25,0.25,0.0,0.0,1.0
48519,-1,16.517382,3.5359697,0.878,0.061,0.333,0.0,0.0,1.0,0.0,0.0,0.333
253593,-1,17.465961,0.85413396,0.957,0.022,0.0,0.0,0.0,0.5,0.0,0.0,0.0
58808,-1,10.652458,9.315719,0.725,0.225,0.5,0.0,0.0,0.778,0.0,0.111,0.0
71426,-1,16.424387,6.3368206,0.694,0.265,0.0,0.0,0.0,0.5,0.0,0.0,0.5
126177,-1,14.14958,3.6649365,0.5,0.444,0.4,0.0,0.0,0.0,1.0,0.0,0.6
264084,6,8.488167,11.062776,0.6,0.333,0.375,0.0,0.0,0.0,0.0,0.0,0.0
118389,-1,13.980844,2.0508597,0.8,0.175,0.143,0.0,0.0,0.0,0.25,0.0,0.429
235976,-1,17.928883,3.4776468,0.815,0.167,0.111,0.111,0.0,0.333,0.667,0.0,0.444
94262,6,9.916269,9.546556,0.896,0.042,0.0,0.0,0.0,0.25,0.25,0.0,0.5
241312,-1,16.235449,7.8344316,0.023,0.977,0.952,0.786,0.0,0.2,0.4,0.0,0.476
136036,-1,16.434721,8.453895,0.05,0.95,0.833,0.444,0.455,0.273,0.0,0.091,0.389
231554,-1,14.460608,6.447432,0.824,0.147,0.75,0.5,0.0,0.0,0.0,0.5,0.0
74159,-1,14.042288,7.054099,0.898,0.061,1.0,0.0,0.0,1.0,0.0,0.0,0.0
102624,-1,16.468292,3.8677716,0.902,0.098,0.25,0.0,0.0,0.0,0.0,0.0,0.75
54875,-1,15.434752,8.124019,0.286,0.643,0.778,0.889,0.0,1.0,0.0,0.0,0.167
6782,-1,14.311156,1.0927291,0.872,0.064,0.0,0.0,0.0,0.0,0.0,0.0,0.667
67103,-1,10.005066,10.4737,0.769,0.103,0.0,0.0,0.5,0.0,0.0,0.167,0.75
68790,-1,14.741407,3.2088065,0.833,0.143,0.0,0.0,0.333,0.333,0.0,0.333,0.333
27361,6,10.404228,9.296604,0.703,0.189,0.571,0.0,0.0,0.0,0.0,0.75,0.0
183841,-1,14.756572,7.081876,0.5,0.5,0.5,0.0,0.0,0.9,0.0,0.0,0.5
44527,-1,13.995043,3.680114,0.705,0.295,0.083,0.083,0.0,0.125,0.75,0.0,0.5
133563,-1,13.981112,7.201497,0.689,0.267,0.0,1.0,0.0,0.0,0.0,0.0,0.0
170900,-1,17.585331,4.3092356,0.829,0.122,0.2,0.2,0.0,0.0,0.5,0.0,0.6
153862,-1,15.931687,2.2684834,0.837,0.116,0.0,0.2,0.167,0.333,0.167,0.333,0.5
166817,-1,13.278247,3.59797,0.907,0.07,0.0,0.333,0.75,0.0,0.0,0.0,0.667
84644,-1,13.80456,8.040673,0.029,0.971,1.0,0.824,0.0,0.0,0.5,0.5,0.588
236137,-1,14.610242,3.733407,0.896,0.083,0.0,0.0,0.0,0.0,0.5,0.0,0.333
253482,-1,16.217993,0.88669205,0.83,0.149,0.333,0.286,0.0,0.0,0.333,0.667,0.571
243938,-1,15.728786,2.1899955,0.809,0.043,0.0,0.0,0.0,0.0,0.0,0.0,0.5
174039,-1,13.948097,8.386254,0.463,0.519,0.0,0.0,0.0,0.0,0.0,0.0,0.0
140719,-1,14.128807,6.444262,0.739,0.196,0.0,0.0,0.2,0.2,0.0,0.2,0.0
140930,-1,14.762018,5.8056684,0.902,0.098,0.0,0.0,0.0,0.0,0.0,1.0,0.25
83357,-1,16.160202,4.1577744,0.851,0.085,0.667,0.333,0.0,1.0,0.0,0.0,0.667
101826,3,17.235243,5.3733582,0.894,0.064,0.0,1.0,0.333,0.333,0.0,0.0,0.667
201145,-1,17.603403,1.0286478,1.0,0.0,0.0,0.0,0.0,0.0,0.0,0.0,0.0
267706,-1,13.972075,9.520315,0.214,0.714,0.9,0.2,0.0,0.0,0.0,0.5,0.15
135727,-1,14.849035,9.211996,0.0,1.0,1.0,0.0,0.25,0.25,0.25,0.0,0.344
113023,-1,15.450003,3.10399,0.837,0.14,0.25,0.75,0.333,0.5,0.0,0.167,0.5
71462,-1,14.199208,2.2862303,0.814,0.163,0.286,0.0,0.0,0.0,1.0,0.0,0.714
201203,-1,14.829114,0.77913445,0.911,0.044,0.0,0.0,0.0,0.0,0.0,0.667,0.5
280870,1,16.627314,3.8767312,0.882,0.039,0.0,0.0,0.0,0.0,0.0,1.0,0.5
206650,-1,14.272852,3.0004919,0.81,0.167,0.0,0.0,0.0,0.0,0.0,0.0,0.5
66488,-1,14.633507,9.751534,0.028,0.972,1.0,0.147,0.0,0.5,0.25,0.0,0.176
137474,-1,11.323285,9.900899,0.042,0.938,1.0,0.091,0.222,0.333,0.111,0.333,0.341
120219,-1,15.439824,9.002136,0.139,0.833,0.895,0.158,0.45,0.0,0.05,0.0,0.263
60458,6,10.804206,9.85779,0.707,0.207,0.333,0.167,0.0,0.333,0.0,0.333,0.0
246085,-1,12.65414,7.4259973,0.762,0.167,0.0,0.0,0.0,0.0,0.0,0.0,0.0
117050,3,17.268587,4.0467467,0.884,0.116,0.333,0.0,0.0,0.0,0.0,0.0,0.333
126190,-1,10.096739,10.739694,0.4,0.575,0.652,0.261,0.111,0.167,0.167,0.444,0.043
89343,-1,14.594169,3.0442088,0.674,0.233,0.125,0.0,0.0,0.0,0.0,0.0,0.5
227496,-1,13.491956,9.764645,0.725,0.275,0.364,0.182,0.2,0.0,0.0,0.8,0.182
177194,-1,16.412743,7.612636,0.119,0.881,0.667,0.0,0.0,0.286,0.0,0.0,0.0
249288,6,9.805276,10.3284645,0.545,0.394,0.385,0.154,0.0,0.0,0.222,0.556,0.0
106810,-1,14.673624,8.52906,0.585,0.366,0.267,0.4,0.0,0.0,0.75,0.0,0.4
135135,6,8.214876,10.466994,0.5,0.318,0.0,0.0,0.103,0.103,0.0,0.552,0.0
8881,-1,17.262877,3.768453,0.867,0.111,0.0,0.2,0.0,0.0,0.0,0.0,0.6
133450,-1,16.930887,7.7016406,0.079,0.895,0.0,0.0,0.0,0.0,0.2,0.0,0.0
130995,6,9.767386,9.704482,0.759,0.207,0.667,0.333,0.0,0.5,0.0,0.0,0.0
29792,-1,13.91963,5.3649282,0.927,0.024,0.0,0.0,0.0,0.5,0.0,0.0,0.0
246501,-1,13.939987,9.322179,0.244,0.732,0.867,0.067,0.0,0.556,0.222,0.222,0.233
171253,-1,14.831614,4.4982257,0.909,0.068,0.333,0.0,0.0,0.0,0.5,0.0,1.0
123305,-1,10.474471,8.45579,0.897,0.077,0.667,0.0,0.0,0.333,0.0,0.333,0.667
144940,-1,15.000311,4.954663,0.432,0.523,0.0,0.0,0.0,0.0,0.0,0.0,0.0
10124,-1,14.678555,3.5066957,0.778,0.178,0.286,0.0,0.0,0.0,0.6,0.0,0.286
169791,-1,14.947783,6.0472727,0.846,0.077,0.0,0.0,0.0,0.8,0.0,0.0,0.333
241455,-1,15.278277,-0.017278757,0.939,0.061,0.0,0.0,0.0,0.0,0.333,0.0,1.0
75500,-1,14.621716,1.0056367,0.83,0.128,0.0,0.0,0.0,0.5,0.0,0.0,0.5
114026,-1,13.94716,8.1674595,0.811,0.135,0.0,0.0,0.0,0.0,0.0,0.4,0.4
33651,-1,14.030502,8.688811,0.128,0.83,0.263,0.368,0.0,0.061,0.818,0.03,0.553
30303,-1,16.204168,1.9137118,0.447,0.426,0.0,0.0,0.154,0.154,0.077,0.0,0.25
221842,-1,10.197613,10.069031,0.73,0.216,0.5,0.125,0.0,0.2,0.1,0.4,0.0
132337,-1,15.254791,7.9633656,0.864,0.091,0.0,0.25,0.0,0.0,1.0,0.0,0.5
265867,6,10.610662,10.436882,0.484,0.516,0.667,0.2,0.0,0.5,0.0,0.5,0.2
281862,6,10.662499,9.560256,0.25,0.692,0.647,0.324,0.088,0.235,0.0,0.618,0.0
204237,-1,11.958038,9.905739,0.0,1.0,1.0,0.1,0.0,0.0,0.0,0.0,0.667
207653,-1,17.921337,3.5145297,0.818,0.136,0.0,0.0,0.0,0.0,0.0,0.0,0.667
90954,-1,16.44373,5.8383284,0.696,0.283,0.385,0.154,0.0,0.357,0.0,0.571,0.462
13536,-1,16.846664,2.8203547,0.667,0.214,0.111,0.0,0.269,0.115,0.0,0.192,0.444
192182,-1,14.0583105,3.1787858,0.674,0.326,0.4,0.267,0.286,0.0,0.571,0.0,0.4
231260,-1,17.308006,3.9951382,0.905,0.048,0.0,0.0,0.0,0.0,1.0,0.0,0.5
160420,4,15.119255,7.7167263,0.872,0.103,0.0,0.5,0.0,0.8,0.0,0.05,0.0
254786,6,8.443091,10.64794,0.095,0.881,0.857,0.229,0.091,0.136,0.045,0.591,0.0
143725,-1,14.286974,8.454126,0.478,0.435,0.632,0.105,0.0,0.0,0.0,0.833,0.316
33656,-1,16.684565,3.0547686,0.87,0.074,0.0,0.25,0.0,0.0,0.0,0.5,0.25
200126,-1,12.397096,7.125246,0.897,0.103,0.25,0.0,0.0,0.0,0.0,1.0,0.0
280341,6,8.203192,10.559481,0.519,0.407,0.273,0.136,0.283,0.152,0.0,0.413,0.409
150546,-1,13.312988,8.949623,0.857,0.143,0.167,0.0,0.0,0.0,0.0,0.0,0.0
83687,-1,14.800797,4.7472105,0.098,0.902,1.0,0.324,0.0,0.0,0.667,0.0,0.378
134480,-1,15.293648,7.3287873,0.304,0.587,0.538,0.038,0.176,0.235,0.0,0.353,0.423
220120,-1,11.687481,7.879954,0.235,0.706,0.826,0.087,0.0,0.077,0.077,0.538,0.0
127284,-1,11.98284,8.248358,0.775,0.2,0.333,0.0,0.0,0.333,0.0,0.0,0.0
11048,-1,17.442091,4.042924,0.85,0.1,0.0,0.0,0.0,1.0,0.0,0.0,0.75
4138,-1,14.897433,3.4947052,0.816,0.163,0.25,0.0,0.0,0.0,0.0,0.0,0.25
290061,6,15.336917,3.0449762,0.744,0.205,0.125,0.25,0.429,0.0,0.071,0.0,0.0
273717,6,9.067369,9.609224,0.809,0.064,0.0,0.0,0.0,0.0,0.0,0.5,0.0
238315,-1,15.952312,4.272631,0.93,0.047,0.0,0.0,0.25,0.0,0.25,0.0,0.0
175089,-1,15.781169,9.297058,0.815,0.185,0.2,0.0,0.0,0.333,0.333,0.0,0.0
242102,-1,15.355627,2.0992842,0.878,0.098,0.333,0.0,0.2,0.0,0.2,0.0,0.333
86939,-1,15.165133,4.5884557,0.896,0.083,0.25,0.0,0.0,0.0,0.0,1.0,0.5
77,-1,12.579488,9.909706,0.209,0.698,0.536,0.0,0.111,0.167,0.611,0.0,0.107
208473,-1,11.758342,7.8317432,0.5,0.469,0.667,0.733,0.0,0.167,0.5,0.333,0.267
127035,-1,11.032566,9.033308,0.927,0.049,0.0,0.0,0.0,0.143,0.0,0.0,0.0
28421,-1,13.507722,2.4582522,0.86,0.12,0.0,0.0,0.0,0.0,0.167,0.0,0.333
69413,6,9.949425,10.102612,0.25,0.75,0.897,0.051,0.1,0.1,0.0,0.7,0.026
94133,-1,15.903774,1.3126731,0.854,0.062,0.333,0.667,0.0,0.25,0.5,0.25,0.0
188234,-1,8.20319,10.957596,0.632,0.123,0.167,0.0,0.15,0.15,0.0,0.0,0.667
58434,-1,16.527632,3.1992953,0.905,0.048,0.0,0.0,0.0,0.0,0.0,0.0,0.0
171138,1,16.350275,3.5802846,0.951,0.049,0.0,0.0,0.0,0.0,1.0,0.0,0.5
90079,-1,13.197838,9.020557,0.489,0.511,0.565,0.217,0.0,0.0,0.4,0.2,0.522
150800,-1,16.211918,1.1141407,0.875,0.125,0.0,0.0,0.0,0.4,0.0,0.0,0.667
235135,6,9.310769,10.010489,0.145,0.806,0.919,0.838,0.1,0.0,0.0,0.2,0.324
92332,-1,13.582677,2.8975797,0.829,0.146,0.0,0.0,0.0,0.0,0.0,0.0,0.5
245792,6,8.975117,11.396304,0.31,0.548,0.476,0.048,0.04,0.12,0.0,0.52,0.048
196647,-1,14.453888,3.1436846,0.175,0.825,0.615,0.385,0.0,0.091,0.909,0.0,0.577
171850,-1,14.729179,8.178264,0.333,0.636,0.722,0.167,0.0,0.667,0.222,0.0,0.5
28507,-1,14.750195,6.7047796,0.562,0.417,0.75,0.5,0.0,0.714,0.0,0.0,0.5
209913,-1,14.967089,4.1136203,0.791,0.163,0.143,0.571,0.0,0.9,0.1,0.0,0.571
155146,-1,15.699358,0.64945525,0.786,0.19,0.125,0.25,0.5,0.0,0.0,0.0,0.5
25416,-1,17.804764,1.6307696,0.81,0.143,0.167,0.0,0.667,0.0,0.0,0.0,0.833
212700,-1,14.95356,8.704539,0.735,0.224,0.455,0.0,0.0,0.0,0.0,0.0,0.0
284672,-1,17.313654,2.5444434,0.9,0.08,0.25,0.25,0.0,0.4,0.0,0.1,0.75
290268,-1,16.78774,3.870315,0.8,0.182,0.222,0.0,0.0,0.0,0.0,0.0,0.667
162472,-1,12.972395,10.260008,0.131,0.869,0.865,0.096,0.0,0.3,0.1,0.3,0.385
77877,-1,15.831785,3.1025677,0.878,0.082,0.25,0.0,0.0,0.333,0.0,0.0,0.5
288416,-1,15.992659,8.167263,0.526,0.421,0.25,0.417,0.0,0.167,0.667,0.0,0.667
288965,-1,17.564796,0.82131505,0.932,0.045,0.0,0.0,0.0,0.5,0.5,0.0,0.5
240014,-1,14.30013,8.226839,0.5,0.5,0.75,0.3,0.0,0.6,0.0,0.2,0.3
25098,6,10.680686,9.821765,0.743,0.171,0.333,0.0,0.0,0.364,0.091,0.545,0.167
218019,-1,15.568116,0.98429424,0.667,0.333,0.333,0.333,0.0,0.5,0.0,0.4,0.333
125263,-1,14.743738,7.9997115,0.3,0.675,0.76,0.2,0.217,0.348,0.0,0.261,0.04
168657,-1,9.790151,10.151134,0.911,0.022,0.0,0.0,0.0,0.0,0.0,0.333,0.0
97472,-1,14.512211,3.333304,0.826,0.174,0.0,0.0,0.0,0.0,1.0,0.0,1.0
124569,-1,14.759876,5.814757,0.423,0.577,0.448,0.966,0.0,0.222,0.667,0.0,0.379
81229,-1,15.071604,0.14756411,0.854,0.104,0.0,0.0,0.0,1.0,0.0,0.0,0.4
265210,6,10.450339,10.313206,0.412,0.529,0.667,0.278,0.182,0.091,0.0,0.182,0.056
162598,-1,16.536837,7.8147817,0.789,0.211,0.4,0.2,0.0,0.0,0.0,0.333,0.6
60703,-1,12.356411,6.7274003,0.846,0.128,0.2,0.0,0.0,1.0,0.0,0.0,0.8
261117,-1,16.545542,6.503184,0.575,0.375,0.0,1.0,0.2,0.0,0.0,0.0,0.0
209060,-1,14.061986,3.9038246,0.9,0.05,0.0,1.0,0.0,0.0,0.0,0.0,0.0
153157,6,8.069059,11.149393,0.87,0.087,0.0,0.0,0.0,0.0,0.0,0.0,0.0
23588,-1,9.512226,9.108564,0.854,0.0,0.0,0.0,0.714,0.143,0.0,0.0,0.0
118090,-1,12.672324,7.87206,0.81,0.119,0.8,0.2,0.0,0.333,0.0,0.667,0.0
148110,-1,16.596878,4.015546,0.775,0.1,0.0,0.0,0.0,0.0,0.0,0.0,0.5
172583,-1,12.973295,9.623598,0.023,0.977,1.0,0.714,0.333,0.067,0.333,0.067,0.643
152969,-1,16.945654,7.894169,0.162,0.838,0.727,0.455,0.0,0.0,0.75,0.0,0.455
240376,4,16.532354,7.0431404,0.162,0.838,0.0,0.0,0.0,0.0,0.333,0.0,0.0
287030,-1,13.761886,8.300498,0.064,0.894,1.0,0.167,0.0,0.6,0.0,0.2,0.262
117689,6,9.282545,11.117128,0.281,0.656,0.6,0.3,0.0,0.062,0.0,0.812,0.1
59761,-1,15.195421,0.5005489,0.902,0.059,0.0,0.0,0.0,0.0,0.2,0.2,1.0
169893,-1,14.632432,3.7355213,0.471,0.5,0.588,0.059,0.0,0.176,0.647,0.059,0.647
106440,-1,16.754488,-0.042832762,0.884,0.07,0.333,0.0,0.0,0.0,0.0,0.0,0.333
91303,-1,14.531736,8.18169,0.714,0.19,0.375,0.125,0.2,0.2,0.0,0.2,0.625
121191,-1,12.174638,9.068287,0.186,0.744,0.667,0.1,0.091,0.455,0.0,0.364,0.167
13305,-1,15.575887,4.4008894,0.824,0.147,0.4,0.0,0.0,0.0,0.75,0.25,0.2
134559,6,12.91753,8.512902,0.838,0.108,0.75,0.0,0.0,0.0,0.0,1.0,0.0
196526,-1,12.879675,8.043254,0.634,0.341,0.357,0.0,0.0,0.0,1.0,0.0,0.286
142255,-1,15.836028,9.172737,0.0,1.0,1.0,0.78,0.0,0.0,0.8,0.2,0.439
215628,-1,15.813073,6.11762,0.86,0.116,0.0,0.0,0.0,0.0,0.0,0.5,0.0
189025,-1,16.750858,6.903102,0.484,0.516,0.0,0.0,0.0,1.0,0.0,0.0,1.0
248083,-1,10.606234,10.563078,0.634,0.341,1.0,0.0,0.071,0.071,0.0,0.214,0.0
218228,-1,14.832074,9.253189,0.073,0.902,1.0,0.0,0.0,0.8,0.0,0.2,0.0
45117,-1,14.811371,0.3495152,0.884,0.093,0.0,0.333,0.0,0.0,0.0,1.0,1.0
59898,-1,12.398195,7.2121677,0.464,0.518,0.333,0.0,0.286,0.143,0.0,0.143,0.556
8100,6,9.238724,10.695551,0.667,0.306,0.167,0.167,0.0,0.4,0.0,0.6,0.0
59226,-1,17.698189,1.6426347,0.851,0.128,0.0,0.0,0.286,0.0,0.0,0.143,0.4
141794,-1,12.729491,9.334093,0.676,0.235,0.375,0.0,0.0,0.0,1.0,0.0,0.125
1923,-1,14.274152,3.8888156,0.444,0.5,0.412,0.0,0.48,0.0,0.08,0.0,0.824
81244,-1,15.826216,0.5452223,0.902,0.024,0.0,0.0,0.0,0.25,0.0,0.0,1.0
172264,-1,13.736087,7.134424,0.615,0.359,0.857,0.143,0.167,0.5,0.0,0.333,0.143
267118,-1,12.283406,10.17115,0.436,0.538,0.667,0.222,0.0,0.2,0.2,0.2,0.0
200130,-1,16.700523,5.689447,0.979,0.0,0.0,0.0,0.0,0.0,0.0,0.0,0.0
191031,-1,17.650602,3.3959084,0.864,0.114,0.0,0.0,0.5,0.0,0.0,0.0,0.4
70053,5,17.101868,-0.26124266,0.848,0.087,0.0,0.0,0.0,0.25,0.0,0.0,0.5
115849,-1,14.041521,3.578327,0.7,0.225,1.0,0.625,0.0,1.0,0.0,0.0,0.25
155505,-1,11.541616,9.953728,0.788,0.152,0.2,0.2,0.125,0.0,0.0,0.25,0.2
63488,-1,14.876538,2.0898154,0.837,0.116,0.0,0.2,0.333,0.0,0.0,0.0,0.6
151899,-1,13.912214,9.0482645,0.415,0.537,0.476,0.238,0.0,0.4,0.0,0.4,0.286
121994,-1,17.270884,2.7817101,0.814,0.093,0.0,0.0,0.167,0.0,0.0,0.0,0.25
47110,-1,13.259308,4.069107,0.825,0.1,0.0,0.25,0.067,0.0,0.067,0.067,0.5
139856,6,10.025161,10.031963,0.775,0.175,0.0,0.0,0.286,0.286,0.0,0.143,0.0
50229,-1,15.43505,1.4541124,0.837,0.07,0.0,0.0,0.0,0.0,0.0,0.0,1.0
36084,-1,15.641029,3.6152935,0.917,0.042,0.0,0.0,0.182,0.091,0.0,0.091,0.0
42257,-1,15.546074,3.321632,0.653,0.327,0.188,0.125,0.0,0.0,1.0,0.0,0.562
219803,-1,14.032922,9.95991,0.191,0.766,0.629,0.343,0.033,0.1,0.733,0.1,0.457
5254,-1,17.635643,4.5737057,0.82,0.12,0.2,0.0,0.167,0.167,0.0,0.0,0.4
126446,-1,17.79233,4.5340023,0.885,0.077,0.0,0.0,0.0,1.0,0.0,0.0,0.25
30025,-1,14.629099,4.790911,0.837,0.093,0.25,0.25,0.0,0.125,0.0,0.625,0.5
112005,-1,14.90233,9.717224,0.676,0.27,0.5,0.1,0.0,0.0,0.9,0.0,0.3
69054,-1,14.858573,3.5771105,0.878,0.082,0.5,0.5,0.0,0.0,1.0,0.0,1.0
142440,-1,14.924092,0.67227983,0.805,0.146,0.0,0.0,0.233,0.0,0.0,0.0,0.667
25466,-1,17.110556,0.37606725,0.688,0.188,0.0,0.0,0.444,0.0,0.0,0.028,0.556
240634,-1,16.834126,8.312656,0.386,0.614,0.0,0.0,0.0,0.5,0.0,0.0,0.0
205973,-1,16.471815,1.1872873,0.795,0.154,0.6,0.0,0.25,0.5,0.0,0.0,0.2
197036,3,17.02873,5.4805217,0.864,0.136,0.833,0.333,0.4,0.0,0.2,0.4,0.333
189452,-1,16.238123,-0.21530233,0.867,0.089,0.333,0.0,0.417,0.083,0.0,0.083,0.333
110100,6,10.13315,10.852658,0.46,0.54,1.0,0.5,0.0,0.0,0.5,0.5,0.0
94390,-1,15.59328,1.6768037,0.639,0.361,0.375,0.125,0.0,0.2,0.6,0.0,0.25
121413,6,8.4561405,11.107174,0.442,0.558,0.071,0.8,0.0,0.167,0.167,0.5,0.143
10890,-1,16.765833,-0.36066726,0.841,0.091,0.0,0.0,0.333,0.0,0.0,0.0,1.0
81245,6,9.920602,10.323333,0.672,0.31,0.389,0.0,0.0,0.125,0.5,0.25,0.0
27198,-1,17.062664,0.7816837,0.864,0.091,0.0,0.0,0.0,0.0,0.0,0.0,1.0
138749,-1,16.204863,2.085359,0.518,0.446,0.727,0.409,0.0,0.5,0.5,0.0,0.727
198056,-1,15.39989,-0.011762687,0.892,0.027,1.0,0.0,0.0,0.0,0.0,0.0,0.0
260755,-1,16.681694,7.5538883,0.024,0.976,0.0,0.0,0.0,0.067,0.067,0.0,0.0
102025,-1,17.667994,4.077559,0.795,0.091,0.25,0.0,0.125,0.25,0.0,0.25,0.5
194532,-1,15.683502,7.097477,0.234,0.745,0.853,0.265,0.111,0.556,0.222,0.111,0.529
206021,-1,16.45723,8.06873,0.051,0.923,0.0,0.0,0.0,0.0,0.0,0.0,0.0
162573,-1,14.636481,9.708867,0.439,0.512,0.524,0.0,0.0,0.0,0.333,0.333,0.286
66411,-1,16.121107,5.3479323,0.841,0.045,0.0,0.0,0.37,0.0,0.0,0.0,0.0
292281,-1,13.623393,7.636783,0.652,0.304,0.429,0.5,0.0,0.25,0.0,0.5,0.214
204682,-1,16.77939,-0.38993514,0.87,0.065,0.0,0.0,0.0,0.5,0.0,0.0,0.667
199949,-1,16.131878,6.0260687,0.826,0.065,0.333,0.0,0.0,0.667,0.0,0.0,0.333
156263,-1,17.726534,4.9965277,0.767,0.116,0.0,0.4,0.0,1.0,0.0,0.0,0.8
86053,-1,15.559911,7.5853467,0.778,0.2,0.333,0.222,0.0,0.0,0.0,0.0,0.111
138611,-1,14.1093,1.3339858,0.816,0.132,0.5,0.25,0.222,0.0,0.0,0.0,0.25
283007,-1,15.353606,8.746977,0.1,0.867,0.913,0.217,0.0,0.333,0.333,0.0,0.217
199684,-1,15.063537,2.7176936,0.881,0.095,0.333,0.0,0.0,0.5,0.0,0.0,0.0
154384,-1,14.296363,2.5791538,0.489,0.467,0.667,0.333,0.0,0.333,0.0,0.0,0.667
172344,-1,15.071867,9.572917,0.419,0.581,0.833,0.167,0.0,0.0,0.5,0.0,0.556
247090,-1,14.509709,8.174535,0.321,0.643,0.818,0.727,0.7,0.0,0.0,0.0,0.273
161997,-1,12.32807,7.929411,0.872,0.085,0.25,0.0,0.0,0.2,0.0,0.3,0.0
112100,-1,17.975008,3.5870948,0.821,0.103,0.0,0.0,0.0,0.333,0.0,0.0,0.25
266978,-1,10.529299,10.101368,0.844,0.111,0.0,0.0,0.0,0.143,0.0,0.0,0.6
84568,-1,13.556073,9.831976,0.0,0.959,1.0,0.149,1.0,0.0,0.0,0.0,0.149
215329,-1,16.677322,1.1984348,0.65,0.3,0.083,0.167,0.441,0.029,0.0,0.029,0.333
102030,-1,14.490119,2.153756,0.595,0.378,0.545,0.0,0.0,0.0,0.0,0.0,0.182
23137,-1,14.026429,9.719275,0.59,0.41,0.5,0.0,0.0,0.444,0.333,0.222,0.375
26492,-1,16.29247,3.3706656,0.682,0.273,0.2,0.2,0.0,0.0,0.0,0.0,0.2
46073,-1,13.375121,3.443255,0.854,0.146,0.0,0.0,0.0,0.0,0.5,0.0,0.6
68827,-1,15.44704,1.8227634,0.816,0.122,0.5,0.25,0.0,0.0,1.0,0.0,0.5
82038,-1,15.774694,8.872609,0.212,0.788,0.857,0.286,0.0,0.167,0.167,0.167,0.0
273723,4,16.167189,7.5541043,0.086,0.914,0.0,0.0,0.0,0.0,0.0,0.0,0.0
67976,-1,13.516716,4.329183,0.792,0.189,0.0,0.0,0.0,0.0,0.0,0.0,0.5
251559,-1,12.416491,8.087174,0.923,0.077,0.333,0.333,0.0,0.25,0.0,0.25,0.0
222033,6,10.665389,8.46212,0.826,0.13,0.0,0.0,0.0,0.2,0.0,0.6,0.0
252201,-1,14.847117,2.0244439,0.8,0.178,0.2,0.0,0.0,0.333,0.333,0.333,0.2
105488,-1,17.015532,0.2928164,0.952,0.024,0.0,0.0,0.143,0.143,0.0,0.0,0.0
260721,6,10.567756,9.276659,0.694,0.286,0.0,0.0,0.0,0.0,0.0,0.0,0.0
32042,-1,14.5466585,2.5453374,0.886,0.068,0.0,0.0,0.333,0.056,0.0,0.0,0.0
30312,-1,14.563878,4.7229266,0.759,0.185,0.0,0.0,0.0,0.0,0.0,0.0,0.333
74485,-1,13.78079,8.436307,0.846,0.128,1.0,0.0,0.0,0.0,0.0,0.0,0.0
46662,-1,12.853561,7.013125,0.118,0.863,0.0,0.0,0.0,0.0,0.333,0.333,0.0
1469,-1,11.236641,8.198496,0.889,0.089,0.5,0.0,0.0,0.333,0.333,0.0,0.25
25360,-1,16.480953,5.282725,0.512,0.488,0.0,0.0,0.0,0.5,0.0,0.5,0.0
228348,-1,16.57976,1.1990398,0.923,0.0,0.0,0.0,0.444,0.0,0.111,0.0,0.0
92950,-1,15.370059,6.4686723,0.387,0.581,0.722,0.556,0.333,0.0,0.0,0.667,0.167
151008,-1,14.964458,3.038775,0.743,0.143,0.25,0.0,0.0,0.0,0.5,0.0,1.0
68916,-1,14.431684,2.0710328,0.088,0.882,0.966,0.276,0.0,0.0,0.0,0.0,0.448
285930,-1,16.648817,8.057556,0.784,0.189,0.0,0.0,0.0,0.0,0.0,0.0,0.0
270503,-1,15.154073,7.4619255,0.75,0.15,0.4,0.4,0.0,0.0,0.0,0.333,0.0
164879,-1,17.065262,2.5705507,0.833,0.119,0.4,0.2,0.25,0.25,0.0,0.0,0.6
41736,-1,13.787697,9.0157,0.433,0.533,0.733,0.6,0.0,0.0,0.0,0.0,0.133
101215,-1,16.75422,-0.039778996,0.953,0.023,0.0,0.0,0.0,0.0,0.0,0.0,0.0
15350,-1,11.7562065,9.471174,0.721,0.279,0.417,0.0,0.0,0.167,0.167,0.667,0.25
108843,-1,15.558309,2.7441037,0.795,0.045,0.0,0.0,0.5,0.0,0.0,0.167,0.0
223831,-1,12.809218,7.0508113,0.851,0.064,0.333,0.0,0.0,0.25,0.0,0.0,0.0
4066,-1,14.787463,3.5784993,0.854,0.122,0.5,0.0,0.0,0.0,0.0,0.0,0.0
170012,-1,12.578217,7.4575176,0.531,0.469,0.643,0.0,0.0,0.0,0.333,0.333,0.071
186683,-1,15.738872,0.6332329,0.415,0.547,0.0,0.0,0.0,0.667,0.0,0.0,0.0
48969,-1,14.944435,8.325135,0.171,0.8,0.923,0.038,0.0,0.0,0.0,0.0,0.231
44422,-1,16.320923,2.6718647,0.692,0.308,0.2,0.0,0.0,0.0,0.0,0.0,0.6
189236,-1,16.89091,0.47284618,0.884,0.047,0.0,0.0,0.0,0.0,0.0,0.0,0.5
194031,6,9.730296,10.149143,0.872,0.085,0.0,0.0,0.0,0.0,0.0,0.333,0.0
6555,-1,16.786993,3.1480706,0.744,0.07,0.333,0.333,0.2,0.0,0.0,0.0,0.667
4305,-1,11.894216,9.659269,0.614,0.318,0.357,0.071,0.0,0.25,0.0,0.375,0.071
141623,-1,17.773058,2.246407,0.884,0.093,0.0,0.25,0.0,0.0,0.25,0.25,0.333
18057,-1,12.542908,6.44247,0.881,0.071,0.0,0.0,0.0,0.0,0.333,0.0,0.0
254021,5,17.450592,0.36352435,0.889,0.044,0.0,0.0,0.0,0.25,0.0,0.0,0.0
169641,-1,12.591731,9.427581,0.83,0.17,0.714,0.143,0.25,0.0,0.25,0.25,0.0
216267,-1,12.887149,9.150429,0.674,0.239,0.6,0.0,0.0,0.0,0.0,0.0,0.4
177211,-1,15.032931,8.149223,0.579,0.421,0.4,0.0,0.0,0.5,0.5,0.0,0.0
162174,-1,13.931145,8.413384,0.738,0.19,0.143,0.143,0.0,0.333,0.333,0.0,0.143
180162,-1,15.128329,6.0245457,0.86,0.07,0.0,0.333,0.0,0.0,0.0,0.5,0.667
141990,-1,14.95596,0.58599687,0.884,0.116,0.0,0.0,0.385,0.0,0.0,0.231,0.5
150006,-1,14.934143,4.7722163,0.78,0.22,0.0,0.0,0.0,0.0,0.0,0.0,0.0
12259,-1,17.693777,3.5660245,0.893,0.089,0.4,0.0,0.0,0.0,0.0,0.0,0.8
131450,-1,15.817015,4.3968883,0.932,0.045,0.0,0.0,0.0,0.0,0.0,1.0,0.5
194194,-1,12.931039,7.879125,0.85,0.075,0.333,0.0,0.0,0.0,0.0,0.0,0.667
99724,-1,11.477772,9.820139,0.375,0.562,0.692,0.269,0.087,0.174,0.043,0.609,0.154
99569,-1,17.172127,1.7328659,0.955,0.023,0.0,0.0,0.0,0.0,0.0,0.0,1.0
48709,-1,16.03027,8.273003,0.62,0.34,0.125,0.0,0.107,0.107,0.0,0.393,0.125
197763,-1,16.527985,2.6872246,0.975,0.025,0.0,0.0,0.0,0.0,0.0,0.0,1.0
249897,-1,13.7148285,1.4930943,0.854,0.062,0.0,0.0,0.0,0.0,0.0,0.0,1.0
250798,6,8.13373,11.252489,0.8,0.089,0.0,0.0,0.25,0.167,0.0,0.25,0.5
236850,-1,14.676619,0.6954391,0.87,0.065,0.0,0.0,0.0,0.0,1.0,0.0,1.0
154318,-1,13.571775,8.421016,0.488,0.488,0.619,0.048,0.0,0.571,0.286,0.143,0.238
117835,-1,16.288477,-0.32219362,0.864,0.114,0.25,0.25,0.0,0.0,0.0,0.5,0.5
211751,-1,17.231287,2.757524,0.826,0.13,0.167,0.167,0.0,0.25,0.0,0.25,0.5
117018,-1,16.804539,8.57995,0.5,0.452,1.0,0.5,0.5,0.0,0.0,0.0,0.5
163373,-1,15.626917,0.40968096,0.212,0.727,0.545,0.0,0.588,0.0,0.118,0.0,0.727
236265,6,8.481871,10.47798,0.59,0.333,0.615,0.462,0.0,0.0,0.0,0.667,0.154
269325,6,12.335704,8.921604,0.081,0.865,0.966,0.172,0.0,1.0,0.0,0.0,0.069
255915,-1,15.387221,8.751286,0.158,0.825,0.6,0.4,0.0,0.0,0.0,0.0,0.2
81075,-1,17.970533,2.237782,0.833,0.143,0.0,0.0,0.0,0.0,0.0,0.0,0.5
54777,-1,15.863093,2.6341136,0.884,0.023,0.0,0.0,0.0,0.182,0.182,0.0,1.0
229015,-1,13.25845,9.309679,0.293,0.659,1.0,0.0,0.0,0.0,0.0,0.5,0.577
188231,-1,15.637084,2.1452343,0.848,0.091,0.0,0.0,0.0,0.0,0.0,0.0,1.0
236909,-1,15.51211,3.192665,0.929,0.048,1.0,0.0,0.0,0.0,0.0,0.0,0.5
126703,-1,14.627266,3.6426053,0.864,0.114,0.0,0.0,0.0,0.0,0.0,0.0,0.8
261538,-1,15.6399555,8.911402,0.19,0.762,1.0,0.562,0.0,0.0,0.0,0.5,0.25
154040,-1,11.36505,8.277558,0.463,0.537,0.5,0.136,0.0,0.118,0.118,0.647,0.545
218148,-1,10.876196,10.111901,0.062,0.906,0.966,0.172,0.0,0.333,0.0,0.667,0.069
65204,6,9.353474,11.079547,0.111,0.75,0.926,0.296,0.0,0.467,0.0,0.533,0.037
188821,-1,16.260979,0.54561836,0.816,0.122,0.0,0.0,0.0,0.0,0.333,0.0,1.0
52486,-1,15.485528,2.7543771,0.725,0.098,0.0,0.0,0.135,0.108,0.0,0.027,0.4
124776,6,11.3998995,9.348932,0.0,0.978,1.0,0.341,0.143,0.286,0.0,0.143,0.098
208688,-1,16.054598,5.855236,0.953,0.023,0.0,0.0,0.0,0.0,0.0,1.0,1.0
101974,-1,14.138641,9.543462,0.486,0.486,0.5,0.25,0.143,0.0,0.0,0.0,0.25
166467,-1,16.760628,3.4970448,0.886,0.086,0.0,0.0,0.333,0.0,0.333,0.0,0.667
234095,-1,14.649542,1.6802382,0.942,0.019,0.0,0.0,0.0,0.0,0.0,0.0,1.0
24279,-1,16.962494,8.218079,0.622,0.356,0.0,0.0,0.0,0.0,0.0,0.25,0.0
143062,6,12.0387125,8.329993,0.851,0.149,0.6,0.2,0.0,1.0,0.0,0.0,0.0
88043,-1,16.178658,-0.19798821,0.851,0.128,0.167,0.0,0.438,0.0,0.0,0.0,0.667
175079,-1,15.977215,9.014366,0.312,0.656,0.714,0.143,0.0,0.0,1.0,0.0,0.071
114351,-1,14.554034,4.5665407,0.387,0.581,0.333,0.167,0.0,0.125,0.25,0.625,0.5
107764,-1,16.605062,4.683284,0.784,0.216,0.0,0.0,0.0,0.7,0.0,0.1,0.625
175786,-1,16.92707,0.7119728,0.818,0.114,0.0,0.0,0.111,0.0,0.0,0.111,0.75
86909,-1,15.863043,1.5518066,0.864,0.091,0.0,0.0,0.0,0.0,0.0,0.0,1.0
57135,-1,16.458683,3.1105573,0.957,0.022,0.0,0.0,0.0,0.75,0.0,0.0,0.0
31536,-1,15.342989,0.17260496,0.878,0.098,0.25,0.0,0.2,0.2,0.0,0.4,0.75
116785,-1,15.770931,3.1242893,0.441,0.529,0.571,0.0,0.125,0.125,0.75,0.0,0.571
227457,6,8.362748,10.715672,0.851,0.085,0.0,0.0,0.0,0.0,0.0,0.294,0.0
219543,-1,17.051498,0.9511747,0.891,0.065,0.0,0.0,0.0,0.5,0.0,0.0,1.0
163422,-1,13.32852,8.30713,0.321,0.643,0.771,0.171,0.125,0.5,0.25,0.125,0.229
107301,-1,17.95675,2.7484944,0.976,0.024,0.0,0.0,0.0,0.5,0.0,0.0,0.0
232806,-1,12.206185,8.259377,0.765,0.235,0.0,0.0,0.0,0.0,0.0,0.0,0.0
89223,-1,14.705134,4.6387196,0.614,0.386,0.143,0.0,0.143,0.143,0.143,0.0,0.429
210734,-1,15.495852,4.8177238,0.649,0.297,0.182,0.182,0.062,0.0,0.875,0.0,0.455
210257,-1,16.24104,3.5819027,0.902,0.098,0.0,0.0,0.0,0.5,0.0,0.0,0.0
247801,6,10.225462,9.0578575,0.725,0.25,0.2,0.8,0.0,0.5,0.0,0.25,0.1
85460,-1,13.448321,3.4581075,0.727,0.255,0.154,0.462,0.0,0.538,0.077,0.0,0.923
10110,-1,15.931242,6.1313686,0.739,0.239,1.0,0.0,0.0,0.0,0.0,1.0,0.0
233151,-1,14.335477,5.5060115,0.128,0.872,0.947,0.053,0.0,0.0,0.286,0.143,0.553
24565,-1,15.006886,6.8659463,0.622,0.311,0.143,0.286,0.0,0.0,0.9,0.0,0.786
262074,-1,11.972552,10.358207,0.0,0.966,1.0,0.25,0.0,0.0,0.0,0.0,0.107
46803,0,13.708948,1.6565918,0.829,0.114,0.0,0.0,0.0,0.0,0.0,0.0,0.667
31889,-1,15.370575,-0.03563807,0.909,0.068,0.0,0.0,0.0,1.0,0.0,0.0,0.667
68035,-1,16.46408,3.6678386,0.911,0.044,0.0,0.0,0.0,1.0,0.0,0.0,0.5
48800,-1,16.618174,8.712039,0.195,0.805,0.0,0.5,0.0,0.0,0.0,0.0,0.0
139201,-1,16.870262,0.5070654,0.932,0.068,0.0,0.0,0.0,0.5,0.5,0.0,0.667
116961,-1,13.578943,3.3891106,0.721,0.233,0.111,0.111,0.0,0.0,0.0,0.0,0.75
254604,-1,10.4797535,8.814279,0.911,0.0,0.0,0.0,0.0,0.0,0.0,1.0,0.0
231056,6,11.88407,8.063398,0.7,0.3,0.444,0.222,0.25,0.0,0.25,0.0,0.111
54049,-1,16.526627,3.7386327,0.932,0.023,0.0,0.0,0.0,0.0,0.0,0.0,0.0
82455,-1,16.916132,7.010608,0.7,0.275,0.0,0.0,0.0,1.0,0.0,0.0,0.0
152610,-1,16.46168,5.25657,0.804,0.157,0.333,0.0,0.0,0.0,0.5,0.5,0.333
186466,-1,16.842659,8.305071,0.517,0.467,0.44,0.12,0.0,0.0,1.0,0.0,0.64
208017,-1,15.401011,4.428199,0.837,0.14,0.167,0.0,0.333,0.19,0.0,0.048,0.667
24146,-1,15.77332,2.5624642,0.736,0.094,0.0,0.0,0.0,0.545,0.091,0.091,0.75
77068,-1,14.448511,2.0838335,0.163,0.816,0.974,0.051,0.25,0.125,0.25,0.0,0.333
222921,6,10.854029,10.247913,0.316,0.658,0.88,0.0,0.0,0.429,0.0,0.429,0.28
32003,-1,16.070442,4.075174,0.689,0.244,0.091,0.182,0.048,0.381,0.0,0.524,0.545
94689,-1,15.315288,1.0938157,0.821,0.128,0.2,0.2,0.5,0.0,0.0,0.0,0.6
63996,-1,12.546671,6.9850025,0.783,0.087,0.0,0.0,0.158,0.105,0.0,0.316,0.25
231695,-1,16.504925,4.008649,0.37,0.63,0.222,0.111,0.0,0.0,0.885,0.0,0.63
286254,-1,9.49319,9.111954,0.854,0.062,0.0,0.0,0.0,0.2,0.0,0.0,0.333
225351,6,8.536783,10.961162,0.837,0.143,0.333,0.0,0.0,0.0,0.0,0.667,0.0
167971,-1,17.295107,4.762785,0.778,0.156,0.0,0.0,0.0,0.0,0.0,0.333,0.571
158348,-1,15.370462,5.6441746,0.625,0.344,0.0,0.727,0.25,0.0,0.083,0.0,0.273
10445,-1,16.52218,0.96375585,0.833,0.056,1.0,1.0,0.0,0.286,0.0,0.0,1.0
110471,-1,15.869084,7.965435,0.514,0.459,0.667,0.0,0.0,0.667,0.333,0.0,0.333
59545,-1,14.674459,1.6106539,0.26,0.72,0.576,0.242,0.0,0.0,0.8,0.0,0.545
182423,-1,13.807057,5.698777,0.472,0.472,0.467,0.267,0.0,0.0,0.889,0.0,0.467
59848,-1,12.338336,7.6916447,0.333,0.647,0.939,0.091,0.0,0.4,0.4,0.0,0.152
171456,-1,13.471621,4.645132,0.365,0.596,0.111,1.0,0.0,0.0,0.25,0.0,0.667
21659,-1,13.827134,1.4308723,0.826,0.109,0.0,0.0,0.0,0.0,0.0,0.0,0.8
82869,-1,15.569218,1.3076061,0.75,0.225,0.0,0.0,0.0,0.833,0.0,0.0,0.833
204877,-1,13.733125,5.8003507,0.721,0.256,0.091,0.0,0.0,0.667,0.0,0.333,0.0
20875,-1,12.291054,9.038209,0.0,1.0,1.0,0.147,0.167,0.167,0.0,0.167,0.235
132740,-1,14.370738,1.2372764,0.894,0.085,0.0,0.0,0.0,0.0,0.0,0.0,0.5
141381,-1,14.930309,3.3624158,0.75,0.225,0.0,0.0,0.0,0.0,0.333,0.0,0.714
11656,6,10.150686,9.815411,0.167,0.806,0.828,0.138,0.083,0.417,0.0,0.417,0.138
58438,-1,12.135231,9.450501,0.4,0.514,0.389,0.556,0.0,0.125,0.75,0.0,0.167
69155,6,8.198717,10.719679,0.61,0.341,0.214,0.357,0.05,0.2,0.0,0.6,0.5
23463,-1,15.4559145,0.1352737,0.848,0.13,0.0,0.0,0.448,0.069,0.0,0.0,0.667
44612,-1,14.585718,7.924532,0.286,0.657,0.826,0.478,0.0,0.167,0.0,0.5,0.261
87732,-1,16.804165,2.9519827,0.814,0.093,0.333,0.333,0.0,0.0,0.0,0.0,0.667
125711,-1,15.660837,3.39333,0.805,0.171,0.0,0.0,0.0,0.333,0.0,0.0,1.0
138492,-1,15.899022,2.0777223,0.625,0.312,0.0,0.727,0.0,0.667,0.0,0.0,0.545
175676,-1,14.942936,1.2098693,0.8,0.111,0.6,0.0,0.0,0.0,0.5,0.0,1.0
31918,-1,16.593828,5.269459,0.674,0.304,0.0,0.0,1.0,0.0,0.0,0.0,1.0
125083,-1,16.5074,4.330412,0.864,0.114,0.333,0.333,0.0,0.0,0.5,0.0,1.0
170955,-1,14.429493,4.451399,0.488,0.488,0.0,0.0,0.0,0.0,0.25,0.0,0.0
108925,-1,14.861047,0.3442258,0.854,0.125,0.0,0.0,0.0,0.0,0.0,0.0,1.0
151658,-1,14.5405855,5.7715387,0.652,0.304,0.0,0.0,0.0,0.0,0.333,0.333,1.0
64529,-1,14.516015,1.5399959,0.844,0.089,0.0,0.0,0.0,0.917,0.0,0.083,0.5
34502,-1,15.292972,9.571563,0.108,0.892,1.0,0.806,0.0,0.5,0.0,0.0,0.677
142485,6,10.724358,9.076658,0.667,0.306,0.1,0.4,0.0,0.333,0.0,0.5,0.3
200057,-1,14.619304,4.235065,0.936,0.064,0.0,0.0,0.0,0.727,0.091,0.0,0.667
163302,-1,15.702997,7.7375245,0.364,0.568,0.88,0.24,0.0,0.333,0.0,0.667,0.04
15091,-1,15.76022,3.051051,0.022,0.978,0.186,0.953,0.0,0.0,0.895,0.0,0.791
190849,-1,15.175863,2.012525,0.889,0.056,0.0,0.0,0.364,0.0,0.0,0.0,0.5
85842,-1,15.280425,9.325505,0.667,0.292,0.125,0.125,0.0,0.0,0.0,0.0,0.375
216780,-1,12.751153,6.6043324,0.5,0.5,0.5,0.188,0.0,0.062,0.562,0.188,0.75
80731,-1,15.466545,2.3027823,0.911,0.071,0.0,0.0,0.5,0.0,0.0,0.0,0.0
79304,-1,16.284178,0.28799722,0.796,0.082,0.333,0.0,0.0,0.0,0.25,0.0,1.0
67016,-1,16.552631,-0.17557545,0.909,0.068,0.0,0.0,0.0,0.5,0.0,0.0,0.5
163431,-1,15.141712,0.21429762,0.786,0.071,0.0,0.0,0.0,0.0,0.0,0.0,0.5
137211,-1,16.324793,7.276511,0.842,0.132,0.2,0.0,0.632,0.0,0.0,0.0,0.2
232774,-1,13.5858965,4.7982655,0.692,0.256,0.286,0.0,0.533,0.0,0.067,0.0,0.286
260692,6,8.236826,11.383116,0.538,0.462,0.286,0.143,0.071,0.036,0.0,0.5,0.0
295269,-1,17.49632,0.50318575,0.857,0.071,0.0,0.5,0.0,0.0,0.25,0.0,0.5
246014,-1,13.8903475,7.9794602,0.676,0.324,0.667,0.111,0.0,0.0,0.0,0.5,0.0
32368,-1,12.181764,10.110308,0.054,0.946,1.0,0.286,0.0,0.0,0.0,0.0,0.2
264593,-1,13.894045,4.3641295,0.538,0.359,0.125,0.0,0.407,0.111,0.0,0.407,0.5
134012,-1,13.349904,7.1783257,0.766,0.191,0.556,0.667,0.0,0.2,0.2,0.4,0.0
129853,-1,13.365752,9.653363,0.172,0.81,0.848,0.0,0.111,0.222,0.0,0.444,0.109
116635,-1,14.234702,9.483056,0.29,0.71,0.7,0.15,0.5,0.0,0.0,0.0,0.5
260729,-1,17.6487,2.995743,0.651,0.302,0.2,0.1,0.0,0.0,0.333,0.0,0.4
135442,-1,17.281376,3.1769547,0.34,0.66,0.533,0.733,0.25,0.083,0.167,0.167,0.567
108636,5,17.373768,-0.064019024,0.841,0.068,0.333,0.0,0.188,0.0,0.0,0.0,1.0
142311,-1,13.7823305,3.1169665,0.854,0.073,0.0,0.0,0.0,0.0,0.0,0.0,0.333
252814,-1,15.063157,8.412018,0.148,0.852,0.87,0.391,0.0,0.5,0.0,0.0,0.348
46606,-1,15.572742,1.0858237,0.65,0.3,0.1,0.3,0.0,0.0,0.895,0.0,0.3
182291,-1,15.846882,2.9419389,0.744,0.023,0.0,0.0,0.0,0.143,0.0,0.0,0.0
254295,-1,17.639563,0.7107348,0.843,0.078,0.333,0.0,0.308,0.0,0.077,0.077,0.333
173993,-1,14.411836,3.913522,0.289,0.684,0.667,0.111,0.0,0.5,0.5,0.0,0.722
173720,-1,13.869571,2.269518,0.905,0.071,0.333,0.0,0.0,0.0,0.0,1.0,0.667
184965,6,9.246799,11.418478,0.182,0.795,0.594,0.531,0.282,0.179,0.0,0.282,0.062
158758,-1,16.09934,7.5774703,0.619,0.357,0.714,0.429,0.0,0.0,0.0,0.0,0.286
225721,-1,13.512903,1.9565604,0.319,0.638,0.0,0.444,0.0,0.0,1.0,0.0,0.667
77746,-1,13.413407,7.304955,0.778,0.178,0.167,0.333,0.0,0.0,0.0,1.0,0.0
219767,-1,13.640347,10.268268,0.0,0.969,1.0,0.033,0.0,0.0,1.0,0.0,0.3
284662,-1,14.687448,4.550706,0.706,0.235,0.222,0.0,0.0,0.0,0.5,0.0,0.556
76664,-1,9.790328,8.921728,0.708,0.208,0.6,0.0,0.444,0.0,0.056,0.056,0.3
125742,-1,15.350968,7.9235153,0.595,0.405,0.462,0.769,0.0,0.333,0.0,0.0,0.769
131354,-1,16.417288,3.7846062,0.8,0.143,0.0,0.0,0.762,0.0,0.0,0.0,0.5
198621,-1,17.012804,3.1626556,0.975,0.025,0.0,0.0,0.0,0.0,0.0,0.0,1.0
26263,-1,15.938719,9.242894,0.645,0.323,0.333,0.0,0.0,0.0,0.75,0.25,0.778
35949,3,17.66747,4.962623,0.596,0.346,0.0,0.0,0.0,0.727,0.0,0.091,0.333
224392,-1,15.2849655,0.40656924,0.889,0.089,0.25,0.0,0.0,0.0,0.0,0.0,0.75
194944,-1,16.9263,2.6842134,0.864,0.091,0.0,0.0,0.0,0.25,0.25,0.0,1.0
225638,-1,16.634838,2.077222,0.872,0.077,0.0,0.0,0.0,0.0,0.25,0.0,0.333
15401,-1,13.678706,3.2583978,0.78,0.098,0.0,0.0,0.0,0.5,0.0,0.0,0.5
61828,-1,14.686502,4.642193,0.739,0.217,0.2,0.0,0.0,0.25,0.0,0.0,0.4
60144,-1,13.934951,6.065102,0.796,0.148,0.0,0.0,0.25,0.071,0.036,0.036,0.143
59689,-1,14.250214,6.4714704,0.833,0.143,0.0,0.0,0.0,0.667,0.333,0.0,0.333
186985,-1,14.237693,3.6807604,0.655,0.328,0.158,0.526,0.091,0.0,0.636,0.182,0.632
144412,-1,16.135973,2.2255745,0.9,0.075,0.0,0.0,0.0,0.0,0.0,0.0,0.0
41566,-1,16.554855,6.272981,0.432,0.568,0.476,0.571,0.0,0.2,0.2,0.2,0.143
166984,-1,17.88555,4.5760098,0.391,0.609,0.76,0.72,0.1,0.1,0.4,0.2,0.36
170687,6,12.953699,5.633186,0.512,0.415,0.0,0.0,0.0,0.2,0.2,0.0,1.0
124401,-1,16.652851,-0.05038324,0.878,0.024,1.0,0.0,0.0,0.0,0.0,0.0,0.0
221662,-1,17.279345,2.009395,0.951,0.024,0.0,0.0,1.0,0.0,0.0,0.0,1.0
266796,-1,15.933451,9.049015,0.829,0.146,0.667,0.0,0.25,0.0,0.125,0.125,0.333
112023,-1,16.186144,1.0182276,0.907,0.07,0.0,0.333,0.0,1.0,0.0,0.0,0.667
174355,-1,16.882936,5.2908573,0.864,0.114,0.25,0.0,0.0,0.0,0.5,0.0,0.5
173800,-1,11.592832,9.724034,0.744,0.233,0.5,0.0,0.0,0.0,0.0,0.5,0.0
39818,-1,15.505889,4.239184,0.86,0.093,0.25,0.0,0.0,0.0,0.25,0.0,1.0
127958,-1,10.422474,10.503326,0.195,0.756,0.645,0.742,0.0,0.312,0.188,0.375,0.032
176970,6,9.0390625,10.628754,0.83,0.149,0.167,0.167,0.0,0.333,0.0,0.667,0.167
201464,-1,14.860311,0.90205294,0.884,0.07,0.333,0.0,0.5,0.0,0.0,0.5,1.0
63626,-1,15.695561,6.6512074,0.459,0.459,0.471,0.529,0.0,0.091,0.818,0.0,0.529
84920,-1,14.124733,2.4182396,0.8,0.133,0.167,0.0,0.0,0.0,0.0,0.75,0.5
243154,-1,17.567686,4.365148,0.909,0.068,0.0,0.0,0.0,0.5,0.0,0.0,1.0
97103,-1,17.70137,1.3817376,0.75,0.1,0.0,0.0,0.0,0.0,1.0,0.0,0.25
15858,-1,11.369113,9.890857,0.581,0.395,0.125,0.0,0.0,0.043,0.739,0.0,0.312
70989,-1,14.295646,6.243747,0.867,0.022,0.0,0.0,0.0,0.5,0.0,0.0,1.0
132601,-1,17.870543,1.5658358,0.83,0.128,0.0,0.167,0.2,0.2,0.0,0.3,0.167
227629,-1,17.095585,5.1743274,0.86,0.14,0.2,0.0,0.0,0.15,0.0,0.8,0.6
9910,6,10.6893635,9.400435,0.878,0.122,0.0,0.0,0.0,0.0,0.0,1.0,0.0
143760,-1,16.580408,5.6725845,0.98,0.0,0.0,0.0,0.0,0.0,0.0,0.5,0.0
227239,-1,14.600859,1.9886762,0.775,0.175,0.0,0.0,0.0,0.0,0.0,0.0,0.167
140707,6,12.786872,5.9725404,0.881,0.119,0.4,0.0,0.0,0.0,0.0,0.0,0.4
19793,-1,15.737574,1.9515028,0.85,0.033,0.5,0.5,0.0,0.0,0.0,0.0,0.5
205024,-1,16.408718,6.3728404,0.743,0.257,0.5,0.0,0.0,0.4,0.0,0.4,0.0
133551,-1,15.196059,2.0177307,0.878,0.102,0.0,0.0,0.0,0.0,0.0,0.0,0.4
242955,-1,14.578021,7.385287,0.88,0.12,0.5,0.0,0.0,1.0,0.0,0.0,0.167
229295,-1,15.664998,9.183903,0.308,0.615,0.913,0.739,0.0,0.0,0.0,1.0,0.043
7736,-1,15.352807,9.129081,0.089,0.867,0.949,0.205,0.0,0.5,0.0,0.0,0.256
177155,-1,17.97068,1.1474361,0.767,0.093,0.5,0.5,0.5,0.0,0.0,0.0,1.0
101355,6,9.123602,10.068767,0.48,0.48,0.783,0.087,0.0,0.333,0.0,0.333,0.13
39573,-1,16.708353,-0.15718749,0.804,0.196,0.0,0.0,0.167,0.0,0.0,0.0,0.625
218314,6,11.9656105,8.742921,0.314,0.629,0.619,0.0,0.0,0.231,0.0,0.462,0.143
271948,-1,15.243328,7.9623766,0.676,0.324,0.167,0.417,0.0,0.4,0.2,0.4,0.667
39632,-1,17.048008,8.056903,0.513,0.487,0.667,0.333,0.714,0.0,0.0,0.0,0.333
200681,-1,15.557712,8.8424835,0.281,0.688,0.909,0.091,0.0,0.0,0.429,0.0,0.364
2624,-1,16.871145,5.5441256,0.932,0.0,0.0,0.0,0.0,0.0,0.0,0.333,0.0
248410,6,9.428845,10.213999,0.333,0.583,0.0,0.5,0.0,0.0,0.0,0.667,0.0
176539,-1,11.919477,7.2357,0.881,0.095,0.25,0.0,0.0,0.5,0.25,0.0,0.5
117034,3,17.230442,5.0573897,0.87,0.109,0.0,0.2,0.429,0.143,0.071,0.0,0.2
152745,-1,9.809248,8.816682,0.436,0.545,0.517,0.0,0.049,0.22,0.146,0.22,0.586
36481,-1,13.300895,6.96095,0.75,0.194,0.0,0.0,0.0,0.5,0.0,0.0,0.0
41027,-1,17.176212,3.3779526,0.227,0.75,0.545,0.909,0.091,0.273,0.182,0.455,0.394
200849,-1,15.430477,3.4824126,0.6,0.4,0.0,0.417,0.733,0.067,0.0,0.0,0.583
292155,-1,14.608556,3.3211665,0.81,0.143,0.0,0.0,0.0,0.0,0.0,0.0,0.0
152117,-1,13.435982,9.58275,0.0,0.978,1.0,0.159,0.0,0.0,0.333,0.0,0.568
117558,-1,15.863094,3.5992148,0.857,0.095,0.5,0.25,0.0,0.0,0.0,0.0,1.0
188851,-1,14.25623,5.6332893,0.769,0.077,0.667,0.333,0.0,0.0,0.0,0.0,0.0
21337,-1,16.335636,5.911696,0.561,0.415,0.0,0.143,0.0,0.5,0.5,0.0,0.286
257757,-1,15.7715225,6.1673,0.297,0.676,0.889,0.167,0.091,0.182,0.0,0.0,0.333
138864,-1,15.878681,4.9522815,0.894,0.043,0.0,0.5,0.0,0.0,0.0,1.0,1.0
10268,-1,18.02815,3.0357876,0.865,0.081,0.0,0.0,0.2,0.0,0.0,0.0,0.667
49973,-1,13.97992,9.91533,0.857,0.071,0.667,0.333,0.0,0.0,0.0,1.0,0.333
185828,-1,17.27627,0.35780486,0.868,0.057,0.0,0.0,0.0,0.0,0.333,0.0,1.0
18676,-1,8.61602,10.17173,0.73,0.216,0.625,0.875,0.0,0.25,0.0,0.5,0.0
152759,-1,12.23337,6.880697,0.729,0.188,0.0,0.0,0.0,0.25,0.25,0.0,0.4
141294,-1,14.1639805,3.4252565,0.705,0.227,0.0,0.333,0.0,0.167,0.0,0.167,0.667
206875,-1,17.867952,3.9387693,0.86,0.093,0.0,0.0,0.571,0.286,0.0,0.0,0.75
169047,-1,17.602264,0.6323908,0.857,0.082,0.0,0.0,0.0,0.5,0.0,0.0,0.667
288768,-1,14.447538,8.932459,0.825,0.175,0.429,0.0,0.0,0.25,0.25,0.0,0.143
94964,6,8.202742,11.022615,0.732,0.195,0.143,0.143,0.0,0.333,0.167,0.5,0.429
272725,6,8.23022,11.2307625,0.711,0.211,0.0,0.25,0.0,0.091,0.0,0.636,0.125
39615,-1,14.942938,4.847406,0.091,0.909,0.933,0.267,0.545,0.045,0.0,0.182,0.2
269140,-1,12.261542,8.637212,0.0,0.931,0.962,0.192,0.0,0.25,0.0,0.0,0.231
20046,-1,15.262926,2.477169,0.868,0.079,0.0,0.0,0.0,0.0,0.0,0.0,0.667
28295,-1,15.168662,8.884921,0.717,0.226,0.6,0.1,0.0,0.0,1.0,0.0,0.3
114097,-1,14.697912,5.537255,0.17,0.787,0.571,0.286,0.0,0.0,1.0,0.0,0.6
18928,-1,13.329549,5.306709,0.78,0.098,0.5,0.333,0.0,0.0,0.25,0.25,0.25
41229,-1,15.25033,5.9080544,0.292,0.708,0.583,0.833,0.167,0.0,0.167,0.167,0.375
122783,4,16.640085,7.041299,0.171,0.829,1.0,0.0,0.0,0.0,0.0,0.0,0.0
140464,-1,13.4091015,4.8434577,0.81,0.19,0.125,0.0,0.0,0.75,0.0,0.25,0.75
139373,-1,16.832293,1.8268268,0.951,0.049,0.0,0.0,0.0,0.0,0.5,0.5,0.0
180958,-1,16.446993,5.3340364,0.791,0.209,0.0,0.0,0.0,0.0,0.0,0.0,0.0
166304,-1,14.096801,2.9006536,0.674,0.186,0.333,0.333,0.5,0.0,0.5,0.0,0.667
278624,-1,9.855076,11.193283,0.105,0.842,0.833,0.067,0.0,0.0,0.4,0.0,0.1
52885,-1,16.508461,0.7320813,0.9,0.1,0.0,0.0,0.385,0.077,0.0,0.077,0.5
45122,-1,16.315256,3.9628677,0.821,0.051,0.0,0.0,0.25,0.0,0.0,0.0,0.0
120837,-1,13.384644,7.564607,0.189,0.622,1.0,0.091,0.0,0.143,0.143,0.0,0.182
130296,-1,13.5185,2.6344683,0.179,0.795,0.0,0.0,0.0,0.0,0.0,0.0,0.0
233034,6,11.055845,10.696354,0.03,0.939,0.95,0.333,0.0,0.385,0.0,0.308,0.067
178440,-1,17.556612,0.99955416,0.945,0.055,0.0,0.0,0.2,0.0,0.0,0.0,0.667
219685,-1,14.418816,1.0594677,0.705,0.227,0.1,0.0,0.0,0.0,0.0,0.0,0.5
107631,-1,17.401812,0.018839112,0.755,0.041,0.0,0.0,0.077,0.0,0.0,0.0,1.0
232850,-1,15.128912,6.772921,0.818,0.159,0.0,0.0,0.0,0.0,0.25,0.5,0.571
83143,-1,18.046898,4.196561,0.2,0.8,0.641,0.641,0.0,0.143,0.857,0.0,0.564
12260,-1,14.782699,9.078228,0.0,1.0,0.977,0.163,0.0,0.667,0.0,0.0,0.465
219060,-1,15.682665,3.422874,0.829,0.171,0.286,0.143,0.5,0.0,0.5,0.0,0.286
116713,-1,14.936278,4.0946755,0.512,0.439,0.0,0.0,0.0,0.0,0.85,0.05,0.857
264632,6,9.314785,11.384564,0.079,0.921,1.0,0.429,0.04,0.32,0.0,0.48,0.114
153083,6,10.252222,9.033876,0.023,0.932,0.875,0.925,0.067,0.333,0.067,0.467,0.175
105373,-1,15.241036,1.2249653,0.848,0.109,0.2,0.0,0.0,0.0,0.5,0.0,0.2
142680,-1,15.416149,2.8459494,0.925,0.075,0.0,0.0,0.25,0.0,0.0,0.125,1.0
9225,6,13.2478285,5.756373,0.735,0.265,0.25,0.0,0.0,0.5,0.0,0.5,0.0
249585,6,9.519389,11.153269,0.412,0.51,0.235,0.062,0.071,0.143,0.0,0.429,0.0
268462,-1,16.06362,7.881185,0.525,0.45,0.375,0.375,0.0,0.0,0.0,0.0,0.0
224593,-1,15.804473,4.73057,0.907,0.07,0.333,0.333,0.0,0.5,0.0,0.0,0.333
180027,6,10.162229,10.260625,0.698,0.256,0.364,0.091,0.111,0.222,0.111,0.0,0.091
208269,-1,17.482431,5.314413,0.791,0.14,0.2,0.0,0.0,0.0,0.0,0.0,0.8
99910,-1,9.749894,11.266372,0.109,0.848,0.41,0.103,0.067,0.1,0.367,0.267,0.026
207562,-1,16.174673,0.10559525,0.875,0.075,0.0,0.333,0.25,0.0,0.0,0.25,0.667
143528,-1,10.811087,9.049228,0.833,0.139,0.4,0.0,0.0,0.0,0.5,0.25,0.0
137912,6,8.101339,10.876171,0.911,0.067,0.0,0.333,0.381,0.0,0.0,0.143,0.0
186041,-1,14.768052,7.8970885,0.538,0.41,0.2,0.2,0.724,0.034,0.0,0.0,0.667
175630,-1,15.113827,8.328386,0.766,0.213,0.25,0.25,0.0,0.333,0.0,0.333,0.5
166294,-1,15.77818,4.6036325,0.911,0.067,0.333,0.0,0.0,0.727,0.0,0.0,0.333
32899,-1,14.2848835,3.8194034,0.814,0.14,0.167,0.0,0.0,0.0,0.0,0.0,0.333
192142,-1,17.186012,7.366785,0.054,0.946,0.0,0.0,0.0,0.0,0.0,0.0,0.0
235870,-1,16.355412,2.2353323,0.969,0.031,0.0,0.0,0.375,0.0,0.125,0.0,1.0
195759,-1,12.891653,9.283685,0.417,0.583,0.905,0.095,0.0,0.143,0.571,0.286,0.143
203643,-1,14.166693,6.959777,0.659,0.341,0.0,0.0,0.0,0.0,0.0,1.0,0.5
95502,-1,14.886482,2.1909368,0.703,0.135,0.0,0.0,0.0,0.0,0.333,0.0,0.667
80809,-1,13.685843,1.3292229,0.851,0.128,0.0,0.25,0.0,0.25,0.25,0.0,0.75
24879,-1,13.756938,7.1418867,0.7,0.26,0.462,0.154,0.0,0.429,0.0,0.143,0.538
82142,-1,15.982623,8.910411,0.723,0.234,0.364,0.0,0.0,0.0,0.5,0.5,0.455
236377,-1,17.01244,2.5965188,0.738,0.238,0.0,0.0,0.0,0.0,1.0,0.0,0.5
252060,-1,12.361592,10.263508,0.36,0.56,0.643,0.071,0.333,0.0,0.0,0.167,0.071
203929,-1,11.227153,8.1468115,0.86,0.07,0.333,1.0,0.0,0.0,0.5,0.0,0.333
283190,-1,13.030759,6.843134,0.909,0.055,0.333,0.0,0.0,0.0,0.0,0.0,0.0
232585,-1,15.929823,0.6039548,0.824,0.147,0.0,0.8,0.0,0.0,0.25,0.25,0.8
24754,-1,12.827162,9.442256,0.657,0.286,0.556,0.333,0.0,0.0,0.0,0.0,0.444
34691,-1,14.412549,3.4357553,0.824,0.118,0.667,0.5,0.0,0.0,0.667,0.333,0.667
150153,-1,13.887854,5.1501822,0.725,0.225,0.333,0.111,0.0,0.143,0.857,0.0,0.778
128670,-1,15.727175,1.7980641,0.824,0.088,0.0,0.0,0.067,0.067,0.0,0.0,0.333
63605,-1,16.281687,0.23071775,0.909,0.068,0.0,0.0,0.0,0.0,0.0,0.0,1.0
237103,-1,14.374662,8.665506,0.27,0.703,0.5,0.5,0.0,0.0,0.5,0.5,0.0
61861,6,9.758438,10.724145,0.463,0.512,0.714,0.095,0.0,0.125,0.125,0.625,0.333
291219,-1,17.49791,4.064784,0.878,0.102,0.0,0.0,0.0,0.333,0.0,0.0,0.6
206488,-1,17.654655,1.0375353,0.88,0.08,0.0,0.0,0.0,0.0,0.0,0.0,0.75
122740,-1,12.6701565,8.443668,0.345,0.621,0.889,0.389,0.0,0.0,1.0,0.0,0.278
172739,-1,16.984257,8.026717,0.392,0.569,0.786,0.036,0.867,0.022,0.044,0.022,0.786
153676,-1,13.195409,4.5287776,0.791,0.186,0.25,0.25,0.0,0.0,0.167,0.0,0.75
175976,-1,15.33559,2.5334342,0.821,0.154,0.2,0.2,0.0,0.333,0.0,0.333,1.0
31078,-1,16.736387,7.694319,0.61,0.366,0.143,0.0,0.25,0.0,0.083,0.0,0.143
179685,6,8.131152,11.24653,0.822,0.089,0.0,0.0,0.056,0.111,0.0,0.778,0.0
222908,-1,14.899049,5.8495317,0.811,0.162,0.5,0.333,0.0,0.333,0.0,0.333,0.333
141646,-1,16.002275,8.821695,0.676,0.324,0.167,0.0,0.0,0.5,0.0,0.0,0.167
173830,-1,17.730082,4.61437,0.822,0.089,0.0,0.0,0.0,0.0,0.0,0.0,0.75
46234,-1,14.638607,4.859712,0.686,0.2,0.25,0.0,0.4,0.0,0.0,0.0,0.25
214160,-1,11.788971,7.7888083,0.811,0.189,0.286,0.143,0.0,0.25,0.5,0.0,0.429
237799,-1,17.753565,3.6124606,0.932,0.0,0.0,0.0,0.0,0.0,0.0,0.0,0.0
100650,-1,13.978813,8.139565,0.812,0.156,1.0,0.2,0.0,0.667,0.0,0.0,0.0
174735,-1,12.857796,6.877362,0.898,0.041,0.0,0.0,0.0,0.0,0.0,0.5,0.5
203112,-1,15.682685,3.8158545,0.628,0.07,0.0,0.0,0.0,0.25,0.0,0.25,0.333
192411,-1,13.893238,8.174893,0.703,0.297,0.0,0.25,0.0,0.0,0.083,0.083,0.75
117743,-1,17.167446,3.5037978,0.949,0.051,0.5,0.0,0.2,0.0,0.0,0.0,0.5
65369,-1,15.2298975,8.333152,0.756,0.195,0.5,0.167,0.0,0.25,0.25,0.5,0.0
207110,6,10.369377,8.775097,0.864,0.045,0.0,0.0,1.0,0.0,0.0,0.0,0.0
109789,6,9.949032,10.200486,0.095,0.833,0.606,0.788,0.056,0.333,0.0,0.5,0.0
16685,-1,16.905169,8.209602,0.424,0.576,0.0,0.0,0.52,0.0,0.0,0.12,0.0
60859,-1,13.529277,2.8745193,0.929,0.024,0.0,0.0,0.0,0.0,0.0,0.0,1.0
280219,-1,14.26447,1.56443,0.872,0.085,0.25,0.0,0.3,0.1,0.1,0.0,0.0
233431,6,9.128043,9.662269,0.024,0.976,1.0,0.175,0.5,0.0,0.25,0.0,0.026
23925,-1,13.867967,9.060128,0.026,0.974,0.943,0.771,0.105,0.0,0.684,0.0,0.571
219673,-1,15.924659,4.3493786,0.884,0.093,0.0,0.0,0.0,0.0,0.2,0.0,0.5
227044,-1,16.502447,4.9996142,0.78,0.14,0.143,0.286,0.464,0.0,0.0,0.036,0.714
87662,-1,16.378786,6.661706,0.905,0.048,0.0,0.0,0.0,0.5,0.0,0.0,0.0
69735,-1,15.110508,7.818665,0.383,0.617,0.75,0.214,0.0,0.571,0.286,0.0,0.214
238477,-1,15.860434,7.0728264,0.7,0.3,0.0,1.0,0.0,0.0,0.0,0.0,0.0
159119,-1,14.418492,7.550167,0.638,0.34,0.0,0.0,0.0,0.333,0.0,0.667,0.0
217451,-1,12.278525,10.016834,0.348,0.63,0.6,0.3,0.143,0.714,0.0,0.0,0.6
272232,-1,14.461289,8.231413,0.902,0.073,1.0,0.0,0.0,0.0,0.0,0.0,0.0
217151,-1,13.65373,1.4372832,0.737,0.105,0.0,0.25,0.333,0.0,0.0,0.0,0.75
175577,-1,15.150713,0.6349795,0.905,0.048,0.5,0.0,0.125,0.125,0.0,0.0,1.0
21573,-1,15.65196,7.1642776,0.667,0.333,0.571,0.0,0.25,0.0,0.0,0.5,0.786
117556,-1,14.289157,7.046442,0.625,0.354,0.0,0.0,0.0,0.0,0.0,0.0,0.0
164084,-1,17.232504,2.7209284,0.921,0.053,0.0,0.0,0.615,0.077,0.0,0.0,0.5
18779,-1,17.241087,4.9840384,0.95,0.05,0.0,0.0,0.0,0.0,0.0,0.0,0.0
118714,-1,11.688865,10.078231,0.107,0.893,1.0,0.429,0.091,0.182,0.091,0.0,0.0
71344,-1,11.75624,8.457339,0.233,0.767,0.939,0.121,0.0,0.5,0.167,0.333,0.121
110245,6,8.662523,10.471455,0.605,0.372,0.4,0.6,0.0,0.25,0.0,0.583,0.2
263339,-1,15.468238,8.008981,0.087,0.87,1.0,0.024,0.0,0.333,0.0,0.667,0.171
11319,6,8.742084,9.858114,0.86,0.023,0.0,0.0,0.0,1.0,0.0,0.0,0.0
117749,-1,13.657871,10.065019,0.07,0.907,0.919,0.054,0.0,0.0,0.667,0.0,0.108
163616,-1,16.821854,7.8866577,0.125,0.854,0.0,0.0,0.0,0.0,0.0,0.0,0.0
12148,-1,12.13633,9.9189205,0.185,0.815,0.909,0.182,0.111,0.0,0.111,0.0,0.091
148188,0,13.490248,2.0350542,0.884,0.07,0.0,0.0,0.25,0.0,0.25,0.0,1.0
285459,-1,12.897699,6.913685,0.49,0.388,0.235,0.588,0.0,0.077,0.462,0.154,0.471
130440,-1,14.287264,1.5044312,0.886,0.114,0.0,0.0,0.286,0.0,0.0,0.143,0.8
128900,-1,15.827874,9.055635,0.026,0.921,0.971,0.943,0.0,0.818,0.0,0.182,0.257
140151,-1,14.411457,2.4047453,0.773,0.114,0.2,0.0,0.0,0.333,0.0,0.0,0.4
261852,6,9.427024,10.4719715,0.433,0.5,0.467,0.333,0.091,0.091,0.0,0.545,0.0
107381,-1,17.65348,2.0213852,0.9,0.05,0.0,0.0,0.0,1.0,0.0,0.0,0.5
107866,-1,16.972914,3.2728052,0.698,0.279,0.0,0.0,0.0,0.0,0.0,0.0,0.0
173784,-1,16.887611,2.1708112,0.769,0.154,0.143,0.0,0.318,0.0,0.045,0.091,0.571
253572,-1,16.513649,0.5297045,0.872,0.064,0.0,0.0,0.5,0.0,0.0,0.0,0.667
216046,4,17.009476,7.369856,0.073,0.902,1.0,0.0,0.2,0.2,0.2,0.0,1.0
171300,-1,13.547474,8.757276,0.571,0.347,0.625,0.062,0.0,0.5,0.5,0.0,0.0
32619,-1,13.791075,4.4535995,0.872,0.077,0.333,0.333,0.0,0.0,0.0,0.0,1.0
264859,-1,15.013479,8.072881,0.2,0.8,0.714,0.095,0.0,0.308,0.385,0.077,0.429
287266,-1,14.786048,5.823543,0.761,0.174,0.0,0.4,0.444,0.0,0.0,0.222,0.4
207551,-1,14.383302,1.2651325,0.805,0.171,0.0,0.0,0.375,0.0,0.0,0.0,0.714
32423,-1,16.32636,1.8193572,0.161,0.804,0.372,0.488,0.0,0.028,0.972,0.0,0.558
172888,-1,11.410023,9.560572,0.103,0.897,0.971,0.118,0.0,0.25,0.0,0.5,0.147
225178,-1,13.936623,7.017975,0.571,0.381,0.467,0.333,0.0,0.0,0.929,0.0,0.867
161352,-1,14.710284,8.118891,0.139,0.861,0.742,0.29,0.0,0.062,0.75,0.188,0.29
107935,-1,15.976787,1.4941543,0.953,0.023,1.0,0.0,0.0,0.0,0.0,0.2,0.0
71932,-1,15.949105,8.78337,0.679,0.302,0.0,0.0,0.0,0.333,0.167,0.0,0.0
140103,-1,16.047419,9.169866,0.103,0.862,0.958,0.042,0.2,0.2,0.0,0.0,0.333
64197,-1,13.851719,5.9947147,0.464,0.5,0.0,0.0,0.0,0.0,0.0,0.0,0.0
64098,-1,15.642253,0.17282902,0.905,0.071,0.0,0.0,0.0,0.0,0.0,0.0,0.333
228438,-1,16.20114,-0.0329717,0.912,0.088,0.0,0.0,0.0,0.0,0.0,0.0,0.333
116886,-1,11.659027,9.543348,0.27,0.703,0.885,0.077,0.0,0.125,0.0,0.5,0.115
277837,-1,14.650129,3.9227295,0.841,0.114,0.2,0.0,0.0,1.0,0.0,0.0,0.8
219209,-1,17.795004,3.3804805,0.929,0.048,0.0,0.0,0.0,0.0,1.0,0.0,0.0
204506,-1,18.024817,4.0849705,0.933,0.022,0.0,0.0,0.0,0.0,0.25,0.0,1.0
156558,-1,11.547341,8.502849,0.68,0.3,0.333,0.2,0.0,0.19,0.0,0.476,0.133
209729,-1,16.123955,1.7582407,0.953,0.047,0.0,0.0,0.294,0.059,0.0,0.059,0.5
245165,-1,17.152458,3.0208423,0.886,0.091,0.0,0.0,0.0,0.0,0.0,0.0,0.0
196163,-1,13.283244,8.2280245,0.625,0.344,0.4,0.1,0.0,0.2,0.0,0.8,0.2
166818,-1,16.292484,5.0989947,0.83,0.128,0.5,0.167,0.0,0.0,0.333,0.333,0.333
31360,-1,9.776783,11.311165,0.107,0.893,0.958,0.542,0.0,0.556,0.111,0.0,0.042
78393,-1,17.30147,0.20889553,0.8,0.091,0.2,0.0,0.0,0.0,0.0,0.0,0.6
272885,-1,13.039425,6.895734,0.711,0.267,0.182,0.182,0.438,0.0,0.062,0.188,0.273
239034,-1,13.191999,8.084204,0.6,0.367,0.818,0.273,0.333,0.333,0.0,0.333,0.182
126040,-1,17.755957,3.5436933,0.93,0.07,0.667,0.333,0.0,0.5,0.0,0.0,1.0
207408,-1,15.128064,1.9745058,0.762,0.143,0.2,0.2,0.545,0.0,0.0,0.0,0.6
221701,-1,17.029047,0.9942377,0.881,0.095,0.0,0.0,0.0,0.0,0.0,0.0,0.5
101071,-1,14.013792,1.9973772,0.736,0.226,0.0,0.222,0.0,0.0,0.0,0.0,0.778
110284,-1,13.369978,8.546345,0.925,0.075,0.0,0.0,0.0,0.333,0.0,0.0,0.0
260258,6,11.368567,7.9632,0.694,0.25,1.0,0.111,0.0,0.5,0.0,0.0,0.0
7564,6,9.034354,11.383221,0.894,0.085,0.0,0.0,0.0,0.0,0.0,0.0,0.0
169733,-1,16.473164,6.8856564,0.45,0.55,0.0,1.0,0.0,0.0,0.5,0.0,0.5
242664,-1,15.939542,4.55825,0.095,0.881,0.941,0.912,0.0,0.25,0.25,0.0,0.235
75333,6,9.701298,10.2277975,0.622,0.324,0.5,0.083,0.0,0.077,0.0,0.538,0.0
7923,-1,18.027128,3.3243237,0.82,0.12,0.0,0.167,0.0,0.0,1.0,0.0,0.167
131728,-1,17.127054,5.4295087,0.8,0.15,0.5,0.0,0.0,0.0,0.5,0.5,0.833
6929,-1,14.688216,5.3951697,0.511,0.467,0.143,0.0,0.0,0.286,0.0,0.0,0.429
94625,-1,17.279697,0.87090236,0.881,0.119,0.0,0.0,1.0,0.0,0.0,0.0,0.8
16703,-1,14.758764,6.732333,0.756,0.244,0.25,0.0,0.0,0.333,0.0,0.333,0.875
175046,-1,16.026264,4.3475213,0.846,0.077,0.0,1.0,0.0,0.0,1.0,0.0,1.0
11772,-1,17.31928,0.15425764,0.688,0.271,0.538,0.154,0.056,0.056,0.167,0.111,0.692
117915,-1,17.53338,4.396623,0.93,0.07,0.0,0.0,1.0,0.0,0.0,0.0,1.0
176934,-1,17.263136,3.734765,0.095,0.905,0.794,0.118,0.0,0.0,0.923,0.077,0.559
13996,-1,15.414861,4.846749,0.911,0.067,0.5,0.0,0.0,0.0,0.333,0.667,1.0
44361,6,12.282887,8.158943,0.548,0.381,0.533,0.0,0.0,0.125,0.25,0.5,0.067
97942,-1,12.422741,8.060199,0.317,0.585,0.625,0.625,0.0,0.2,0.25,0.0,0.667
144465,-1,15.732586,7.5275936,0.07,0.907,1.0,0.744,0.0,0.0,0.5,0.5,0.692
278632,-1,12.340154,10.124076,0.328,0.655,0.73,0.027,0.0,0.333,0.25,0.0,0.135
180515,-1,15.9637575,5.8416123,0.939,0.02,0.0,0.0,0.143,0.0,0.0,0.0,0.0
192554,-1,16.402534,2.312019,0.75,0.091,0.0,0.0,0.667,0.0,0.0,0.0,0.25
281414,-1,14.522093,9.73567,0.111,0.87,0.957,0.478,0.071,0.0,0.571,0.214,0.565
218538,-1,15.085786,5.075114,0.767,0.186,0.25,0.5,0.111,0.111,0.0,0.333,0.25
135657,-1,14.5236,6.072112,0.783,0.109,0.0,0.0,0.385,0.077,0.0,0.0,0.5
227408,3,17.59928,4.6366506,0.829,0.073,0.333,0.667,0.0,0.5,0.0,0.0,0.333
154916,-1,14.2187195,2.3640115,0.606,0.333,0.429,0.143,0.0,0.0,1.0,0.0,0.143
191624,-1,9.9740715,9.300434,0.286,0.679,1.0,0.105,0.0,0.0,0.0,0.25,0.0
18902,-1,14.783157,1.8971292,0.907,0.07,0.0,0.0,0.0,0.0,0.0,1.0,0.667
263879,-1,14.432848,9.328383,0.026,0.949,0.972,0.111,0.5,0.0,0.0,0.0,0.167
149321,-1,12.471222,7.6929135,0.673,0.286,0.615,0.154,0.0,0.25,0.25,0.5,0.0
41843,-1,13.633526,10.125412,0.0,0.972,1.0,0.71,0.286,0.0,0.0,0.143,0.065
59524,-1,17.667511,4.7289667,0.875,0.104,0.0,0.0,0.4,0.0,0.0,0.0,0.0
382,6,13.113059,5.6919184,0.467,0.533,0.938,0.0,0.0,0.333,0.333,0.167,0.812
31481,-1,14.614011,3.08576,0.841,0.114,0.0,0.0,0.2,0.4,0.0,0.0,0.4
45066,-1,11.09534,8.46623,0.375,0.575,0.0,0.0,0.111,0.111,0.0,0.333,0.0
237100,-1,13.666562,7.739791,0.227,0.75,0.909,0.182,0.083,0.25,0.083,0.417,0.212
3629,-1,15.307,4.140276,0.8,0.15,0.2,0.0,0.429,0.0,0.071,0.0,0.6
77117,-1,16.793991,0.2720352,0.933,0.044,0.0,0.0,0.0,0.0,1.0,0.0,0.5
62102,-1,16.680723,2.0944204,0.814,0.14,0.0,0.0,0.312,0.0,0.0,0.0,0.5
284654,-1,17.216963,3.676734,0.787,0.17,0.5,0.0,0.0,0.0,1.0,0.0,1.0
79972,-1,14.769636,3.9876888,0.833,0.167,0.8,0.0,0.0,0.5,0.0,0.5,0.4
204832,6,10.707608,10.427392,0.476,0.5,0.714,0.0,0.0,0.111,0.111,0.556,0.0
150700,-1,15.326518,7.18502,0.467,0.467,0.9,0.05,0.25,0.0,0.125,0.0,0.1
120703,-1,17.960077,4.154066,0.75,0.25,0.125,0.25,0.0,0.0,0.0,0.0,0.5
282688,-1,16.488466,3.2610357,0.729,0.188,0.429,0.286,0.556,0.0,0.0,0.111,0.571
186257,-1,14.777878,2.6960144,0.07,0.907,0.946,0.216,0.0,0.143,0.143,0.0,0.243
59992,-1,14.015304,9.060827,0.837,0.093,0.25,0.0,0.0,1.0,0.0,0.0,0.25
144198,-1,12.893582,9.099787,0.406,0.562,0.647,0.176,0.0,0.0,0.182,0.636,0.118
149045,-1,15.599207,4.1879773,0.827,0.115,0.0,0.0,0.0,0.5,0.0,0.0,0.333
257961,6,14.002267,9.240684,0.0,1.0,1.0,0.107,0.0,0.0,0.0,0.0,0.071
45721,-1,15.067797,7.3400292,0.829,0.073,0.75,0.0,0.0,0.0,0.0,0.0,0.2
60841,-1,17.874523,2.9993117,0.804,0.109,0.0,0.0,0.565,0.0,0.0,0.043,0.8
217018,-1,13.107086,9.00192,0.718,0.256,0.556,0.0,0.0,0.167,0.167,0.167,0.333
161793,-1,16.689592,7.2909718,0.295,0.614,0.0,0.0,0.4,0.08,0.04,0.08,0.0
265157,6,10.790298,9.855562,0.711,0.267,0.125,0.0,0.0,0.429,0.0,0.143,0.0
229465,-1,11.262571,9.4052925,0.032,0.871,1.0,0.407,0.25,0.375,0.0,0.125,0.407
206921,-1,16.760769,6.325847,0.595,0.405,0.0,0.0,0.0,0.0,0.0,0.333,0.0
194644,-1,17.17108,3.391367,0.689,0.267,0.0,0.0,0.0,0.0,0.0,0.0,0.0
99686,-1,15.960989,1.2524943,0.775,0.175,0.286,0.0,0.115,0.0,0.077,0.0,0.429
40464,-1,13.300969,8.473914,0.0,1.0,1.0,0.0,0.0,0.0,0.0,0.0,0.128
56016,6,8.258383,10.679937,0.745,0.085,0.5,0.5,0.0,0.0,0.0,1.0,0.5
75246,-1,15.359489,9.408229,0.414,0.586,0.25,0.5,0.167,0.0,0.667,0.0,0.25
257672,-1,16.963228,8.287062,0.763,0.211,0.143,0.0,0.0,0.0,0.333,0.0,1.0
150772,-1,16.104216,8.784679,0.359,0.59,0.947,0.158,0.0,0.2,0.4,0.0,0.474
209893,-1,14.553773,7.8882732,0.932,0.045,0.5,0.0,0.0,0.25,0.0,0.5,0.5
216054,-1,13.74583,4.304952,0.745,0.196,0.5,0.0,0.0,0.0,0.0,0.0,0.0
228125,-1,17.043434,4.4368124,0.227,0.773,0.941,0.676,0.0,0.25,0.75,0.0,0.559
86991,-1,14.784396,1.6309742,0.889,0.067,0.0,0.0,0.615,0.0,0.077,0.0,1.0
112099,-1,9.729996,9.499286,0.238,0.762,0.719,0.781,0.263,0.053,0.0,0.368,0.29
170153,-1,14.579162,2.5345416,0.618,0.382,0.0,0.1,0.2,0.0,0.0,0.0,0.1
194693,-1,17.927994,3.5760844,0.805,0.098,0.333,0.0,0.0,0.5,0.0,0.25,0.667
78378,-1,14.2010565,7.42521,0.627,0.333,0.471,0.0,0.182,0.091,0.364,0.091,0.235
257126,-1,14.388783,9.059222,0.811,0.162,0.0,0.0,0.0,0.167,0.5,0.0,0.75
102112,-1,16.621426,1.1089097,0.62,0.32,0.0,0.273,0.0,0.5,0.05,0.05,0.455
154253,-1,15.361467,4.531772,0.718,0.205,0.0,0.0,0.0,0.0,0.0,1.0,1.0
224809,-1,14.502723,8.100039,0.143,0.837,0.925,0.65,0.071,0.286,0.071,0.429,0.15
171303,-1,13.905269,9.540102,0.171,0.805,0.875,0.75,0.0,0.333,0.0,0.5,0.219
224641,4,16.33178,7.2146964,0.744,0.179,0.0,0.0,0.375,0.0,0.062,0.0,0.0
114304,-1,14.992307,5.858425,0.865,0.108,0.0,0.0,0.0,0.0,1.0,0.0,0.333
22268,-1,12.637198,8.873147,0.549,0.451,0.111,0.0,0.059,0.059,0.0,0.059,0.111
77850,-1,18.028208,3.5152745,0.885,0.049,0.0,0.0,0.0,1.0,0.0,0.0,0.667
247580,6,9.073263,11.051708,0.333,0.571,0.167,0.111,0.0,0.071,0.0,0.679,0.0
7481,-1,16.974678,3.0672507,0.826,0.109,0.0,0.0,0.0,0.333,0.667,0.0,0.0
14874,-1,17.665731,4.300485,0.842,0.132,0.0,0.2,0.0,0.0,0.0,0.0,1.0
171825,-1,17.11763,0.06696642,0.867,0.067,0.0,0.0,0.778,0.0,0.0,0.0,0.333
245001,-1,15.4556875,2.365153,0.87,0.065,0.0,0.0,0.0,0.0,0.5,0.5,0.667
229882,-1,17.632694,3.282094,0.429,0.571,0.0,0.0,0.0,0.0,0.0,0.0,0.0
168775,-1,15.730014,-0.013963389,0.907,0.093,0.0,0.0,0.2,0.0,0.4,0.0,0.667
236791,-1,14.115296,1.406722,0.838,0.135,0.4,0.0,0.0,0.0,0.0,0.0,0.4
230915,-1,16.597055,8.5610075,0.526,0.421,0.833,0.167,0.0,0.429,0.0,0.0,0.5
113833,-1,11.884644,10.184264,0.054,0.919,0.848,0.818,0.0,0.5,0.0,0.375,0.515
226072,-1,16.732115,3.7700806,0.5,0.477,0.0,0.0,0.0,1.0,0.0,0.0,0.0
168397,6,8.810311,10.672464,0.805,0.122,0.6,0.0,0.4,0.0,0.0,0.2,0.6
70827,-1,13.29078,4.852257,0.698,0.279,0.0,0.0,0.0,1.0,0.0,0.0,0.0
135583,-1,16.963766,1.0827738,0.786,0.19,0.25,0.0,0.0,0.5,0.0,0.5,0.625
45469,-1,11.7341175,9.667942,0.116,0.837,0.917,0.25,0.05,0.35,0.0,0.45,0.111
64819,-1,13.96517,4.296304,0.622,0.333,0.0,0.333,0.0,0.0,0.5,0.5,1.0
210872,-1,16.339327,2.171131,0.886,0.091,0.25,0.0,0.0,0.0,1.0,0.0,0.5
120652,-1,14.524005,2.3508422,0.784,0.078,0.0,0.0,0.0,0.0,0.0,0.0,0.25
54610,-1,15.778699,0.26458573,0.842,0.105,0.0,0.0,0.0,0.0,0.0,0.0,0.0
130740,-1,15.674512,9.26086,0.182,0.795,0.794,0.735,0.0,0.0,0.875,0.0,0.588
113860,-1,15.023442,0.6271998,0.868,0.079,0.333,0.0,0.333,0.0,0.0,0.0,1.0
2985,-1,16.602064,7.5941606,0.231,0.718,0.0,0.0,0.56,0.04,0.0,0.08,0.0
265538,-1,13.784954,5.1294045,0.952,0.024,0.0,0.0,0.429,0.0,0.0,0.0,0.0
168973,-1,14.654432,4.853988,0.814,0.14,0.333,0.167,0.0,0.667,0.0,0.0,0.167
110012,-1,16.446745,3.232137,0.909,0.068,0.667,0.667,0.0,0.333,0.333,0.0,0.667
115769,6,9.646735,11.215644,0.745,0.213,0.3,0.1,0.0,0.0,0.636,0.0,0.2
240436,6,8.536565,11.06936,0.786,0.071,0.333,0.0,0.0,0.2,0.0,0.4,0.0
236679,-1,13.311607,5.151309,0.884,0.023,0.0,0.0,0.25,0.0,0.0,0.0,0.0
13077,-1,17.814894,4.2781243,0.83,0.113,0.333,0.0,0.0,0.0,0.333,0.0,0.333
84289,-1,16.51499,3.1920543,0.867,0.133,0.167,0.0,0.0,0.333,0.0,0.0,0.0
192066,-1,15.741558,4.984926,0.886,0.057,0.5,0.5,0.0,0.5,0.5,0.0,0.5
152508,-1,16.279282,3.1781554,0.81,0.119,0.0,0.0,0.0,0.125,0.0,0.0,0.6
121189,-1,12.121653,7.357266,0.0,1.0,0.976,0.524,0.091,0.091,0.091,0.0,0.19
12622,-1,13.924301,8.563115,0.647,0.324,0.333,0.0,0.0,0.0,0.0,0.0,0.111
22349,-1,15.330641,7.5591435,0.422,0.556,0.529,0.471,0.0,0.0,0.2,0.2,0.412
254279,-1,15.20523,7.3713164,0.618,0.353,0.286,0.0,0.0,0.2,0.0,0.0,0.0
55109,6,9.023151,9.8954115,0.867,0.067,0.333,0.333,0.0,0.167,0.0,0.167,0.0
88041,-1,16.977816,1.7648988,0.886,0.091,0.0,0.0,0.0,0.0,0.0,0.0,0.5
136087,-1,16.94119,3.1540477,0.87,0.13,0.4,0.2,0.273,0.0,0.0,0.091,0.0
62562,-1,15.567804,0.2010043,0.952,0.024,0.0,0.0,0.0,1.0,0.0,0.0,1.0
124462,-1,12.6741905,6.7559576,0.205,0.773,0.97,0.156,0.0,0.583,0.083,0.25,0.333
1390,-1,13.94027,3.0650244,0.791,0.209,0.0,0.0,0.0,0.0,0.0,0.0,0.0
145145,-1,17.446865,2.2397058,0.842,0.079,0.0,0.0,0.0,0.0,0.0,0.2,0.333
152882,-1,13.218553,8.551914,0.629,0.343,0.75,0.0,0.0,0.333,0.0,0.667,0.417
90852,-1,13.453475,7.419815,0.816,0.184,0.571,0.0,0.0,1.0,0.0,0.0,0.143
87777,-1,13.723769,1.3218813,0.913,0.065,0.0,0.0,0.091,0.091,0.091,0.0,0.0
38731,-1,16.363007,2.528733,0.929,0.071,0.333,0.0,0.091,0.636,0.091,0.0,1.0
111653,-1,15.1003,2.1836553,0.804,0.152,0.0,0.0,0.2,0.1,0.0,0.1,0.571
235734,6,9.879772,9.623289,0.92,0.08,0.25,0.0,0.0,0.5,0.0,0.25,0.0
8790,-1,14.0647335,4.0859547,0.857,0.095,0.0,0.0,0.0,0.333,0.0,0.667,0.667
3733,-1,13.184432,6.580661,0.794,0.176,0.5,0.333,0.0,1.0,0.0,0.0,0.667
209807,-1,15.824501,0.28009796,0.829,0.098,0.0,0.5,0.7,0.067,0.0,0.0,0.25
113668,6,8.049488,11.040806,0.714,0.167,0.143,0.0,0.0,0.125,0.0,0.875,0.0
111134,-1,13.696846,8.93245,0.472,0.472,0.0,0.0,0.0,1.0,0.0,0.0,0.0
3107,-1,15.90024,4.8516064,0.86,0.116,0.0,0.0,0.0,0.0,0.2,0.2,0.6
23755,-1,11.34752,9.007734,0.63,0.326,0.4,0.0,0.0,0.0,0.0,1.0,0.133
59277,-1,16.387741,0.07437258,0.635,0.308,0.4,0.733,0.3,0.0,0.1,0.0,0.467
14312,-1,14.523648,3.9057817,0.721,0.233,0.1,0.1,0.0,0.0,1.0,0.0,0.3
11176,-1,13.511746,7.6218615,0.205,0.773,0.909,0.606,0.0,0.111,0.0,0.222,0.061
47038,-1,15.629523,3.9560483,0.9,0.05,0.0,0.0,0.0,0.5,0.0,0.5,0.0
257848,-1,11.881363,8.612832,0.419,0.581,0.75,0.0,0.286,0.286,0.286,0.143,0.125
81750,-1,14.089398,9.438833,0.095,0.905,1.0,0.368,0.0,0.0,0.0,0.0,0.395
152821,-1,16.123207,0.7468664,0.778,0.089,0.0,0.0,0.0,0.0,0.0,0.0,0.333
78417,-1,14.31872,9.081855,0.788,0.212,0.286,0.143,0.2,0.4,0.0,0.2,0.571
138124,-1,16.967144,8.048498,0.383,0.553,0.875,0.292,0.25,0.0,0.0,0.25,0.125
67193,-1,15.152827,1.2456845,0.208,0.771,0.771,0.086,0.0,0.0,0.714,0.0,0.343
108660,-1,12.240999,7.9695573,0.86,0.047,0.0,0.0,0.0,0.0,0.0,1.0,0.5
36738,-1,17.39987,2.9786937,0.75,0.227,0.286,0.0,0.4,0.0,0.0,0.2,0.429
49426,-1,15.425474,9.071504,0.81,0.119,0.2,0.0,0.0,0.167,0.0,0.833,0.4
179891,-1,11.030925,9.31568,0.87,0.13,0.667,0.0,0.0,0.5,0.0,0.5,0.167
229149,-1,14.171907,3.7923567,0.488,0.512,0.0,0.0,0.0,0.0,0.0,0.0,0.0
96026,-1,13.024371,9.206056,0.367,0.571,0.857,0.321,0.0,0.286,0.571,0.143,0.036
170903,-1,12.523735,6.5444694,0.905,0.095,0.25,0.0,0.0,0.0,0.0,0.0,0.0
70432,-1,14.499088,0.91859394,0.818,0.136,0.167,0.0,0.167,0.167,0.0,0.444,0.5
184738,-1,16.118563,2.5067134,0.93,0.047,0.0,0.0,0.0,1.0,0.0,0.0,0.0
97894,-1,13.202576,4.9691143,0.837,0.116,0.0,0.25,0.0,0.2,0.0,0.0,0.5
14845,-1,14.431435,6.2110023,0.93,0.07,0.333,0.0,0.0,0.0,0.0,1.0,0.667
256388,-1,16.215742,8.170382,0.5,0.438,1.0,0.25,0.0,0.0,0.0,0.0,0.0
94280,-1,13.870014,2.5391283,0.886,0.114,0.0,0.0,0.0,0.167,0.0,0.0,0.5
116229,6,12.992186,5.621464,0.697,0.121,0.143,0.0,0.372,0.023,0.0,0.0,0.143
279974,-1,15.691195,1.1575936,0.208,0.771,0.778,0.167,0.083,0.25,0.417,0.083,0.472
200117,-1,16.16671,6.6196413,0.587,0.37,0.0,0.0,0.0,0.0,0.0,0.0,0.0
150560,-1,13.398181,4.882825,0.848,0.109,0.2,0.2,0.484,0.065,0.0,0.0,0.6
203712,-1,17.383278,2.030618,0.864,0.068,0.0,0.0,0.0,0.0,0.0,0.0,0.333
117180,-1,16.041578,0.07905691,0.794,0.176,0.0,0.0,0.5,0.0,0.0,0.0,0.667
241679,-1,15.136757,6.0397177,0.8,0.145,0.5,0.0,0.333,0.0,0.0,0.0,0.0
87562,-1,16.758337,4.937522,0.515,0.485,0.562,0.25,0.0,0.0,0.5,0.5,0.438
191607,-1,15.203598,2.1331244,0.87,0.065,0.0,0.0,0.0,0.5,0.0,0.0,1.0
9688,-1,17.272781,4.0848007,0.821,0.125,0.0,0.5,0.5,0.0,0.0,0.0,0.5
247120,-1,16.25594,-0.23077284,0.844,0.067,0.0,0.0,0.0,0.0,0.0,0.0,0.5
188246,-1,13.843409,7.5145817,0.0,1.0,1.0,0.462,0.0,0.0,0.0,0.0,0.769
63570,-1,13.934213,3.5132263,0.667,0.306,0.636,0.273,0.5,0.0,0.0,0.25,0.455
265786,-1,12.707049,9.967918,0.355,0.645,0.0,1.0,0.0,0.125,0.125,0.125,0.0
112894,-1,15.144262,9.672655,0.0,0.975,1.0,0.462,0.0,0.0,0.0,0.0,0.436
232076,-1,12.28242,9.8248205,0.114,0.829,0.966,0.103,0.0,0.25,0.0,0.5,0.069
137687,-1,17.641775,1.8624332,0.872,0.085,0.0,0.0,0.333,0.111,0.0,0.0,0.5
66319,-1,16.049618,7.3497396,0.745,0.255,0.5,0.0,0.0,0.0,0.0,0.0,0.0
169153,-1,16.37276,3.9389985,0.9,0.05,1.0,1.0,0.0,0.333,0.333,0.333,0.0
117295,-1,15.089977,9.245144,0.25,0.75,0.565,0.696,0.0,0.0,0.929,0.0,0.652
231574,-1,13.687374,9.753361,0.537,0.463,0.579,0.0,0.0,0.5,0.0,0.5,0.105
68907,-1,15.903809,1.2402251,0.822,0.156,0.0,0.0,0.429,0.0,0.0,0.0,0.333
159373,-1,14.387086,2.1104445,0.919,0.081,0.667,0.0,0.0,0.0,0.0,0.0,0.667
170183,-1,14.860358,2.3142982,0.44,0.56,0.571,0.179,0.133,0.133,0.4,0.067,0.214
181937,4,16.958927,6.8950067,0.158,0.816,0.0,0.0,0.0,0.0,1.0,0.0,0.0
49989,-1,14.564366,4.7931356,0.825,0.15,0.0,0.0,0.0,0.0,0.0,0.111,0.5
15070,-1,16.467648,-0.31063485,0.886,0.091,0.333,0.667,0.0,0.0,0.0,0.0,1.0
251035,-1,13.622467,7.0307746,0.667,0.308,0.0,0.0,0.0,0.5,0.0,0.0,0.0
157797,-1,16.680716,5.603386,0.857,0.071,0.333,0.0,0.0,0.5,0.5,0.0,1.0
159168,-1,12.423935,7.0979557,0.538,0.385,0.533,0.333,0.0,0.0,0.0,0.0,0.533
135889,-1,16.513115,-0.21025082,0.837,0.093,0.25,0.0,0.333,0.167,0.167,0.167,0.25
186879,-1,16.25039,1.1932122,0.887,0.075,0.5,0.0,0.333,0.0,0.167,0.0,0.75
122085,-1,14.90615,1.5200938,0.864,0.091,0.25,0.0,0.0,0.0,0.0,0.0,0.5
212960,-1,13.357395,9.32144,0.146,0.829,0.853,0.618,0.308,0.038,0.154,0.115,0.471
217253,-1,14.160354,6.8551583,0.727,0.205,0.0,0.0,0.12,0.2,0.0,0.44,0.333
199837,-1,16.922482,0.8694039,0.932,0.023,0.0,0.0,0.0,0.0,1.0,0.0,0.0
157313,6,10.194173,10.844074,0.458,0.521,0.92,0.0,0.0,0.143,0.143,0.714,0.08
215590,-1,17.280071,0.31956938,0.667,0.255,0.0,0.0,0.4,0.133,0.0,0.044,0.333
119970,-1,14.840884,4.703482,0.902,0.049,0.0,0.0,0.0,0.0,0.0,0.0,1.0
260580,6,10.413747,10.154568,0.429,0.524,0.714,0.238,0.0,0.308,0.0,0.462,0.143
168999,-1,15.439311,7.365268,0.762,0.19,0.0,0.125,0.444,0.0,0.0,0.0,0.375
266528,6,13.220918,6.2067094,0.677,0.323,0.5,0.0,0.0,0.0,0.25,0.0,0.5
162967,6,10.777784,9.766487,0.816,0.184,0.333,0.0,0.0,0.5,0.0,0.0,0.0
111604,-1,15.951121,6.4782968,0.891,0.073,0.0,0.25,0.0,0.25,0.0,0.25,0.5
95828,-1,13.551348,2.6658015,0.324,0.649,0.833,0.667,0.0,0.0,0.75,0.0,0.333
51515,-1,17.108763,2.8838527,0.5,0.475,0.579,0.579,0.0,0.0,1.0,0.0,0.632
219694,-1,11.432518,9.758777,0.568,0.378,0.692,0.077,0.0,0.286,0.0,0.286,0.385
257720,-1,14.3372135,8.498082,0.562,0.406,0.538,0.231,0.2,0.2,0.2,0.0,0.154
277693,-1,12.665892,6.9961543,0.86,0.07,0.0,0.333,0.0,0.0,0.0,0.0,0.333
106233,-1,16.342573,3.9192963,0.88,0.04,0.0,0.0,0.214,0.071,0.0,0.0,0.5
70270,-1,15.809976,2.2726443,0.795,0.182,0.167,0.167,0.0,0.5,0.5,0.0,1.0
186531,-1,16.28742,1.4038211,0.771,0.146,0.0,0.0,0.143,0.0,0.0,0.0,0.571
110456,-1,15.01189,0.14348587,0.78,0.171,0.0,0.167,0.0,0.5,0.0,0.0,0.667
120518,-1,14.480515,7.1004853,0.636,0.25,0.455,0.091,0.091,0.455,0.0,0.182,0.727
124846,-1,14.2619705,9.179514,0.02,0.98,1.0,0.065,0.0,0.5,0.0,0.5,0.261
149078,-1,16.877012,0.41270193,0.843,0.137,0.143,0.0,0.0,0.0,0.0,0.0,0.143
233229,-1,17.325617,4.5123754,0.755,0.224,0.2,0.0,0.333,0.333,0.0,0.0,0.8
49563,-1,17.16903,3.1317906,0.825,0.15,0.0,0.333,0.0,0.0,0.0,0.333,0.0
114177,-1,17.072502,4.557159,0.886,0.091,0.25,0.0,0.0,0.0,0.0,0.0,0.5
205311,-1,16.947163,-0.073847555,0.889,0.111,0.0,0.0,0.0,0.0,0.0,0.0,0.4
221308,-1,16.503828,0.15659936,0.857,0.071,0.0,0.0,0.0,0.0,0.0,1.0,0.333
117480,-1,17.736776,1.2487165,0.886,0.091,0.0,0.0,0.0,0.0,0.0,0.0,1.0
227700,-1,14.3813715,9.628638,0.043,0.936,0.977,0.163,0.0,0.6,0.2,0.0,0.349
52276,-1,13.363358,3.3590076,0.816,0.132,0.0,0.0,0.0,1.0,0.0,0.0,0.4
181715,-1,16.343647,4.914973,0.737,0.184,0.667,0.167,0.0,0.0,0.0,0.0,0.667
187416,-1,15.938746,7.3070226,0.128,0.872,0.862,0.069,0.0,0.0,0.5,0.0,0.517
141249,-1,13.665417,9.046252,0.103,0.897,0.971,0.059,0.0,0.0,0.0,0.0,0.029
44253,6,11.900249,7.589761,0.854,0.049,0.5,0.0,0.0,0.333,0.667,0.0,0.5
101840,-1,13.620626,8.511637,0.537,0.463,0.368,0.053,0.0,0.4,0.4,0.2,0.579
235576,-1,14.727615,8.361174,0.045,0.932,1.0,0.585,0.0,0.0,0.0,0.0,0.195
37926,-1,13.979945,5.1208897,0.575,0.425,0.765,0.059,0.0,0.143,0.143,0.0,0.647
904,-1,13.656054,2.6713238,0.095,0.881,0.0,0.667,0.0,0.0,0.0,0.0,0.333
108908,-1,17.985733,3.7963908,0.674,0.261,0.0,0.0,0.333,0.0,0.0,0.0,0.0
75831,-1,16.847664,0.9048626,0.814,0.163,0.5,0.0,0.0,0.0,0.0,0.0,0.5
20514,1,16.332209,4.0124607,0.814,0.163,0.2,0.2,0.0,0.5,0.5,0.0,0.2
75347,6,13.745317,5.4313745,0.921,0.079,0.0,0.0,0.5,0.0,0.0,0.0,0.333
98159,-1,17.110176,2.58494,0.884,0.116,0.0,0.0,0.0,0.333,0.0,0.333,1.0
152116,-1,13.21725,8.754858,0.7,0.25,0.333,0.0,0.0,0.0,0.25,0.25,0.778
193116,-1,17.251715,1.503325,0.8,0.067,0.0,0.0,0.273,0.182,0.0,0.182,1.0
220276,4,15.997287,6.9726706,0.424,0.515,0.0,0.0,0.0,0.5,0.0,0.5,0.0
37502,-1,16.2689,1.2550142,0.917,0.062,0.0,0.0,0.125,0.0,0.0,0.0,1.0
222835,-1,16.591337,4.1168895,0.814,0.116,0.0,0.2,0.412,0.0,0.0,0.059,1.0
176717,-1,16.153349,4.166045,0.775,0.225,0.286,0.0,0.125,0.0,0.125,0.0,0.286
173199,-1,15.462969,0.35306942,0.942,0.038,0.0,0.0,0.2,0.4,0.0,0.0,0.5
159226,-1,13.498044,8.096329,0.878,0.102,0.0,0.0,0.0,0.0,0.333,0.0,0.0
138217,-1,15.480644,3.1778433,0.585,0.39,0.333,0.0,0.125,0.125,0.125,0.0,0.333
37593,-1,16.53188,0.7524599,0.812,0.083,0.0,0.0,0.0,0.5,0.0,0.0,0.75
5275,-1,11.173707,9.278346,0.311,0.622,0.821,0.071,0.0,0.059,0.0,0.824,0.25
266690,-1,14.607235,4.4829483,0.2,0.767,1.0,0.227,0.0,0.0,0.0,0.667,0.182
85879,-1,16.84527,8.184552,0.717,0.283,0.143,0.0,0.0,0.0,0.0,1.0,0.714
85853,-1,16.298716,3.6040866,0.915,0.043,0.5,0.0,0.0,0.75,0.0,0.0,0.5
66759,-1,14.775693,1.3477777,0.857,0.071,0.0,0.0,0.0,0.0,0.0,0.0,0.333
249550,-1,13.5054865,8.149912,0.8,0.125,0.8,0.4,0.0,0.25,0.25,0.25,0.0
196303,-1,15.355932,3.1021483,0.375,0.475,0.158,0.053,0.1,0.0,0.35,0.0,0.368
235988,-1,15.4344635,5.4856076,0.917,0.042,0.0,0.0,0.0,0.5,0.0,0.0,0.5
201568,-1,13.383491,4.756787,0.884,0.07,0.5,0.0,0.0,0.5,0.0,0.0,0.0
261420,-1,16.392076,8.143902,0.881,0.119,0.0,0.0,0.0,1.0,0.0,0.0,0.0
40027,-1,18.096182,4.06031,0.85,0.125,0.0,0.5,0.333,0.0,0.333,0.0,0.5
122047,-1,12.092681,7.9030004,0.171,0.829,0.56,0.08,0.967,0.033,0.0,0.0,0.12
75316,-1,13.734702,8.246086,0.63,0.37,0.6,0.1,0.0,0.333,0.0,0.0,0.0
249205,-1,13.22177,7.6304593,0.694,0.306,0.364,0.091,0.0,0.5,0.0,0.0,0.182
194100,-1,16.321922,8.990791,0.614,0.386,0.562,0.062,0.0,0.0,0.25,0.375,0.125
224296,-1,13.634309,8.881308,0.114,0.841,0.882,0.118,0.0,0.273,0.0,0.636,0.471
79122,-1,12.181097,7.744788,0.978,0.0,0.0,0.0,0.0,0.5,0.0,0.0,0.0
165046,-1,14.691413,8.989663,0.0,1.0,0.971,0.771,0.077,0.154,0.308,0.462,0.353
24126,-1,17.199482,4.9841237,0.886,0.023,0.0,0.0,0.0,0.2,0.2,0.2,0.0
60538,-1,14.436731,1.7718103,0.86,0.116,0.0,0.0,0.0,0.167,0.333,0.0,0.5
188834,-1,13.706978,1.9130608,0.88,0.04,0.0,0.0,0.0,0.0,0.0,0.0,0.5
40611,-1,12.321816,10.036932,0.667,0.315,0.727,0.0,0.0,0.0,0.0,1.0,0.091
79134,-1,13.938953,1.8602978,0.83,0.149,0.0,0.667,1.0,0.0,0.0,0.0,0.667
177830,-1,13.807891,7.3564787,0.696,0.304,0.545,0.0,0.0,0.111,0.111,0.556,0.273
172849,-1,12.833479,7.6668887,0.658,0.316,0.333,0.667,0.0,0.0,0.75,0.0,0.5
63121,-1,13.87546,3.4587088,0.757,0.216,0.125,0.25,0.286,0.071,0.143,0.286,0.5
113171,3,16.125406,5.447868,0.822,0.111,0.0,0.4,0.4,0.0,0.4,0.2,0.4
28248,-1,14.252715,4.3415785,0.269,0.712,0.833,0.056,0.0,0.333,0.111,0.333,0.611
209551,-1,15.465433,6.1228304,0.853,0.088,0.667,0.0,0.0,1.0,0.0,0.0,0.667
171971,-1,15.361512,4.0547333,0.857,0.143,0.0,0.0,0.0,0.0,0.0,0.0,0.6
34611,-1,17.099342,0.88498586,0.955,0.023,0.0,0.0,0.0,0.0,0.0,0.0,1.0
264931,-1,11.860984,8.035956,0.605,0.342,0.8,0.5,0.0,0.0,0.5,0.5,0.0
53819,-1,17.13118,0.3372438,0.844,0.111,0.0,0.0,0.333,0.333,0.0,0.0,0.6
129465,6,9.293032,10.536817,0.571,0.405,0.294,0.294,0.0,0.062,0.875,0.0,0.176
198842,6,12.848216,5.8804603,0.907,0.047,0.0,0.0,0.0,0.0,0.0,0.0,0.0
184337,-1,15.176766,2.255356,0.86,0.116,0.2,0.0,0.0,0.0,0.0,0.0,0.4
68941,-1,17.518545,5.180583,0.833,0.104,0.5,0.25,0.63,0.074,0.0,0.0,0.0
28791,-1,17.130913,2.839832,0.909,0.068,0.0,0.0,0.0,0.0,0.0,0.0,1.0
221022,-1,16.55774,8.826694,0.35,0.65,0.5,0.0,0.286,0.071,0.214,0.0,0.5
128345,6,10.121796,10.018029,0.6,0.325,0.231,0.385,0.0,0.188,0.062,0.688,0.231
265882,4,17.154867,7.307537,0.212,0.788,0.0,0.0,0.0,0.0,0.0,0.0,0.0
73871,-1,16.667475,3.2743864,0.806,0.167,0.0,0.0,0.444,0.0,0.0,0.0,0.5
214815,-1,14.8571825,7.2221866,0.432,0.568,1.0,0.0,0.0,0.0,0.0,0.25,1.0
178926,6,12.082381,7.2314644,0.839,0.125,0.167,0.0,0.286,0.0,0.0,0.0,0.167
243658,-1,17.259836,7.132147,0.463,0.488,0.333,0.0,0.0,0.5,0.0,0.0,0.667
199789,6,9.272495,10.805673,0.4,0.54,0.259,0.63,0.0,0.192,0.0,0.346,0.111
162698,-1,16.49166,2.6172054,0.692,0.308,0.333,0.0,0.0,0.2,0.2,0.0,0.75
55007,-1,17.327518,0.2527169,0.881,0.095,0.0,0.0,0.0,0.0,0.0,1.0,0.5
263226,-1,16.03608,0.8859843,0.66,0.22,0.0,0.0,0.182,0.045,0.0,0.091,1.0
100934,-1,17.750437,3.0166516,0.75,0.136,0.0,0.0,0.485,0.0,0.0,0.0,0.667
87259,-1,16.214615,1.485999,0.909,0.068,0.333,0.0,0.0,0.0,0.0,0.0,0.333
45607,-1,16.698685,2.6709988,0.717,0.217,0.0,0.2,0.55,0.075,0.0,0.175,0.3
133299,6,11.72768,8.090097,0.795,0.179,0.143,0.0,0.0,0.333,0.333,0.333,0.0
91348,-1,15.985455,9.117676,0.048,0.952,1.0,0.103,0.25,0.25,0.375,0.125,0.128
247195,6,9.092439,10.964753,0.324,0.647,0.476,0.762,0.0,0.25,0.062,0.5,0.048
62360,-1,13.735563,3.1167657,0.927,0.018,0.0,0.0,0.25,0.05,0.0,0.15,0.0
2572,-1,16.88712,2.0467856,0.81,0.167,0.0,0.25,0.0,0.5,0.25,0.0,0.25
122441,-1,10.607318,9.253756,0.886,0.068,0.0,0.0,0.25,0.5,0.0,0.25,0.0
121966,-1,14.232578,8.152952,0.263,0.737,0.0,0.0,0.0,0.0,0.0,1.0,0.0
10619,-1,12.935872,9.003957,0.481,0.37,0.75,0.2,0.105,0.211,0.0,0.632,0.45
3555,-1,12.864716,5.9597726,0.452,0.071,0.0,0.0,0.0,0.0,0.0,0.0,0.667
258647,6,10.41792,8.616164,0.83,0.128,0.5,1.0,0.143,0.286,0.0,0.286,0.0
189495,-1,15.292461,0.10477694,0.809,0.17,0.25,0.0,0.0,0.0,0.0,0.0,0.75
214620,-1,13.706204,3.076218,0.762,0.167,0.0,0.0,0.0,0.462,0.077,0.0,0.667
149881,-1,17.816078,4.290617,0.92,0.06,0.0,0.0,0.0,0.0,1.0,0.0,1.0
77574,-1,15.075586,6.1619415,0.027,0.973,1.0,0.4,0.0,0.0,0.0,0.5,0.657
94156,-1,13.538751,7.943229,0.5,0.405,0.235,0.0,0.214,0.071,0.0,0.214,0.118
137915,-1,16.058826,4.3912983,0.878,0.098,0.25,0.25,0.0,0.0,0.0,0.0,0.5
234637,-1,15.948825,8.1783,0.0,0.983,1.0,0.655,0.0,0.0,0.778,0.0,0.534
125954,-1,12.492124,6.48648,0.791,0.116,0.0,0.0,0.0,0.0,0.0,0.0,1.0
130711,-1,17.667171,5.0246286,0.875,0.05,0.0,0.0,0.0,0.0,0.0,0.333,0.0
125481,-1,15.852791,8.269206,0.351,0.622,0.762,0.286,0.5,0.5,0.0,0.0,0.524
140263,-1,16.033417,0.39086086,0.909,0.091,0.667,0.0,0.0,0.667,0.0,0.333,0.333
85938,-1,15.635853,2.7098386,0.816,0.158,0.0,0.0,0.0,0.667,0.333,0.0,0.5
263465,-1,18.001162,1.2104707,0.804,0.087,0.0,0.25,0.0,0.4,0.0,0.2,0.75
1062,-1,17.482735,3.9418147,0.929,0.071,0.333,0.333,0.0,0.0,0.0,0.0,0.667
112417,-1,13.999153,7.83298,0.273,0.727,1.0,0.167,0.0,0.5,0.0,0.5,0.125
157309,6,10.893595,9.699012,0.829,0.171,0.5,0.0,0.0,0.5,0.0,0.5,0.0
165959,-1,13.948158,7.982195,0.881,0.095,0.5,0.0,0.0,0.5,0.0,0.0,0.75
230025,-1,17.656908,4.1793337,0.846,0.103,0.0,0.0,0.25,0.25,0.25,0.0,1.0
70145,6,9.12193,10.635768,0.357,0.643,0.647,0.235,0.176,0.235,0.0,0.471,0.059
288990,6,10.123597,9.325377,0.804,0.13,0.167,0.0,0.0,0.0,0.0,0.0,0.333
246104,-1,14.103608,8.124272,0.526,0.421,0.625,0.25,0.0,0.333,0.0,0.0,0.188
54262,6,11.773616,7.7086887,0.73,0.162,0.333,0.0,0.0,0.1,0.0,0.8,0.0
55455,-1,15.1528845,4.597812,0.515,0.485,0.438,0.75,0.222,0.111,0.222,0.0,0.375
257637,-1,14.191404,9.350263,0.312,0.688,0.75,0.45,0.0,0.2,0.0,0.0,0.2
279837,-1,15.406775,8.9522915,0.357,0.607,0.824,0.176,0.0,0.667,0.0,0.333,0.412
184971,6,8.318166,11.358781,0.3,0.6,0.316,0.053,0.0,0.107,0.036,0.679,0.053
60379,-1,16.784384,7.202673,0.52,0.44,0.0,0.053,0.556,0.067,0.0,0.2,0.368
172715,-1,17.135147,5.4340405,0.791,0.116,0.0,0.0,0.231,0.0,0.0,0.077,0.25
229437,5,17.792465,1.2769563,0.9,0.04,0.0,0.0,0.0,0.0,0.0,0.0,0.5
96812,-1,15.404694,8.881949,0.743,0.257,0.333,0.111,0.143,0.0,0.714,0.143,0.222
220101,-1,17.419945,4.5030775,0.829,0.146,0.0,0.0,0.0,0.0,0.0,1.0,0.667
243315,-1,15.538708,2.380553,0.902,0.073,0.0,0.0,0.0,0.333,0.0,0.0,1.0
60540,6,9.017386,9.786624,0.721,0.256,1.0,0.0,0.0,0.0,0.0,1.0,0.0
154575,-1,14.829073,4.989802,0.844,0.133,0.0,0.5,0.0,0.0,0.0,0.0,0.5
7111,-1,15.818291,7.575086,0.684,0.263,0.429,0.143,0.0,0.0,0.0,1.0,0.143
237111,-1,15.757239,1.2570528,0.244,0.756,0.839,0.258,0.0,0.333,0.333,0.333,0.677
61311,-1,16.45635,3.9485247,0.875,0.104,0.0,0.333,0.0,0.0,0.0,1.0,1.0
144617,-1,15.810307,0.78321636,0.618,0.353,0.5,0.167,0.654,0.0,0.0,0.038,0.333
7087,6,8.220985,10.352852,0.66,0.34,0.333,0.167,0.174,0.348,0.0,0.391,0.0
176597,6,10.26056,10.016981,0.25,0.731,0.711,0.632,0.0,0.083,0.083,0.75,0.263
81925,-1,17.622171,3.422663,0.69,0.31,0.0,0.0,0.0,1.0,0.0,0.0,1.0
16288,-1,15.40853,5.6805587,0.864,0.091,0.25,0.0,0.0,0.0,0.0,0.75,0.75
272503,6,9.378206,10.594279,0.357,0.595,0.923,0.615,0.0,0.3,0.0,0.6,0.0
251960,6,9.447108,10.306686,0.875,0.083,0.0,0.0,0.0,0.0,0.0,0.0,0.0
199626,-1,16.741114,-0.14518453,0.932,0.068,0.0,0.0,0.0,0.0,0.0,0.0,1.0
180030,6,13.173791,5.686275,0.841,0.114,0.25,0.0,0.333,0.0,0.0,0.0,0.25
74034,-1,11.580873,8.260894,0.333,0.564,0.545,0.5,0.0,0.182,0.273,0.273,0.227
152773,-1,15.346966,4.7385216,0.833,0.13,0.0,0.0,0.0,0.0,0.0,0.0,0.429
96029,-1,13.8753605,8.003793,0.718,0.256,0.5,0.0,0.0,0.4,0.0,0.4,0.1
85129,-1,17.903572,2.6813097,0.767,0.163,0.286,0.0,0.125,0.125,0.125,0.0,0.857
239528,-1,16.033194,-0.04190179,0.702,0.191,0.111,0.0,0.367,0.167,0.0,0.067,0.556
191494,-1,12.110545,6.8831053,0.714,0.238,0.0,0.0,0.25,0.0,0.0,0.25,0.7
200642,-1,14.595405,4.8568177,0.0,1.0,0.795,0.051,0.0,0.0,0.867,0.133,0.718
260496,-1,16.027935,6.291991,0.951,0.049,0.0,0.0,0.0,0.5,0.0,0.0,0.0
259111,-1,14.590955,9.699411,0.581,0.355,0.364,0.273,0.0,0.333,0.0,0.333,0.545
47683,5,17.281364,-0.24234891,0.889,0.067,0.333,0.0,0.385,0.038,0.038,0.0,0.333
143258,-1,16.379719,8.552271,0.282,0.667,0.0,0.0,0.0,0.0,0.0,0.0,0.0
41924,-1,14.599415,1.1853019,0.864,0.114,0.25,0.0,0.0,0.5,0.0,0.5,1.0
220042,-1,9.737579,11.280217,0.043,0.957,0.93,0.233,0.042,0.167,0.0,0.25,0.07
290674,-1,15.806047,4.944176,0.854,0.122,0.0,0.5,0.333,0.333,0.0,0.0,0.5
209753,-1,13.499085,9.581755,0.558,0.442,0.842,0.053,0.0,0.333,0.0,0.333,0.105
122619,-1,13.952813,5.1466923,0.913,0.043,0.0,0.0,0.0,0.25,0.0,0.75,1.0
4257,-1,16.292315,6.7618556,0.233,0.744,0.781,0.031,0.533,0.033,0.0,0.067,0.375
253467,6,10.139863,10.986593,0.0,0.938,1.0,0.2,0.2,0.2,0.0,0.2,0.267
124552,-1,12.547129,8.85463,0.6,0.4,0.611,0.0,0.222,0.111,0.0,0.0,0.278
152919,-1,13.732892,7.954268,0.385,0.59,0.739,0.043,0.0,0.0,0.667,0.333,0.435
23113,-1,16.825676,5.7245717,0.878,0.122,0.0,0.0,0.0,1.0,0.0,0.0,1.0
97584,-1,17.274828,3.1850817,1.0,0.0,0.0,0.0,0.0,0.5,0.0,0.0,0.0
78932,-1,14.292555,1.174986,0.894,0.085,0.0,0.0,0.0,0.0,0.5,0.0,0.5
114584,-1,16.84829,2.3759556,0.826,0.065,0.0,0.0,0.4,0.0,0.0,0.2,0.5
23527,6,8.211442,10.3988495,0.651,0.14,0.0,0.167,0.2,0.0,0.0,0.333,0.0
107689,-1,16.36724,3.6053944,0.696,0.261,0.455,0.091,0.738,0.024,0.0,0.0,0.455
97383,-1,10.154612,10.380766,0.024,0.952,0.974,0.053,0.0,0.2,0.3,0.2,0.105
234560,6,8.65644,9.950896,0.786,0.19,0.25,0.125,0.0,0.5,0.0,0.25,0.125
111079,-1,17.122295,5.51514,0.923,0.019,0.0,0.0,0.0,0.0,0.333,0.0,1.0
165454,-1,13.13386,8.669436,0.889,0.044,0.0,0.0,0.0,0.0,0.0,0.0,0.0
3858,-1,14.19254,9.057452,0.81,0.167,0.143,0.143,0.0,0.0,0.0,1.0,0.0
84182,-1,17.351978,2.2981672,0.83,0.064,0.0,0.0,0.417,0.0,0.0,0.0,1.0
192047,-1,15.347476,1.7907971,0.864,0.114,0.5,0.0,0.5,0.0,0.5,0.0,0.5
181588,-1,14.42149,3.7539778,0.75,0.167,0.0,0.0,0.667,0.037,0.0,0.037,0.167
116682,-1,12.476375,8.230526,0.846,0.077,0.333,0.0,0.357,0.143,0.0,0.0,0.0
58797,-1,16.220547,4.422239,0.953,0.047,0.5,0.0,0.0,0.0,0.5,0.0,1.0
22612,-1,17.007788,4.4184823,0.922,0.059,0.0,0.0,0.0,0.0,0.0,0.5,0.0
197392,-1,16.605568,3.2001507,0.872,0.103,0.0,0.0,0.0,0.0,0.0,0.0,0.0
99173,-1,15.406292,7.3727713,0.033,0.967,1.0,0.69,0.25,0.5,0.0,0.25,0.0
176265,0,13.7492,1.6066902,0.841,0.136,0.0,0.0,0.222,0.0,0.0,0.0,0.5
171629,-1,14.208425,9.134907,0.029,0.941,0.968,0.065,0.111,0.333,0.0,0.333,0.323
160309,-1,13.300889,8.728907,0.511,0.489,0.615,0.231,0.0,0.0,0.0,1.0,0.077
173402,-1,15.634144,9.010497,0.08,0.92,0.978,0.133,0.125,0.375,0.125,0.125,0.267
248064,-1,11.407317,10.67789,0.081,0.919,1.0,0.094,0.0,0.4,0.2,0.2,0.062
127216,-1,13.88119,3.786852,0.805,0.122,0.2,0.0,0.2,0.067,0.0,0.0,0.4
255075,-1,15.460937,7.4194484,0.308,0.538,0.619,0.333,0.053,0.158,0.579,0.0,0.476
135058,6,9.251899,10.602643,0.78,0.2,0.5,0.4,0.0,0.222,0.333,0.222,0.0
12319,-1,16.231577,5.6083384,0.889,0.067,0.0,0.333,0.0,0.0,0.0,0.0,0.333
125973,-1,14.7372265,8.251718,0.476,0.476,0.25,0.0,0.13,0.13,0.0,0.261,0.25
87302,-1,16.312025,3.0060124,0.277,0.723,0.576,0.394,0.0,0.05,0.65,0.15,0.515
113074,-1,15.845713,4.0465894,0.592,0.388,0.615,0.154,0.176,0.265,0.0,0.412,0.538
84630,-1,14.574222,5.5408907,0.452,0.516,1.0,0.4,0.0,0.0,0.0,0.0,0.333
60121,-1,16.718513,1.5980948,0.93,0.07,0.0,0.0,0.333,0.083,0.0,0.0,0.5
132768,-1,13.756849,3.3900561,0.556,0.296,0.75,0.25,0.0,0.0,0.5,0.5,0.125
232986,-1,17.449713,5.231656,0.884,0.093,0.333,0.333,0.0,0.0,1.0,0.0,0.333
197768,-1,14.15222,7.7169166,0.78,0.171,0.333,0.0,0.0,0.0,0.0,0.5,0.0
73419,-1,17.04261,0.80416846,0.795,0.136,0.0,0.0,0.429,0.0,0.0,0.0,0.833
66275,-1,12.882996,7.319753,0.902,0.024,0.0,0.0,0.0,0.0,0.0,0.0,1.0
216230,-1,12.402282,10.176499,0.0,1.0,1.0,0.095,0.0,0.0,0.0,0.0,0.238
207979,-1,13.690522,10.007844,0.067,0.533,0.455,0.091,0.0,0.1,0.0,0.3,0.273
138234,-1,15.288221,5.1747885,0.828,0.086,0.0,0.5,0.25,0.25,0.0,0.0,0.75
196453,-1,14.063493,9.919854,0.103,0.897,0.947,0.0,0.0,0.375,0.125,0.0,0.316
293856,-1,13.385855,8.4601,0.857,0.048,0.0,0.0,0.0,0.0,0.0,1.0,0.0
249016,-1,14.077093,8.163479,0.136,0.818,1.0,0.0,0.0,0.5,0.167,0.167,0.562
271326,6,8.277098,10.336866,0.382,0.559,0.632,0.053,0.1,0.1,0.0,0.6,0.0
28727,-1,17.782848,1.8269416,0.717,0.189,0.0,0.0,0.375,0.0,0.042,0.0,0.75
203451,-1,15.596636,2.233387,0.725,0.175,0.143,0.0,0.0,1.0,0.0,0.0,0.429
215238,-1,14.010698,8.851919,0.0,0.969,1.0,0.613,0.0,0.667,0.333,0.0,0.258
218696,-1,17.179306,1.7114389,0.696,0.087,0.0,0.0,0.0,0.25,0.25,0.0,0.333
174296,-1,14.976919,4.950131,0.889,0.067,0.0,0.0,0.0,0.0,0.0,0.5,0.333
222822,-1,16.191317,0.13667035,0.842,0.14,0.125,0.0,0.0,0.333,0.0,0.0,0.75
132282,-1,17.225954,3.045495,0.889,0.089,0.25,0.0,0.2,0.1,0.0,0.0,0.25
168709,-1,14.247331,3.84531,0.13,0.826,1.0,0.486,0.0,0.4,0.0,0.6,0.432
17624,-1,14.5301695,7.765465,0.891,0.022,0.0,0.0,0.0,0.0,0.0,0.0,0.0
252687,-1,16.983099,7.6479006,0.773,0.227,0.0,0.0,0.0,0.0,0.0,0.0,0.0
184514,-1,13.5688715,1.4615211,0.781,0.094,0.0,0.0,0.333,0.0,0.0,0.0,0.0
32965,-1,17.921675,4.6233444,0.956,0.022,0.0,0.0,0.0,0.0,0.333,0.0,1.0
77077,-1,17.926174,0.98535794,0.915,0.043,0.0,0.5,0.286,0.0,0.0,0.143,0.0
53483,-1,14.199283,1.4951061,0.86,0.14,0.0,0.25,0.0,0.417,0.0,0.333,0.5
174238,-1,15.55287,4.129567,0.324,0.676,0.227,0.409,0.0,0.0,0.905,0.0,0.591
264871,6,12.844954,8.286063,0.75,0.222,0.286,0.143,0.0,0.0,0.0,0.0,0.0
25994,-1,16.927853,4.988711,0.905,0.048,0.0,0.0,0.0,0.0,0.667,0.0,1.0
68166,-1,14.430454,5.559118,0.818,0.068,0.0,0.0,0.067,0.0,0.0,0.067,0.333
24215,-1,16.924347,0.40151417,0.932,0.068,0.0,0.0,0.2,0.0,0.0,0.0,0.667
168211,-1,15.152695,4.303902,0.562,0.438,0.615,0.615,0.0,0.25,0.25,0.25,0.538
197900,6,8.195555,11.314879,0.318,0.614,0.32,0.16,0.091,0.242,0.0,0.424,0.0
67036,-1,17.231817,3.3682988,0.857,0.102,0.25,0.0,0.333,0.0,0.0,0.0,0.5
80600,-1,15.632176,3.440921,0.686,0.314,0.2,0.133,0.0,0.0,1.0,0.0,0.6
113227,-1,14.453066,1.5461031,0.733,0.2,0.0,0.222,0.154,0.077,0.0,0.0,0.778
270593,-1,11.786713,10.033046,0.775,0.15,0.333,0.0,0.0,0.625,0.0,0.125,0.333
23833,6,8.515538,11.162871,0.878,0.122,0.2,0.0,0.0,0.125,0.0,0.75,0.0
270757,6,10.781869,9.166937,0.776,0.204,0.556,0.111,0.125,0.125,0.125,0.0,0.111
271237,6,9.094985,11.03763,0.297,0.459,0.118,0.118,0.083,0.0,0.0,0.792,0.0
210612,-1,16.508108,8.890031,0.711,0.237,0.429,0.143,0.0,0.5,0.0,0.0,0.286
193910,-1,18.042948,3.930083,0.978,0.0,0.0,0.0,0.0,0.5,0.0,0.0,0.0
234464,-1,16.376108,5.415671,0.82,0.08,0.333,0.0,0.043,0.087,0.0,0.0,0.0
181207,-1,16.771036,-0.15021527,0.976,0.024,0.0,0.0,0.0,0.0,1.0,0.0,1.0
15334,-1,16.167334,5.23248,0.692,0.231,0.25,0.375,0.111,0.111,0.0,0.222,0.125
294191,-1,12.447182,8.379079,0.872,0.026,1.0,0.0,0.0,0.667,0.0,0.0,0.0
90292,-1,15.085584,4.452898,0.867,0.067,0.333,0.0,0.0,0.5,0.0,0.25,0.0
153463,-1,16.177837,8.77178,0.65,0.35,0.364,0.091,0.0,0.0,1.0,0.0,0.364
49656,-1,14.759427,1.5584799,0.919,0.081,0.0,0.333,0.0,0.25,0.0,0.25,0.333
221818,-1,15.881939,9.230676,0.455,0.485,0.812,0.25,0.0,0.0,0.333,0.0,0.312
222916,-1,16.392153,1.7527214,0.886,0.023,0.0,0.0,0.0,0.5,0.0,0.0,0.0
94828,-1,16.508041,1.2710338,0.884,0.07,0.0,0.0,0.571,0.0,0.0,0.0,0.333
127634,-1,15.956925,4.6272435,0.721,0.256,0.1,0.8,0.125,0.0,0.25,0.0,0.8
238687,-1,13.759023,8.818677,0.744,0.233,0.0,0.333,0.2,0.6,0.0,0.0,0.667
96276,-1,17.212902,3.806362,0.559,0.441,0.4,0.4,0.0,0.0,0.0,0.333,0.6
265798,-1,16.639973,7.5621057,0.651,0.349,1.0,1.0,0.125,0.125,0.125,0.0,0.0
126810,-1,10.582148,8.382416,0.805,0.171,0.714,0.286,0.0,0.25,0.25,0.0,0.143
216935,-1,16.054747,8.527686,0.814,0.14,0.333,0.167,0.0,1.0,0.0,0.0,0.5
39129,-1,17.510725,2.2857845,0.878,0.073,0.667,0.333,0.5,0.5,0.0,0.0,0.667
210973,-1,16.080265,1.9119961,0.86,0.116,0.2,0.0,0.286,0.0,0.0,0.0,0.4
150502,-1,13.272202,7.4640737,0.61,0.341,0.5,0.0,0.0,0.222,0.222,0.556,0.571
70782,-1,14.418595,7.4482365,0.548,0.405,0.667,0.133,0.0,0.0,0.0,1.0,0.133
292062,-1,16.95466,4.5144186,0.727,0.136,0.0,0.0,0.593,0.0,0.0,0.037,0.5
74344,-1,10.490367,8.884107,0.898,0.041,0.0,0.0,0.182,0.182,0.0,0.0,0.0
30980,6,9.2838,10.735964,0.721,0.233,0.2,0.0,0.083,0.333,0.0,0.333,0.2
117283,-1,14.457003,1.0537709,0.884,0.07,0.0,0.0,0.0,0.25,0.0,0.0,0.0
21706,-1,13.998237,8.849303,0.105,0.868,0.903,0.355,0.0,0.0,0.0,0.667,0.161
159874,-1,13.9678755,8.073694,0.651,0.279,0.818,0.273,0.0,0.0,0.0,0.5,0.0
248723,6,9.184649,10.767926,0.196,0.761,0.0,0.0,0.0,1.0,0.0,0.0,0.0
74216,-1,15.001853,2.112026,0.761,0.239,0.4,0.2,0.0,0.0,0.5,0.0,0.2
59812,-1,17.183313,3.6699822,0.86,0.14,0.167,0.0,0.0,0.0,0.0,0.333,0.833
234523,-1,14.526774,4.8932376,0.692,0.282,0.4,0.1,0.167,0.333,0.0,0.0,0.8
77715,-1,16.36122,6.1168914,0.867,0.111,0.0,1.0,0.0,0.25,0.0,0.0,0.0
180965,-1,13.580908,4.0379176,0.841,0.068,0.0,0.0,0.0,0.0,0.0,0.5,0.0
89428,-1,15.352581,5.1707764,0.795,0.159,0.0,0.0,0.3,0.0,0.0,0.0,0.833
368,-1,16.079212,0.8938184,1.0,0.0,0.0,0.0,0.0,0.0,0.0,0.0,0.0
179434,-1,15.577378,0.04350319,0.818,0.114,0.0,0.0,0.0,0.0,0.0,0.0,0.2
143860,-1,16.096495,1.0685937,0.905,0.095,0.25,0.0,0.0,0.333,0.667,0.0,0.5
26139,-1,14.83823,8.087543,0.755,0.245,0.143,0.143,0.0,0.5,0.5,0.0,0.429
279188,3,17.333035,4.998175,0.78,0.146,0.167,0.167,0.0,0.2,0.0,0.0,0.667
39088,-1,16.812016,2.948136,0.953,0.023,0.0,0.0,0.2,0.2,0.0,0.067,1.0
144043,-1,14.809038,1.4315727,0.821,0.103,0.0,0.0,0.0,0.125,0.125,0.375,0.5
128325,-1,13.352119,7.2180524,0.225,0.725,0.593,0.148,0.357,0.071,0.0,0.536,0.37
22912,-1,14.375702,2.09851,0.929,0.071,0.0,0.0,0.0,0.333,0.0,0.333,0.5
67512,-1,17.437273,0.62050736,0.864,0.045,0.0,0.0,0.3,0.0,0.1,0.0,0.5
151815,-1,13.7019,8.346156,0.031,0.954,0.984,0.452,0.0,0.5,0.0,0.0,0.145
253549,-1,17.270687,1.5021183,0.708,0.271,0.417,0.167,0.44,0.0,0.04,0.08,0.333
114344,-1,17.85711,4.6823964,0.905,0.0,0.0,0.0,0.0,0.0,0.0,1.0,0.0
122779,-1,14.36134,1.6692687,0.795,0.179,0.143,0.0,0.0,0.0,0.0,0.0,0.714
22559,-1,15.246204,3.177788,0.771,0.167,0.0,0.0,0.154,0.0,0.308,0.0,0.571
7309,-1,15.959579,5.5571556,0.827,0.154,0.0,0.0,0.0,0.583,0.083,0.083,0.6
121885,3,16.848972,5.44362,0.81,0.119,0.25,0.25,0.167,0.0,0.0,0.083,0.25
114452,-1,16.487452,3.8997262,0.805,0.122,0.4,0.0,0.0,0.0,0.0,0.0,0.2
222367,-1,14.999864,1.9754156,0.921,0.053,0.0,0.0,0.25,0.0,0.25,0.0,1.0
30243,-1,16.577467,0.50643843,0.884,0.07,0.0,0.0,0.0,0.5,0.5,0.0,0.667
21679,-1,14.653618,3.1599722,0.875,0.042,0.0,0.0,0.0,0.0,0.667,0.0,0.0
257228,-1,16.923578,8.174223,0.872,0.064,0.333,0.333,0.333,0.333,0.0,0.333,0.0
205827,-1,16.354935,1.7803997,0.812,0.146,0.0,0.0,0.4,0.0,0.0,0.067,0.429
184758,-1,17.664145,1.5516542,0.818,0.159,0.2,0.2,0.0,0.0,0.333,0.0,0.2
106023,-1,13.602387,6.5188265,0.886,0.091,0.0,0.0,0.0,0.2,0.0,0.0,0.0
165874,-1,15.399966,1.29358,0.9,0.1,0.25,0.25,0.0,0.0,0.0,0.0,0.5
96538,-1,14.352524,1.4179269,0.714,0.262,0.091,0.0,0.0,0.5,0.167,0.167,0.455
215381,-1,12.906564,9.316041,0.511,0.444,0.8,0.1,0.0,0.357,0.071,0.429,0.05
127468,-1,10.32717,8.85925,0.778,0.167,0.0,1.0,0.0,0.0,0.0,0.0,0.333
106454,-1,12.968463,9.159332,0.5,0.417,0.733,0.333,0.0,0.143,0.429,0.143,0.133
177980,-1,14.037503,6.7923365,0.956,0.022,0.0,0.0,0.0,0.0,0.0,0.0,0.0
222204,0,13.703894,1.3491806,0.841,0.091,0.0,0.0,0.0,0.0,0.0,0.0,0.5
25772,-1,14.4976635,0.71249,0.787,0.149,0.167,0.167,0.0,0.0,0.0,0.0,0.667
166682,-1,13.036647,8.312788,0.326,0.674,0.8,0.04,0.125,0.312,0.125,0.312,0.08
79010,-1,16.814087,-0.36547065,0.864,0.068,0.333,0.0,0.0,0.0,0.0,0.0,1.0
154721,-1,15.531016,4.9829826,0.93,0.07,0.333,0.0,0.25,0.0,0.0,0.75,0.333
34147,-1,13.169694,7.1463594,0.639,0.333,0.167,0.083,0.105,0.053,0.0,0.526,0.167
117899,-1,16.34954,1.3648918,0.932,0.0,0.0,0.0,0.0,0.333,0.0,0.333,0.0
178854,-1,14.0243635,6.3465652,0.222,0.75,0.63,0.815,0.062,0.062,0.688,0.0,0.519
48196,-1,15.2575245,0.4476393,0.854,0.098,0.25,0.0,0.0,0.5,0.0,0.0,0.5
234780,-1,13.075843,8.325751,0.795,0.182,0.25,0.125,0.0,0.0,0.0,0.25,0.0
225521,-1,14.352813,1.4050605,0.783,0.109,0.0,0.0,0.622,0.027,0.0,0.0,0.4
91930,-1,16.15346,0.3815811,0.762,0.119,0.0,0.0,0.167,0.0,0.0,0.0,0.25
176153,-1,10.412102,9.366103,0.756,0.195,0.5,0.0,0.0,0.0,0.0,0.0,0.0
110273,-1,14.2589,8.117329,0.306,0.639,0.783,0.043,0.062,0.312,0.0,0.5,0.261
173080,-1,15.1594305,6.856956,0.812,0.104,0.0,0.2,0.0,0.286,0.0,0.143,0.8
194531,-1,14.207564,7.195559,0.475,0.475,0.0,0.0,0.0,0.5,0.0,0.5,0.0
15451,-1,15.484745,9.08113,0.0,0.944,0.833,0.167,0.235,0.235,0.0,0.118,0.667
217530,-1,13.564782,2.0030446,0.868,0.105,0.0,0.0,0.0,0.0,0.0,0.333,0.5
136805,-1,12.896347,7.5679417,0.933,0.067,0.333,0.667,0.0,0.25,0.0,0.25,0.0
240853,-1,13.812972,8.104823,0.026,0.947,1.0,0.139,0.0,0.429,0.0,0.429,0.417
206227,-1,9.51952,9.966159,0.275,0.675,0.923,0.038,0.0,0.333,0.0,0.667,0.115
39935,-1,15.183472,2.2411282,0.792,0.146,0.0,0.2,0.0,0.0,0.0,0.0,0.8
145481,-1,13.065049,8.727054,0.714,0.257,1.0,0.25,0.0,0.0,1.0,0.0,0.0
77591,-1,12.056813,9.235481,0.512,0.372,0.625,0.0,0.0,0.333,0.0,0.5,0.125
75733,-1,14.667954,1.0690782,0.375,0.625,0.421,0.579,0.0,0.0,0.941,0.0,0.737
279909,-1,16.905949,7.2995605,0.84,0.06,0.0,0.0,0.0,0.0,0.0,0.333,0.667
39716,3,17.652634,4.680235,0.929,0.048,0.5,0.0,0.222,0.111,0.0,0.0,0.0
192287,-1,17.649755,1.9701394,0.952,0.024,0.0,0.0,0.0,0.25,0.25,0.0,0.0
35105,-1,11.34116,9.998991,0.5,0.375,0.5,0.0,0.188,0.312,0.0,0.062,0.083
168901,-1,16.873579,5.249898,0.553,0.447,0.6,0.333,0.0,0.0,1.0,0.0,0.533
62830,-1,14.985668,0.79193115,0.75,0.188,0.111,0.222,0.744,0.051,0.0,0.051,0.556
109019,-1,14.597942,1.0372479,0.513,0.077,0.333,0.0,0.143,0.286,0.0,0.0,0.667
38948,-1,17.240152,1.473902,0.611,0.389,0.0,0.0,0.0,0.875,0.0,0.0,0.0
235553,-1,13.459009,3.4352489,0.82,0.12,0.0,0.167,0.0,1.0,0.0,0.0,0.667
126964,-1,14.589871,9.064645,0.341,0.634,1.0,0.0,0.0,0.0,0.5,0.5,0.0
209235,-1,16.97965,3.2261825,0.905,0.048,0.5,0.0,0.0,0.667,0.0,0.0,0.5
270073,6,9.666515,10.754454,0.237,0.684,0.64,0.24,0.0,0.133,0.067,0.8,0.08
205836,-1,14.720424,7.041999,0.744,0.256,0.1,0.1,0.0,0.125,0.875,0.0,0.4
166569,-1,13.591002,2.441996,0.875,0.1,0.0,0.0,0.0,0.0,0.0,0.0,1.0
19062,-1,16.031744,1.0144207,0.936,0.021,0.0,0.0,0.0,0.0,0.0,0.0,1.0
273480,-1,11.613561,10.018711,0.615,0.333,0.462,0.0,0.0,0.364,0.0,0.545,0.231
171259,-1,15.904507,0.5350703,0.929,0.048,0.333,0.0,0.0,0.0,0.0,0.0,0.333
180503,-1,14.120809,1.455008,0.857,0.119,0.0,0.0,0.167,0.167,0.167,0.0,0.75
143012,-1,13.457709,1.9919884,0.841,0.114,0.0,0.0,0.0,0.0,0.0,0.0,0.25
116419,-1,17.216097,5.35287,0.714,0.214,0.0,0.0,0.333,0.0,0.0,0.0,0.25
102830,-1,13.436644,3.8339925,0.619,0.381,0.25,0.25,0.0,0.0,1.0,0.0,0.75
267666,6,9.863624,11.245816,0.086,0.914,1.0,0.133,0.188,0.312,0.0,0.125,0.033
203273,-1,15.29663,9.587129,0.0,0.976,1.0,0.568,0.0,0.0,0.333,0.667,0.622
163949,-1,15.108259,1.9491515,0.85,0.125,0.5,0.167,0.0,0.167,0.0,0.0,0.5
83355,-1,15.132988,1.0613955,0.073,0.902,1.0,0.143,0.0,0.333,0.0,0.333,0.229
17652,-1,10.793427,8.164401,0.217,0.761,0.912,0.676,0.0,0.556,0.0,0.222,0.382
169056,-1,17.726189,1.3190037,0.875,0.042,1.0,1.0,0.0,0.0,0.0,0.0,1.0
97148,-1,16.67168,8.66616,0.625,0.312,0.5,0.125,0.0,0.0,0.0,0.0,0.125
4005,-1,15.334727,4.4750385,0.786,0.143,0.0,0.25,0.0,0.667,0.0,0.333,0.75
263394,-1,15.538491,1.4342817,0.978,0.022,0.0,0.0,0.0,1.0,0.0,0.0,1.0
150397,-1,15.752941,8.860546,0.24,0.74,0.639,0.0,0.0,0.0,0.971,0.0,0.611
195093,-1,17.019707,3.5111966,0.711,0.289,0.273,0.545,0.0,0.0,1.0,0.0,0.455
48758,-1,12.929852,8.148897,0.167,0.762,0.774,0.032,0.304,0.217,0.0,0.391,0.548
82751,-1,14.115317,5.2691693,0.773,0.205,0.25,0.0,1.0,0.0,0.0,0.0,0.25
175942,-1,15.21467,0.20155239,0.732,0.244,0.0,0.167,0.37,0.185,0.0,0.037,0.333
140559,-1,16.096052,4.3868656,0.045,0.955,0.944,0.432,0.071,0.0,0.429,0.0,0.278
98501,-1,16.580915,6.242978,0.714,0.286,0.25,0.0,0.0,0.167,0.0,0.0,0.25
241228,-1,14.568756,9.104272,0.578,0.378,0.647,0.059,0.0,0.0,0.5,0.0,0.118
7881,-1,15.651016,9.306826,0.024,0.976,1.0,0.725,0.0,0.667,0.0,0.0,0.65
92474,-1,14.486225,7.024267,0.217,0.783,0.913,0.609,0.143,0.071,0.0,0.214,0.174
49380,-1,16.871899,4.6217847,0.909,0.023,1.0,0.0,0.0,0.5,0.0,0.5,1.0
259763,-1,17.87035,1.2954127,0.851,0.085,0.0,0.0,1.0,0.0,0.0,0.0,1.0
203340,-1,16.257935,4.3999214,0.872,0.106,0.2,0.2,0.333,0.0,0.333,0.0,0.6
81663,-1,13.8233,4.125011,0.422,0.556,0.783,0.478,0.0,0.0,0.0,0.0,0.13
251982,5,17.841253,0.8641324,0.867,0.044,0.0,0.0,0.0,1.0,0.0,0.0,0.0
257170,-1,16.049744,7.714567,0.25,0.75,0.4,0.4,0.125,0.062,0.125,0.062,0.2
131603,-1,15.041319,2.891374,0.459,0.459,0.0,0.0,0.0,0.0,0.963,0.0,0.647
78363,-1,9.800779,10.568693,0.857,0.095,0.25,0.25,0.167,0.0,0.0,0.167,0.0
210358,-1,15.9988365,7.846007,0.488,0.512,0.667,0.0,0.0,0.0,0.0,0.0,0.167
32259,-1,16.023466,8.22641,0.756,0.22,0.556,0.111,0.0,0.0,0.0,0.0,0.333
274857,6,8.499187,10.689606,0.542,0.438,0.444,0.0,0.677,0.032,0.0,0.065,0.056
52651,-1,18.010609,3.958131,0.826,0.13,0.167,0.167,0.654,0.0,0.0,0.0,0.5
213456,-1,16.135641,3.0026057,0.286,0.667,0.0,1.0,0.5,0.0,0.0,0.0,0.0
226648,-1,16.345346,2.197673,0.61,0.366,0.0,0.333,0.0,0.385,0.231,0.0,0.5
81453,-1,10.681521,8.358143,0.833,0.148,0.0,0.667,0.0,0.0,0.0,0.0,0.333
45954,-1,12.508566,9.080219,0.225,0.7,1.0,0.393,0.0,0.5,0.0,0.5,0.25
217475,-1,15.84232,4.954577,0.957,0.043,0.5,0.0,0.0,1.0,0.0,0.0,1.0
21287,-1,14.998692,7.1910653,0.816,0.184,0.2,0.0,0.0,0.25,0.5,0.0,0.0
188196,-1,15.078296,1.0733268,0.741,0.19,0.0,0.1,0.407,0.0,0.0,0.0,0.6
211334,-1,17.429388,0.4270029,0.88,0.1,0.0,0.0,0.0,0.5,0.0,0.125,0.25
63549,-1,14.979887,0.55644685,0.884,0.07,0.0,0.333,0.0,1.0,0.0,0.0,0.667
258939,-1,17.949724,2.4622693,0.795,0.159,0.0,0.0,0.118,0.0,0.059,0.0,0.286
110346,-1,16.401611,4.6835885,0.146,0.833,0.949,0.692,0.0,0.2,0.4,0.4,0.513
282051,-1,17.220675,4.37258,0.875,0.062,0.333,0.0,0.0,0.0,0.0,0.0,0.667
25617,-1,13.784596,10.032881,0.026,0.974,1.0,0.206,0.0,0.0,0.167,0.0,0.441
160306,-1,17.986547,3.2058344,0.886,0.091,0.0,0.0,0.0,0.5,0.0,0.5,1.0
110809,6,9.94864,10.1088505,0.913,0.022,0.0,0.0,0.0,0.5,0.0,0.5,0.0
246795,6,8.269442,10.660358,0.838,0.162,0.5,0.167,0.111,0.111,0.0,0.222,0.0
125277,-1,16.377874,0.75984913,0.933,0.044,0.0,0.0,0.0,0.0,0.333,0.667,0.5
222810,-1,13.983992,6.843073,0.65,0.3,0.455,0.091,0.0,0.0,1.0,0.0,0.545
19090,-1,17.190546,1.9576219,0.865,0.038,0.0,0.0,0.0,0.0,0.0,0.0,0.5
40772,-1,13.392454,8.857782,0.708,0.271,0.615,0.385,0.429,0.143,0.143,0.0,0.769
118589,-1,16.741234,4.7020473,0.911,0.067,0.0,0.0,0.0,0.0,0.0,0.0,0.333
73202,-1,13.56844,4.772495,0.065,0.935,0.821,0.536,0.0,0.0,0.889,0.111,0.321
70586,-1,14.440047,1.1289304,0.628,0.372,0.667,0.0,0.0,0.0,0.0,0.0,0.333
100344,-1,12.929988,9.265265,0.234,0.745,0.914,0.057,0.5,0.0,0.0,0.5,0.343
77875,-1,16.947048,8.133269,0.262,0.667,1.0,0.0,0.0,0.0,0.0,0.0,0.0
221183,-1,13.494218,6.948549,0.081,0.892,1.0,0.258,0.25,0.0,0.0,0.5,0.226
155865,-1,15.0524,6.709631,0.795,0.205,0.571,0.429,0.0,0.0,0.0,0.0,0.429
21764,-1,17.505466,1.3238451,0.82,0.08,0.0,0.0,0.0,0.0,0.0,0.0,1.0
168109,-1,14.121959,2.2524245,0.651,0.349,0.0,0.667,0.2,0.1,0.0,0.0,0.333
169610,-1,16.327288,1.9539136,0.825,0.1,0.25,0.0,0.0,0.333,0.0,0.333,0.5
198403,-1,16.642742,2.161628,0.872,0.051,0.5,0.0,0.0,0.0,0.0,0.0,0.5
75646,-1,12.775156,8.842065,0.872,0.064,0.0,0.0,0.0,0.0,0.0,0.0,0.0
253181,-1,9.995926,11.1702175,0.0,0.929,1.0,0.192,0.167,0.5,0.0,0.0,0.192
243262,-1,16.46095,1.0349861,0.25,0.727,0.226,0.194,0.033,0.067,0.8,0.033,0.516
161586,-1,10.408682,10.270537,0.273,0.727,0.917,0.667,0.0,0.0,0.833,0.167,0.125
164296,-1,14.076069,3.7298448,0.93,0.047,0.0,0.0,0.0,0.0,0.0,0.0,0.5
109426,-1,15.151239,4.7835016,0.957,0.022,1.0,0.0,0.333,0.333,0.333,0.0,0.0
166192,-1,13.7992525,3.6282415,0.154,0.846,0.5,0.156,0.0,0.0,1.0,0.0,0.688
183779,-1,14.501536,2.7989805,0.586,0.414,0.222,0.111,0.0,0.0,0.0,0.0,0.333
164412,-1,15.462724,5.7446966,0.864,0.114,0.0,0.0,0.167,0.0,0.167,0.333,0.8
107275,-1,16.805094,0.6009939,0.872,0.103,0.5,0.0,0.0,0.0,0.0,0.0,0.25
241550,-1,14.641981,9.410894,0.278,0.704,0.757,0.027,0.0,0.5,0.375,0.125,0.486
230671,-1,14.1344,2.4062765,0.68,0.24,0.0,0.0,0.512,0.024,0.0,0.024,0.583
198774,-1,14.085129,9.231787,0.786,0.095,0.0,0.667,0.0,0.0,0.0,0.0,0.333
274958,-1,16.212578,3.1861746,0.737,0.263,0.429,0.286,0.0,0.0,0.0,0.0,0.143
226672,6,8.955969,10.004819,0.93,0.047,0.0,0.0,0.2,0.0,0.0,0.067,0.5
83014,-1,14.00345,3.562985,0.78,0.146,0.0,0.167,0.231,0.308,0.154,0.0,0.667
94051,-1,16.978703,3.2205656,0.915,0.085,0.0,0.0,0.0,0.2,0.2,0.0,0.6
214744,-1,10.209804,9.341096,0.268,0.732,1.0,0.067,0.333,0.333,0.0,0.0,0.033
201900,-1,14.517234,4.7899704,0.07,0.907,0.949,0.179,0.25,0.5,0.25,0.0,0.41
140471,-1,15.739905,2.7727578,0.919,0.081,0.0,0.0,0.0,0.0,0.0,0.0,1.0
135244,3,17.448584,4.68047,0.907,0.07,0.0,0.0,0.0,0.5,0.0,0.0,1.0
150077,-1,11.784327,9.56604,0.674,0.239,0.2,0.0,0.25,0.25,0.0,0.0,0.5
236241,-1,14.557375,4.711032,0.121,0.818,0.815,0.111,0.714,0.036,0.0,0.071,0.667
210335,-1,14.495157,2.3274126,0.857,0.071,0.0,0.0,0.5,0.0,0.0,0.0,1.0
20398,-1,14.627543,8.522719,0.476,0.476,0.0,0.5,0.583,0.0,0.0,0.0,0.0
62678,4,17.006342,7.276356,0.326,0.652,0.0,0.0,0.0,0.091,0.045,0.091,0.0
288475,6,13.111799,5.7614684,0.9,0.06,0.0,0.0,0.0,0.0,0.0,0.667,0.0
10450,-1,14.278783,6.07583,0.0,0.955,0.929,0.5,0.0,0.75,0.0,0.25,0.333
38174,-1,17.280712,5.4443765,0.911,0.067,0.333,0.0,0.364,0.182,0.0,0.273,0.333
213719,-1,16.913185,5.5503097,0.841,0.091,0.25,0.0,0.2,0.2,0.0,0.0,0.25
88810,-1,14.64488,9.740401,0.317,0.683,0.481,0.037,0.0,0.286,0.286,0.143,0.519
197282,-1,14.734131,8.665222,0.119,0.881,0.946,0.054,0.0,0.5,0.0,0.5,0.378
222530,-1,14.815716,4.956559,0.659,0.341,0.0,0.0,0.0,1.0,0.0,0.0,0.0
86200,-1,14.250034,8.103632,0.63,0.333,0.714,0.714,0.167,0.0,0.0,0.167,0.143
69733,-1,15.12417,6.448787,0.179,0.821,0.645,0.839,0.0,0.214,0.571,0.071,0.677
200774,-1,8.7939,10.180114,0.341,0.561,0.727,0.364,0.28,0.24,0.0,0.32,0.227
73955,-1,16.608845,3.4307249,0.918,0.082,0.0,0.0,0.111,0.111,0.0,0.0,0.25
227857,6,8.55946,10.109322,0.143,0.829,0.87,0.696,0.385,0.154,0.077,0.308,0.043
225490,-1,15.053367,1.8331503,0.929,0.048,0.0,0.0,0.308,0.0,0.0,0.0,1.0
290089,-1,14.680788,8.230529,0.681,0.277,0.615,0.231,0.5,0.0,0.0,0.0,0.231
47997,-1,13.484937,7.2598104,0.917,0.042,0.0,0.0,0.0,0.5,0.0,0.0,0.0
178599,-1,11.836537,7.8078346,0.911,0.022,0.0,0.0,0.0,0.0,0.0,0.5,0.0
260140,-1,17.170908,7.3200874,0.167,0.8,0.6,0.0,0.118,0.059,0.0,0.0,0.0
143145,-1,14.926013,2.3536937,0.925,0.025,0.0,1.0,0.25,0.25,0.0,0.0,1.0
276061,-1,11.924665,8.649066,0.364,0.591,0.875,0.125,0.125,0.125,0.0,0.625,0.125
250074,4,16.552488,1.127868,0.667,0.282,0.636,0.091,0.0,0.0,0.667,0.0,0.364
289195,-1,16.045704,1.0398972,0.867,0.089,0.25,0.0,0.0,0.0,0.0,0.5,1.0
88156,-1,11.93006,8.479009,0.853,0.118,0.0,0.0,0.632,0.0,0.0,0.0,0.25
223609,-1,14.29326,7.582846,0.761,0.217,0.4,0.0,0.0,1.0,0.0,0.0,0.7
63547,-1,12.1942215,9.1502075,0.451,0.549,0.714,0.321,0.0,0.364,0.091,0.182,0.0
28319,-1,14.725734,1.6622614,0.81,0.095,0.0,0.0,0.0,0.0,1.0,0.0,0.667
269368,-1,15.017332,7.969345,0.73,0.27,0.4,0.0,0.0,0.167,0.0,0.0,0.2
172016,-1,15.070672,0.42127138,0.9,0.1,0.0,0.0,0.0,0.167,0.0,0.0,0.667
122613,-1,16.197592,7.9119315,0.684,0.263,0.111,0.333,0.059,0.059,0.0,0.824,0.111
218478,-1,16.196806,6.2573977,0.906,0.038,0.0,0.0,0.0,0.5,0.0,0.0,0.0
152528,-1,12.329117,6.7459087,0.902,0.073,0.333,0.333,0.0,0.0,0.0,0.0,0.333
208323,-1,15.951167,5.300796,0.844,0.156,0.0,0.2,0.0,0.0,0.0,0.0,0.6
223534,-1,12.371658,7.0270677,0.93,0.07,0.0,0.0,0.0,0.5,0.5,0.0,0.0
15889,-1,14.07743,5.6940312,0.646,0.333,0.125,0.125,0.583,0.0,0.0,0.083,0.688
213845,-1,16.57328,-0.1502263,0.909,0.068,0.5,0.0,0.0,0.0,0.0,0.0,1.0
85365,-1,13.067985,8.3946495,0.714,0.214,0.375,0.125,0.0,0.2,0.2,0.6,0.125
24139,-1,14.046934,4.415356,0.884,0.093,0.0,0.0,0.0,0.0,0.5,0.0,0.0
136666,-1,13.955202,8.207175,0.0,0.96,1.0,0.234,0.72,0.04,0.0,0.04,0.277
96025,-1,15.214147,2.2006385,0.86,0.08,0.0,0.0,0.0,0.3,0.1,0.0,1.0
227993,-1,15.0524845,0.5211252,0.778,0.156,0.143,0.143,0.071,0.0,0.0,0.0,0.429
258717,-1,16.83467,7.517087,0.711,0.289,0.0,0.0,0.4,0.0,0.0,0.0,0.5
48991,3,17.167673,5.105142,0.921,0.026,0.0,1.0,0.0,1.0,0.0,0.0,0.0
12385,6,9.796933,8.804081,0.844,0.044,0.0,0.0,0.0,0.0,0.0,0.667,0.0
215348,-1,17.57341,0.5177186,0.978,0.0,0.0,0.0,0.0,0.0,0.0,0.0,0.0
176848,-1,13.839959,2.0174034,0.833,0.143,0.0,0.0,0.0,0.0,0.0,0.0,0.8
28640,-1,17.756704,2.3184333,0.926,0.056,0.0,0.0,0.182,0.0,0.0,0.0,1.0
173218,-1,13.507373,2.88837,0.105,0.868,0.643,0.107,0.05,0.05,0.8,0.0,0.643
79929,-1,14.970087,2.5319457,0.878,0.098,0.0,0.25,0.5,0.0,0.0,0.5,0.75
226510,-1,16.481823,0.87892944,0.458,0.458,0.0,0.0,0.0,0.0,0.0,0.0,0.0
268399,-1,14.717842,3.305584,0.242,0.697,0.478,0.087,0.105,0.053,0.737,0.0,0.435
137638,-1,14.554209,3.5680351,0.889,0.067,0.0,0.0,0.667,0.0,0.0,0.0,0.333
249160,-1,10.566936,8.965726,0.37,0.609,0.75,0.036,0.0,0.429,0.0,0.429,0.107
154832,3,17.333496,3.8104596,0.93,0.047,0.0,0.0,0.0,0.0,0.0,0.5,0.0
43701,-1,13.504379,4.4816213,0.698,0.279,0.4,0.4,0.0,0.0,0.0,0.0,0.6
124294,-1,15.684083,0.04071452,0.818,0.036,0.0,0.0,0.125,0.0,0.125,0.0,0.0
231183,-1,11.961802,7.378913,0.364,0.636,0.619,0.0,0.0,0.222,0.444,0.222,0.571
198083,-1,15.2225065,5.775273,0.977,0.0,0.0,0.0,0.0,0.0,0.0,0.8,0.0
154841,5,17.414484,0.22605507,0.778,0.156,0.167,0.167,0.25,0.0,0.0,0.0,0.167
124672,-1,15.75135,2.7201447,0.875,0.083,0.0,0.667,0.0,0.0,0.0,1.0,1.0
50330,4,16.862894,7.3749022,0.425,0.575,0.4,0.067,0.091,0.0,0.0,0.0,0.333
129192,4,16.55478,8.20767,0.229,0.743,0.0,0.0,0.0,0.0,0.0,0.0,0.0
254278,-1,18.00469,3.5029316,0.867,0.022,1.0,0.0,0.111,0.222,0.0,0.556,0.0
23096,1,16.419956,3.1939821,0.921,0.053,0.0,0.0,0.0,0.0,0.0,1.0,0.5
52391,-1,16.488258,6.6293473,0.341,0.634,0.0,0.0,0.0,0.0,0.0,0.0,0.0
32019,-1,16.278023,0.33423162,0.791,0.186,0.0,0.0,0.5,0.0,0.0,0.0,0.571
218595,-1,13.945502,4.817448,0.857,0.119,0.2,0.4,0.0,0.0,0.0,1.0,0.2
172199,-1,16.812984,-0.37084097,0.787,0.17,0.25,0.0,0.0,0.0,0.667,0.0,0.875
143065,-1,14.868119,4.892557,0.63,0.348,0.462,0.077,0.25,0.0,0.25,0.0,0.769
284705,-1,15.366621,7.1443496,0.838,0.135,0.0,0.0,0.0,0.0,0.0,0.0,0.0
50214,-1,13.554956,7.3231683,0.763,0.184,0.0,0.0,0.0,0.0,0.0,0.5,0.0
220871,-1,16.586403,5.6864743,0.864,0.136,0.2,0.0,0.0,0.0,0.0,0.0,0.4
230763,-1,10.736028,10.052449,0.583,0.389,0.571,0.0,0.0,0.2,0.0,0.2,0.5
196308,-1,11.903627,7.666738,0.961,0.039,1.0,0.0,0.0,0.615,0.0,0.0,0.5
2273,-1,14.084866,5.2552185,0.929,0.048,0.0,0.0,0.0,0.333,0.167,0.0,0.5
232448,-1,17.094921,1.6256744,0.814,0.163,0.0,0.0,0.333,0.333,0.0,0.333,1.0
220293,-1,13.849462,5.3379536,0.864,0.068,0.0,0.0,0.0,0.0,0.0,0.0,0.5
184827,-1,15.099902,0.119219184,0.8,0.1,0.0,0.0,0.0,0.333,0.167,0.0,0.75
234264,-1,16.916569,3.7505486,0.771,0.2,0.0,0.0,0.0,0.0,0.0,1.0,0.0
224008,-1,13.436829,7.784858,0.645,0.258,0.5,0.0,0.5,0.0,0.0,0.0,0.0
76770,-1,17.09652,4.109465,0.849,0.113,0.0,0.0,0.0,0.333,0.333,0.0,0.6
158322,-1,13.427252,4.683739,0.81,0.143,0.2,0.6,0.0,0.786,0.0,0.0,0.2
94211,6,10.342029,9.933926,0.68,0.24,0.182,0.0,0.0,0.095,0.0,0.714,0.0
225167,-1,14.521025,6.3262215,0.528,0.444,0.25,0.25,0.0,0.214,0.429,0.071,0.75
170874,-1,14.122911,1.377594,0.896,0.083,0.0,0.0,0.0,0.0,0.0,0.0,1.0
12038,-1,17.021975,0.793915,0.923,0.077,0.0,0.0,0.0,0.0,0.0,0.0,0.333
98855,-1,11.826508,8.9046955,0.489,0.468,0.429,0.095,0.0,0.4,0.0,0.4,0.095
204934,-1,17.253399,0.40490973,0.894,0.043,0.0,0.0,0.0,0.0,0.0,0.0,0.5
261151,-1,13.469511,8.678007,0.7,0.225,0.429,0.0,0.0,0.0,0.0,0.0,0.0
59005,-1,14.547472,9.903132,0.326,0.651,0.8,0.12,0.167,0.167,0.333,0.167,0.32
125009,-1,16.576832,-0.43803108,0.844,0.089,0.0,0.0,0.286,0.143,0.143,0.0,0.75
215446,-1,15.385332,3.52271,0.75,0.159,0.0,0.0,0.0,0.667,0.333,0.0,0.667
130552,-1,14.105532,6.404207,0.744,0.116,0.0,0.0,0.333,0.167,0.0,0.0,0.2
34442,-1,14.026013,3.0295813,0.854,0.122,0.0,0.0,0.6,0.0,0.2,0.0,0.5
232421,-1,16.849775,5.133422,0.855,0.109,0.143,0.143,0.0,0.0,1.0,0.0,0.714
261996,6,11.295483,9.572465,0.057,0.914,0.839,0.097,0.053,0.421,0.211,0.263,0.161
175243,-1,13.113708,5.9996815,0.55,0.375,0.385,0.154,0.19,0.143,0.048,0.048,0.538
72189,-1,15.50793,8.944328,0.825,0.15,0.0,0.333,0.0,1.0,0.0,0.0,0.0
258258,6,10.529172,10.495719,0.056,0.861,0.968,0.645,0.045,0.273,0.0,0.5,0.129
84280,1,16.465971,3.918691,0.886,0.091,0.0,0.0,0.6,0.0,0.0,0.0,1.0
12628,-1,14.261543,4.7630553,0.742,0.226,0.429,0.0,0.0,0.0,1.0,0.0,0.571
74428,-1,12.853924,9.261764,0.2,0.75,0.862,0.0,0.083,0.25,0.083,0.583,0.241
122170,-1,12.980978,9.660281,0.059,0.912,1.0,0.1,0.0,0.4,0.2,0.4,0.433
44632,-1,17.78589,3.2254162,0.818,0.023,0.0,0.0,0.0,0.0,0.0,0.0,1.0
142339,-1,15.652992,1.1097372,0.565,0.413,0.0,0.0,0.0,0.333,0.333,0.0,0.0
9154,-1,18.143152,3.201281,0.878,0.122,0.2,0.2,0.0,0.5,0.0,0.0,0.4
190540,6,8.183045,10.668564,0.878,0.122,1.0,0.0,0.0,0.0,0.0,0.333,0.0
275162,-1,13.295113,3.215525,0.838,0.135,0.25,0.0,0.0,1.0,0.0,0.0,0.25
185757,-1,15.38611,5.3997746,0.696,0.239,0.091,0.0,0.353,0.0,0.235,0.059,0.545
30257,-1,14.51007,5.6248584,0.844,0.089,0.25,0.0,0.0,0.2,0.0,0.8,0.0
140646,-1,13.680413,5.1649427,0.932,0.068,0.0,0.0,0.0,0.5,0.0,0.5,0.5
277564,-1,16.319925,8.477833,0.056,0.917,1.0,0.226,0.0,1.0,0.0,0.0,0.581
91735,6,9.150031,10.934681,0.262,0.524,0.091,0.045,0.032,0.065,0.0,0.742,0.0
140230,-1,15.170923,5.8007483,0.643,0.31,0.0,0.0,0.706,0.059,0.0,0.0,0.0
16645,6,12.315467,8.802147,0.489,0.511,0.261,0.043,0.0,0.158,0.474,0.158,0.087
161190,-1,14.645034,6.330622,0.805,0.146,0.4,0.2,0.0,0.0,0.0,0.0,0.8
208347,-1,17.416845,2.6402872,0.844,0.022,0.0,0.0,0.0,0.0,0.0,0.0,0.0
11940,-1,16.171179,2.8336568,0.857,0.102,0.0,0.2,0.0,0.0,0.0,0.0,0.4
151956,-1,15.619992,2.8481436,1.0,0.0,0.0,0.0,0.529,0.059,0.0,0.0,0.0
219920,1,16.200787,2.9808805,0.878,0.098,0.25,0.0,0.3,0.0,0.1,0.0,0.75
1718,-1,15.540186,1.0257903,0.805,0.171,0.0,0.0,0.625,0.125,0.125,0.125,0.4
99688,-1,16.512972,-0.15235141,0.886,0.091,0.0,0.0,0.0,0.0,0.0,0.0,0.75
25246,-1,15.458982,3.356053,0.429,0.531,0.45,0.0,0.0,0.182,0.364,0.0,0.55
45221,-1,13.4355135,2.1354163,0.773,0.227,0.0,0.667,0.0,0.5,0.0,0.0,0.667
120335,6,10.634916,9.8894005,0.02,0.98,0.979,0.702,0.091,0.182,0.0,0.636,0.043
51793,-1,14.220734,9.314986,0.683,0.268,0.444,0.111,0.0,1.0,0.0,0.0,0.333
264760,-1,10.901396,9.1225195,0.8,0.067,1.0,0.0,0.0,0.143,0.143,0.143,0.0
51314,-1,14.950148,4.6104565,0.886,0.045,0.0,0.0,0.0,0.5,0.0,0.0,1.0
49829,-1,15.90057,8.753397,0.07,0.93,1.0,0.051,0.25,0.0,0.0,0.25,0.179
217999,-1,14.077631,4.139547,0.732,0.268,0.273,0.091,0.0,0.0,0.0,0.0,0.727
51892,-1,16.279732,5.4496794,0.844,0.089,0.25,0.25,0.0,0.286,0.0,0.429,0.25
72331,-1,11.886265,8.586249,0.775,0.225,0.4,0.0,0.0,0.0,0.2,0.0,0.0
99245,-1,16.726864,0.32935867,0.915,0.0,0.0,0.0,0.0,0.0,0.0,0.0,0.0
129837,6,9.572138,10.162028,0.404,0.553,0.667,0.75,0.0,0.5,0.0,0.5,0.0
95066,-1,14.800997,1.1143267,0.854,0.125,0.0,0.0,0.512,0.0,0.0,0.0,0.833
55172,4,17.01367,7.954898,0.206,0.735,0.0,1.0,0.0,0.0,0.0,0.0,0.0
75140,-1,16.756157,3.8805928,0.911,0.022,0.0,0.0,0.0,0.0,0.0,0.0,0.0
165034,-1,13.627513,9.519398,0.023,0.977,0.976,0.119,0.111,0.556,0.111,0.111,0.19
246056,6,8.715397,10.384662,0.812,0.146,0.0,0.0,0.2,0.2,0.0,0.2,0.0
186971,-1,12.802559,7.051416,0.326,0.651,0.815,0.296,0.143,0.0,0.0,0.429,0.111
267400,-1,15.835284,8.21691,0.27,0.703,0.429,0.048,0.515,0.182,0.0,0.212,0.524
88812,-1,13.88261,2.2067652,0.791,0.186,0.0,0.0,0.0,0.0,0.0,1.0,0.5
111640,-1,16.581636,2.8891742,0.836,0.127,0.0,0.0,0.0,0.333,0.333,0.0,0.0
24263,-1,14.419494,3.873407,0.025,0.975,1.0,0.789,0.312,0.0,0.0,0.0,0.237
107592,-1,11.727045,7.631425,0.892,0.054,0.0,0.0,0.0,1.0,0.0,0.0,0.0
130412,0,13.660222,1.577142,0.902,0.098,0.0,0.0,0.0,0.0,0.0,0.0,1.0
84830,-1,11.026215,9.37441,0.347,0.633,0.414,0.828,0.0,0.0,0.8,0.05,0.172
176977,-1,15.41379,3.1036427,0.721,0.023,0.0,0.0,0.0,0.0,0.0,0.0,1.0
267504,-1,15.305013,7.4561734,0.583,0.389,0.286,0.214,0.519,0.0,0.0,0.259,0.286
274367,-1,17.922625,2.7200336,0.844,0.089,0.25,0.0,0.25,0.25,0.25,0.0,1.0
12403,-1,17.35833,4.045881,0.786,0.119,0.0,0.0,0.467,0.0,0.0,0.0,0.4
277583,-1,16.95875,3.2723184,0.804,0.152,0.143,0.0,0.0,0.0,0.0,0.0,0.714
89203,-1,16.571598,3.4509606,0.837,0.14,0.167,0.167,0.0,0.25,0.25,0.25,0.5
190757,-1,17.060219,2.9714358,0.75,0.205,0.0,0.0,0.286,0.143,0.0,0.0,0.0
264284,-1,12.920284,7.006294,0.738,0.262,0.0,0.0,0.0,0.0,0.0,0.0,0.0
7159,-1,12.647186,8.950963,0.204,0.796,0.953,0.163,0.0,0.125,0.125,0.75,0.093
255889,-1,11.076137,10.101473,0.294,0.676,1.0,0.217,0.0,0.333,0.333,0.0,0.087
86125,-1,15.159124,6.953427,0.878,0.073,0.333,0.0,0.0,0.0,0.0,1.0,0.333
148709,-1,14.652326,6.5885177,0.383,0.553,0.5,0.346,0.074,0.0,0.778,0.0,0.308
248524,-1,10.894693,10.259128,0.175,0.775,0.929,0.214,0.0,0.0,0.5,0.5,0.143
17198,-1,14.809946,7.9890823,0.848,0.109,0.2,0.0,0.167,0.0,0.0,0.167,0.2
21741,-1,12.183876,10.177807,0.745,0.043,0.5,0.5,0.0,0.0,0.0,0.0,0.5
98720,-1,15.655331,7.5143294,0.86,0.116,0.0,0.0,0.688,0.0,0.062,0.0,0.75
227968,-1,15.038694,7.1201167,0.805,0.098,0.75,0.25,0.111,0.0,0.333,0.111,0.5
16610,-1,14.496434,4.88752,0.727,0.25,0.0,0.0,1.0,0.0,0.0,0.0,0.0
272539,6,8.745319,11.306457,0.357,0.643,0.538,0.231,0.077,0.231,0.0,0.615,0.0
90548,-1,15.259887,7.8721895,0.8,0.2,0.5,0.25,0.0,0.0,0.0,0.5,1.0
69496,-1,15.9668045,2.2593737,0.625,0.375,0.2,0.2,0.0,0.05,0.9,0.0,0.7
7795,-1,15.50412,7.3837276,0.804,0.174,0.0,0.0,0.1,0.067,0.0,0.167,0.5
76209,-1,14.952099,5.2125626,0.206,0.794,0.926,0.037,0.0,0.5,0.0,0.0,0.148
261294,-1,13.048651,9.1674385,0.054,0.865,1.0,0.419,0.286,0.429,0.0,0.0,0.097
258015,-1,15.313027,3.1002097,0.583,0.25,0.25,0.125,0.0,0.2,0.2,0.0,0.0
23351,-1,14.097558,8.478957,0.641,0.359,0.444,0.111,0.25,0.5,0.25,0.0,0.111
12049,-1,16.01697,9.243195,0.375,0.562,0.706,0.824,0.0,0.667,0.0,0.0,0.294
129306,-1,14.092177,3.7021759,0.762,0.214,0.375,0.0,0.143,0.0,0.143,0.0,0.5
74114,6,9.5616,10.475025,0.593,0.373,0.0,0.0,0.0,0.0,0.25,0.0,0.0
83696,-1,16.913723,3.6209867,0.757,0.189,0.286,0.143,0.2,0.2,0.2,0.0,0.714
197191,-1,15.447422,8.959835,0.14,0.86,0.838,0.162,0.043,0.304,0.087,0.391,0.541
213822,-1,15.814548,7.738509,0.615,0.385,0.3,0.05,0.0,0.067,0.867,0.0,0.5
119629,0,13.540215,1.6709347,0.812,0.156,0.0,0.0,0.5,0.0,0.0,0.0,1.0
280516,-1,15.645734,7.7066817,0.829,0.098,0.0,0.0,0.0,0.0,0.0,0.0,0.0
201654,-1,15.657798,5.0583673,0.354,0.604,0.286,0.857,0.143,0.0,0.19,0.048,0.571
122367,6,8.02082,11.055656,0.432,0.295,0.0,0.0,0.0,0.0,0.048,0.905,0.25
197401,-1,14.953957,4.5866814,0.814,0.093,0.5,0.0,0.286,0.0,0.0,0.0,0.5
91083,-1,14.4713955,1.8333441,0.818,0.091,0.25,0.0,0.333,0.0,0.0,0.0,0.75
122888,-1,15.500293,1.1909852,0.925,0.025,0.0,0.0,0.0,0.0,0.0,0.0,1.0
225329,-1,17.079159,-0.33163536,0.822,0.133,0.0,0.0,0.0,0.0,0.0,0.0,0.6
91206,-1,13.522858,2.270163,0.25,0.688,0.048,0.143,0.0,0.0,0.958,0.0,0.619
227050,-1,16.053078,3.3027024,0.83,0.128,0.0,0.0,0.0,0.857,0.0,0.0,0.667
213502,-1,15.601908,3.2355871,0.184,0.789,0.31,0.655,0.0,0.0,1.0,0.0,0.655
133639,-1,14.791262,0.86125404,0.889,0.067,0.0,0.333,0.167,0.167,0.167,0.167,0.667
15880,-1,14.292724,2.8418071,0.068,0.932,0.923,0.205,0.091,0.045,0.5,0.0,0.41
124536,6,10.936187,8.819181,0.568,0.409,0.333,0.056,0.0,0.214,0.071,0.286,0.056
227687,-1,15.90325,9.080577,0.34,0.596,0.536,0.071,0.167,0.0,0.333,0.0,0.321
127127,-1,14.400795,1.1733993,0.917,0.083,0.0,0.25,0.0,0.5,0.0,0.0,0.75
125770,-1,13.956563,8.929418,0.618,0.294,0.375,0.75,0.0,0.333,0.0,0.333,0.5
22563,-1,13.553887,7.4971356,0.667,0.333,0.0,0.0,0.0,0.0,0.0,0.0,0.333
102230,6,8.468378,10.722857,0.514,0.429,0.167,0.417,0.077,0.077,0.0,0.769,0.0
36700,6,12.949818,5.9097834,0.17,0.702,0.733,0.8,0.158,0.053,0.0,0.211,0.033
253920,-1,16.147547,6.237386,0.816,0.105,0.333,0.667,0.25,0.0,0.25,0.0,0.0
272556,6,12.730052,5.95731,0.568,0.324,0.417,0.5,0.0,0.2,0.0,0.4,0.083
213404,-1,13.984317,6.2109895,0.955,0.023,1.0,0.0,0.0,0.0,0.0,0.0,0.0
215895,-1,15.99269,1.3897536,0.889,0.089,0.5,0.0,0.0,0.0,0.333,0.333,0.0
156951,-1,13.086383,10.226019,0.062,0.917,0.976,0.833,0.0,0.333,0.333,0.333,0.333
285850,-1,16.563595,4.3758364,0.696,0.283,0.333,0.333,0.0,0.2,0.0,0.0,0.667
6918,-1,13.331222,7.8599954,0.851,0.149,0.5,0.0,0.0,0.429,0.143,0.286,0.0
177718,-1,17.633135,1.5405598,0.756,0.146,0.0,0.0,0.143,0.0,0.0,0.0,0.5
84353,-1,15.641654,0.09931179,0.867,0.089,0.25,0.0,0.0,0.0,0.0,0.333,0.75
154738,-1,15.374482,0.08006725,0.769,0.205,0.0,0.0,0.467,0.033,0.0,0.0,0.75
100520,0,13.495975,1.5833822,0.886,0.045,0.0,0.0,0.0,0.0,0.25,0.0,1.0
60670,-1,17.212233,3.110099,0.182,0.75,0.71,0.097,0.182,0.045,0.227,0.0,0.581
130583,-1,14.613065,1.8420444,0.912,0.059,0.0,0.0,0.0,0.0,0.5,0.0,0.5
50053,-1,12.71139,9.593006,0.242,0.697,0.864,0.273,0.0,0.0,0.5,0.25,0.545
158811,-1,12.110851,10.205988,0.143,0.833,0.886,0.029,0.0,0.167,0.167,0.333,0.25
129567,6,8.079141,11.135936,0.956,0.044,0.0,0.0,0.0,0.0,0.0,0.0,0.5
171229,-1,17.581991,1.875068,0.93,0.07,0.5,0.0,0.0,0.5,0.5,0.0,0.5
20896,-1,16.578001,3.7815335,0.804,0.152,0.143,0.143,0.0,0.0,0.5,0.5,0.571
266499,-1,17.387392,0.6944837,0.776,0.184,0.714,0.0,0.6,0.2,0.0,0.0,0.857
118347,-1,14.54335,8.725185,0.324,0.676,0.846,0.077,0.0,0.0,0.0,0.0,0.077
270855,4,16.304296,7.7315726,0.528,0.472,0.0,0.5,0.333,0.167,0.0,0.0,0.0
230028,-1,15.241221,0.33501634,0.844,0.111,0.0,0.0,0.333,0.0,0.0,0.0,0.8
186352,-1,10.298768,8.867869,0.765,0.118,0.6,0.0,0.222,0.0,0.111,0.111,0.2
26692,-1,13.499843,9.9313135,0.047,0.93,0.923,0.077,0.038,0.154,0.0,0.192,0.077
198853,-1,13.109832,6.8526816,0.829,0.098,0.0,0.0,0.333,0.0,0.0,0.0,0.0
103790,-1,13.687392,5.9930243,0.474,0.5,0.474,0.947,0.0,0.0,0.714,0.0,0.316
291429,6,10.374155,9.936682,0.935,0.065,0.0,0.0,0.0,0.0,0.0,0.0,0.0
249108,-1,17.287756,0.5892587,0.854,0.042,0.0,0.0,0.0,0.0,0.0,0.0,0.0
30766,-1,14.32827,4.5720634,0.956,0.022,0.0,0.0,1.0,0.0,0.0,0.0,0.0
173273,-1,14.917967,1.8631938,0.809,0.128,0.0,0.0,0.0,0.0,0.0,0.0,0.8
265333,-1,13.898857,7.8204727,0.243,0.676,0.958,0.042,0.0,0.2,0.4,0.2,0.292
164175,-1,15.348654,7.3984456,0.044,0.911,0.763,1.0,0.0,0.278,0.611,0.056,0.368
240101,-1,14.976598,4.7512765,0.683,0.293,0.0,0.4,0.0,0.5,0.0,0.0,0.8
265084,-1,11.543937,8.457527,0.636,0.25,0.143,0.143,0.769,0.0,0.038,0.038,0.143
254660,-1,13.5275545,7.542023,0.59,0.385,0.2,0.0,0.0,1.0,0.0,0.0,0.2
197601,-1,13.455002,5.438668,0.667,0.333,0.643,0.071,0.0,0.0,0.375,0.25,0.643
139905,-1,15.449246,-0.1087953,0.907,0.093,0.0,0.0,0.0,0.0,0.5,0.5,0.75
101489,6,10.873796,9.310549,0.0,1.0,0.974,0.923,0.0,0.0,0.0,0.0,0.282
192187,-1,13.9375515,9.982485,0.058,0.923,1.0,0.319,0.0,0.0,0.25,0.5,0.128
39257,6,10.951109,10.563911,0.4,0.533,0.35,0.25,0.0,0.0,0.182,0.545,0.15
173042,-1,13.442779,3.441069,0.208,0.792,0.972,0.611,0.0,0.0,0.0,0.0,0.556
26600,-1,16.058792,4.29206,0.783,0.13,0.2,0.0,0.0,0.0,0.5,0.0,0.8
266894,-1,14.691038,7.291808,0.436,0.538,0.381,0.095,0.323,0.29,0.0,0.226,0.095
129376,-1,15.661421,9.287809,0.121,0.818,0.5,0.923,0.0,0.0,0.7,0.0,0.692
10721,-1,16.132332,0.68314004,0.696,0.022,0.0,0.0,0.067,0.0,0.0,0.0,0.0
223382,-1,10.064713,9.917556,0.878,0.073,0.0,0.0,0.333,0.0,0.0,0.0,0.0
128588,-1,14.264044,2.1594114,0.683,0.244,0.0,0.0,0.0,0.0,0.0,0.0,0.5
182436,-1,15.791678,8.073522,0.791,0.186,0.286,0.0,0.0,0.0,0.0,0.0,0.714
211525,-1,11.190238,8.225128,0.805,0.171,0.143,0.286,0.0,0.125,0.125,0.5,0.143
201437,-1,10.746778,8.48771,0.189,0.784,0.966,0.586,0.0,0.8,0.0,0.2,0.241
65451,-1,14.214591,4.204323,0.826,0.152,0.0,0.5,0.0,0.0,0.0,0.0,0.0
201815,6,10.291636,9.134891,0.047,0.93,0.975,0.275,0.0,0.2,0.2,0.0,0.325
219565,-1,14.472266,3.4448676,0.907,0.074,0.0,0.0,0.389,0.111,0.056,0.0,0.5
157452,-1,12.610749,6.1498127,0.829,0.146,0.0,0.0,0.409,0.045,0.045,0.0,0.8
207466,-1,15.206072,3.6912282,0.857,0.071,0.5,0.0,0.0,0.2,0.0,0.6,0.5
181774,6,10.378579,8.81034,0.826,0.065,0.0,0.333,0.0,0.0,0.667,0.0,0.0
255140,-1,14.406097,8.693625,0.39,0.561,0.652,0.043,0.524,0.048,0.048,0.19,0.304
216518,-1,14.9787445,3.9472635,0.656,0.281,0.556,0.667,0.0,0.0,0.0,0.0,0.444
233032,-1,14.860232,1.5448936,0.545,0.432,0.0,0.0,0.0,0.0,0.0,0.0,0.5
271337,6,9.6379175,10.490369,0.745,0.106,0.0,0.0,0.067,0.067,0.0,0.333,0.0
251709,-1,13.003479,7.8124127,0.586,0.379,1.0,1.0,0.769,0.0,0.0,0.0,0.0
55838,-1,13.311742,5.0667095,0.905,0.095,0.0,0.0,0.0,0.0,0.0,0.0,0.0
283042,-1,14.997678,3.7828507,0.682,0.288,0.0,0.0,0.5,0.1,0.0,0.2,0.5
109143,-1,13.945996,8.100878,0.833,0.167,0.25,0.5,1.0,0.0,0.0,0.0,0.25
13764,-1,14.194391,8.0838585,0.9,0.1,0.25,0.0,0.0,0.0,0.0,0.0,0.0
279600,-1,14.131951,3.961951,0.892,0.081,0.0,0.0,0.0,0.0,0.0,0.0,0.0
179301,-1,16.062037,1.2338103,0.929,0.048,0.0,0.0,0.2,0.0,0.0,0.0,1.0
68116,-1,16.695738,0.40042442,0.881,0.048,0.0,0.0,0.5,0.0,0.0,0.5,0.0
207769,6,10.486411,8.960771,0.718,0.231,0.667,0.111,0.0,0.333,0.0,0.583,0.111
135243,-1,14.761323,5.594859,0.824,0.157,0.5,0.0,0.0,0.0,0.0,0.0,0.75
138136,-1,17.057043,3.0961792,0.775,0.175,0.571,0.0,0.5,0.091,0.0,0.0,0.143
119068,-1,13.139801,10.096908,0.372,0.628,0.556,0.407,0.0,0.19,0.238,0.476,0.519
228595,-1,15.73189,5.87401,0.733,0.222,0.0,0.0,0.0,0.0,0.0,0.0,0.667
157366,-1,14.0714,8.847071,0.152,0.758,0.783,0.565,0.0,0.0,1.0,0.0,0.522
990,-1,17.185558,3.5741522,0.765,0.196,0.222,0.111,0.0,0.0,0.0,0.0,0.333
210970,-1,14.674468,6.1996875,0.8,0.178,0.167,0.167,0.0,0.0,0.5,0.0,0.333
30231,-1,15.842484,0.6102789,0.837,0.122,0.0,0.25,0.4,0.0,0.0,0.0,0.5
139589,-1,15.335283,3.3008618,0.854,0.146,0.2,0.0,0.0,0.5,0.5,0.0,0.8
237376,-1,10.144966,8.894115,0.872,0.077,0.0,0.0,0.0,0.455,0.0,0.091,0.0
31366,-1,14.161585,1.3135519,0.93,0.07,0.0,0.5,0.0,0.0,0.0,0.0,1.0
130626,6,9.663985,10.587509,0.263,0.737,0.885,0.077,0.0,0.333,0.0,0.5,0.115
240920,-1,16.057539,2.6160045,0.884,0.093,0.25,0.0,0.0,0.0,0.0,0.0,0.75
258607,6,9.48774,10.450221,0.226,0.742,0.304,0.087,0.0,0.091,0.0,0.864,0.043
122797,-1,13.67522,8.92993,0.05,0.95,0.605,0.184,0.0,0.0,1.0,0.0,0.711
106933,-1,13.448909,8.667725,0.0,0.972,1.0,0.6,0.0,0.0,1.0,0.0,0.171
145298,-1,15.953683,5.5354624,0.822,0.089,0.0,0.0,0.25,0.0,0.0,0.0,0.0
229967,6,9.928839,9.381575,0.512,0.372,0.533,0.067,0.0,0.0,0.0,0.5,0.2
100609,-1,17.200407,4.014512,0.857,0.071,0.0,0.0,0.333,0.0,0.0,0.0,0.667
140307,6,10.162005,10.863035,0.027,0.919,0.882,0.647,0.0,0.667,0.0,0.333,0.059
233127,-1,15.730282,1.9090989,0.841,0.136,0.0,0.0,0.0,0.0,0.0,0.0,0.5
74612,3,17.46696,4.825262,0.791,0.14,0.0,0.0,0.0,0.0,0.2,0.0,0.0
64519,-1,17.6915,4.078475,0.814,0.093,0.25,0.0,0.133,0.067,0.0,0.0,0.0
115727,-1,17.369045,3.4504812,0.882,0.02,0.0,0.0,0.143,0.429,0.0,0.0,0.0
171758,-1,17.438313,5.1610713,0.891,0.065,0.0,0.0,0.0,0.0,0.333,0.0,0.333
263457,-1,15.897008,6.1639476,0.533,0.433,0.75,0.375,0.0,1.0,0.0,0.0,0.5
54671,2,17.52646,2.8156962,0.872,0.128,0.0,0.0,0.0,0.0,0.0,1.0,1.0
195858,-1,14.062242,8.038347,0.87,0.109,0.0,0.0,0.0,0.0,0.0,1.0,0.167
247666,-1,15.971445,0.5456193,0.69,0.238,0.0,0.0,0.615,0.0,0.0,0.0,0.0
119098,-1,13.629957,3.0032904,0.592,0.347,0.062,0.0,0.111,0.222,0.0,0.111,0.875
80142,-1,14.384312,4.482008,0.846,0.103,0.75,0.0,0.0,0.333,0.0,0.333,0.75
288866,-1,16.764318,3.8114424,0.486,0.457,0.267,0.0,0.0,0.0,1.0,0.0,0.667
52566,-1,13.153338,9.06663,0.73,0.243,0.125,0.0,0.2,0.0,0.2,0.0,0.625
285320,-1,11.700779,8.935486,0.0,1.0,1.0,0.867,0.0,0.333,0.333,0.0,0.467
217395,-1,17.166887,4.0015745,0.773,0.227,0.0,0.0,0.0,0.0,0.0,0.0,0.0
256496,-1,13.309743,8.469555,0.067,0.833,1.0,0.12,0.5,0.5,0.0,0.0,0.08
169989,-1,17.520308,4.1469746,0.878,0.122,0.0,0.667,0.696,0.0,0.0,0.043,0.667
145661,6,11.598299,8.688992,0.884,0.116,0.2,0.2,0.0,0.2,0.2,0.6,0.0
74175,-1,12.43681,6.6500974,0.84,0.16,0.143,0.0,0.286,0.0,0.286,0.0,0.714
207434,-1,16.729984,2.1153517,0.868,0.105,0.333,0.667,0.0,0.0,0.2,0.2,0.667
75804,-1,12.272207,8.0494795,0.027,0.919,0.971,0.294,0.0,0.667,0.0,0.333,0.382
26997,-1,16.023312,4.4910684,0.865,0.096,0.25,0.0,0.0,0.0,0.0,0.0,1.0
288656,-1,15.631464,3.0643198,0.732,0.244,0.1,0.0,0.0,0.0,0.667,0.0,0.7
180880,-1,13.516871,3.131474,0.886,0.114,0.0,0.0,0.0,0.0,0.0,0.0,0.6
130191,-1,12.377582,9.107211,0.32,0.64,0.812,0.312,0.0,0.0,0.0,0.0,0.188
276249,-1,15.530806,3.1000779,0.071,0.881,0.973,0.243,0.0,0.0,0.9,0.05,0.676
260255,-1,14.647177,7.07999,0.568,0.378,0.0,0.0,0.0,0.5,0.0,0.0,0.0
141460,-1,15.397913,1.0894345,0.944,0.037,0.0,0.0,0.0,0.0,0.0,0.0,1.0
250896,-1,13.984641,7.338899,0.872,0.077,0.333,0.0,0.531,0.031,0.0,0.0,0.333
111219,-1,13.234869,5.2858887,0.857,0.119,0.2,0.0,0.0,0.0,0.0,0.0,0.2
210901,-1,13.734626,4.6419888,0.441,0.559,0.5,0.25,0.0,0.25,0.25,0.0,0.25
163634,-1,14.806923,8.45087,0.39,0.561,0.778,0.0,0.222,0.111,0.0,0.0,0.167
208062,-1,14.786421,2.9086757,0.812,0.125,0.25,0.0,0.0,0.5,0.5,0.0,0.0
241351,-1,13.666649,2.7604454,0.849,0.094,0.0,0.0,0.0,0.5,0.0,0.0,0.6
76524,-1,15.679313,3.8364813,0.812,0.146,0.143,0.143,0.0,0.625,0.0,0.062,0.286
231783,-1,13.227796,9.04252,0.857,0.143,0.0,0.0,0.0,0.0,1.0,0.0,0.667
140417,-1,14.639184,0.8518723,0.568,0.081,0.0,0.0,0.0,0.25,0.0,0.0,1.0
906,-1,17.439224,4.740284,0.727,0.227,0.429,0.0,0.4,0.0,0.0,0.2,0.375
45322,-1,15.712208,1.3090984,0.829,0.122,0.0,0.0,0.0,0.0,0.0,0.0,0.8
217785,-1,13.868094,8.390938,0.725,0.25,0.222,0.444,0.08,0.12,0.32,0.08,0.556
75482,-1,16.621492,2.164238,0.463,0.512,0.667,0.0,0.0,0.375,0.0,0.5,0.333
200068,-1,15.58084,1.2895517,0.889,0.111,0.333,0.333,0.333,0.0,0.0,0.0,0.667
174057,-1,14.086138,6.47348,0.568,0.405,0.643,0.133,0.5,0.091,0.0,0.091,0.429
187434,-1,17.150576,5.410458,0.809,0.17,0.0,0.167,0.0,1.0,0.0,0.0,0.333
110366,-1,18.07118,4.101379,0.915,0.021,0.0,0.0,0.0,0.0,0.0,0.0,1.0
227058,-1,14.459749,2.3399363,0.762,0.143,0.0,0.333,0.2,0.2,0.0,0.4,0.333
238646,-1,13.479229,7.997967,0.308,0.667,0.0,0.0,0.0,0.0,0.5,0.0,0.0
40472,-1,13.477688,2.3602576,0.953,0.047,0.0,0.0,0.0,0.0,0.333,0.0,0.0
98546,-1,14.369265,7.3041763,0.122,0.878,0.852,0.333,0.0,0.0,0.4,0.0,0.407
38785,-1,15.668277,6.7188263,0.863,0.118,0.333,0.333,0.0,0.5,0.5,0.0,0.667
56578,-1,17.869644,4.762355,0.891,0.087,0.333,0.0,0.0,0.0,0.167,0.167,0.333
112160,-1,15.959008,2.7524567,0.914,0.029,0.0,0.0,0.0,0.0,0.0,0.0,0.0
60055,-1,16.987682,0.39913452,0.844,0.133,0.167,0.0,0.0,0.0,0.0,0.0,0.833
79667,-1,15.583365,1.1013817,0.38,0.62,0.714,0.071,0.071,0.214,0.286,0.071,0.571
90093,6,9.19246,10.514905,0.738,0.238,1.0,0.0,0.0,1.0,0.0,0.0,0.0
186903,-1,13.703379,9.772815,0.271,0.708,0.879,0.061,0.0,0.333,0.167,0.333,0.03
8371,5,17.63493,0.44370943,0.867,0.089,0.0,0.0,0.286,0.0,0.0,0.286,0.667
87439,1,16.388615,3.9116924,0.791,0.163,0.286,0.286,0.0,0.8,0.0,0.0,0.143
152276,-1,16.533756,8.173,0.325,0.575,0.45,0.15,0.724,0.103,0.0,0.103,0.85
249488,-1,16.262096,-0.27941245,0.844,0.089,0.25,0.0,0.0,0.0,0.0,0.0,0.25
107907,-1,17.611628,1.4742355,0.905,0.095,0.0,0.0,0.1,0.0,0.0,0.0,0.5
25362,-1,16.066704,-0.20663628,0.93,0.023,0.0,0.0,0.0,0.0,0.0,0.5,0.0
92827,-1,17.679579,3.5497885,0.9,0.075,0.0,0.0,0.0,0.0,1.0,0.0,0.0
155864,-1,14.555955,3.3550699,0.864,0.091,0.25,0.0,0.0,0.0,0.0,0.5,0.75
275295,-1,16.794775,-0.3480073,0.816,0.02,0.0,0.0,0.25,0.0,0.0,0.0,0.0
220135,6,10.454817,9.299886,0.073,0.927,1.0,0.108,0.0,0.333,0.0,0.25,0.027
89034,-1,16.98415,0.14572504,0.932,0.045,0.0,0.0,0.0,0.0,0.0,0.0,0.0
182342,-1,16.28031,2.857833,0.829,0.098,0.25,0.0,0.462,0.154,0.0,0.0,0.25
124046,6,11.486228,9.123994,0.674,0.326,0.571,0.5,0.0,0.167,0.0,0.5,0.143
25277,-1,12.070554,10.141498,0.064,0.894,0.929,0.214,0.0,0.2,0.0,0.2,0.095
156286,-1,15.427994,3.614182,0.977,0.023,0.0,0.0,0.0,0.0,0.0,0.0,1.0
192662,-1,13.821764,9.474982,0.049,0.927,0.972,0.417,0.375,0.125,0.0,0.125,0.5
178927,-1,15.169369,9.2250395,0.152,0.818,0.778,0.593,0.0,0.333,0.111,0.0,0.37
116396,-1,11.196638,8.198742,0.5,0.4,0.812,0.312,0.0,0.462,0.154,0.231,0.0
41775,-1,15.526659,3.3907619,0.788,0.192,0.0,0.0,0.295,0.0,0.0,0.0,0.5
112288,-1,13.759217,6.9827094,0.837,0.07,0.0,0.333,0.0,0.0,0.0,0.0,0.0
75466,-1,15.137209,3.967347,0.865,0.081,0.0,0.0,0.5,0.0,0.5,0.0,0.667
203267,-1,14.708094,5.920913,0.804,0.152,0.0,0.0,0.2,0.0,0.0,0.0,0.714
231475,-1,12.830761,9.168299,0.362,0.638,0.385,0.154,0.721,0.047,0.0,0.023,0.154
232383,-1,15.044316,4.9343934,0.778,0.156,0.143,0.571,0.286,0.0,0.0,0.143,0.429
98845,-1,14.626604,9.548636,0.022,0.933,0.976,0.049,0.0,0.0,1.0,0.0,0.756
116247,-1,17.219807,1.4636327,0.909,0.091,0.0,0.0,0.0,0.0,0.0,0.0,1.0
65540,6,12.868658,8.977458,0.697,0.273,0.571,0.0,0.0,0.143,0.0,0.0,0.0
181082,-1,13.231516,3.9710095,0.881,0.119,0.0,0.0,0.429,0.071,0.0,0.0,0.5
263518,-1,14.917107,8.839525,0.265,0.706,0.583,0.292,0.167,0.25,0.167,0.333,0.167
116944,-1,13.737393,8.003275,0.119,0.881,0.971,0.441,0.0,0.556,0.111,0.111,0.412
135225,-1,15.740333,1.1967546,0.86,0.116,0.0,0.0,0.406,0.0,0.0,0.0,0.8
34799,-1,15.7304735,5.825519,0.643,0.333,0.333,0.0,0.0,0.0,1.0,0.0,0.667
158404,-1,15.698612,5.0687904,0.85,0.15,0.0,0.0,0.333,0.0,0.0,0.0,0.667
23366,-1,16.659018,4.7084837,0.727,0.273,0.0,0.0,0.0,0.333,0.333,0.0,1.0
246183,6,9.427318,10.798532,0.229,0.604,0.172,0.034,0.0,0.0,0.0,0.771,0.0
86490,-1,16.964981,2.6854997,0.946,0.018,0.0,0.0,0.0,0.0,1.0,0.0,0.0
264972,6,12.043416,8.786381,0.579,0.395,0.0,0.0,0.0,0.0,1.0,0.0,0.0
150030,-1,15.653762,4.6082015,0.857,0.125,0.167,0.167,0.0,0.0,0.0,0.5,0.5
85797,-1,14.066049,3.2206564,0.811,0.108,0.25,1.0,0.143,0.571,0.0,0.0,0.0
128123,-1,16.71553,8.35624,0.564,0.436,0.333,0.0,0.312,0.125,0.0,0.0,0.222
14571,-1,15.51733,9.481072,0.75,0.25,0.2,0.2,0.0,0.333,0.333,0.0,0.3
221745,-1,14.571113,0.9583131,0.85,0.075,0.0,0.0,0.682,0.0,0.045,0.0,1.0
272100,6,9.751328,10.162052,0.514,0.486,0.0,0.0,0.0,0.0,0.0,0.0,0.0
68385,-1,13.885321,7.048926,1.0,0.0,0.0,0.0,0.0,0.0,0.0,0.0,0.0
204759,-1,16.808105,7.826642,0.217,0.783,0.0,1.0,0.0,0.333,0.167,0.0,1.0
269043,-1,14.132528,4.133433,0.675,0.325,0.286,0.0,0.0,0.0,0.0,0.0,0.857
18834,-1,10.429302,8.436956,0.902,0.024,0.0,0.0,0.308,0.0,0.0,0.462,0.0
20928,-1,13.587003,4.6445355,0.5,0.5,0.444,0.278,0.438,0.125,0.031,0.0,0.778
44306,-1,14.504879,9.047136,0.596,0.383,0.0,0.0,0.0,0.0,0.0,0.0,0.0
24112,-1,15.471765,3.3110654,0.795,0.136,0.167,0.0,0.0,0.2,0.0,0.0,0.5
13707,-1,17.415205,0.37415013,0.667,0.292,0.0,0.083,0.7,0.025,0.0,0.05,0.583
54516,-1,16.06909,5.7874293,0.441,0.559,0.158,0.316,0.0,0.143,0.714,0.0,0.632
143200,-1,13.001368,9.142225,0.696,0.239,0.182,0.091,0.0,0.143,0.143,0.571,0.273
270680,-1,12.010502,8.685028,0.341,0.659,0.0,0.0,0.0,0.333,0.0,0.0,0.0
113388,6,8.240317,11.252986,0.717,0.261,0.111,0.333,0.267,0.0,0.0,0.333,0.111
34699,-1,12.667841,7.117364,0.814,0.116,0.0,0.0,0.0,0.333,0.167,0.333,0.0
120411,-1,14.933145,7.8111553,0.8,0.175,0.333,0.167,0.167,0.167,0.0,0.25,0.167
37447,-1,13.892511,1.2957245,0.775,0.175,0.0,0.0,0.36,0.0,0.0,0.0,0.667
216568,-1,13.40535,7.554732,0.026,0.974,1.0,0.778,0.125,0.188,0.125,0.312,0.057
24825,6,10.412494,10.169858,0.588,0.412,0.769,0.308,0.0,0.143,0.143,0.143,0.0
90250,-1,14.381538,1.0497313,0.795,0.182,0.0,0.0,0.0,0.0,0.0,0.0,0.833
74884,-1,16.173891,8.335165,0.412,0.588,0.5,0.167,0.0,0.263,0.0,0.368,0.333
28289,-1,15.843189,2.5074372,0.8,0.156,0.0,0.0,0.556,0.0,0.111,0.0,0.333
138233,-1,15.9345455,2.1461265,0.854,0.049,0.5,0.0,0.0,0.25,0.0,0.0,0.0
1365,-1,15.5884285,9.23606,0.756,0.22,0.556,0.111,0.0,0.0,0.5,0.0,0.0
291179,-1,15.562282,5.1489663,0.831,0.136,0.375,0.125,0.296,0.037,0.037,0.222,0.5
264533,-1,17.896393,1.3009353,0.878,0.024,0.0,0.0,0.231,0.0,0.0,0.0,0.0
199334,-1,16.108204,4.495789,0.789,0.184,0.143,0.0,0.25,0.25,0.0,0.0,0.286
27248,-1,14.649408,9.582359,0.861,0.111,0.75,0.0,0.0,0.0,0.0,0.0,0.0
45738,-1,14.035807,7.417583,0.183,0.783,0.848,0.717,0.0,0.053,0.632,0.0,0.543
156985,-1,16.393639,7.373103,0.087,0.913,1.0,0.333,0.615,0.077,0.038,0.0,0.667
236246,-1,13.830914,9.247449,0.784,0.189,0.286,0.0,0.0,0.5,0.5,0.0,0.571
213604,-1,14.9912195,4.6094985,0.211,0.789,0.414,0.069,0.31,0.034,0.345,0.0,0.724
1878,-1,12.81137,6.629953,0.881,0.048,0.0,0.0,0.0,0.0,0.0,0.0,0.5
30221,-1,16.508577,8.784354,0.818,0.152,0.0,0.2,0.0,1.0,0.0,0.0,0.6
66603,-1,14.212511,8.350845,0.841,0.159,0.0,0.5,0.0,0.0,0.0,0.0,0.0
273837,-1,15.868002,1.197021,0.679,0.226,0.25,0.0,0.5,0.0,0.0,0.0,0.5
238337,4,16.569242,7.101916,0.486,0.432,0.455,0.182,0.0,0.0,1.0,0.0,0.545
67725,-1,15.169617,0.38540953,0.795,0.114,0.2,0.2,0.0,1.0,0.0,0.0,0.6
111344,6,8.488515,11.216158,0.837,0.116,0.2,0.0,0.0,0.0,0.333,0.333,0.2
204802,-1,14.537064,1.510935,0.763,0.237,0.0,0.0,0.0,0.0,0.6,0.0,0.857
264730,-1,16.520096,-0.045830783,0.84,0.08,0.25,0.0,0.0,1.0,0.0,0.0,0.5
80497,-1,17.846523,0.88137716,0.933,0.044,0.0,0.0,0.0,0.0,0.0,0.0,1.0
179575,-1,13.653503,6.815182,0.191,0.745,0.529,0.088,0.111,0.306,0.056,0.306,0.353
219058,-1,16.740078,-0.44477785,0.913,0.087,0.25,0.25,0.5,0.0,0.0,0.25,1.0
218105,-1,14.574958,4.9181604,0.271,0.708,1.0,0.056,0.0,0.0,0.0,0.0,0.667
113259,-1,16.646881,8.300478,0.213,0.787,1.0,1.0,0.0,0.0,0.0,0.0,0.0
178816,-1,16.685238,4.764076,0.952,0.024,0.0,0.0,0.0,0.5,0.0,0.0,1.0
223496,-1,17.56745,3.0505857,0.85,0.125,0.25,1.0,0.0,0.0,1.0,0.0,0.5
286341,-1,16.987137,3.338347,0.875,0.083,0.0,0.0,0.0,0.0,0.0,0.0,0.0
27743,6,12.421965,8.356002,0.185,0.815,0.727,0.659,0.0,0.211,0.684,0.0,0.205
14878,-1,13.331984,3.7485971,0.867,0.111,0.2,0.0,0.333,0.0,0.0,0.0,0.8
14462,-1,17.623638,4.205175,0.825,0.1,0.25,0.0,0.0,0.0,0.0,0.25,0.75
33908,-1,14.271803,3.9688826,0.426,0.574,0.5,0.5,0.167,0.5,0.0,0.0,0.0
116932,-1,13.927153,2.9352434,0.898,0.061,0.0,0.0,0.643,0.0,0.0,0.0,0.333
22827,-1,15.7903185,3.218405,0.911,0.067,0.0,0.0,0.0,1.0,0.0,0.0,0.667
127517,-1,14.334733,4.934654,0.387,0.613,0.842,0.211,0.0,0.0,0.0,0.0,0.579
237895,-1,17.857895,3.153637,0.805,0.195,0.333,0.0,0.0,0.0,0.5,0.0,0.167
93742,-1,17.532835,2.947262,0.773,0.182,0.0,0.0,0.615,0.0,0.0,0.0,0.571
183847,-1,17.229229,0.3728522,0.896,0.021,0.0,0.0,0.6,0.2,0.0,0.0,1.0
20141,-1,14.220129,7.286992,0.27,0.703,0.538,1.0,0.0,0.0,0.333,0.222,0.192
91563,6,10.180277,9.181829,0.429,0.571,0.792,0.375,0.0,0.333,0.333,0.0,0.0
198015,6,8.116536,11.06113,0.692,0.231,0.556,0.0,0.0,0.286,0.143,0.286,0.0
177190,-1,14.832846,6.2044935,0.921,0.026,0.0,1.0,0.0,0.0,0.0,0.0,0.0
169083,-1,13.353725,9.223981,0.357,0.619,0.92,0.52,0.0,0.167,0.083,0.417,0.4
151947,-1,14.439083,4.7426414,0.568,0.409,0.778,0.5,0.0,0.0,0.5,0.0,0.056
46467,-1,11.463083,8.626802,0.062,0.906,0.964,0.571,0.783,0.043,0.0,0.087,0.0
89934,6,12.517361,8.988304,0.683,0.293,0.4,0.8,0.125,0.375,0.0,0.25,0.0
67397,-1,14.533117,2.203076,0.886,0.023,0.0,0.0,0.0,0.0,0.0,0.0,1.0
31566,-1,11.616172,9.271521,0.761,0.239,0.0,0.0,0.0,0.5,0.0,0.5,0.0
194384,-1,10.034485,9.72666,0.487,0.487,0.333,0.0,0.0,0.3,0.0,0.5,0.0
30782,-1,15.168396,1.1345733,0.909,0.023,0.0,0.0,0.5,0.0,0.0,0.0,0.0
115596,-1,16.782595,-0.1251561,0.814,0.116,0.0,0.0,0.0,0.0,1.0,0.0,1.0
180142,-1,15.389637,4.5264444,0.429,0.571,0.0,0.895,0.0,0.143,0.0,0.286,0.421
290335,-1,13.906446,8.171703,0.867,0.089,0.0,0.0,0.0,0.0,0.0,0.0,0.25
31765,-1,18.05749,3.5718417,0.921,0.079,0.667,0.0,0.0,0.333,0.333,0.0,0.333
41125,-1,14.48955,1.0290803,0.902,0.059,0.0,0.0,0.143,0.143,0.0,0.286,0.333
51952,-1,14.919975,3.07803,0.936,0.043,0.0,0.0,0.0,1.0,0.0,0.0,0.5
62389,-1,15.52206,0.2796773,0.907,0.037,0.0,0.0,0.0,0.0,0.25,0.0,0.5
149925,-1,13.972987,5.8809752,0.867,0.1,0.167,0.167,0.0,0.5,0.0,0.0,0.667
194663,-1,11.824449,9.661925,0.043,0.957,1.0,0.214,0.1,0.3,0.0,0.0,0.167
188108,1,16.24979,3.1002026,0.884,0.023,0.0,0.0,0.0,0.0,0.0,0.5,1.0
251803,-1,10.642553,10.528711,0.59,0.385,0.556,0.0,0.0,0.4,0.0,0.5,0.0
1093,-1,17.612469,5.135525,0.14,0.837,0.917,0.361,0.0,0.25,0.375,0.125,0.611
77605,-1,14.996614,8.824868,0.644,0.356,0.357,0.929,0.0,0.2,0.8,0.0,0.286
13449,-1,15.958989,3.2321184,0.864,0.068,0.0,0.0,0.4,0.0,0.2,0.0,0.667
268324,-1,13.611311,7.794584,0.789,0.158,0.5,0.0,0.0,0.0,0.0,0.0,0.0
123691,6,8.712997,10.556669,0.396,0.521,0.125,0.25,0.056,0.111,0.0,0.694,0.0
123337,-1,16.708214,8.15522,0.1,0.85,0.4,0.6,0.062,0.312,0.0,0.5,0.4
153585,-1,17.729776,2.0422747,0.864,0.045,0.0,0.0,0.0,0.0,0.0,0.0,0.5
8959,-1,14.299982,2.275852,0.805,0.073,0.0,1.0,0.0,0.0,0.5,0.5,0.0
263024,6,12.940068,5.6834455,0.595,0.351,0.0,0.0,0.0,0.2,0.0,0.6,0.0
96135,-1,13.958087,3.1395338,0.822,0.133,0.333,0.0,0.333,0.0,0.111,0.0,0.333
200105,-1,12.093127,9.079302,0.677,0.29,0.5,0.0,0.333,0.333,0.0,0.333,0.625
26949,6,9.693387,11.320602,0.159,0.818,0.941,0.147,0.0,0.091,0.091,0.364,0.059
138690,-1,14.214709,9.331051,0.0,1.0,0.923,0.654,0.0,0.375,0.375,0.25,0.385
100908,5,17.150986,-0.2682161,0.733,0.111,0.0,0.0,0.143,0.0,0.0,0.0,0.6
95689,-1,16.49904,5.303538,0.892,0.108,0.0,0.0,0.0,0.0,0.0,0.0,0.0
195524,-1,17.17954,5.534693,0.833,0.119,0.333,0.333,0.5,0.0,0.0,0.167,0.667
157134,-1,15.276025,3.344113,0.698,0.302,0.5,0.833,0.0,0.167,0.0,0.667,0.417
136326,-1,14.306751,5.0536866,0.833,0.119,0.2,0.0,0.0,0.5,0.0,0.0,0.6
149840,-1,10.397967,8.762545,0.839,0.107,0.167,0.0,0.0,0.0,0.5,0.0,0.833
241742,-1,15.128383,7.504858,0.6,0.4,0.357,0.5,0.0,0.333,0.167,0.167,0.429
200118,-1,16.546265,1.057265,0.895,0.105,0.25,0.0,0.0,0.0,0.0,0.0,1.0
257745,-1,14.146126,5.8317657,0.902,0.049,0.0,0.0,0.0,1.0,0.0,0.0,0.5
132799,-1,15.962791,-0.2388052,0.897,0.051,0.0,0.0,0.154,0.0,0.0,0.0,0.0
116618,-1,14.22301,9.642553,0.463,0.488,0.35,0.0,0.0,0.0,1.0,0.0,0.6
166012,-1,16.456293,8.281688,0.034,0.932,1.0,0.13,0.167,0.5,0.0,0.167,0.167
194641,-1,13.856829,1.5088282,0.8,0.15,0.2,0.0,0.4,0.0,0.0,0.04,0.8
29717,-1,14.765335,8.896346,0.783,0.13,0.0,0.0,0.0,0.0,0.0,0.0,0.5
755,-1,15.30154,0.5104099,0.857,0.029,0.0,0.0,0.25,0.0,0.0,0.0,1.0
23607,-1,14.542426,3.4058917,0.889,0.111,0.2,0.0,0.0,0.0,0.0,0.0,0.8
4426,-1,14.075792,3.1188073,0.84,0.12,0.25,0.0,0.0,0.667,0.0,0.0,0.0
154674,-1,15.223214,4.0124235,0.189,0.811,0.633,0.8,0.0,0.0,0.867,0.0,0.767
11815,-1,15.696442,4.771305,0.907,0.093,0.0,0.0,0.0,0.0,0.25,0.0,0.0
95622,-1,15.6352,3.4859793,0.833,0.119,0.0,0.0,0.125,0.0,0.0,0.125,0.4
53199,5,17.657097,0.37279913,0.822,0.044,0.0,0.0,0.0,0.0,0.0,0.0,1.0
237324,-1,16.665773,0.42992392,0.841,0.136,0.0,0.167,0.25,0.125,0.25,0.0,1.0
185225,-1,14.090117,8.8646965,0.721,0.233,0.2,0.0,0.0,0.111,0.0,0.444,0.1
294505,-1,15.58942,1.0606188,0.65,0.35,0.5,0.0,0.0,0.0,0.0,0.0,0.5
195242,-1,15.559499,3.3151498,0.683,0.244,0.0,0.143,0.167,0.0,0.0,0.0,0.714
219253,-1,12.942859,10.257382,0.029,0.941,1.0,0.188,0.25,0.25,0.0,0.25,0.156
100290,-1,14.007599,9.313589,0.068,0.909,0.7,0.225,0.0,0.0,0.955,0.0,0.475
181343,-1,15.176983,1.6001722,0.8,0.111,0.0,0.0,0.375,0.062,0.0,0.062,0.25
254922,-1,16.99285,7.8025227,0.295,0.682,0.0,1.0,0.0,0.0,0.0,0.25,0.0
55465,-1,15.669428,5.057578,0.811,0.189,0.333,0.333,0.0,0.0,0.0,0.0,0.333
262724,-1,15.514156,0.6208139,0.773,0.136,0.0,0.0,0.714,0.0,0.143,0.0,0.667
237033,6,10.693095,9.052178,0.688,0.292,0.4,0.0,0.0,0.0,0.1,0.4,0.1
167282,-1,14.958913,0.26273805,0.875,0.1,0.0,0.0,0.5,0.0,0.0,0.0,0.667
215804,-1,16.585947,3.331247,0.717,0.226,0.25,0.25,0.0,0.0,0.5,0.5,0.75
187994,-1,16.29344,8.435807,0.434,0.547,0.5,0.136,0.0,0.0,0.667,0.0,0.136
91972,-1,16.323215,1.2255948,0.333,0.615,0.0,0.0,0.0,0.0,0.0,0.0,0.0
273257,6,8.859807,10.634362,0.03,0.909,0.967,0.833,0.0,0.333,0.0,0.556,0.067
187463,-1,16.28667,0.76846945,0.667,0.208,0.2,0.2,0.55,0.1,0.0,0.05,0.0
11708,-1,13.903017,8.341609,0.762,0.238,1.0,0.0,0.0,1.0,0.0,0.0,0.0
41722,-1,15.973206,3.15321,0.786,0.214,0.667,0.222,0.0,0.2,0.6,0.0,0.556
228748,-1,16.328442,1.8158636,0.818,0.182,0.0,0.0,0.0,1.0,0.0,0.0,0.714
170471,-1,17.501694,1.161548,0.831,0.102,0.0,0.0,0.381,0.048,0.0,0.0,0.833
70890,-1,11.9759035,10.2815275,0.023,0.955,1.0,0.095,0.0,0.5,0.0,0.0,0.119
68438,-1,18.006685,3.4526005,0.864,0.091,0.0,0.0,0.0,0.0,0.286,0.0,0.667
139378,-1,15.64272,2.9090517,0.818,0.114,0.333,0.0,0.0,0.0,0.0,0.0,0.667
142801,-1,13.550828,2.5449276,0.935,0.022,0.0,0.0,0.333,0.0,0.0,0.0,0.0
10640,-1,14.907626,5.0944085,0.138,0.862,0.32,0.04,0.0,0.0,1.0,0.0,0.6
261161,6,12.9405575,5.6375184,0.436,0.538,0.0,0.0,0.25,0.0,0.5,0.0,0.0
293704,-1,16.902195,0.16363688,0.852,0.093,0.0,0.2,0.0,0.167,0.0,0.167,0.6
233649,-1,14.143532,2.49606,0.822,0.111,0.0,0.0,0.0,0.0,0.0,0.25,0.0
230900,-1,15.892325,4.114532,0.758,0.212,0.571,0.429,0.0,0.0,0.0,0.0,0.286
214561,-1,8.741208,10.561654,0.465,0.512,0.0,0.0,0.167,0.0,0.0,0.083,0.0
127857,-1,14.683184,8.132981,0.306,0.653,0.594,0.094,0.0,0.4,0.4,0.0,0.438
181599,6,10.492943,9.063239,0.067,0.9,0.963,0.259,0.0,0.5,0.0,0.5,0.148
161442,6,8.945262,9.891011,0.531,0.469,0.4,0.733,0.083,0.083,0.417,0.25,0.0
206755,-1,15.280484,9.527541,0.184,0.816,0.605,0.051,0.0,0.0,0.824,0.0,0.263
266871,-1,13.150981,8.022251,0.878,0.098,0.25,0.0,0.824,0.118,0.0,0.0,0.0
71801,-1,15.256645,3.8863115,0.641,0.282,0.0,0.25,0.25,0.0,0.25,0.0,0.625
122464,-1,16.52344,5.795253,0.646,0.312,0.0,0.0,0.0,0.0,0.667,0.333,0.333
153575,-1,15.820095,2.9545622,0.81,0.19,0.0,0.0,0.0,0.0,0.333,0.333,1.0
166271,-1,15.170656,4.080036,0.286,0.714,0.2,0.167,0.0,0.0,1.0,0.0,0.4
28453,-1,14.20265,3.8825846,0.25,0.694,0.92,0.24,0.0,0.2,0.4,0.0,0.36
165860,-1,15.918528,0.2040951,0.909,0.068,0.333,0.0,0.385,0.0,0.0,0.0,0.0
193733,-1,16.37847,0.034676407,0.86,0.14,0.0,0.0,0.0,0.0,0.167,0.0,0.4
71830,-1,14.34693,8.194243,0.5,0.435,0.647,0.0,0.0,0.0,0.0,0.5,0.0
131567,-1,16.77813,0.17055105,0.844,0.089,0.25,0.0,0.0,0.2,0.2,0.0,0.75
75561,-1,12.841022,6.9616685,0.022,0.935,0.951,0.756,0.0,0.667,0.0,0.333,0.171
271531,6,8.67532,11.1847,0.804,0.13,0.333,0.167,0.0,0.1,0.0,0.4,0.0
256678,-1,13.523492,8.437013,0.441,0.559,0.895,0.158,0.222,0.333,0.222,0.111,0.105
144200,-1,17.11983,0.6490599,0.87,0.087,0.0,0.0,0.333,0.0,0.0,0.0,0.75
237355,-1,16.169044,0.21886422,0.84,0.12,0.333,0.0,0.0,0.25,0.0,0.5,0.5
115982,-1,13.117328,7.109105,0.895,0.105,0.5,0.0,0.0,0.5,0.0,0.0,0.25
65234,-1,16.908295,1.6128073,0.898,0.041,0.5,0.0,0.0,0.0,0.0,0.0,0.0
284977,-1,16.177654,1.2016605,0.833,0.095,0.0,0.0,0.0,0.0,0.0,0.0,1.0
143277,6,8.419908,10.313609,0.955,0.045,0.0,0.0,0.0,0.333,0.0,0.333,0.0
99305,-1,14.52949,1.5980734,0.955,0.0,0.0,0.0,0.6,0.0,0.0,0.0,0.0
92933,-1,17.624695,4.163715,0.733,0.244,0.333,0.111,0.0,1.0,0.0,0.0,0.556
124164,-1,15.29741,2.7746062,0.87,0.065,0.333,0.0,0.0,0.0,0.0,0.0,0.333
158201,-1,14.52133,9.585477,0.7,0.275,0.545,0.182,0.143,0.429,0.143,0.143,0.182
158186,-1,13.580006,4.67707,0.8,0.171,0.167,0.167,0.0,0.0,1.0,0.0,0.5
158287,-1,13.292985,8.9931135,0.514,0.486,0.882,0.765,0.0,0.0,1.0,0.0,0.294
81399,6,11.379016,8.93418,0.485,0.485,0.867,0.067,0.125,0.125,0.0,0.375,0.133
44292,-1,14.3069515,3.990181,0.61,0.317,0.2,0.0,0.0,0.0,0.0,0.0,0.6
196160,-1,16.289558,3.4783702,0.909,0.068,0.0,0.333,0.0,0.0,0.0,0.25,1.0
43826,-1,16.0554,4.745565,0.892,0.081,0.333,0.333,0.5,0.0,0.0,0.0,0.333
198422,-1,16.860573,4.686437,0.886,0.045,0.0,0.0,0.167,0.167,0.167,0.333,1.0
210939,-1,12.090356,8.030436,0.733,0.222,0.2,0.0,0.0,0.167,0.5,0.167,0.3
106103,-1,16.930832,8.044661,0.711,0.237,0.75,0.25,0.0,0.0,0.0,0.0,0.375
46840,-1,14.726182,0.4656645,0.763,0.105,0.0,0.0,0.0,0.0,0.0,0.0,0.667
72224,-1,15.344111,4.2977033,0.19,0.81,0.529,0.088,0.0,0.031,0.906,0.0,0.618
223035,-1,16.905413,2.137685,0.756,0.244,0.0,0.0,0.304,0.043,0.0,0.0,0.5
168198,-1,16.89469,-0.031889584,0.939,0.02,0.0,1.0,0.167,0.0,0.0,0.0,0.0
219371,-1,14.702449,4.032819,0.422,0.556,0.238,0.143,0.0,0.062,0.75,0.062,0.571
260011,-1,16.896118,6.751629,0.757,0.189,0.0,0.25,0.5,0.0,0.125,0.0,0.0
185799,-1,17.258217,4.0765815,0.913,0.043,0.0,0.5,0.0,0.0,0.0,0.0,1.0
85402,-1,17.15792,4.387199,0.805,0.098,0.0,0.0,0.0,0.0,0.0,0.0,0.5
262857,5,17.093027,-0.19327049,0.826,0.065,0.0,0.0,0.615,0.0,0.0,0.038,0.333
177173,-1,13.993632,3.2185144,0.722,0.25,0.333,0.0,0.214,0.0,0.429,0.0,0.111
19605,-1,15.980614,4.9320498,0.977,0.0,0.0,0.0,0.0,0.0,0.0,0.25,0.0
63356,-1,15.36827,6.942813,0.306,0.667,0.727,0.591,0.0,0.286,0.286,0.143,0.591
162582,-1,13.560779,3.3320022,0.722,0.25,0.556,0.111,0.0,0.143,0.0,0.286,0.222
187685,-1,13.32011,3.7103777,0.839,0.097,0.0,0.0,0.375,0.0,0.0,0.0,0.5
218078,-1,16.593918,3.6717274,0.711,0.022,0.0,0.0,0.0,0.667,0.0,0.0,1.0
183956,-1,12.000521,7.3121495,0.886,0.068,0.0,0.0,0.0,0.0,0.0,1.0,0.333
198871,-1,12.003501,7.309973,0.63,0.348,0.667,0.267,0.0,0.333,0.167,0.167,0.6
55346,6,8.347554,11.161105,0.556,0.4,0.1,0.0,0.0,0.0,0.0,0.0,0.6
177942,-1,12.870911,7.1017118,0.711,0.222,0.0,0.0,0.217,0.13,0.0,0.13,0.3
7080,-1,17.95459,2.5518038,0.795,0.114,0.4,0.2,0.0,0.0,0.0,0.0,0.2
154325,-1,17.143337,1.9807234,0.837,0.163,0.0,0.0,0.0,0.0,0.0,0.5,1.0
154566,-1,14.294298,2.1422114,0.651,0.302,0.0,0.0,0.0,0.0,0.0,1.0,0.333
199747,-1,14.381688,8.049206,0.657,0.286,0.333,0.111,0.0,0.375,0.0,0.375,0.333
215992,-1,16.239029,0.22972602,0.841,0.114,0.0,0.0,0.25,0.0,0.0,0.0,1.0
15113,-1,17.85917,4.630354,0.778,0.156,0.0,0.25,0.0,1.0,0.0,0.0,0.25
111719,-1,15.090322,2.1840684,0.56,0.42,0.882,0.529,0.0,0.5,0.5,0.0,0.412
222019,-1,15.638556,0.8729688,0.773,0.205,0.333,0.0,0.0,0.267,0.133,0.6,0.222
36912,-1,12.54332,7.193894,0.723,0.234,0.1,0.8,0.0,0.111,0.0,0.111,0.3
58587,-1,15.954313,0.5570789,0.857,0.143,0.0,0.0,0.545,0.0,0.0,0.0,0.6
102117,6,10.528483,10.112508,0.0,1.0,1.0,0.854,0.0,0.0,0.643,0.143,0.39
227495,-1,17.578873,4.378245,0.953,0.023,1.0,0.0,0.5,0.0,0.0,0.0,0.0
163985,-1,14.199563,3.8935447,0.535,0.395,0.5,0.188,0.0,0.6,0.4,0.0,0.438
136755,-1,13.351734,3.6017451,0.324,0.676,0.609,0.565,0.0,0.0,1.0,0.0,0.696
53454,-1,12.927591,9.397657,0.286,0.629,0.818,0.091,0.111,0.333,0.222,0.222,0.045
22910,6,11.086732,8.647615,0.63,0.304,0.0,0.0,0.107,0.107,0.0,0.321,0.0
28876,-1,14.472103,9.296466,0.745,0.255,0.583,0.0,0.0,0.286,0.0,0.714,0.083
213530,-1,12.560729,8.0413,0.848,0.091,0.667,0.333,0.0,0.0,0.0,1.0,0.333
184648,-1,8.791017,9.819284,0.75,0.194,0.714,0.0,0.0,0.25,0.0,0.625,0.286
284287,-1,15.462639,4.295198,0.837,0.102,0.0,0.0,0.143,0.286,0.286,0.0,0.5
12600,-1,17.46707,4.594729,0.872,0.106,0.0,0.0,0.0,1.0,0.0,0.0,1.0
57229,-1,16.275415,3.377227,0.776,0.204,0.25,0.0,0.276,0.069,0.0,0.034,0.375
88503,-1,16.988197,3.153001,0.385,0.59,0.905,0.143,0.286,0.286,0.143,0.0,0.667
255079,6,8.941881,11.493559,0.727,0.273,0.0,0.0,0.0,0.143,0.0,0.857,0.0
57041,-1,15.499722,0.30866405,0.9,0.1,0.0,0.4,0.25,0.25,0.0,0.25,0.6
2323,-1,15.073417,4.3623633,0.778,0.111,0.2,0.4,0.0,0.0,0.0,0.0,0.6
155695,-1,16.746346,0.024660924,0.932,0.068,0.0,0.0,0.0,0.0,0.0,0.0,0.333
218291,-1,15.710892,5.125903,0.889,0.111,0.0,0.0,0.0,0.0,0.0,0.0,0.6
139940,-1,13.019323,9.138885,0.84,0.14,0.714,0.286,0.0,0.25,0.0,0.5,0.286
140043,-1,11.968026,7.0812063,0.86,0.116,0.25,0.0,0.0,0.0,0.0,0.5,0.5
52801,-1,18.04627,1.460321,0.913,0.043,0.0,0.0,0.0,0.0,0.0,0.0,0.0
170064,-1,17.481045,1.5629671,0.878,0.049,0.0,0.0,0.25,0.0,0.083,0.0,0.5
268251,6,8.214255,11.082436,0.596,0.362,0.235,0.0,0.034,0.069,0.034,0.379,0.118
132961,-1,12.461824,7.0473285,0.9,0.05,0.5,0.0,0.333,0.0,0.083,0.083,0.0
18507,-1,16.881205,-0.40263078,0.956,0.044,0.0,0.0,0.0,0.0,0.125,0.125,0.5
50336,-1,16.328045,2.95642,0.907,0.093,0.0,0.25,0.0,0.0,0.0,0.0,0.5
249184,6,10.082995,9.282802,0.791,0.186,0.5,0.0,0.0,1.0,0.0,0.0,0.0
54468,-1,16.931622,5.4802012,0.86,0.047,0.0,0.0,0.2,0.0,0.0,0.0,1.0
196880,-1,14.332032,1.3494835,0.894,0.064,0.667,0.333,0.0,0.0,1.0,0.0,0.0
87815,-1,15.859029,0.38031435,0.5,0.474,0.667,0.267,0.0,0.294,0.0,0.412,0.467
218473,-1,17.512148,4.0577745,0.848,0.152,1.0,0.0,0.0,0.0,0.0,0.0,0.0
252915,-1,16.58362,8.354432,0.385,0.513,0.15,0.2,0.286,0.0,0.607,0.0,0.8
74449,-1,17.555061,4.214441,0.905,0.071,0.0,0.333,0.0,0.0,0.0,0.0,0.667
240511,-1,15.731135,7.229977,0.621,0.379,0.8,0.4,0.0,0.333,0.0,0.333,0.2
175563,3,17.237352,4.0170674,0.867,0.111,0.0,0.0,0.0,0.0,0.0,0.0,0.6
204289,-1,13.254609,3.1918182,0.722,0.222,0.083,0.0,0.0,0.2,0.0,0.6,0.833
207888,-1,12.933223,7.70118,0.158,0.816,0.786,0.571,0.182,0.091,0.545,0.0,0.536
261009,6,9.779658,11.111304,0.421,0.553,0.65,0.0,0.0,0.4,0.4,0.2,0.05
16547,-1,14.056403,3.3446605,0.952,0.024,0.0,0.0,0.2,0.4,0.0,0.2,0.0
12621,-1,15.921602,0.6659769,0.884,0.023,0.0,0.0,0.5,0.25,0.0,0.0,1.0
24446,-1,13.365183,5.645116,0.814,0.163,0.286,0.286,0.429,0.0,0.0,0.0,0.714
154631,-1,12.880804,9.29098,0.63,0.326,0.462,0.0,0.0,0.667,0.333,0.0,0.154
141931,-1,15.389004,5.3227444,0.795,0.182,0.25,0.0,0.0,1.0,0.0,0.0,0.875
68759,-1,15.33789,4.9577236,0.878,0.122,0.0,0.4,0.0,0.0,0.0,0.0,0.2
68396,-1,15.513403,0.16145441,0.891,0.043,0.0,0.0,0.333,0.333,0.0,0.0,0.0
170881,6,8.952597,11.568628,0.029,0.914,0.71,0.548,0.133,0.133,0.0,0.6,0.129
245875,-1,18.020393,3.723657,0.735,0.235,0.0,0.0,0.548,0.065,0.0,0.0,0.125
86938,-1,14.082104,4.1133423,0.884,0.116,0.0,0.6,0.5,0.0,0.0,0.0,0.6
70858,-1,13.575394,8.661957,0.094,0.906,0.821,0.286,0.0,0.0,0.5,0.333,0.5
77887,-1,15.969638,3.4152129,0.913,0.022,0.0,0.0,0.0,0.0,0.0,0.5,1.0
179217,-1,14.476718,7.9382215,0.359,0.59,0.391,0.217,0.0,0.188,0.562,0.0,0.478
57416,-1,14.203845,8.101505,0.079,0.895,0.941,0.471,0.0,0.0,0.0,0.5,0.265
281460,-1,15.3509865,2.613188,0.841,0.114,0.0,0.0,0.0,0.0,1.0,0.0,0.25
143722,-1,17.494022,3.8557658,0.571,0.343,0.273,0.0,0.586,0.0,0.0,0.0,0.727
25094,-1,16.069712,1.2678955,0.86,0.116,0.0,0.0,0.25,0.0,0.0,0.125,0.4
150066,6,10.9693,9.239861,0.659,0.341,0.0,0.5,0.0,0.0,0.0,1.0,0.0
67284,-1,13.284906,9.983953,0.441,0.559,0.778,0.167,0.167,0.0,0.083,0.25,0.444
117358,-1,13.578393,1.4747474,0.804,0.174,0.0,0.0,0.0,0.538,0.077,0.0,0.667
286356,-1,13.712653,7.904411,0.128,0.809,0.865,0.703,0.235,0.059,0.059,0.235,0.189
13355,-1,16.51067,1.9321543,0.841,0.136,0.5,0.25,0.0,1.0,0.0,0.0,0.75
26118,-1,17.090015,8.03644,0.435,0.516,0.0,0.333,0.0,0.143,0.0,0.0,0.667
226084,-1,16.333776,6.4087725,0.086,0.886,0.903,0.419,0.0,0.25,0.0,0.5,0.129
187043,-1,17.257488,1.5257187,0.929,0.071,0.0,0.0,0.0,0.2,0.0,0.2,0.0
173772,-1,13.5993395,9.051286,0.438,0.521,0.739,0.043,0.0,0.077,0.385,0.0,0.087
82568,-1,17.59341,1.4714825,0.773,0.182,0.0,0.0,0.688,0.0,0.031,0.0,0.5
77511,3,17.562801,5.166849,0.825,0.1,0.0,0.0,0.2,0.0,0.0,0.0,0.5
30363,-1,16.427534,5.6609187,0.387,0.581,0.833,0.389,0.0,0.0,0.0,1.0,0.389
71656,-1,16.667131,4.2796354,0.884,0.07,0.0,0.333,0.5,0.5,0.0,0.0,1.0
80014,-1,14.636875,3.1659942,0.707,0.244,0.0,0.0,0.0,0.0,0.0,0.0,0.0
225625,-1,14.658262,4.049618,0.868,0.105,0.0,0.0,0.0,0.786,0.071,0.0,1.0
122187,4,17.104134,7.3269253,0.139,0.861,0.0,0.0,0.0,0.0,0.0,0.0,0.0
118063,-1,10.217652,9.455434,0.159,0.818,1.0,0.0,0.077,0.308,0.0,0.077,0.0
271112,-1,14.110776,7.6698694,0.958,0.042,0.0,0.5,0.0,0.0,0.5,0.0,0.0
86124,-1,14.20048,7.862847,0.857,0.143,0.2,0.2,0.0,0.0,0.667,0.0,0.8
154527,-1,15.1988325,9.284266,0.605,0.372,0.417,0.0,0.143,0.0,0.0,0.714,0.167
159039,-1,14.645614,5.9547715,0.775,0.15,0.0,1.0,0.455,0.0,0.0,0.091,0.4
83034,-1,16.429695,-0.2882711,0.932,0.045,1.0,0.0,0.0,0.2,0.0,0.4,1.0
264270,-1,14.469826,6.9263673,0.533,0.289,0.231,0.077,0.444,0.037,0.0,0.074,0.308
266172,6,9.182008,9.872809,0.875,0.1,1.0,0.0,0.0,0.333,0.0,0.667,0.0
207469,1,16.243826,2.986752,0.854,0.062,0.333,0.333,0.0,0.0,0.0,0.0,0.333
31782,-1,15.086479,0.37744758,0.932,0.045,0.0,0.0,0.0,0.0,0.0,0.0,0.5
128882,-1,16.663445,3.8016438,0.841,0.136,0.0,0.167,0.4,0.4,0.2,0.0,0.333
50659,-1,14.008598,1.494431,0.889,0.111,0.0,0.0,0.0,0.0,0.0,0.0,0.4
31214,-1,13.47918,2.2018936,0.931,0.069,0.5,0.0,0.333,0.333,0.0,0.0,1.0
124866,-1,13.843505,6.9619107,0.851,0.106,0.5,0.0,0.333,0.0,0.0,0.667,0.5
252543,-1,12.613673,7.4908385,0.6,0.343,0.667,0.167,0.0,0.0,0.5,0.0,0.083
71036,-1,15.090987,9.042614,0.438,0.562,1.0,0.0,0.0,0.5,0.0,0.0,0.0
189347,6,10.576669,10.420312,0.235,0.735,0.917,0.042,0.0,0.4,0.2,0.4,0.333
218598,-1,12.14338,7.216686,0.684,0.263,0.3,0.0,0.0,0.375,0.25,0.25,0.8
225142,-1,15.521678,6.3328714,0.837,0.093,0.25,0.0,0.556,0.0,0.111,0.0,0.75
129558,-1,13.659874,2.874887,0.837,0.093,0.5,0.25,0.0,0.0,0.0,0.0,0.5
83092,-1,18.0661,3.6079304,0.796,0.163,0.0,0.5,0.25,0.083,0.083,0.083,0.667
101700,-1,17.808971,4.3651342,0.891,0.022,0.0,0.0,0.0,1.0,0.0,0.0,0.0
249657,6,10.217576,10.92102,0.417,0.556,0.5,0.4,0.0,0.176,0.353,0.176,0.25
174681,-1,12.455605,7.3361826,0.317,0.683,0.929,0.393,0.0,0.75,0.25,0.0,0.357
231436,-1,15.072268,4.951221,0.053,0.947,0.806,0.972,0.0,0.1,0.8,0.0,0.667
113830,-1,14.232551,6.202279,0.875,0.1,0.25,0.25,0.0,0.25,0.0,0.0,0.25
272956,6,9.149049,11.057393,0.438,0.531,0.118,0.0,0.0,0.042,0.042,0.75,0.059
160504,-1,14.327638,7.4760528,0.026,0.974,0.0,0.0,0.667,0.0,0.0,0.0,0.0
130336,-1,14.563714,5.991237,0.881,0.071,0.0,0.0,0.0,0.0,0.5,0.0,0.667
170731,-1,14.269064,4.9612837,0.841,0.114,0.0,0.0,0.429,0.0,0.0,0.0,0.75
261658,-1,14.299925,9.212458,0.441,0.559,0.737,0.0,0.364,0.364,0.0,0.182,0.474
213947,-1,15.40542,4.7056355,0.902,0.049,0.0,0.0,0.0,0.0,0.0,0.0,1.0
164473,-1,14.60056,1.7501642,0.9,0.075,0.0,0.0,0.0,0.0,0.25,0.0,0.667
262880,-1,17.804525,3.1141737,0.364,0.636,0.0,0.5,0.0,0.0,0.167,0.333,0.5
168947,-1,12.4538555,9.719827,0.029,0.943,0.968,0.032,0.2,0.1,0.0,0.4,0.355
208548,-1,14.492652,8.66309,0.667,0.267,0.25,0.25,0.0,0.0,0.0,0.0,0.25
75507,-1,15.657725,7.685795,0.727,0.273,0.444,0.111,0.0,0.25,0.0,0.25,0.333
140634,-1,14.319695,7.052757,0.475,0.525,0.846,0.077,0.0,1.0,0.0,0.0,0.077
268625,-1,11.591645,10.037696,0.431,0.549,0.556,0.333,0.0,0.25,0.188,0.438,0.259
4799,6,8.197395,10.767293,0.805,0.195,0.125,0.375,0.222,0.056,0.0,0.111,0.375
139141,-1,16.448118,3.2614067,0.811,0.189,0.2,0.2,0.0,0.0,1.0,0.0,1.0
29810,-1,14.975051,0.34761253,0.86,0.0,0.0,0.0,0.0,0.0,0.0,0.0,0.0
135456,-1,17.724167,2.1103284,0.933,0.067,0.333,0.0,0.0,0.0,0.0,0.167,1.0
167119,-1,14.986549,8.623032,0.579,0.421,0.583,0.083,0.0,0.588,0.0,0.235,0.333
254914,-1,13.476456,9.95341,0.333,0.667,0.789,0.684,0.0,0.167,0.167,0.333,0.053
168483,-1,17.339558,1.8940034,0.684,0.263,0.0,0.0,0.286,0.143,0.0,0.143,0.667
9251,-1,18.059378,3.217014,0.795,0.182,0.25,0.375,0.0,0.5,0.0,0.5,0.5
20523,-1,16.419891,7.101451,0.368,0.579,0.9,0.15,0.333,0.0,0.0,0.0,0.75
213801,-1,15.364133,4.8622556,0.8,0.111,0.0,0.2,0.5,0.0,0.5,0.0,0.8
153140,-1,8.661963,10.700929,0.377,0.491,0.115,0.115,0.243,0.081,0.0,0.351,0.269
98946,-1,16.010647,2.6915405,0.905,0.048,0.0,0.0,0.0,0.0,0.0,0.0,0.5
285627,-1,14.0462055,3.7564862,0.083,0.889,1.0,0.094,0.0,0.4,0.2,0.2,0.438
248633,6,11.960042,8.991809,0.562,0.375,0.455,0.0,0.0,0.545,0.091,0.273,0.273
165305,-1,15.8605585,5.82644,0.026,0.974,0.806,0.056,0.333,0.0,0.4,0.0,0.297
67058,-1,16.205528,1.7628574,0.881,0.119,0.0,0.0,0.0,0.0,0.0,0.0,0.5
19874,-1,16.566185,0.9794219,0.917,0.083,0.333,0.0,0.0,0.0,0.0,0.0,0.667
223200,-1,13.6099615,5.8237405,0.585,0.366,0.067,0.0,0.071,0.0,0.857,0.0,0.267
201317,6,12.951988,5.6703887,0.32,0.64,1.0,0.0,0.0,0.5,0.0,0.0,0.0
206788,-1,11.392036,9.056046,0.486,0.486,0.5,0.944,0.0,0.167,0.333,0.333,0.056
211476,-1,16.598494,-0.083985955,0.909,0.068,0.0,0.0,0.0,1.0,0.0,0.0,0.0
249907,-1,16.933592,6.7008758,0.822,0.133,0.2,0.4,0.0,0.0,0.333,0.0,0.6
174686,-1,16.777342,5.635985,0.524,0.381,0.062,1.0,0.0,0.333,0.333,0.333,0.688
142903,-1,16.537247,7.3343554,0.321,0.604,0.677,0.323,0.596,0.128,0.0,0.064,0.4
69550,-1,12.160028,10.218127,0.114,0.886,0.974,0.744,0.167,0.333,0.0,0.167,0.077
235792,-1,17.172895,5.4732676,0.829,0.122,0.2,0.2,0.0,0.0,0.0,1.0,0.6
8837,6,10.13881,9.554418,0.4,0.55,0.1,0.3,0.0,0.0,1.0,0.0,0.1
123515,-1,14.340115,4.33914,0.875,0.125,0.25,0.25,0.0,1.0,0.0,0.0,0.0
155820,-1,11.269441,9.296945,0.128,0.851,0.949,0.231,0.0,0.273,0.091,0.182,0.359
176567,6,9.379537,11.059691,0.732,0.195,0.5,0.375,0.0,0.167,0.0,0.5,0.0
131122,-1,15.808433,0.23101036,0.787,0.064,0.5,0.0,0.154,0.0,0.077,0.077,1.0
144090,6,9.140112,9.60039,0.86,0.14,0.167,0.0,0.118,0.176,0.059,0.529,0.0
22975,-1,13.573406,9.618646,0.5,0.5,0.571,0.429,0.143,0.0,0.286,0.143,0.0
114086,-1,12.359484,7.543955,0.757,0.243,0.0,0.0,0.5,0.0,0.0,0.0,0.0
89401,6,12.553457,6.3021708,0.795,0.154,0.0,0.0,0.0,0.0,0.0,0.0,0.0
251076,-1,16.166033,8.845995,0.722,0.139,0.25,0.25,0.0,0.0,0.0,0.0,0.0
109662,-1,17.86524,3.2249808,0.512,0.442,0.5,0.5,0.167,0.0,0.0,0.083,1.0
192409,-1,14.025656,2.0637167,0.658,0.342,0.385,0.538,0.2,0.0,0.3,0.0,0.615
38890,-1,16.8162,3.054859,0.477,0.432,0.167,0.167,0.1,0.0,0.6,0.05,0.444
54690,-1,13.88047,3.6553404,0.105,0.816,0.233,0.067,0.059,0.0,0.853,0.0,0.7
293202,-1,14.647317,8.569189,0.45,0.525,0.667,0.333,0.0,0.0,0.2,0.0,0.333
12902,-1,13.695712,5.7427406,0.744,0.256,0.0,0.0,0.0,0.0,0.0,0.0,0.0
220278,-1,15.642598,8.942718,0.745,0.234,0.5,0.25,0.0,0.0,1.0,0.0,0.25
285010,-1,13.659823,9.893079,0.024,0.976,1.0,0.4,0.125,0.5,0.125,0.0,0.425
99565,-1,17.25631,2.2470386,0.903,0.048,0.0,0.0,0.0,0.0,0.0,0.0,0.667
4047,-1,14.131119,7.3536577,0.419,0.581,0.882,0.118,0.0,0.25,0.5,0.25,0.471
218114,-1,18.005968,3.8956132,0.915,0.085,0.0,0.0,0.0,0.25,0.0,0.5,0.5
248897,6,9.920732,9.390829,0.696,0.283,0.0,0.0,0.6,0.2,0.0,0.0,0.0
294975,-1,15.108803,5.05774,0.857,0.024,0.0,0.0,0.0,0.0,0.0,1.0,1.0
94736,-1,14.754959,0.8584218,0.975,0.0,0.0,0.0,0.0,0.667,0.333,0.0,0.0
67084,-1,14.851992,9.447528,0.159,0.818,0.933,0.367,0.0,0.0,0.667,0.0,0.167
251093,-1,14.474384,8.244066,0.917,0.056,0.0,0.0,0.0,0.0,0.333,0.0,0.0
273179,-1,8.869708,11.475616,0.956,0.044,0.5,0.5,0.286,0.143,0.0,0.143,0.0
170574,6,9.665988,10.66454,0.455,0.545,0.611,0.333,0.0,0.167,0.0,0.667,0.0
184592,-1,16.801304,3.1667106,0.907,0.047,0.0,0.0,0.0,0.0,0.0,0.0,1.0
205626,-1,13.81262,9.611262,0.711,0.222,0.556,0.667,0.0,0.667,0.333,0.0,0.444
95372,-1,12.973025,8.162634,0.149,0.851,0.974,0.103,0.154,0.385,0.154,0.308,0.179
208715,-1,16.71923,4.303016,0.744,0.233,0.444,0.0,0.188,0.0,0.062,0.0,0.778
73132,-1,10.676043,8.799787,0.911,0.044,0.0,0.0,0.0,0.143,0.0,0.571,0.0
270234,6,8.073159,10.7518215,0.054,0.946,0.971,0.824,0.333,0.333,0.0,0.0,0.059
258298,4,16.995596,7.3504705,0.41,0.564,0.0,1.0,0.0,0.143,0.071,0.0,0.0
285956,-1,13.906495,5.9792967,0.791,0.14,0.2,0.0,0.0,0.0,0.0,0.0,0.0
38284,-1,14.72093,1.3503813,0.902,0.098,0.0,0.0,0.0,0.0,0.0,0.0,1.0
20064,-1,14.335953,3.1996853,0.791,0.07,0.0,0.0,0.286,0.071,0.0,0.0,0.0
265196,6,9.064633,11.541242,0.133,0.867,0.885,0.269,0.0,0.222,0.111,0.222,0.269
116930,-1,14.485414,3.3260849,0.294,0.676,0.652,0.565,0.0,0.222,0.444,0.222,0.435
242601,-1,12.072673,10.435069,0.0,0.973,1.0,0.083,0.0,0.25,0.0,0.0,0.139
124790,-1,17.507782,4.351909,0.689,0.244,0.8,0.3,0.0,0.0,0.4,0.2,0.7
86186,-1,14.325055,3.1668408,0.788,0.121,0.0,0.0,0.0,0.0,0.5,0.0,0.0
219783,-1,14.992267,2.5004148,0.827,0.077,0.0,0.0,0.0,0.0,0.0,0.0,0.5
168450,6,10.522347,9.757367,0.0,1.0,0.912,0.441,0.25,0.25,0.5,0.0,0.529
74853,-1,15.717112,8.456918,0.778,0.194,0.286,0.286,0.0,0.0,0.222,0.222,0.143
39878,-1,16.833225,0.43049148,0.786,0.19,0.0,0.0,0.2,0.0,0.0,0.0,0.167
243508,-1,12.995673,7.6949534,0.674,0.302,0.0,0.5,0.0,0.0,0.0,1.0,1.0
167564,-1,11.024105,9.225712,0.096,0.885,0.957,0.109,0.0,0.625,0.125,0.125,0.261
26225,-1,8.023201,11.242032,0.744,0.256,0.125,0.125,0.0,0.037,0.0,0.889,0.125
174340,6,8.084422,10.8344755,0.889,0.089,0.0,0.0,0.0,0.0,0.5,0.0,0.5
230176,-1,15.815857,5.9040027,0.568,0.351,0.455,0.273,0.133,0.067,0.467,0.0,0.636
20256,-1,16.994526,7.531814,0.068,0.864,0.0,1.0,0.0,0.1,0.0,0.0,0.0
7637,-1,11.346428,8.112505,0.889,0.111,0.25,0.0,0.0,0.0,0.0,0.0,0.0
92877,-1,14.808681,5.427556,0.161,0.806,0.652,0.087,0.087,0.174,0.478,0.043,0.217
222823,-1,14.646959,6.107245,0.814,0.047,0.0,0.0,0.0,0.2,0.2,0.2,0.5
138626,-1,11.791315,7.387053,0.143,0.816,0.923,0.385,0.774,0.0,0.0,0.097,0.077
134697,-1,15.499073,4.6320195,0.93,0.047,0.0,0.0,0.0,1.0,0.0,0.0,0.5
224869,-1,13.03654,6.981967,0.902,0.049,0.0,0.0,0.333,0.0,0.333,0.333,0.0
26278,-1,13.441887,2.7903063,0.932,0.068,0.5,0.0,0.0,0.0,0.0,0.0,1.0
241427,-1,17.397785,4.25613,0.952,0.048,0.0,0.0,0.0,0.0,1.0,0.0,0.0
16154,-1,15.724034,0.06753456,0.884,0.093,0.0,0.0,0.0,0.5,0.0,0.0,0.75
55702,-1,17.522263,4.078743,0.927,0.036,0.0,0.0,0.333,0.0,0.0,0.333,1.0
277978,-1,17.687864,3.5357773,0.774,0.17,0.0,0.0,0.0,0.0,0.0,1.0,0.0
19264,-1,12.629589,9.459156,0.763,0.211,0.5,0.0,0.0,0.0,0.0,0.0,0.75
294151,-1,16.193312,2.6515598,0.889,0.044,0.0,0.0,0.0,0.667,0.0,0.333,1.0
54160,-1,8.063773,11.293316,0.8,0.18,0.0,0.125,0.143,0.071,0.036,0.143,0.0
17557,-1,17.352892,1.7948254,0.976,0.024,0.0,0.0,0.5,0.0,0.0,0.0,1.0
76699,-1,15.802941,1.6675693,0.86,0.047,0.0,0.0,0.0,1.0,0.0,0.0,0.5
282498,-1,17.517206,4.9618344,0.415,0.561,0.267,0.067,0.062,0.0,0.75,0.0,0.8
207360,-1,13.444997,2.243029,0.853,0.029,0.0,0.0,0.0,0.0,0.0,0.125,1.0
49849,-1,16.695919,8.529962,0.737,0.263,0.0,0.0,0.0,0.0,0.0,0.0,0.0
211803,-1,16.8907,0.054853033,0.864,0.114,0.0,0.0,0.55,0.05,0.0,0.05,0.8
226212,-1,16.54472,5.6580024,0.896,0.021,0.0,0.0,0.0,0.0,0.0,0.0,0.0
166589,-1,17.049742,1.2233857,0.864,0.114,0.0,0.0,0.5,0.0,0.0,0.0,1.0
239740,-1,15.645447,3.4744139,0.809,0.17,0.0,1.0,0.444,0.0,0.0,0.0,0.0
245828,-1,14.707863,8.185236,0.222,0.711,0.909,0.273,0.0,0.6,0.2,0.0,0.091
148871,-1,14.339548,3.246019,0.833,0.146,0.0,0.0,0.0,0.0,0.0,0.333,0.667
222049,-1,17.094824,7.718669,0.347,0.653,0.0,0.0,0.0,0.0,0.0,0.0,0.0
215260,-1,14.121422,1.7462641,0.85,0.075,0.333,0.333,0.0,0.0,0.0,0.0,0.667
238095,6,10.4358635,9.910432,0.684,0.263,0.5,0.0,0.0,1.0,0.0,0.0,0.0
9522,6,9.758548,9.353712,0.545,0.394,0.615,0.077,0.0,0.286,0.0,0.571,0.0
30849,-1,16.724037,0.4200316,0.822,0.111,0.0,0.0,0.0,0.0,0.0,0.0,0.6
213716,-1,17.734789,3.701067,0.844,0.133,0.0,0.0,0.0,0.5,0.0,0.5,0.0
142719,-1,16.1439,-0.07340698,0.886,0.091,0.0,0.0,0.0,0.0,1.0,0.0,0.0
40819,-1,12.800207,7.661628,0.867,0.089,0.0,0.0,0.0,0.333,0.0,0.333,0.0
27144,-1,14.791785,7.917904,0.225,0.775,0.194,0.839,0.037,0.037,0.926,0.0,0.452
216988,-1,12.727935,8.214962,0.946,0.054,0.0,0.0,0.0,0.0,0.0,0.0,0.0
34210,-1,16.380142,5.3496075,0.213,0.787,0.0,0.0,0.0,0.333,0.0,0.0,0.0
165623,-1,14.048033,4.305502,0.889,0.111,0.333,0.0,0.25,0.25,0.0,0.5,0.667
228685,6,8.740153,11.34394,0.311,0.667,0.6,0.133,0.25,0.036,0.0,0.607,0.033
155777,-1,15.192424,3.137142,0.786,0.143,0.2,0.2,0.417,0.0,0.083,0.0,1.0
47166,6,10.129932,9.445654,0.711,0.158,0.167,0.167,0.0,0.0,0.0,1.0,0.0
122958,6,9.291432,10.80127,0.216,0.73,0.84,0.48,0.0,0.071,0.0,0.857,0.08
133830,-1,13.568012,8.394834,0.244,0.756,0.906,0.344,0.0,0.0,0.0,0.0,0.71
122990,6,8.271053,11.30283,0.073,0.927,0.848,0.303,0.158,0.263,0.0,0.211,0.061
201432,-1,16.792292,8.257336,0.269,0.731,0.0,0.0,0.0,0.0,0.0,0.0,0.0
3408,-1,16.345154,1.833752,0.811,0.189,0.857,0.571,0.538,0.0,0.0,0.077,0.286
165436,-1,16.104557,-0.07652032,0.487,0.41,0.071,0.8,0.0,0.25,0.25,0.0,0.714
226090,-1,13.293432,7.26547,0.841,0.136,0.333,0.0,0.0,0.0,0.0,0.0,0.333
54005,-1,16.034359,3.6610057,0.721,0.186,0.0,0.125,0.0,0.167,0.667,0.0,0.5
269411,6,9.942615,10.298678,0.59,0.256,0.0,0.1,0.04,0.08,0.04,0.72,0.0
234789,-1,16.038448,1.4923527,0.721,0.209,0.125,0.0,0.0,0.4,0.0,0.4,0.375
176422,-1,15.649526,5.120657,0.786,0.119,0.333,0.0,0.0,0.0,0.0,0.0,0.667
143505,-1,17.954573,2.761675,0.963,0.037,0.5,0.0,0.0,0.25,0.0,0.0,0.5
130699,-1,15.130006,4.664322,0.932,0.045,0.0,0.0,0.0,0.333,0.0,0.333,1.0
282711,-1,11.678968,9.139309,0.578,0.4,0.471,0.118,0.2,0.2,0.2,0.2,0.059
73247,-1,15.8595,0.6972397,0.846,0.103,0.0,0.0,0.286,0.0,0.0,0.143,0.75
52352,-1,17.129074,3.3002439,0.85,0.05,0.0,0.0,0.214,0.0,0.0,0.0,1.0
285966,-1,14.735675,9.351067,0.841,0.159,0.286,0.0,0.0,0.0,0.0,0.0,0.286
87390,-1,14.218022,4.1261587,0.083,0.896,0.902,0.463,0.0,0.111,0.333,0.111,0.146
195699,-1,15.3987055,4.7445784,0.889,0.111,0.0,0.0,0.0,0.667,0.0,0.0,0.5
266723,-1,14.477403,8.442357,0.031,0.906,1.0,0.103,0.0,0.0,0.0,0.0,0.069
111384,-1,17.560223,4.6339025,0.886,0.068,0.0,0.333,0.0,0.5,0.0,0.5,0.333
7753,-1,16.479347,2.4137578,0.81,0.119,0.0,0.0,0.0,0.0,0.0,0.0,0.0
13482,-1,15.2121315,1.1334425,0.82,0.16,0.25,0.0,0.0,0.2,0.0,0.0,0.5
261606,-1,15.265257,0.36991155,0.816,0.079,0.0,0.0,0.6,0.0,0.0,0.0,0.0
246873,-1,17.793596,3.9271133,0.829,0.143,0.5,0.5,0.4,0.0,0.0,0.2,0.5
17041,-1,13.943533,7.122557,0.485,0.515,0.588,0.176,0.143,0.0,0.714,0.0,0.529
175981,-1,17.176634,0.554878,0.951,0.049,0.5,0.0,0.0,0.0,0.0,0.5,1.0
25672,-1,16.105347,8.218141,0.452,0.5,0.5,0.0,0.5,0.0,0.0,0.0,0.0
107193,6,10.559749,10.098079,0.386,0.477,0.833,0.222,0.0,0.5,0.0,0.0,0.056
94235,-1,16.133556,1.4912015,0.878,0.073,0.333,0.333,0.0,0.0,0.0,0.0,0.333
10229,-1,16.437283,5.2134166,0.773,0.182,0.0,0.0,0.0,0.0,0.0,0.0,0.0
123379,-1,17.697367,0.82755923,0.886,0.114,0.0,0.0,0.5,0.0,0.0,0.0,0.4
48922,-1,13.453096,9.59902,0.757,0.216,0.625,0.0,0.0,0.0,0.0,0.2,0.0
87441,-1,17.131687,4.4370046,0.88,0.08,0.333,0.0,0.0,0.0,0.0,0.0,0.667
243392,-1,14.836819,9.462776,0.022,0.956,1.0,0.525,0.0,0.0,0.0,0.333,0.225
34601,-1,14.345374,3.3242075,0.878,0.073,0.0,0.0,0.0,0.333,0.0,0.0,0.667
139291,-1,16.766027,0.51399654,0.977,0.0,0.0,0.0,0.0,0.0,0.0,0.0,0.0
19454,-1,14.6226425,3.8117392,0.867,0.067,0.0,0.0,0.0,0.2,0.0,0.2,0.333
211851,-1,14.311318,8.13304,0.132,0.789,0.9,0.3,0.0,0.0,0.333,0.333,0.4
66827,-1,12.3017,8.266881,0.025,0.95,1.0,0.459,0.0,1.0,0.0,0.0,0.108
64506,-1,17.16232,3.2508965,0.83,0.113,0.0,0.0,0.0,0.0,0.0,0.0,0.667
187295,-1,13.968698,3.4201863,0.868,0.094,0.2,0.0,0.0,1.0,0.0,0.0,0.2
18990,-1,17.24959,2.4711552,0.891,0.091,0.6,0.0,0.0,0.5,0.0,0.0,1.0
259465,-1,13.7477,9.811068,0.2,0.771,0.96,0.12,0.0,1.0,0.0,0.0,0.28
39866,-1,16.381767,3.3105378,0.756,0.156,0.0,0.0,0.0,1.0,0.0,0.0,0.714
259862,6,9.136762,11.089041,0.447,0.489,0.5,0.75,0.0,0.143,0.143,0.286,0.25
154783,-1,14.512228,1.8648758,0.837,0.14,0.2,0.0,0.625,0.0,0.0,0.0,0.8
186391,-1,16.566046,5.3773136,0.757,0.243,0.111,0.0,0.143,0.0,0.571,0.0,0.778
92521,-1,13.315079,5.1552434,0.93,0.023,0.0,0.0,0.0,0.0,0.0,0.0,0.0
196681,-1,15.273352,9.534502,0.435,0.522,0.708,0.333,0.0,0.417,0.083,0.25,0.5
150049,-1,16.696209,7.494718,0.677,0.29,0.25,0.125,0.0,0.0,0.875,0.125,0.625
68861,-1,17.235428,5.1456895,0.884,0.093,0.0,0.0,0.0,0.0,1.0,0.0,0.333
113125,-1,14.823803,4.8145294,0.024,0.929,0.974,0.051,0.0,0.6,0.0,0.0,0.462
145574,-1,14.494099,7.8629937,0.593,0.407,0.75,0.25,0.0,0.143,0.429,0.429,0.25
87069,-1,9.436052,11.420952,0.186,0.767,0.848,0.091,0.0,0.091,0.0,0.318,0.212
271577,-1,12.706685,9.410007,0.325,0.675,0.688,0.0,0.0,1.0,0.0,0.0,0.062
49662,6,9.115,9.912734,0.881,0.119,0.0,0.0,0.0,0.0,0.333,0.333,0.0
133339,-1,12.118651,9.87882,0.205,0.795,0.788,0.061,0.071,0.071,0.714,0.143,0.242
207091,-1,14.006505,9.621342,0.0,0.935,1.0,0.724,0.0,1.0,0.0,0.0,0.517
71382,6,9.029434,10.468048,0.84,0.08,0.25,0.0,0.0,0.0,0.0,0.0,0.0
157456,-1,17.069939,0.40114895,0.907,0.047,0.5,0.0,0.286,0.143,0.0,0.0,0.0
127452,-1,8.044424,11.304561,0.159,0.773,0.647,0.091,0.0,0.103,0.0,0.414,0.455
6991,-1,13.778832,8.667924,0.316,0.658,0.6,0.12,0.0,0.0,0.75,0.0,0.24
205689,-1,14.87554,1.47034,0.49,0.49,0.167,0.056,0.087,0.0,0.652,0.0,0.556
106858,-1,15.909017,1.9335357,0.75,0.1,0.0,0.0,0.0,0.0,0.0,0.0,1.0
216104,-1,14.789752,1.8718331,0.622,0.356,0.0,0.75,0.0,0.0,0.0,0.0,0.5
98069,0,13.49679,1.7025704,0.778,0.028,0.0,0.0,0.0,0.0,0.0,0.0,0.0
99302,-1,14.639203,4.3832855,0.628,0.326,0.714,0.214,0.0,0.111,0.444,0.222,0.714
171365,-1,16.823832,3.568567,0.837,0.163,0.0,0.571,0.0,0.0,0.0,0.0,0.571
186574,-1,16.821955,5.7049885,0.898,0.082,0.0,0.0,0.235,0.059,0.0,0.176,1.0
251286,-1,12.875869,9.520629,0.088,0.882,0.967,0.3,0.0,0.0,0.0,0.0,0.4
30630,-1,14.479742,5.3832617,0.789,0.175,0.0,0.0,0.5,0.0,0.0,0.0,0.5
89870,-1,15.986482,3.5959413,0.792,0.125,0.0,0.2,0.0,0.0,0.0,1.0,0.8
74458,-1,15.454875,1.8532265,0.851,0.064,0.0,0.0,0.0,0.0,0.0,0.5,1.0
66875,-1,15.117856,7.9855776,0.067,0.933,0.971,0.657,0.0,0.167,0.333,0.333,0.571
260859,-1,14.566939,9.864848,0.08,0.92,1.0,0.048,0.0,0.333,0.333,0.0,0.667
101362,-1,17.09198,2.8508317,0.857,0.095,0.0,0.0,0.0,1.0,0.0,0.0,1.0
291958,-1,17.40605,1.4304787,0.814,0.163,0.143,0.0,0.0,0.286,0.0,0.0,0.571
127163,-1,14.396423,1.1966393,0.857,0.071,0.0,0.0,0.111,0.111,0.111,0.222,0.333
12578,-1,16.915676,5.5852036,0.773,0.182,0.0,0.0,0.5,0.0,0.0,0.0,0.25
230918,-1,14.044294,3.3019948,0.907,0.093,0.0,0.0,0.0,0.5,0.0,0.25,0.75
120536,3,17.232088,4.8551974,0.647,0.353,0.1,0.1,0.0,0.0,0.0,0.5,0.3
93580,-1,15.61399,6.4402313,0.452,0.524,0.5,0.0,0.0,0.5,0.0,0.0,0.357
159952,-1,17.420639,4.3828077,0.868,0.079,0.0,0.0,0.0,1.0,0.0,0.0,0.333
102336,-1,16.646631,6.382399,0.767,0.163,0.5,0.5,0.333,0.333,0.333,0.0,0.5
251094,6,8.739015,11.311436,0.429,0.5,0.048,0.048,0.086,0.029,0.0,0.629,0.143
191856,-1,13.58136,2.9810858,0.826,0.174,0.0,0.0,0.3,0.0,0.0,0.0,0.875
239158,-1,13.800496,2.9705253,0.511,0.447,0.333,0.0,0.0,0.0,1.0,0.0,0.667
35651,6,10.329862,8.551181,0.897,0.103,0.5,0.0,0.1,0.2,0.2,0.3,0.0
149508,-1,16.801975,7.1813,0.725,0.25,0.556,0.111,0.2,0.2,0.0,0.2,0.778
192241,3,17.313124,4.8485904,0.791,0.14,0.0,0.0,0.462,0.0,0.0,0.077,0.6
178088,-1,16.62011,2.2349644,0.857,0.071,0.0,0.0,0.5,0.0,0.0,0.0,0.667
262025,-1,11.462187,9.938946,0.378,0.556,0.76,0.08,0.154,0.154,0.231,0.077,0.28
162076,-1,14.996732,9.116234,0.389,0.611,0.429,0.143,0.0,0.071,0.429,0.071,0.214
176958,-1,14.672868,2.8644722,0.523,0.341,0.071,0.143,0.536,0.107,0.036,0.0,0.143
112531,6,9.579992,11.016337,0.382,0.618,0.524,0.19,0.056,0.056,0.111,0.722,0.0
187282,-1,15.152452,5.494033,0.056,0.926,0.939,0.74,0.083,0.0,0.667,0.0,0.28
201482,-1,17.279293,4.324819,0.933,0.044,0.0,0.0,0.0,0.0,0.5,0.0,0.5
243833,-1,17.881872,2.902207,0.944,0.037,0.0,0.0,0.0,0.0,0.5,0.0,0.0
208538,-1,17.140835,5.071935,0.865,0.108,0.5,0.25,0.0,0.25,0.0,0.25,0.0
115505,6,8.454093,11.233809,0.735,0.206,0.25,0.0,0.0,0.0,0.25,0.5,0.0
212077,-1,14.259071,5.77955,0.822,0.111,0.0,0.0,0.0,0.0,0.0,1.0,0.2
227036,-1,16.84452,1.002085,0.816,0.143,0.0,0.0,0.0,0.0,0.25,0.0,0.571
156488,-1,15.238878,0.6548386,0.8,0.156,0.429,0.0,0.0,0.25,0.25,0.0,0.429
264206,-1,12.521155,9.979806,0.045,0.909,1.0,0.436,0.0,0.167,0.0,0.5,0.077
292605,-1,17.028328,5.193534,0.865,0.077,0.0,0.0,0.0,0.0,0.5,0.0,0.25
238040,-1,16.540163,2.8200905,0.833,0.143,0.0,0.0,0.0,0.375,0.0,0.25,0.333
14533,-1,13.027185,6.915643,0.886,0.045,0.5,0.0,0.25,0.125,0.0,0.0,0.0
29776,-1,16.272982,1.6196533,0.927,0.024,0.0,0.0,0.0,0.0,0.333,0.333,1.0
257862,4,17.046886,7.4220767,0.256,0.744,0.0,0.0,0.0,0.0,0.111,0.0,0.0
221997,-1,12.07938,7.4754214,0.805,0.171,0.429,0.0,0.0,0.0,0.0,0.0,0.143
144539,-1,13.784968,9.694204,0.353,0.647,0.762,0.095,0.0,0.667,0.0,0.0,0.19
38896,-1,13.848891,3.522859,0.685,0.241,0.385,0.154,0.0,0.6,0.0,0.4,0.231
226756,-1,16.766783,4.4747105,0.9,0.075,0.333,0.0,1.0,0.0,0.0,0.0,0.333
237593,-1,17.17053,5.2654376,0.886,0.068,0.0,0.0,1.0,0.0,0.0,0.0,0.667
44261,-1,15.051786,2.6737757,0.911,0.044,0.0,0.0,0.0,0.0,0.0,0.0,0.0
56916,-1,11.767144,9.623204,0.357,0.643,0.667,0.267,0.0,0.286,0.143,0.143,0.267
144222,-1,16.808441,1.5146546,0.938,0.042,0.0,0.0,0.0,0.0,0.0,0.5,1.0
223576,-1,15.124278,1.8393569,0.87,0.109,0.0,0.0,0.0,0.0,0.0,0.0,0.2
78168,-1,17.001982,2.8602912,0.769,0.179,0.2,0.0,0.0,0.1,0.3,0.2,0.0
152964,-1,13.310609,7.727967,0.312,0.656,0.667,0.429,0.0,0.0,1.0,0.0,0.095
39426,-1,14.785158,2.121869,0.0,0.978,1.0,0.773,0.0,0.0,0.143,0.714,0.477
26714,-1,16.885183,6.821968,0.475,0.475,0.0,0.0,0.0,0.3,0.0,0.6,0.333
222543,-1,17.124142,2.0528407,0.805,0.073,0.0,0.0,0.462,0.077,0.0,0.0,0.333
152338,-1,16.613075,0.112393826,0.955,0.023,0.0,0.0,0.0,0.0,0.0,0.0,1.0
280739,-1,15.896903,0.4287211,0.952,0.024,0.0,0.0,0.0,0.0,0.0,0.0,0.0
269191,-1,14.511303,7.8068676,0.605,0.326,0.0,0.0,0.5,0.0,0.0,0.0,0.0
158479,-1,15.201758,9.662957,0.159,0.818,0.943,0.171,0.0,0.0,0.0,0.0,0.429
83799,-1,15.36109,3.5597532,0.81,0.143,0.0,0.0,0.4,0.0,0.0,0.0,1.0
148398,6,8.0292425,11.287306,0.42,0.56,0.0,1.0,0.0,0.294,0.0,0.118,0.0
251433,-1,12.603306,6.4135623,0.681,0.234,0.2,0.1,0.852,0.0,0.0,0.0,0.2
270063,6,9.121209,11.041768,0.366,0.585,0.5,0.318,0.0,0.107,0.0,0.607,0.136
168228,-1,15.008072,5.1838384,0.667,0.306,0.0,0.625,0.0,0.143,0.0,0.143,0.875
230564,-1,14.382499,3.3937476,0.837,0.14,0.0,0.0,0.0,0.0,0.0,1.0,0.5
174458,6,10.729016,9.753965,0.4,0.6,0.5,0.727,0.0,0.333,0.278,0.111,0.273
230978,-1,16.29784,4.365877,0.917,0.062,0.333,0.0,0.8,0.0,0.0,0.0,0.667
186643,6,9.119491,9.629242,0.818,0.114,0.2,0.0,0.062,0.125,0.062,0.062,0.2
210570,-1,13.419033,2.669111,0.881,0.071,0.0,0.333,0.0,0.0,0.667,0.0,0.667
12757,-1,16.881567,-0.085174374,0.826,0.109,0.0,0.0,0.182,0.091,0.0,0.364,0.4
215743,-1,14.602065,1.7387667,0.865,0.108,0.25,0.0,0.0,0.0,0.0,0.0,1.0
204317,-1,17.83261,3.0406363,0.571,0.429,0.389,0.111,0.333,0.296,0.0,0.259,0.556
99308,-1,16.141048,2.0198233,0.923,0.051,0.0,0.0,0.0,0.5,0.0,0.0,1.0
37000,6,11.961095,9.373997,0.809,0.17,0.125,0.0,0.0,0.0,0.5,0.5,0.0
169130,-1,14.433753,1.2381585,0.929,0.048,0.0,0.0,0.0,0.0,0.25,0.0,1.0
60183,-1,13.232741,4.549026,0.804,0.196,0.0,0.75,0.0,0.0,0.2,0.0,0.0
60452,6,10.297351,9.954508,0.444,0.5,0.0,0.0,0.0,0.0,0.0,1.0,0.0
100088,-1,14.562601,2.4362743,0.956,0.022,0.0,0.0,0.5,0.0,0.0,0.0,1.0
171482,-1,14.978576,1.6328024,0.889,0.083,0.333,0.0,0.538,0.0,0.0,0.0,1.0
194446,-1,14.467679,2.9547508,0.978,0.022,0.0,0.0,1.0,0.0,0.0,0.0,1.0
177889,-1,12.35748,6.7243605,0.591,0.386,0.176,0.588,0.0,0.0,0.0,0.5,0.176
265090,-1,13.203087,9.395786,0.622,0.324,0.417,0.167,0.0,0.2,0.0,0.6,0.25
116270,-1,16.339018,6.008996,0.804,0.196,0.0,0.0,0.0,0.0,0.0,0.0,0.0
29874,-1,14.28737,5.358588,0.61,0.317,0.615,0.0,0.5,0.071,0.0,0.143,0.308
125640,-1,13.454122,8.131775,0.04,0.92,1.0,0.5,0.125,0.375,0.0,0.375,0.091
11791,-1,13.751243,6.9736705,0.682,0.318,0.333,0.333,0.0,0.167,0.0,0.167,0.0
225269,-1,16.460096,5.7879863,0.814,0.093,0.0,0.0,0.0,0.0,0.0,0.0,1.0
269861,6,10.494041,9.969939,0.559,0.412,0.0,0.333,0.565,0.043,0.0,0.0,0.0
47646,-1,13.106938,8.390384,0.675,0.325,0.2,0.2,0.0,0.0,0.333,0.333,0.0
960,-1,15.9267645,-0.16691075,0.881,0.024,1.0,0.0,0.364,0.0,0.0,0.0,1.0
1968,-1,16.567486,0.0019932808,0.841,0.159,0.0,0.0,0.0,0.0,0.0,0.0,0.833
103436,-1,13.768456,7.3997264,0.714,0.257,0.333,0.222,0.0,0.267,0.4,0.333,0.333
55060,-1,11.573837,8.235271,0.341,0.568,0.652,0.174,0.469,0.031,0.0,0.281,0.13
33528,-1,10.385104,10.993967,0.238,0.738,0.679,0.25,0.0,0.214,0.214,0.357,0.036
125160,3,17.208145,5.143578,0.836,0.127,0.0,0.0,0.0,0.0,0.0,1.0,0.5
127294,-1,13.418244,7.961195,0.778,0.2,0.556,0.111,0.211,0.158,0.0,0.368,0.222
27262,-1,10.277463,9.084206,0.346,0.635,0.909,0.273,0.15,0.15,0.0,0.15,0.156
46876,-1,13.838909,2.3686466,0.864,0.068,0.0,0.0,0.4,0.0,0.0,0.057,0.667
50688,-1,14.407781,1.6847606,0.805,0.098,0.0,0.0,0.556,0.111,0.0,0.0,0.5
92080,6,10.535166,10.030277,0.5,0.477,0.714,0.333,0.0,0.0,0.0,0.0,0.095
111503,-1,14.895286,1.7603359,0.731,0.192,0.0,0.1,0.333,0.0,0.0,0.0,0.4
19567,-1,17.644173,4.556865,0.865,0.135,0.0,0.0,0.0,0.0,0.0,0.0,1.0
107210,-1,17.846087,1.7819215,0.933,0.044,0.0,0.0,0.2,0.0,0.0,0.0,0.5
106758,-1,16.242683,7.77944,0.705,0.273,0.0,0.0,0.0,0.0,0.0,0.0,0.0
218950,6,9.34845,10.054108,0.804,0.174,0.375,0.125,0.0,0.167,0.0,0.333,0.25
271874,6,10.325859,8.868496,0.884,0.07,0.333,0.0,0.0,0.5,0.0,0.5,0.0
232032,-1,17.327951,2.1196873,0.891,0.043,0.5,0.0,0.0,0.5,0.0,0.0,0.5
196658,6,8.734158,10.037973,0.8,0.16,0.333,0.0,0.0,0.4,0.0,0.4,0.0
191017,6,8.010703,11.211604,0.767,0.163,0.143,0.0,0.042,0.083,0.0,0.417,0.0
124691,-1,15.930233,1.2555672,0.775,0.225,0.111,0.0,0.0,0.0,0.25,0.25,0.667
283969,-1,15.1914625,8.764224,0.78,0.195,0.143,0.0,0.0,0.0,0.5,0.5,0.429
5032,6,12.444282,8.368278,0.04,0.92,1.0,0.227,0.0,0.5,0.0,0.0,0.182
137478,-1,13.578086,4.7190685,0.455,0.5,0.818,0.091,0.045,0.227,0.0,0.455,0.455
71788,-1,14.079165,9.320689,0.209,0.791,0.882,0.088,0.0,0.25,0.375,0.25,0.441
119233,6,11.196841,8.196007,0.167,0.833,0.864,0.159,0.1,0.3,0.0,0.5,0.114
238632,-1,13.995728,1.2955203,0.705,0.205,0.0,0.25,0.4,0.029,0.0,0.029,1.0
76253,-1,14.911998,2.085617,0.96,0.02,0.0,0.0,0.0,0.5,0.5,0.0,0.0
205513,6,9.139796,10.390955,0.72,0.26,0.222,0.111,0.0,0.0,0.0,0.667,0.333
227278,-1,17.668509,1.1187944,0.8,0.111,0.0,0.0,0.0,0.5,0.0,0.0,0.8
239659,-1,14.252666,4.764857,0.065,0.903,0.964,0.25,0.0,0.0,0.0,0.667,0.429
58336,-1,16.659456,4.629428,0.925,0.025,0.0,0.0,0.0,0.0,0.25,0.0,1.0
159757,6,9.042292,10.528882,0.327,0.633,0.793,0.207,0.182,0.091,0.273,0.273,0.034
103041,-1,17.67576,2.619948,0.907,0.07,0.0,0.0,0.0,0.0,0.0,1.0,0.5
270250,-1,15.207003,7.1595883,0.353,0.618,0.5,0.65,0.0,0.0,1.0,0.0,0.25
209593,-1,16.04798,7.7735157,0.261,0.717,0.5,0.0,0.0,0.0,0.143,0.0,0.0
26745,-1,16.132303,2.9146643,0.893,0.071,0.0,0.0,0.0,0.333,0.0,0.0,1.0
115193,-1,16.668228,5.5196,0.902,0.049,0.0,0.0,0.0,1.0,0.0,0.0,0.5
6963,-1,11.597662,9.591017,0.0,0.952,1.0,0.154,0.0,0.286,0.143,0.286,0.128
127465,-1,12.264031,7.343156,0.833,0.095,0.75,0.0,0.0,0.0,0.0,0.0,0.0
15777,-1,14.370405,9.538989,0.0,0.971,0.933,0.067,0.0,0.0,0.5,0.0,0.172
122317,-1,16.19872,7.705144,0.737,0.263,0.5,0.0,0.0,0.167,0.0,0.0,0.5
234154,6,9.930856,9.951267,0.349,0.605,0.333,0.0,0.143,0.286,0.0,0.571,0.0
267067,-1,17.004282,4.288375,0.898,0.0,0.0,0.0,0.0,0.5,0.25,0.0,0.0
23343,-1,17.153465,4.2452946,0.913,0.065,0.0,0.0,0.0,0.0,0.0,0.0,0.667
57702,-1,14.33115,7.0597878,0.788,0.192,0.2,0.1,0.0,0.083,0.083,0.583,0.1
244014,6,10.088969,9.252049,0.96,0.04,0.5,0.0,0.0,0.5,0.0,0.0,0.0
156762,1,16.26846,2.7659438,0.772,0.193,0.1,0.4,0.0,0.0,0.429,0.143,0.6
217724,-1,14.300804,7.6375976,0.525,0.425,0.0,0.5,0.0,0.0,0.0,0.0,0.5
206290,-1,13.703516,2.5748,0.786,0.119,0.0,0.0,0.0,0.0,0.0,0.333,0.8
162135,-1,17.912138,3.7529745,0.882,0.078,0.25,0.25,0.0,0.4,0.0,0.0,0.75
263753,6,8.720978,9.802383,0.909,0.023,0.0,0.0,0.0,0.25,0.25,0.25,0.0
174699,-1,15.701639,3.2847471,0.782,0.164,0.0,0.0,0.267,0.0,0.0,0.0,0.875
249940,6,8.316333,11.235482,0.675,0.275,0.4,0.5,0.0,0.0,0.0,0.7,0.1
84825,1,16.414165,3.8288836,0.688,0.229,0.0,0.0,0.417,0.125,0.0,0.042,0.2
34254,-1,12.022221,9.934981,0.214,0.786,0.75,0.094,0.1,0.2,0.5,0.1,0.031
160732,-1,12.354405,6.7100334,0.758,0.226,0.091,0.0,0.182,0.091,0.0,0.455,0.545
84933,-1,14.6642885,4.234491,0.891,0.073,0.5,0.0,0.0,0.0,0.5,0.5,1.0
78188,-1,16.462852,4.5920353,0.878,0.098,0.0,0.0,0.0,0.5,0.0,0.5,0.5
183482,-1,11.703,10.015721,0.75,0.219,0.714,0.143,0.0,0.0,0.0,0.0,0.143
85395,-1,16.270601,7.9883566,0.594,0.391,0.25,0.0,0.133,0.2,0.067,0.4,0.5
135488,-1,13.803852,9.047004,0.059,0.941,0.938,0.062,0.375,0.25,0.25,0.0,0.531
36400,-1,16.439306,4.4418187,0.756,0.178,0.0,0.0,0.0,0.0,0.667,0.0,1.0
20173,-1,14.468356,2.9972322,0.647,0.324,0.727,0.273,0.125,0.0,0.625,0.0,0.545
217615,-1,13.6293545,3.495583,0.714,0.262,0.0,0.0,0.0,0.0,0.0,0.0,0.167
33037,-1,15.642887,3.274085,0.881,0.095,0.0,0.0,0.0,0.0,0.0,0.0,0.5
60401,-1,13.151976,8.072794,0.756,0.244,0.625,0.0,0.0,1.0,0.0,0.0,0.0
99290,-1,15.711578,9.092424,0.476,0.452,0.421,0.211,0.087,0.261,0.0,0.652,0.421
151122,-1,12.28728,10.00225,0.0,0.98,1.0,0.224,0.167,0.167,0.167,0.333,0.408
190436,-1,17.366093,3.8109953,0.836,0.109,0.0,0.0,0.0,1.0,0.0,0.0,0.667
219780,-1,15.724723,6.6458015,0.2,0.767,0.571,0.143,0.0,0.0,0.846,0.077,0.381
275322,6,10.016911,10.663443,0.409,0.568,0.5,0.5,0.0,0.286,0.0,0.286,0.0
208406,-1,14.899642,7.2115693,0.371,0.629,0.625,0.125,0.0,0.167,0.167,0.5,0.5
192614,6,9.560173,9.520871,0.875,0.062,0.0,0.0,0.0,0.5,0.0,0.25,0.667
35611,-1,15.526443,6.8668127,0.558,0.442,0.632,0.105,0.0,0.167,0.5,0.167,0.526
265801,-1,15.299989,1.5782318,0.791,0.116,0.0,0.0,0.0,0.0,0.0,0.0,0.5
105652,-1,15.785349,2.9937477,0.851,0.128,0.0,0.0,0.0,0.833,0.0,0.0,0.667
81166,-1,14.626454,1.5831059,0.236,0.764,0.162,0.135,0.0,0.0,0.974,0.0,0.405
214927,-1,15.512067,6.3278227,0.364,0.545,0.889,0.222,0.0,0.333,0.167,0.167,0.278
206346,-1,13.735307,1.3382553,0.222,0.733,0.267,1.0,0.0,0.0,0.75,0.0,0.7
249804,6,8.267467,11.259262,0.444,0.556,0.933,0.6,0.25,0.0,0.0,0.25,0.067
116457,-1,16.038813,5.829592,0.854,0.146,0.5,0.25,0.25,0.0,0.25,0.0,0.75
14944,-1,17.583422,4.019113,0.94,0.02,0.0,0.0,0.0,0.0,0.0,0.5,1.0
50971,-1,11.401265,8.982692,0.038,0.962,0.959,0.143,0.429,0.143,0.029,0.143,0.367
200840,-1,16.02682,3.0978718,0.854,0.125,0.25,0.25,1.0,0.0,0.0,0.0,0.5
128780,6,9.719669,11.281887,0.647,0.294,0.556,0.444,0.0,0.0,0.0,0.0,0.111
221649,6,10.4975195,10.576999,0.263,0.684,0.75,0.0,0.0,0.077,0.077,0.692,0.167
62073,-1,15.447314,9.043842,0.0,1.0,1.0,0.853,0.25,0.25,0.0,0.25,0.382
63133,-1,13.244652,4.564471,0.778,0.2,0.286,0.0,0.0,0.091,0.909,0.0,0.571
114342,-1,16.759161,-0.04123142,0.864,0.091,0.0,0.0,0.0,1.0,0.0,0.0,0.75
93560,-1,16.014952,7.0316505,0.756,0.2,0.25,0.0,0.714,0.0,0.143,0.0,0.5
144785,-1,14.4686,1.7702571,0.884,0.116,0.0,1.0,0.0,0.0,0.0,0.0,0.0
240478,-1,17.798521,1.9073334,0.886,0.086,0.5,0.0,0.0,1.0,0.0,0.0,0.5
89803,-1,15.649697,7.390864,0.659,0.341,0.5,0.0,0.0,0.0,0.25,0.25,0.167
210376,-1,16.172928,3.035041,0.705,0.227,0.0,0.0,0.741,0.0,0.037,0.037,0.222
155537,-1,14.379334,9.269033,0.735,0.059,0.0,0.0,0.1,0.4,0.0,0.0,1.0
222932,-1,17.958801,4.6419253,0.868,0.079,0.0,0.0,0.714,0.0,0.071,0.0,0.5
105703,6,9.531971,11.408828,0.146,0.792,0.079,0.079,0.0,0.026,0.0,0.795,0.0
15432,-1,14.169962,4.535421,0.128,0.872,0.976,0.024,0.0,0.091,0.182,0.273,0.439
222816,6,8.673162,10.693757,0.8,0.111,0.25,0.0,0.222,0.0,0.0,0.111,0.25
268585,6,8.299761,11.142723,0.659,0.295,0.0,0.0,0.0,0.091,0.0,0.727,0.2
212428,-1,16.2291,7.6739635,0.744,0.186,0.0,0.0,0.0,0.0,0.5,0.0,0.5
14760,-1,15.268568,3.0435452,0.778,0.222,0.0,0.0,0.0,0.25,0.25,0.0,0.714
187110,-1,15.78547,1.0501405,0.889,0.022,0.0,0.0,0.0,1.0,0.0,0.0,1.0
266921,-1,14.275152,7.176918,0.879,0.091,0.0,0.0,0.0,0.778,0.0,0.0,0.0
59250,-1,15.825942,6.401467,0.786,0.143,0.0,0.0,0.0,0.5,0.0,0.5,0.75
51419,-1,14.10754,7.1277018,0.628,0.349,0.0,0.0,0.0,0.5,0.0,0.5,0.0
199477,-1,16.42723,8.039089,0.61,0.39,0.25,0.5,0.333,0.0,0.0,0.0,0.5
152242,-1,13.481554,5.80068,0.018,0.982,0.981,0.352,0.19,0.238,0.095,0.048,0.389
80240,-1,10.415058,9.319546,0.911,0.054,1.0,0.0,0.0,0.0,0.667,0.333,0.0
225993,-1,14.433534,6.1597857,0.75,0.227,0.0,0.5,0.0,0.5,0.0,0.0,0.5
177063,-1,17.742624,0.8201157,0.805,0.171,0.429,0.0,0.0,0.5,0.0,0.0,0.143
135496,3,17.635944,4.928275,0.806,0.129,0.25,0.0,0.0,0.0,0.2,0.2,0.375
219254,6,12.823439,5.8508916,0.804,0.174,0.0,0.0,0.0,0.0,0.0,0.0,0.0
7042,-1,15.468241,8.832586,0.743,0.229,0.625,0.25,0.5,0.125,0.0,0.0,0.25
73107,-1,15.8905735,1.7454863,0.958,0.0,0.0,0.0,0.5,0.0,0.0,0.0,0.0
88604,-1,17.781912,4.483202,0.867,0.067,0.0,0.0,0.0,0.0,0.0,0.5,1.0
111566,-1,14.185505,7.424757,0.605,0.372,0.615,0.154,0.125,0.0,0.375,0.0,0.154
166946,-1,16.616526,0.014721303,0.939,0.02,0.0,0.0,0.0,0.0,0.0,0.0,0.0
65358,-1,14.901523,7.932678,0.907,0.047,0.0,0.0,0.0,0.0,0.0,0.5,0.0
47009,-1,14.34681,1.2187319,0.838,0.135,0.0,0.25,0.0,0.0,0.333,0.667,0.25
121158,-1,14.549514,4.4139934,0.514,0.432,0.8,0.333,0.0,0.125,0.5,0.0,0.4
118261,-1,13.415311,7.0222034,0.976,0.024,0.0,0.0,0.0,0.0,0.0,0.0,0.0
20266,-1,14.038121,8.763024,0.806,0.194,0.25,0.0,0.143,0.0,0.0,0.0,1.0
177457,-1,13.708576,8.460914,0.667,0.294,0.273,0.091,0.25,0.25,0.0,0.5,0.364
181444,-1,17.53368,4.975456,0.816,0.158,0.0,0.0,0.0,0.429,0.143,0.0,0.667
149777,-1,17.658566,2.16743,0.907,0.047,0.0,0.5,0.0,0.0,0.0,0.0,0.5
230930,-1,16.987808,5.5729837,0.953,0.023,0.0,0.0,0.0,0.2,0.0,0.4,1.0
112526,-1,13.505067,4.8460846,0.297,0.703,0.88,0.56,0.5,0.5,0.0,0.0,0.2
190511,-1,16.298243,0.9696304,0.857,0.122,0.0,0.0,0.231,0.0,0.077,0.0,0.667
234521,-1,16.650324,8.084494,0.755,0.208,0.0,0.0,0.0,1.0,0.0,0.0,0.0
251166,-1,17.395458,3.5583444,0.674,0.326,0.0,0.25,0.0,0.0,0.0,0.5,0.25
264683,4,16.727873,7.645361,0.4,0.575,0.0,0.0,0.0,0.333,0.0,0.0,0.0
39235,-1,14.617802,7.192444,0.854,0.104,0.0,0.2,0.286,0.286,0.0,0.286,0.2
207764,-1,12.579171,7.090485,0.821,0.077,0.667,0.0,0.0,0.5,0.0,0.5,0.333
62110,-1,14.710941,2.2079134,0.191,0.809,0.946,0.135,0.0,0.3,0.3,0.4,0.703
193720,-1,16.419844,7.478283,0.645,0.355,0.222,0.556,0.0,0.0,0.0,0.0,0.556
121647,-1,17.99104,3.9911427,0.891,0.043,0.0,0.0,0.222,0.111,0.111,0.0,0.5
169554,-1,15.195828,7.7995353,0.175,0.8,0.0,0.0,0.375,0.125,0.0,0.0,0.0
173002,-1,11.37389,10.125632,0.529,0.441,0.6,0.0,0.0,0.062,0.0,0.812,0.333
178148,-1,15.710416,1.5782908,0.738,0.238,0.4,0.0,0.0,0.5,0.5,0.0,0.6
135441,-1,15.837973,1.0829502,0.896,0.062,0.0,0.0,0.0,0.0,0.0,0.0,0.0
7363,-1,16.310207,2.2870433,0.824,0.157,0.125,0.0,0.273,0.03,0.0,0.061,0.875
18957,-1,17.182684,4.2955585,0.929,0.024,0.0,0.0,0.0,0.0,0.0,0.5,1.0
40498,-1,17.26425,1.4210181,0.838,0.135,0.6,0.2,0.0,0.0,1.0,0.0,0.6
186484,-1,16.828388,3.6879861,0.962,0.0,0.0,0.0,0.0,1.0,0.0,0.0,0.0
121968,-1,13.175754,8.349922,0.722,0.167,0.4,0.0,0.0,0.0,0.0,0.0,0.4
67665,-1,14.019595,9.526876,0.806,0.194,0.727,0.091,0.0,0.0,0.75,0.0,0.0
91130,-1,13.4850235,9.043278,0.154,0.846,0.964,0.25,0.333,0.0,0.667,0.0,0.036
17263,-1,13.635824,8.507661,0.769,0.179,0.333,0.5,0.0,0.0,0.667,0.0,0.167
158468,-1,15.255849,3.248724,0.674,0.07,0.0,0.0,0.0,0.0,0.0,0.125,0.0
11491,-1,13.280511,6.3399143,0.87,0.043,0.0,0.0,0.25,0.5,0.0,0.0,1.0
33604,-1,17.279673,1.1572976,0.766,0.17,0.25,0.125,0.0,0.333,0.0,0.667,0.375
259844,-1,12.465413,6.9202247,0.891,0.087,0.0,0.0,0.0,0.333,0.333,0.333,0.0
84444,6,11.4577465,9.473543,0.64,0.32,1.0,0.0,0.0,0.0,0.0,0.0,0.286
227225,-1,17.61381,2.9393322,0.796,0.184,0.125,0.75,0.0,0.1,0.0,0.0,0.625
73929,-1,14.222745,8.151832,0.038,0.942,0.938,0.833,0.0,0.4,0.4,0.0,0.646
159994,-1,15.889934,0.52837336,0.867,0.089,0.0,0.0,0.0,0.0,0.0,0.5,0.75
215797,6,12.843124,5.8210425,0.867,0.044,0.0,0.0,0.0,0.273,0.091,0.091,0.0
206648,-1,11.001251,9.076098,0.026,0.949,1.0,0.324,0.0,0.0,0.0,0.333,0.514
116326,-1,14.28791,7.977606,0.825,0.15,0.333,0.0,0.0,0.0,0.0,0.5,0.167
135773,-1,15.225137,4.6773214,0.905,0.095,0.0,0.0,0.0,0.0,0.0,0.0,0.333
91571,-1,16.570045,8.047963,0.267,0.733,0.0,0.0,0.0,0.75,0.25,0.0,0.0
112726,-1,15.275834,4.380828,0.8,0.175,0.0,0.0,0.0,0.5,0.25,0.0,0.429
198157,-1,16.457804,6.6090937,0.857,0.071,0.0,0.0,0.5,0.0,0.0,0.062,0.0
66708,-1,16.510777,3.8793943,0.848,0.087,0.0,0.0,0.0,0.5,0.0,0.5,0.25
211144,-1,16.409472,8.521624,0.674,0.302,0.0,0.0,0.0,0.0,0.0,0.0,1.0
167180,-1,16.547977,6.287406,0.727,0.273,0.4,0.2,0.0,0.0,0.0,0.0,0.6
119066,-1,14.005529,1.5427665,0.875,0.104,0.6,0.0,0.0,0.667,0.0,0.0,0.6
117327,-1,14.417111,1.5642692,0.325,0.675,0.654,0.115,0.0,0.0,0.222,0.444,0.5
34554,-1,16.3991,5.857176,0.913,0.043,0.0,0.0,0.0,0.0,0.0,0.0,0.0
7501,-1,16.517195,4.037979,0.762,0.167,0.0,0.143,0.333,0.0,0.0,0.0,0.571
169881,-1,16.80806,3.8599775,0.769,0.205,0.0,0.0,0.0,0.0,0.0,0.0,0.2
210035,-1,16.548626,4.3197656,0.907,0.0,0.0,0.0,0.0,0.0,0.0,0.0,0.0
256178,6,9.9977665,9.519851,0.647,0.353,0.333,0.0,0.0,0.25,0.0,0.25,0.111
200112,-1,15.236032,4.4447365,0.958,0.042,0.0,0.0,0.0,0.0,0.286,0.0,1.0
216631,-1,13.234204,8.130757,0.564,0.359,0.25,0.5,0.0,0.667,0.0,0.0,0.5
