,smooth,smooth,smooth,smooth,smooth,disk,disk,disk,disk,disk,spiral,spiral,spiral,spiral,spiral,bar,bar,bar,bar,bar,merger,merger,merger,merger,merger,disturbed,disturbed,disturbed,disturbed,disturbed,ring,ring,ring,ring,ring,irregular,irregular,irregular,irregular,irregular,bulge,bulge,bulge,bulge,bulge
,mean,std,min,max,count,mean,std,min,max,count,mean,std,min,max,count,mean,std,min,max,count,mean,std,min,max,count,mean,std,min,max,count,mean,std,min,max,count,mean,std,min,max,count,mean,std,min,max,count
cluster,,,,,,,,,,,,,,,,,,,,,,,,,,,,,,,,,,,,,,,,,,,,,
-1,0.6419535906204201,0.28379911853782946,0.0,1.0,2047,0.3161343429408891,0.2918974414957341,0.0,1.0,2047,0.32987103077674645,0.35547754970482603,0.0,1.0,2047,0.16335222276502198,0.24727078512560005,0.0,1.0,2047,0.1038866634098681,0.1924234644997425,0.0,1.0,2047,0.16846995603321935,0.2507598461496676,0.0,1.0,2047,0.1391695163654128,0.2642639607421464,0.0,1.0,2047,0.1560410356619443,0.2454029428834492,0.0,1.0,2047,0.3821494870542257,0.31129564660902775,0.0,1.0,2047
0,0.5476923076923077,0.29001763872087294,0.062,0.927,13,0.40900000000000003,0.31061981048649595,0.0,0.906,13,0.44030769230769234,0.3931361902732488,0.0,1.0,13,0.22876923076923078,0.2526612204270618,0.0,0.75,13,0.017307692307692305,0.0347811841263458,0.0,0.091,13,0.2316153846153846,0.1772025857888547,0.0,0.5,13,0.2171538461538462,0.2842800397946381,0.0,0.8,13,0.23423076923076921,0.28415581225979814,0.0,0.75,13,0.3167692307692308,0.27462858368050286,0.0,0.833,13
1,0.425925,0.2599604534189232,0.0,0.886,80,0.43745,0.31324095549996595,0.023,0.975,80,0.26978749999999996,0.3516095249984281,0.0,1.0,80,0.1757125,0.29518907023049534,0.0,1.0,80,0.1390625,0.23260682009168296,0.0,0.841,80,0.12062500000000001,0.21821771586877942,0.0,1.0,80,0.127675,0.2551777129568204,0.0,1.0,80,0.1366625,0.22836180175327045,0.0,0.867,80,0.30738750000000004,0.32633059628177713,0.0,1.0,80
2,0.7420000000000001,0.2464841345227489,0.2,0.958,15,0.21939999999999998,0.259496985944511,0.042,0.8,15,0.13166666666666668,0.18299011162459286,0.0,0.641,15,0.11386666666666666,0.20868016082946056,0.0,0.641,15,0.09753333333333333,0.16489298116686238,0.0,0.485,15,0.05673333333333333,0.10729895929908485,0.0,0.333,15,0.25953333333333334,0.4113029586685753,0.0,1.0,15,0.0944,0.21557358703832763,0.0,0.75,15,0.6198666666666667,0.36492207909295354,0.0,1.0,15
3,0.7471,0.18273262191275844,0.345,0.953,10,0.205,0.18772320048411703,0.0,0.655,10,0.1359,0.13097705481834937,0.0,0.333,10,0.11850000000000001,0.16512301811410518,0.0,0.4,10,0.1984,0.23572026736037024,0.0,0.618,10,0.0333,0.10530384608360704,0.0,0.333,10,0.1933,0.3491640970470284,0.0,1.0,10,0.05,0.15811388300841897,0.0,0.5,10,0.49420000000000003,0.2827742719712826,0.0,1.0,10
4,0.7135499999999999,0.24110086882333795,0.088,0.956,20,0.23515000000000003,0.24927901826541363,0.0,0.882,20,0.2496,0.3594036581250728,0.0,1.0,20,0.2725,0.39490871696740515,0.0,1.0,20,0.12764999999999999,0.14724282665040084,0.0,0.5,20,0.1862,0.23053521251758116,0.0,0.818,20,0.0739,0.12593937555740647,0.0,0.375,20,0.11695,0.19205659116657858,0.0,0.571,20,0.2894,0.2915779935382461,0.0,1.0,20
5,0.6429285714285714,0.2727034072974673,0.224,0.95,14,0.322,0.2801354068193561,0.025,0.776,14,0.3932857142857143,0.3510170779477674,0.0,0.92,14,0.2045,0.33858023705331197,0.0,0.909,14,0.06271428571428572,0.12298494502701014,0.0,0.333,14,0.15142857142857144,0.2686002790209085,0.0,1.0,14,0.16978571428571426,0.211922764803025,0.0,0.636,14,0.23714285714285713,0.32378336944579217,0.0,1.0,14,0.2581428571428571,0.2662312058062596,0.0,0.72,14
6,0.6250408163265306,0.28191229126447537,0.0,1.0,49,0.3426530612244898,0.28193265678027385,0.0,1.0,49,0.4585714285714286,0.330269397613524,0.0,1.0,49,0.22789795918367348,0.24795969471686655,0.0,0.9,49,0.0756734693877551,0.13890425175804585,0.0,0.531,49,0.20577551020408164,0.28749270029183077,0.0,1.0,49,0.17934693877551022,0.30105028310762916,0.0,1.0,49,0.16279591836734694,0.2548871465629312,0.0,1.0,49,0.21212244897959184,0.2227545952250538,0.0,0.8,49
7,0.6667586206896551,0.26910880104156676,0.018,0.979,29,0.3016551724137931,0.28074788841109855,0.0,0.982,29,0.31144827586206897,0.3483038068582099,0.0,0.981,29,0.18551724137931033,0.2849064534055314,0.0,1.0,29,0.07424137931034483,0.15029795530697723,0.0,0.6,29,0.19751724137931034,0.25495162295867246,0.0,0.9,29,0.19565517241379313,0.27874966699045695,0.0,1.0,29,0.09131034482758621,0.2372680978267104,0.0,1.0,29,0.3451724137931034,0.2870266375101692,0.0,1.0,29
8,0.617,0.2965391604564404,0.0,0.955,39,0.33356410256410257,0.30391349140242235,0.023,1.0,39,0.37853846153846155,0.36539530476586485,0.0,1.0,39,0.27056410256410257,0.3249123602378919,0.0,1.0,39,0.19228205128205128,0.28779176945163415,0.0,1.0,39,0.1717948717948718,0.22630082208925492,0.0,1.0,39,0.131,0.2302068863572847,0.0,0.714,39,0.11835897435897436,0.245030018266236,0.0,1.0,39,0.36458974358974355,0.20566998577802384,0.0,0.714,39
9,0.5189374999999999,0.3112455555238232,0.0,0.846,16,0.4504375,0.3166242712848569,0.105,1.0,16,0.511125,0.41897380586380334,0.0,1.0,16,0.339875,0.35684429377531035,0.0,1.0,16,0.16025,0.2701205903542589,0.0,1.0,16,0.164875,0.28967588209353345,0.0,1.0,16,0.158625,0.26859359014441625,0.0,1.0,16,0.15681250000000002,0.24449491303501594,0.0,0.8,16,0.27425,0.24897376033095,0.0,0.667,16
10,0.8013,0.13624358793806515,0.4,0.961,60,0.1650333333333333,0.13913022392363045,0.0,0.577,60,0.1464,0.2318427433134767,0.0,1.0,60,0.11105000000000001,0.21363864826828102,0.0,1.0,60,0.08855,0.17495495061804545,0.0,0.667,60,0.12641666666666668,0.25259408662688454,0.0,1.0,60,0.08306666666666666,0.21053192250934358,0.0,1.0,60,0.11586666666666666,0.26548870617663684,0.0,1.0,60,0.5280166666666667,0.3441672086560895,0.0,1.0,60
11,0.8584615384615385,0.05983256552610711,0.76,0.956,13,0.1043076923076923,0.06354445243998437,0.022,0.24,13,0.041,0.10369667304209908,0.0,0.333,13,0.0,0.0,0.0,0.0,13,0.03661538461538462,0.09742906689958124,0.0,0.333,13,0.34992307692307695,0.333247270941179,0.0,1.0,13,0.025615384615384616,0.09235758267150065,0.0,0.333,13,0.2123846153846154,0.21236820950946594,0.0,0.5,13,0.5699230769230769,0.3173616395477094,0.0,1.0,13
12,0.8235833333333332,0.09780811590165658,0.583,0.933,24,0.13008333333333333,0.09482474299494817,0.0,0.375,24,0.09666666666666668,0.14862256445999936,0.0,0.5,24,0.076125,0.11100188502120525,0.0,0.375,24,0.12008333333333332,0.23745515213480273,0.0,1.0,24,0.27287500000000003,0.3171007674842974,0.0,1.0,24,0.0545,0.11414788272427476,0.0,0.4,24,0.22520833333333334,0.28565485089628656,0.0,1.0,24,0.3910833333333333,0.3716459180534573,0.0,1.0,24
13,0.8631818181818182,0.07483424106893606,0.714,0.977,11,0.09618181818181819,0.06774188981984218,0.023,0.257,11,0.11363636363636363,0.2050498830661811,0.0,0.5,11,0.23481818181818184,0.26303110773511873,0.0,0.75,11,0.10736363636363637,0.15459448420126298,0.0,0.333,11,0.2848181818181818,0.3222659827477353,0.0,1.0,11,0.018181818181818184,0.06030226891555274,0.0,0.2,11,0.11463636363636365,0.1513415162652157,0.0,0.4,11,0.5984545454545455,0.3136499206556136,0.0,1.0,11
14,0.8299,0.0824694556251653,0.686,0.933,10,0.1456,0.07699668102515127,0.067,0.295,10,0.1834,0.3210957628012069,0.0,1.0,10,0.1583,0.32020828291042763,0.0,1.0,10,0.1147,0.22962774222641305,0.0,0.636,10,0.2061,0.4188541114357918,0.0,1.0,10,0.2566,0.37114573358123837,0.0,1.0,10,0.1333,0.21939312761443658,0.0,0.5,10,0.3985,0.30127921711705685,0.0,0.75,10
15,0.48504918032786887,0.2687868068581187,0.0,0.95,61,0.48668852459016393,0.27179315302778856,0.025,1.0,61,0.5525737704918033,0.3202280676339075,0.0,1.0,61,0.17104918032786884,0.18852801968845445,0.0,0.821,61,0.03080327868852459,0.0883241793380369,0.0,0.5,61,0.18063934426229508,0.24854637614114636,0.0,1.0,61,0.3324098360655738,0.33394332738002025,0.0,1.0,61,0.18472131147540985,0.2624850555204709,0.0,1.0,61,0.45449180327868854,0.21307343201744788,0.0,1.0,61
16,0.7757599999999999,0.21920030413604205,0.114,1.0,25,0.19508,0.21490403284567122,0.0,0.829,25,0.16032,0.27513431871239424,0.0,1.0,25,0.139,0.27870235018743567,0.0,1.0,25,0.19132,0.2885307204903261,0.0,1.0,25,0.1418,0.2162276963450026,0.0,0.714,25,0.18628,0.3311923559906941,0.0,1.0,25,0.030440000000000005,0.07890240807478564,0.0,0.333,25,0.5786,0.2982982288471277,0.0,1.0,25
17,0.48514999999999997,0.34324707611742,0.026,0.927,20,0.4871,0.3349478985407165,0.049,0.921,20,0.57795,0.38202610478453186,0.0,1.0,20,0.17875000000000002,0.1853789504316979,0.0,0.524,20,0.09695000000000001,0.20510753918756605,0.0,0.789,20,0.14345,0.25588123787166744,0.0,1.0,20,0.15914999999999999,0.2631382016315661,0.0,1.0,20,0.12275,0.2023482862476686,0.0,0.667,20,0.20725,0.20577603435723382,0.0,0.571,20
18,0.35431250000000003,0.32508946845445486,0.0,0.927,16,0.63225,0.3276627331062638,0.024,1.0,16,0.713,0.3273715524191638,0.0,1.0,16,0.21675,0.26083621936635515,0.0,0.897,16,0.1060625,0.20165464495848673,0.0,0.721,16,0.2300625,0.2598564908431832,0.0,1.0,16,0.1145625,0.2084645353531387,0.0,0.6,16,0.2521875,0.3357823141560616,0.0,1.0,16,0.3110625,0.23962761909540675,0.0,1.0,16
19,0.51075,0.25799875050697024,0.028,0.902,20,0.46325000000000005,0.2567322740255222,0.073,0.917,20,0.5619,0.3324540173982118,0.0,1.0,20,0.22115,0.27158177502607905,0.0,0.8,20,0.09535,0.23632499366672785,0.0,1.0,20,0.1943,0.3215588838602872,0.0,1.0,20,0.22279999999999997,0.36657929421527397,0.0,1.0,20,0.23345000000000002,0.31967985218767986,0.0,1.0,20,0.22815,0.1982980943189478,0.0,0.621,20
20,0.4246666666666667,0.35988592468708575,0.0,0.829,12,0.54625,0.353854907348401,0.14,0.98,12,0.6425,0.33815744047034446,0.0,1.0,12,0.3565,0.3395849070422729,0.0,1.0,12,0.020833333333333332,0.07216878364870323,0.0,0.25,12,0.3481666666666667,0.35947204552670226,0.0,1.0,12,0.2544166666666667,0.31810531656079316,0.0,0.917,12,0.1845,0.250665840585357,0.0,0.6,12,0.40225,0.17693662193513862,0.0,0.625,12
21,0.364,0.2265554780078924,0.04,0.718,14,0.6126428571428572,0.23929209930795625,0.231,0.96,14,0.646,0.27503146673118645,0.25,1.0,14,0.27014285714285713,0.3038951886988106,0.0,0.814,14,0.17149999999999999,0.2560101410251014,0.0,0.795,14,0.12335714285714286,0.14780944444835678,0.0,0.429,14,0.25885714285714284,0.3054683307626195,0.0,1.0,14,0.14278571428571427,0.20279022073653757,0.0,0.667,14,0.34885714285714287,0.15721756465917744,0.0,0.611,14
22,0.3416428571428572,0.2867694348971117,0.0,0.758,14,0.6332142857142857,0.28999951686204545,0.212,1.0,14,0.6887857142857143,0.269839034232641,0.125,0.979,14,0.27314285714285713,0.3302600041326081,0.0,0.951,14,0.12035714285714286,0.1740082257749979,0.0,0.528,14,0.24014285714285716,0.37261856288514855,0.0,1.0,14,0.3002142857142857,0.3447220013891748,0.0,1.0,14,0.08935714285714287,0.11119186961343833,0.0,0.333,14,0.38321428571428573,0.215080013222782,0.0,0.6,14
23,0.7904333333333333,0.1575070186358063,0.4,0.952,30,0.16833333333333333,0.1635345230521221,0.019,0.581,30,0.18480000000000002,0.2528770179492327,0.0,1.0,30,0.14313333333333336,0.3179186334131178,0.0,1.0,30,0.09816666666666667,0.2244564443322999,0.0,1.0,30,0.16413333333333335,0.2510371223178142,0.0,1.0,30,0.12526666666666667,0.2547559932405007,0.0,1.0,30,0.1061,0.2351041368679288,0.0,1.0,30,0.522,0.36581255799412754,0.0,1.0,30
24,0.82812,0.1519230397273567,0.227,0.959,25,0.13992,0.15449161789559976,0.021,0.773,25,0.17548000000000002,0.280035729863173,0.0,0.941,25,0.10647999999999999,0.1914227694572061,0.0,0.676,25,0.06868,0.17687347643631215,0.0,0.684,25,0.19,0.3707412619783955,0.0,1.0,25,0.08144,0.2482005372006005,0.0,1.0,25,0.14332,0.2820958347796011,0.0,1.0,25,0.5864,0.3001755042193372,0.0,1.0,25
25,0.5308333333333333,0.22449243403993918,0.108,0.833,18,0.44216666666666665,0.23063805359199918,0.111,0.892,18,0.40455555555555556,0.3354463614915334,0.0,0.97,18,0.22905555555555557,0.3103473333545198,0.0,1.0,18,0.0811111111111111,0.20281718481804334,0.0,0.81,18,0.19416666666666668,0.3375130934279352,0.0,1.0,18,0.21094444444444443,0.3098603997290738,0.0,1.0,18,0.04844444444444444,0.11180404192536901,0.0,0.348,18,0.24305555555555555,0.18972750497434696,0.0,0.5,18
26,0.5239285714285714,0.356932543569987,0.021,0.949,14,0.45007142857142857,0.3573254203719014,0.041,0.947,14,0.3458571428571429,0.42516980447506225,0.0,1.0,14,0.1045,0.20854468253922137,0.0,0.75,14,0.12150000000000001,0.2785845404071198,0.0,1.0,14,0.15507142857142858,0.2896460610112636,0.0,1.0,14,0.09864285714285714,0.2683504044350214,0.0,1.0,14,0.03964285714285714,0.097511819514636,0.0,0.333,14,0.233,0.3045549085266765,0.0,1.0,14
27,0.50025,0.2868668126183616,0.0,0.822,12,0.4443333333333333,0.3116485005238881,0.089,0.957,12,0.6110833333333333,0.36319502858365066,0.0,1.0,12,0.22708333333333333,0.23929421158266595,0.0,0.667,12,0.04033333333333334,0.08276838805127269,0.0,0.25,12,0.16291666666666668,0.16633124581188388,0.0,0.5,12,0.04125,0.07590679092868377,0.0,0.25,12,0.40525000000000005,0.2749727672466361,0.0,1.0,12,0.10008333333333334,0.09404878650160374,0.0,0.333,12
28,0.8308,0.12061674842243095,0.5,0.915,10,0.1204,0.13042767259204535,0.022,0.475,10,0.24289999999999998,0.32106366623736443,0.0,1.0,10,0.05789999999999999,0.18309587652374912,0.0,0.579,10,0.20600000000000002,0.30851400112294564,0.0,1.0,10,0.058899999999999994,0.09573162718999634,0.0,0.222,10,0.15,0.3113194143926424,0.0,1.0,10,0.1723,0.3399594910508538,0.0,1.0,10,0.4332,0.39620443656722926,0.0,1.0,10
29,0.6978571428571428,0.24527742634212363,0.043,0.932,28,0.26392857142857146,0.2636509938552225,0.023,0.957,28,0.17142857142857143,0.2766009866578675,0.0,1.0,28,0.17342857142857143,0.25239466868986904,0.0,1.0,28,0.08932142857142857,0.14928919327102425,0.0,0.448,28,0.1055,0.20505563833948778,0.0,0.944,28,0.18632142857142855,0.3361567153896933,0.0,1.0,28,0.17410714285714285,0.28462650501050907,0.0,1.0,28,0.31307142857142856,0.29785379567479675,0.0,1.0,28
30,0.16635714285714284,0.251544645721607,0.0,0.784,14,0.8175714285714285,0.24586510193935282,0.216,1.0,14,0.8892142857142857,0.17889411503904873,0.375,1.0,14,0.10885714285714286,0.14410618795386063,0.0,0.571,14,0.1155,0.18884782233322153,0.0,0.6,14,0.25307142857142856,0.2826817901908336,0.0,1.0,14,0.017357142857142856,0.04491976974880564,0.0,0.143,14,0.22,0.22853614425462165,0.0,0.714,14,0.21864285714285714,0.13075908978132098,0.0,0.444,14
31,0.7367368421052631,0.27503269343141795,0.108,0.953,19,0.22773684210526315,0.28055339006749247,0.023,0.865,19,0.18273684210526317,0.31764460260997895,0.0,1.0,19,0.19657894736842105,0.287445321523063,0.0,1.0,19,0.13536842105263158,0.2630061702965067,0.0,1.0,19,0.16363157894736843,0.32369330658069867,0.0,1.0,19,0.07926315789473684,0.215090896058507,0.0,0.895,19,0.17415789473684212,0.3262530141466376,0.0,1.0,19,0.4754736842105263,0.35771580408367204,0.0,1.0,19
32,0.8262,0.07151743044281483,0.714,0.93,15,0.13773333333333332,0.06272213856898269,0.047,0.229,15,0.11666666666666667,0.17233259647995736,0.0,0.556,15,0.04386666666666667,0.09915706636202895,0.0,0.333,15,0.09493333333333333,0.1705568471074618,0.0,0.488,15,0.1118,0.18490468587124248,0.0,0.5,15,0.14666666666666667,0.2948768911806772,0.0,1.0,15,0.07946666666666666,0.14714563566493605,0.0,0.5,15,0.5414666666666667,0.291085374483321,0.0,1.0,15
33,0.6833,0.24376651900840213,0.128,0.943,20,0.2677,0.23555580409343613,0.049,0.809,20,0.28200000000000003,0.2576356055811345,0.0,0.865,20,0.24289999999999998,0.333656914872306,0.0,1.0,20,0.1278,0.21162270299061164,0.0,0.769,20,0.16665000000000002,0.25809265472123116,0.0,1.0,20,0.075,0.16662911857744053,0.0,0.667,20,0.23955,0.29363107447056225,0.0,1.0,20,0.2615,0.22178118661609264,0.0,0.727,20
34,0.72985,0.25047350421908793,0.0,0.979,20,0.22305000000000003,0.2677287462693302,0.0,1.0,20,0.2419,0.3566050299258566,0.0,1.0,20,0.0883,0.21875800135742404,0.0,0.925,20,0.03185,0.08356546441027696,0.0,0.312,20,0.1749,0.29292982813384905,0.0,1.0,20,0.20915,0.35534864643940295,0.0,1.0,20,0.055600000000000004,0.1134429603948958,0.0,0.4,20,0.32189999999999996,0.3222777324639499,0.0,1.0,20
35,0.45385185185185184,0.3004366954571428,0.0,0.865,27,0.5144444444444445,0.30973392220436974,0.054,1.0,27,0.5604074074074075,0.35067772398152997,0.0,1.0,27,0.13948148148148148,0.18353481547114842,0.0,0.767,27,0.061814814814814815,0.11641934713553581,0.0,0.333,27,0.16155555555555556,0.176839634726654,0.0,0.6,27,0.25925925925925924,0.2929427080495949,0.0,0.96,27,0.27122222222222225,0.28430310657862395,0.0,1.0,27,0.21337037037037038,0.20320984760892413,0.0,0.75,27
36,0.8228571428571428,0.0974694953357634,0.611,0.977,35,0.14434285714285713,0.09381205957129608,0.02,0.357,35,0.14777142857142855,0.24178017309291586,0.0,1.0,35,0.1078,0.19269433277175782,0.0,1.0,35,0.0842857142857143,0.2172847916267241,0.0,1.0,35,0.20077142857142857,0.31304539096866235,0.0,1.0,35,0.1755142857142857,0.31448373860780066,0.0,1.0,35,0.05551428571428572,0.18458528579248248,0.0,1.0,35,0.5574,0.36700314151564556,0.0,1.0,35
37,0.8406,0.0727204693787565,0.683,0.913,10,0.1254,0.06998761795251118,0.08,0.317,10,0.1066,0.1445846157483953,0.0,0.333,10,0.2667,0.35096693418168173,0.0,1.0,10,0.0343,0.07354824569250068,0.0,0.2,10,0.21000000000000002,0.41753243386991307,0.0,1.0,10,0.1333,0.32200760860575955,0.0,1.0,10,0.185,0.33002525155912943,0.0,1.0,10,0.45170000000000005,0.39680111166958976,0.0,1.0,10
38,0.8357142857142856,0.12134149431154312,0.487,0.957,14,0.12157142857142857,0.11366801477292363,0.022,0.462,14,0.14585714285714285,0.1952658373928918,0.0,0.5,14,0.044071428571428574,0.08909671865296317,0.0,0.25,14,0.10500000000000001,0.13028253321738284,0.0,0.333,14,0.15714285714285717,0.16722295441570362,0.0,0.5,14,0.11842857142857142,0.2006423202102205,0.0,0.571,14,0.13385714285714284,0.31146548324452783,0.0,1.0,14,0.6041428571428572,0.32221274795553156,0.0,1.0,14
39,0.8102727272727273,0.1541830671047187,0.421,1.0,11,0.12590909090909091,0.15362581459211505,0.0,0.553,11,0.147,0.23657768280207664,0.0,0.667,11,0.10236363636363635,0.18270592367368535,0.0,0.476,11,0.15172727272727274,0.14891345869940092,0.0,0.357,11,0.12145454545454547,0.15588993786409927,0.0,0.429,11,0.09336363636363637,0.2079472398120604,0.0,0.684,11,0.06427272727272727,0.11653247694019973,0.0,0.333,11,0.2738181818181818,0.35822697223459266,0.0,1.0,11
40,0.5875714285714286,0.31116325526734584,0.054,0.951,14,0.38385714285714284,0.3226676921546989,0.0,0.946,14,0.3605714285714286,0.3992979828660284,0.0,1.0,14,0.2562142857142857,0.3393414841382393,0.0,1.0,14,0.047214285714285716,0.13720068320721832,0.0,0.5,14,0.17192857142857143,0.2842881702362301,0.0,1.0,14,0.2367857142857143,0.30121144593928556,0.0,1.0,14,0.12157142857142857,0.20752931740459607,0.0,0.5,14,0.509,0.3373918060196939,0.0,1.0,14
41,0.7593,0.0994038340418629,0.587,0.907,10,0.2077,0.11218045977600358,0.044,0.413,10,0.2183,0.22198751216128254,0.0,0.632,10,0.1169,0.27596636268453684,0.0,0.882,10,0.0495,0.08852149770284931,0.0,0.259,10,0.0632,0.11480011614395984,0.0,0.333,10,0.1911,0.3060332044439332,0.0,0.8,10,0.0708,0.1495874326272097,0.0,0.375,10,0.6157,0.24949595855110224,0.364,1.0,10
42,0.67096,0.23887260900599994,0.1,0.977,25,0.29028,0.2430403807326401,0.0,0.85,25,0.27527999999999997,0.28959231688703346,0.0,1.0,25,0.18928,0.24171341846630418,0.0,1.0,25,0.16384,0.30214616771798825,0.0,1.0,25,0.15144,0.31393086818597493,0.0,1.0,25,0.26292000000000004,0.36941010634072624,0.0,1.0,25,0.12332000000000001,0.28780863433886067,0.0,1.0,25,0.46724000000000004,0.28218467357388494,0.0,1.0,25
43,0.7452,0.185581847771333,0.359,0.914,10,0.2262,0.18924105732577637,0.047,0.615,10,0.1908,0.24849135911648026,0.0,0.708,10,0.1847,0.24459447163735232,0.0,0.708,10,0.11259999999999999,0.15173968938064072,0.0,0.412,10,0.1928,0.3066031818346168,0.0,1.0,10,0.154,0.3264628615937807,0.0,1.0,10,0.09390000000000001,0.12113853410226015,0.0,0.333,10,0.5524,0.28627849688332824,0.0,1.0,10
44,0.8599090909090908,0.05671058903847597,0.767,0.925,11,0.06718181818181818,0.04970677656380101,0.0,0.133,11,0.10909090909090909,0.16854996561581054,0.0,0.5,11,0.05909090909090909,0.13568010505999364,0.0,0.4,11,0.008272727272727272,0.02743753235657649,0.0,0.091,11,0.31127272727272726,0.3941284285379807,0.0,1.0,11,0.045454545454545456,0.15075567228888181,0.0,0.5,11,0.1439090909090909,0.21108787485095135,0.0,0.5,11,0.3590909090909091,0.3800119615342271,0.0,1.0,11
45,0.7924117647058824,0.15563180058375337,0.276,0.907,17,0.16852941176470587,0.15695027781396997,0.023,0.69,17,0.11823529411764708,0.2088104790868279,0.0,0.684,17,0.061764705882352944,0.14212605734512793,0.0,0.545,17,0.1071764705882353,0.18729763589475631,0.0,0.6,17,0.16258823529411767,0.29292747797525104,0.0,1.0,17,0.19117647058823528,0.39060661721451256,0.0,1.0,17,0.061294117647058825,0.2421125163807838,0.0,1.0,17,0.3417058823529412,0.33525210005044753,0.0,1.0,17
46,0.3520625,0.2742819641050671,0.0,0.737,16,0.62575,0.28318250887604857,0.229,1.0,16,0.6506875,0.30519932694333823,0.0,1.0,16,0.1910625,0.17791925837300468,0.0,0.556,16,0.0819375,0.15169287777172225,0.0,0.5,16,0.1496875,0.21408213961001044,0.0,0.714,16,0.3693125,0.34316909704497967,0.0,1.0,16,0.10125,0.18504431901574284,0.0,0.538,16,0.4630625,0.2200861857697267,0.0,0.75,16
47,0.4799230769230769,0.3245677796543329,0.0,0.956,13,0.4706923076923077,0.33284540571046506,0.022,0.978,13,0.39499999999999996,0.3701261046364243,0.0,1.0,13,0.18946153846153846,0.28971612985375167,0.0,0.968,13,0.18084615384615385,0.30679603597880417,0.0,1.0,13,0.0026153846153846158,0.009429903335828896,0.0,0.034,13,0.30169230769230765,0.34203006315609763,0.0,1.0,13,0.04892307692307692,0.13788126627552993,0.0,0.5,13,0.3314615384615385,0.27647200442498554,0.0,0.8,13
48,0.448875,0.2881248329367649,0.0,0.9,32,0.5251875,0.2960441812602716,0.1,1.0,32,0.49978125,0.35170182884268647,0.0,1.0,32,0.22575,0.287905338385671,0.0,1.0,32,0.04759375,0.14208308777136416,0.0,0.697,32,0.18596875,0.24708970349365156,0.0,1.0,32,0.2803125,0.3178880344073284,0.0,1.0,32,0.10534375,0.17482131142231874,0.0,0.632,32,0.34384375,0.20747422838402943,0.0,0.889,32
49,0.5030833333333333,0.2613219742815829,0.0,0.78,12,0.4724166666666667,0.27816491456862363,0.122,1.0,12,0.43116666666666664,0.38285217496938406,0.0,0.967,12,0.18475,0.34640284614619116,0.0,1.0,12,0.026083333333333333,0.06701486718812792,0.0,0.222,12,0.09075,0.14533042289273712,0.0,0.429,12,0.33375,0.36593966840053144,0.0,1.0,12,0.16474999999999998,0.20189741994839402,0.0,0.5,12,0.2986666666666667,0.2078737962118245,0.0,0.591,12
50,0.4672083333333334,0.2636425411286153,0.068,0.909,24,0.5021666666666667,0.26028106324521183,0.068,0.886,24,0.44095833333333334,0.31793798672979784,0.0,0.944,24,0.207125,0.2281763834329086,0.0,1.0,24,0.08629166666666667,0.23257116333391972,0.0,1.0,24,0.11708333333333333,0.15944793798458554,0.0,0.429,24,0.3754166666666667,0.3639741888443843,0.0,1.0,24,0.09791666666666667,0.17712484338716444,0.0,0.5,24,0.41450000000000004,0.20358760532870923,0.0,0.8,24
51,0.45620000000000005,0.3060064632578135,0.0,0.75,10,0.5142,0.3138664967430863,0.159,0.977,10,0.46790000000000004,0.3818145128491349,0.0,1.0,10,0.0807,0.08833779862927688,0.0,0.279,10,0.1399,0.13755116219873326,0.0,0.333,10,0.0875,0.11858541225631423,0.0,0.25,10,0.2573,0.238995606654181,0.0,0.778,10,0.0726,0.12522442076350587,0.0,0.333,10,0.3493,0.23252863622931835,0.0,0.667,10
52,0.8064666666666667,0.13658951364616262,0.444,0.952,15,0.159,0.14330935569100656,0.0,0.533,15,0.12986666666666666,0.28184212061432723,0.0,1.0,15,0.12639999999999998,0.2262583226567115,0.0,0.778,15,0.03553333333333333,0.09708234109445936,0.0,0.333,15,0.10086666666666666,0.178526855389429,0.0,0.5,15,0.1560666666666667,0.34902199412207874,0.0,1.0,15,0.049933333333333337,0.1096966379655839,0.0,0.333,15,0.4432,0.37150085560370616,0.0,1.0,15
53,0.8280588235294117,0.08534739745955602,0.61,0.939,34,0.12405882352941176,0.0737431830137418,0.022,0.357,34,0.14211764705882352,0.20666174452191524,0.0,0.75,34,0.10270588235294117,0.22210569820801668,0.0,1.0,34,0.12588235294117647,0.2423765871163605,0.0,1.0,34,0.12191176470588237,0.24048894230826712,0.0,1.0,34,0.09944117647058824,0.21921073176235256,0.0,1.0,34,0.19079411764705884,0.33827349338661716,0.0,1.0,34,0.562,0.2967096325713172,0.0,1.0,34
54,0.7265416666666668,0.21537893384666837,0.082,0.932,24,0.22858333333333333,0.21536155982272087,0.023,0.918,24,0.124375,0.1951097377954486,0.0,0.844,24,0.20575,0.27569915077694823,0.0,1.0,24,0.09483333333333333,0.1344258860509378,0.0,0.444,24,0.10545833333333333,0.21376744356317737,0.0,1.0,24,0.25645833333333334,0.3062014084491316,0.0,1.0,24,0.09704166666666665,0.22299960599822213,0.0,1.0,24,0.5175,0.28845209081518575,0.0,1.0,24
55,0.4977142857142857,0.27296926526665927,0.0,0.889,14,0.4682857142857143,0.2859398615016878,0.044,0.977,14,0.36657142857142855,0.34161037506441216,0.0,1.0,14,0.12335714285714286,0.1679700555469324,0.0,0.5,14,0.05542857142857143,0.10473168228728724,0.0,0.333,14,0.19121428571428573,0.3021698907190173,0.0,1.0,14,0.3683571428571429,0.3837199714420875,0.0,1.0,14,0.09792857142857143,0.16064747084878084,0.0,0.5,14,0.46085714285714285,0.24637677748423548,0.0,0.75,14
56,0.5414,0.36809702072506195,0.0,0.955,25,0.43032,0.38574178755569977,0.023,1.0,25,0.42532000000000003,0.3708205675705345,0.0,1.0,25,0.32724,0.388039224821409,0.0,1.0,25,0.10955999999999999,0.23094896261584144,0.0,1.0,25,0.16696000000000003,0.270006092523854,0.0,1.0,25,0.27580000000000005,0.3366655115491735,0.0,1.0,25,0.07428,0.17706696473368486,0.0,0.667,25,0.43264,0.3013129436316999,0.0,1.0,25
57,0.7210487804878049,0.2621914330426828,0.0,0.976,41,0.22451219512195122,0.267146693967118,0.0,0.958,41,0.27597560975609753,0.347311350793843,0.0,1.0,41,0.17021951219512196,0.2864498657876385,0.0,0.889,41,0.08960975609756097,0.14961498555438565,0.0,0.667,41,0.2540487804878049,0.28009676463853633,0.0,1.0,41,0.1263170731707317,0.19862595991264465,0.0,0.667,41,0.17660975609756097,0.18961881210059045,0.0,0.583,41,0.30873170731707317,0.3008842821077768,0.0,1.0,41
58,0.5606071428571429,0.3060306616550307,0.0,0.932,28,0.40399999999999997,0.3083222220220148,0.045,0.978,28,0.40332142857142855,0.36109945829794426,0.0,1.0,28,0.23835714285714288,0.27165408481917186,0.0,0.692,28,0.08596428571428572,0.17280356695196644,0.0,0.5,28,0.20389285714285713,0.35203686036862825,0.0,1.0,28,0.08332142857142857,0.23894057119050868,0.0,1.0,28,0.17375000000000002,0.2477175250607478,0.0,1.0,28,0.236,0.26216534223017857,0.0,0.833,28
59,0.5824545454545454,0.2394273850821429,0.257,0.902,11,0.38827272727272727,0.22642088724721976,0.073,0.714,11,0.17427272727272727,0.22578932255936765,0.0,0.5,11,0.1328181818181818,0.1879232918942291,0.0,0.567,11,0.053,0.11936917525056459,0.0,0.333,11,0.2098181818181818,0.2345573781324383,0.0,0.667,11,0.24454545454545454,0.37914518687077214,0.0,1.0,11,0.01890909090909091,0.04310557863074001,0.0,0.125,11,0.16363636363636364,0.25048603662770214,0.0,0.6,11
60,0.6686428571428572,0.26792783389529384,0.083,0.93,14,0.28985714285714287,0.27229561344043185,0.023,0.917,14,0.2822142857142857,0.3506067660436752,0.0,1.0,14,0.14407142857142857,0.21099123725359353,0.0,0.591,14,0.09435714285714285,0.12819492798250468,0.0,0.333,14,0.10107142857142858,0.18328391774919728,0.0,0.5,14,0.22685714285714287,0.31751410801916946,0.0,1.0,14,0.0475,0.13463269119519797,0.0,0.5,14,0.4708571428571428,0.2995498821033517,0.0,1.0,14
61,0.8478,0.07247191026720479,0.718,0.936,10,0.1,0.05166989237242301,0.021,0.179,10,0.0833,0.263417729092026,0.0,0.833,10,0.1333,0.32200760860575955,0.0,1.0,10,0.2091,0.3451899477099528,0.0,1.0,10,0.2866,0.2658078671187559,0.0,0.769,10,0.0333,0.10530384608360704,0.0,0.333,10,0.0333,0.10530384608360704,0.0,0.333,10,0.5749,0.3055172117355529,0.25,1.0,10
62,0.7609240506329114,0.19815933579538766,0.0,0.979,79,0.19865822784810125,0.20663952795815207,0.0,1.0,79,0.18620253164556963,0.27078363866354177,0.0,1.0,79,0.1320759493670886,0.2167290505152186,0.0,1.0,79,0.07779746835443038,0.157703257510446,0.0,0.667,79,0.1438481012658228,0.2350133159679383,0.0,1.0,79,0.1490253164556962,0.2703738615175027,0.0,1.0,79,0.17377215189873418,0.26173263659829393,0.0,1.0,79,0.4118481012658228,0.3357604109391709,0.0,1.0,79
63,0.5136153846153847,0.26473620154836475,0.0,0.8,13,0.45784615384615385,0.2748702257896279,0.116,1.0,13,0.33999999999999997,0.38876342420551857,0.0,1.0,13,0.20638461538461536,0.27379814293914245,0.0,0.931,13,0.06092307692307693,0.18535167544358372,0.0,0.667,13,0.3141538461538461,0.34390813845023743,0.0,1.0,13,0.13938461538461538,0.1941985832687503,0.0,0.5,13,0.04161538461538462,0.0961288531620783,0.0,0.333,13,0.2643076923076923,0.22074094342138728,0.0,0.615,13
64,0.5067142857142857,0.2903418920612634,0.021,0.955,21,0.46304761904761904,0.30126541059180295,0.023,0.974,21,0.5129523809523809,0.3521717586903408,0.0,1.0,21,0.32361904761904764,0.2725108211044978,0.0,0.75,21,0.06328571428571429,0.12187786626666175,0.0,0.368,21,0.1941904761904762,0.25809893820928803,0.0,1.0,21,0.1141904761904762,0.20663993298673397,0.0,0.818,21,0.134,0.2307773819073264,0.0,1.0,21,0.3,0.30289585669005115,0.0,1.0,21
65,0.8205714285714285,0.12164651659624291,0.263,0.952,49,0.13853061224489796,0.130644891155506,0.0,0.737,49,0.12528571428571428,0.20246995661908299,0.0,0.765,49,0.08542857142857142,0.22498509209871367,0.0,1.0,49,0.05473469387755102,0.13663085539605796,0.0,0.5,49,0.15318367346938777,0.25727471321765083,0.0,1.0,49,0.1403265306122449,0.2871486539926592,0.0,1.0,49,0.18824489795918367,0.3293909487354556,0.0,1.0,49,0.4583877551020408,0.30957853179272415,0.0,1.0,49
66,0.556,0.2702114398433609,0.152,0.884,10,0.40090000000000003,0.2774468717910992,0.073,0.826,10,0.30219999999999997,0.29526176710016333,0.0,0.838,10,0.24410000000000004,0.2980326044803376,0.0,0.919,10,0.0,0.0,0.0,0.0,10,0.05,0.15811388300841897,0.0,0.5,10,0.4842000000000001,0.45366086207405837,0.0,1.0,10,0.0533,0.15729664120169043,0.0,0.5,10,0.5328999999999999,0.10818856994464185,0.333,0.714,10
67,0.7830999999999999,0.1601112436552399,0.152,0.932,30,0.17773333333333333,0.16401176016147248,0.021,0.848,30,0.19136666666666666,0.2826471521945306,0.0,1.0,30,0.0934,0.15661188575143553,0.0,0.625,30,0.14616666666666667,0.1993982470322651,0.0,0.733,30,0.21143333333333333,0.3503654922519047,0.0,1.0,30,0.04616666666666667,0.133845274370313,0.0,0.667,30,0.11823333333333334,0.192968227388887,0.0,0.667,30,0.4610666666666667,0.30240700289890576,0.0,1.0,30
68,0.8506666666666667,0.07383245065166649,0.711,0.98,27,0.10225925925925926,0.07852662096022087,0.0,0.244,27,0.12166666666666667,0.20284400979001652,0.0,0.8,27,0.12774074074074074,0.23975862743642706,0.0,1.0,27,0.05581481481481481,0.12248109337207205,0.0,0.5,27,0.2331851851851852,0.3416488342229868,0.0,1.0,27,0.08125925925925925,0.2199149472991412,0.0,1.0,27,0.18074074074074073,0.3024364640958738,0.0,1.0,27,0.327,0.320893703943797,0.0,1.0,27
69,0.7730769230769231,0.13030515663684936,0.458,0.933,26,0.15965384615384615,0.13596703786070866,0.023,0.542,26,0.07692307692307693,0.22101165997782526,0.0,1.0,26,0.12307692307692308,0.2843345808130869,0.0,1.0,26,0.101,0.16550456187066265,0.0,0.667,26,0.12257692307692308,0.2139671326305838,0.0,0.75,26,0.12246153846153847,0.2392015436019142,0.0,1.0,26,0.1066923076923077,0.22414401963572783,0.0,1.0,26,0.38853846153846155,0.3296657981373537,0.0,1.0,26
70,0.5239479166666666,0.310993429268603,0.0,0.93,96,0.44751041666666663,0.31595052893207204,0.019,1.0,96,0.45366666666666666,0.36514815065918726,0.0,1.0,96,0.1946875,0.2705412241181895,0.0,1.0,96,0.08577083333333334,0.18709600570529875,0.0,1.0,96,0.14061458333333335,0.2514435950055166,0.0,1.0,96,0.283625,0.35030958488622305,0.0,1.0,96,0.10853125000000001,0.20342943704209368,0.0,1.0,96,0.4621875,0.2689980360914418,0.0,1.0,96
71,0.6393636363636364,0.30947771251813033,0.06,0.885,11,0.3297272727272727,0.3151745836545488,0.067,0.9,11,0.30427272727272725,0.3149101747829342,0.0,0.974,11,0.07581818181818183,0.10316667890536962,0.0,0.256,11,0.029727272727272727,0.07662126455376589,0.0,0.25,11,0.12245454545454545,0.2999937878144691,0.0,1.0,11,0.25463636363636366,0.387778615379258,0.0,0.963,11,0.0,0.0,0.0,0.0,11,0.6498181818181817,0.30912224707446023,0.0,1.0,11
72,0.7039166666666666,0.28114973633710605,0.095,0.92,12,0.26091666666666663,0.270367244631625,0.02,0.857,12,0.24066666666666667,0.23084403760324781,0.0,0.783,12,0.26175,0.2786125119555506,0.0,0.879,12,0.10049999999999999,0.15216767067941864,0.0,0.375,12,0.17833333333333334,0.23387188930279887,0.0,0.8,12,0.2315,0.36458905882950166,0.0,1.0,12,0.12241666666666666,0.19119264836253194,0.0,0.571,12,0.5105833333333333,0.30959370980611856,0.0,1.0,12
73,0.6819999999999999,0.30781894028795564,0.0,0.956,21,0.2840952380952381,0.3124680631299629,0.0,1.0,21,0.39247619047619053,0.41199267214935015,0.0,1.0,21,0.14752380952380953,0.2277622925436998,0.0,0.675,21,0.08333333333333333,0.16665003250324714,0.0,0.5,21,0.12771428571428572,0.2292542568540752,0.0,0.833,21,0.1514285714285714,0.2716353385383742,0.0,1.0,21,0.17661904761904762,0.2587789551316869,0.0,1.0,21,0.3262857142857143,0.3079667421747262,0.0,1.0,21
74,0.7839999999999999,0.1977912652656447,0.206,0.975,14,0.18507142857142858,0.20339860989076228,0.025,0.794,14,0.20742857142857143,0.30016603464024433,0.0,1.0,14,0.15050000000000002,0.3253655340831766,0.0,1.0,14,0.18607142857142858,0.2694599911177665,0.0,0.658,14,0.03614285714285714,0.08801298605481872,0.0,0.333,14,0.12207142857142858,0.24440051123127768,0.0,0.882,14,0.08478571428571428,0.16768614390325412,0.0,0.5,14,0.4898571428571429,0.32794250367142974,0.0,1.0,14
75,0.5915384615384616,0.31144812713746717,0.023,0.977,13,0.36423076923076925,0.32268332098363195,0.023,0.932,13,0.4236153846153846,0.3651382246176413,0.0,1.0,13,0.15638461538461537,0.3077392127710134,0.0,0.946,13,0.10930769230769231,0.22845108324518282,0.0,0.8,13,0.07,0.10920851615144307,0.0,0.333,13,0.3082307692307692,0.3310365422543141,0.0,0.8,13,0.038461538461538464,0.09607689228305229,0.0,0.3,13,0.3771538461538462,0.26040668391122573,0.0,0.75,13
76,0.5754285714285715,0.24831856533515548,0.15,0.909,14,0.3893571428571429,0.25316659372007233,0.091,0.8,14,0.26307142857142857,0.2578402798053669,0.0,0.844,14,0.2382857142857143,0.30975956645596764,0.0,0.935,14,0.09642857142857143,0.1714915177474987,0.0,0.5,14,0.10171428571428572,0.1676234005012558,0.0,0.474,14,0.2897857142857143,0.3032909693477735,0.0,0.966,14,0.0685,0.18032268085509717,0.0,0.667,14,0.43164285714285716,0.23122137482469948,0.0,0.72,14
77,0.8180000000000001,0.11998712052095045,0.596,0.975,12,0.12266666666666666,0.11422094484998906,0.025,0.346,12,0.27499999999999997,0.36711405213193254,0.0,1.0,12,0.15,0.3118857599710626,0.0,1.0,12,0.035166666666666666,0.06690132942466748,0.0,0.188,12,0.27458333333333335,0.38202818990067716,0.0,1.0,12,0.075,0.14061552998416382,0.0,0.4,12,0.23258333333333334,0.3871974967831682,0.0,1.0,12,0.43333333333333335,0.30784362421479017,0.0,1.0,12
78,0.8320000000000001,0.10752488084159871,0.551,0.958,21,0.12042857142857143,0.11312938231448603,0.021,0.429,21,0.2157619047619048,0.2586325394767458,0.0,1.0,21,0.18023809523809525,0.28253865306571857,0.0,0.909,21,0.12738095238095237,0.1973143370843782,0.0,0.5,21,0.20347619047619045,0.2682212927878059,0.0,1.0,21,0.11214285714285714,0.24916927694125648,0.0,1.0,21,0.17142857142857143,0.30189875313233266,0.0,1.0,21,0.4628571428571429,0.33354149452718557,0.0,1.0,21
79,0.4637272727272727,0.34348597960006777,0.023,0.875,11,0.49927272727272726,0.3504828357877432,0.075,0.977,11,0.7292727272727273,0.2773272763033203,0.286,1.0,11,0.156,0.1257990461013119,0.0,0.375,11,0.08990909090909091,0.12730078911417206,0.0,0.381,11,0.3089090909090909,0.39052924462719935,0.0,1.0,11,0.04045454545454546,0.07970114633600152,0.0,0.25,11,0.15227272727272728,0.2670333652969572,0.0,0.8,11,0.17772727272727273,0.2154962138456687,0.0,0.714,11
80,0.5997692307692307,0.2912608091974596,0.0,0.839,13,0.36092307692307696,0.30600203200263815,0.135,1.0,13,0.554923076923077,0.3711795301329851,0.0,1.0,13,0.11323076923076923,0.16614860509302803,0.0,0.429,13,0.056615384615384616,0.10508293428013454,0.0,0.364,13,0.16023076923076923,0.27701027473307255,0.0,0.875,13,0.024,0.07003332540060243,0.0,0.25,13,0.14646153846153845,0.20399902589008254,0.0,0.5,13,0.09223076923076924,0.08882675445884707,0.0,0.2,13
81,0.5256111111111111,0.31842076101559647,0.068,0.961,18,0.4195,0.33096707673476067,0.023,0.927,18,0.6080555555555556,0.41672991284696365,0.0,1.0,18,0.21133333333333335,0.3121498508917867,0.0,1.0,18,0.09883333333333333,0.24240468108467855,0.0,1.0,18,0.2056111111111111,0.28421038994314407,0.0,0.778,18,0.10083333333333333,0.15134737993029382,0.0,0.5,18,0.12583333333333335,0.15350234717500347,0.0,0.462,18,0.17255555555555555,0.286885962632464,0.0,1.0,18
82,0.5576363636363637,0.2840539641431792,0.062,0.907,11,0.41854545454545455,0.27681487085644935,0.093,0.906,11,0.5192727272727272,0.3729391615020045,0.0,1.0,11,0.3265454545454545,0.34300010601641623,0.0,1.0,11,0.0,0.0,0.0,0.0,11,0.20454545454545456,0.3148095816954635,0.0,1.0,11,0.11109090909090909,0.27666891930444754,0.0,0.889,11,0.06818181818181818,0.16166744767071584,0.0,0.5,11,0.2892727272727273,0.29271422613501075,0.0,1.0,11
83,0.5157272727272727,0.26634004239283693,0.157,0.884,11,0.44436363636363635,0.2616678324621782,0.093,0.804,11,0.6045454545454546,0.2734938257571325,0.111,1.0,11,0.2010909090909091,0.17820014284250985,0.0,0.536,11,0.09954545454545455,0.22572610112096636,0.0,0.645,11,0.2807272727272727,0.19814797042063836,0.0,0.5,11,0.24181818181818182,0.20837985419988092,0.0,0.615,11,0.13545454545454547,0.1476559268274482,0.0,0.45,11,0.4209090909090909,0.22567962005704217,0.0,0.643,11
84,0.36091304347826086,0.30027672233195923,0.0,0.977,69,0.6088115942028985,0.3053540026304243,0.0,1.0,69,0.6257391304347827,0.33424179571848145,0.0,1.0,69,0.2569855072463768,0.2694578703703388,0.0,0.923,69,0.08940579710144929,0.1577072230469915,0.0,0.667,69,0.18611594202898551,0.23672635829730174,0.0,1.0,69,0.23034782608695653,0.28535652756873636,0.0,1.0,69,0.15489855072463768,0.23122659785736635,0.0,1.0,69,0.39715942028985507,0.22351520695656357,0.0,1.0,69
85,0.7039032258064517,0.25309449550694296,0.043,0.933,31,0.25283870967741934,0.2603410707481238,0.038,0.935,31,0.15929032258064516,0.2827513859144799,0.0,0.976,31,0.20600000000000002,0.34026548458519856,0.0,1.0,31,0.12251612903225807,0.26242051126233024,0.0,1.0,31,0.12551612903225806,0.24501263518000346,0.0,1.0,31,0.19903225806451613,0.3215039122489769,0.0,1.0,31,0.06590322580645162,0.12822411495469166,0.0,0.5,31,0.44822580645161286,0.3062212391585991,0.0,1.0,31
86,0.83028,0.06914629418848128,0.682,0.957,25,0.13068,0.06902820679500037,0.022,0.318,25,0.16455999999999998,0.24674245682492504,0.0,0.833,25,0.0958,0.17613702052663432,0.0,0.6,25,0.06936,0.1387854699407206,0.0,0.5,25,0.20951999999999998,0.353036957461019,0.0,1.0,25,0.11916,0.24556952172450067,0.0,1.0,25,0.13,0.2614064523559687,0.0,1.0,25,0.43868,0.2892314125402011,0.0,1.0,25
87,0.6791333333333333,0.24587739879479617,0.161,0.953,15,0.2816,0.2619920391375062,0.023,0.806,15,0.09013333333333334,0.1529172823394898,0.0,0.522,15,0.16093333333333334,0.25213105058018276,0.0,0.739,15,0.11353333333333333,0.18485162647248687,0.0,0.667,15,0.1102,0.2035770124547465,0.0,0.667,15,0.3326,0.4155268256769265,0.0,1.0,15,0.10420000000000001,0.17693307855150853,0.0,0.5,15,0.5466666666666666,0.3553950853158589,0.0,1.0,15
88,0.6302000000000001,0.24810833796634293,0.075,0.925,20,0.32735,0.24868777190432353,0.043,0.925,20,0.15215,0.17626483513526786,0.0,0.5,20,0.158,0.24174540761979982,0.0,0.8,20,0.0882,0.10861162097366155,0.0,0.333,20,0.19895000000000002,0.2930542387376529,0.0,1.0,20,0.1066,0.22659688296272093,0.0,1.0,20,0.11825000000000001,0.18529375681816557,0.0,0.643,20,0.3153,0.2623386922923956,0.0,0.75,20
89,0.3415263157894737,0.30217293952324215,0.0,0.864,19,0.6374736842105263,0.3057334293540067,0.091,1.0,19,0.6074736842105263,0.34415813038986937,0.0,1.0,19,0.29189473684210526,0.281812170452599,0.0,0.943,19,0.04805263157894737,0.09186552592676521,0.0,0.263,19,0.18747368421052632,0.2720064068732885,0.0,0.818,19,0.3596842105263158,0.36502222955619495,0.0,1.0,19,0.10915789473684209,0.13544833502848347,0.0,0.391,19,0.36489473684210527,0.24958273950665963,0.0,0.9,19
90,0.56414,0.23458091245835822,0.13,0.955,50,0.40634,0.23159285262666268,0.043,0.848,50,0.33596,0.371552834158789,0.0,1.0,50,0.21622,0.27078323961638184,0.0,1.0,50,0.11220000000000001,0.2148788932759805,0.0,0.808,50,0.1558,0.23672157071297137,0.0,1.0,50,0.14122,0.2749005230097251,0.0,1.0,50,0.09964,0.16964269293225137,0.0,0.667,50,0.27172,0.3087396393370297,0.0,1.0,50
91,0.6441428571428572,0.28865333404058796,0.071,0.878,14,0.30407142857142855,0.293148810802168,0.047,0.881,14,0.3138571428571429,0.3582821958570253,0.0,0.973,14,0.1464285714285714,0.14574303745645267,0.0,0.36,14,0.22478571428571428,0.2475803454891512,0.0,0.725,14,0.07092857142857144,0.1056281316591475,0.0,0.333,14,0.19649999999999998,0.3444899797582597,0.0,1.0,14,0.08864285714285715,0.15581379772163811,0.0,0.5,14,0.621642857142857,0.2005326012792538,0.333,1.0,14
92,0.6434545454545455,0.26388306638977943,0.0,0.903,11,0.32181818181818184,0.2777498220276003,0.0,0.972,11,0.23163636363636364,0.3194082881602394,0.0,1.0,11,0.239,0.3038371274219133,0.0,0.75,11,0.04345454545454546,0.0770965156623354,0.0,0.2,11,0.2564545454545455,0.3335977708667621,0.0,1.0,11,0.147,0.16071216506537395,0.0,0.5,11,0.14845454545454545,0.26776159681192657,0.0,0.8,11,0.5469090909090909,0.25324946378835816,0.0,0.923,11
93,0.34826315789473683,0.20604067616351418,0.0,0.757,19,0.6185263157894736,0.21204175910027528,0.216,0.977,19,0.7082105263157894,0.22272842929535122,0.333,1.0,19,0.21347368421052632,0.21264638576782105,0.0,0.906,19,0.03657894736842105,0.11522649955123347,0.0,0.5,19,0.23278947368421052,0.2635698471515385,0.0,1.0,19,0.18957894736842107,0.2245457923575881,0.0,0.733,19,0.14694736842105263,0.17987880910466436,0.0,0.5,19,0.32552631578947366,0.21436401242876893,0.0,0.778,19
94,0.5287333333333334,0.3366099690507811,0.0,0.932,30,0.4265666666666667,0.33098668410900045,0.026,0.979,30,0.5664333333333332,0.3515325739881194,0.0,1.0,30,0.18376666666666666,0.24497342337674005,0.0,0.846,30,0.07793333333333334,0.18389125972242087,0.0,0.824,30,0.23283333333333334,0.23157170384783307,0.0,0.8,30,0.182,0.29167282095313346,0.0,1.0,30,0.18736666666666665,0.244423950986993,0.0,1.0,30,0.14446666666666666,0.1520303357508157,0.0,0.526,30
95,0.2998421052631579,0.2890484894265426,0.0,0.818,19,0.6756315789473684,0.2937372617618821,0.136,1.0,19,0.7132105263157895,0.32508384883277397,0.0,1.0,19,0.2953157894736842,0.32922958092957616,0.0,0.882,19,0.1386842105263158,0.24882971701582482,0.0,1.0,19,0.09442105263157895,0.12347438591306373,0.0,0.333,19,0.2136842105263158,0.3199963632834284,0.0,1.0,19,0.16057894736842107,0.18460327305075777,0.0,0.643,19,0.20142105263157895,0.14828887565584564,0.0,0.6,19
96,0.2143076923076923,0.25795639464541587,0.0,0.857,26,0.7652307692307693,0.2649025945803185,0.143,1.0,26,0.830576923076923,0.24973572801294136,0.0,1.0,26,0.30473076923076925,0.30992006165362157,0.0,0.953,26,0.12096153846153847,0.17269892432073358,0.0,0.606,26,0.18080769230769228,0.2214672922543226,0.0,0.7,26,0.19607692307692307,0.28347527907412645,0.0,1.0,26,0.13626923076923078,0.20266120648852515,0.0,0.667,26,0.3423076923076923,0.15799108056615582,0.0,0.667,26
97,0.6414807692307692,0.2805748643854023,0.0,0.977,52,0.3263846153846154,0.28538368763900546,0.0,0.974,52,0.4741730769230769,0.34055685201888625,0.0,1.0,52,0.16861538461538464,0.2256451451358495,0.0,0.972,52,0.06713461538461539,0.14274398154905385,0.0,0.667,52,0.2030769230769231,0.2591624402520661,0.0,1.0,52,0.16053846153846155,0.2543494941185672,0.0,1.0,52,0.17871153846153845,0.27475631531491657,0.0,1.0,52,0.23501923076923076,0.260258279737544,0.0,1.0,52
98,0.7169285714285714,0.28452212683610506,0.104,0.959,14,0.2505,0.29065992552756964,0.041,0.896,14,0.17735714285714285,0.2162490043170878,0.0,0.571,14,0.1819285714285714,0.26432569195704647,0.0,0.85,14,0.10457142857142857,0.23150933335088553,0.0,0.742,14,0.07371428571428572,0.18079968880650066,0.0,0.5,14,0.49092857142857144,0.46921365713708296,0.0,1.0,14,0.019142857142857145,0.05348595378926371,0.0,0.2,14,0.45435714285714285,0.18623211618542354,0.0,0.75,14
99,0.4499375,0.2954380857303269,0.024,0.875,16,0.5184375,0.2914814959821635,0.104,0.951,16,0.206375,0.3046744437373549,0.0,0.895,16,0.089625,0.12084528676507549,0.0,0.333,16,0.121125,0.29434013770919293,0.0,1.0,16,0.151625,0.18403980547696738,0.0,0.571,16,0.139125,0.3383928436989569,0.0,1.0,16,0.0955,0.1856326120773682,0.0,0.688,16,0.1923125,0.2824740032286157,0.0,1.0,16
100,0.8552272727272728,0.07201318121287427,0.648,0.93,22,0.10309090909090911,0.0770663962906625,0.021,0.333,22,0.06286363636363636,0.13565512836901467,0.0,0.5,22,0.07954545454545454,0.21966375327341672,0.0,1.0,22,0.08581818181818182,0.14161101529782086,0.0,0.44,22,0.23568181818181821,0.30586308582881866,0.0,1.0,22,0.16636363636363638,0.3383029841590362,0.0,1.0,22,0.1952727272727273,0.26984354934950944,0.0,1.0,22,0.5325454545454545,0.3172616056300012,0.0,1.0,22
101,0.7907272727272727,0.15889687908142872,0.472,0.953,11,0.1710909090909091,0.17308463510401756,0.023,0.528,11,0.12390909090909091,0.2258939815689894,0.0,0.6,11,0.12954545454545455,0.2641497165004587,0.0,0.842,11,0.25881818181818184,0.3292162870156391,0.0,1.0,11,0.029454545454545455,0.07644130249591988,0.0,0.25,11,0.16663636363636364,0.32487606028369426,0.0,1.0,11,0.06063636363636364,0.15409235719351738,0.0,0.5,11,0.5681818181818182,0.40021214828683505,0.0,1.0,11
102,0.6755,0.2529539295527754,0.0,0.933,22,0.27036363636363636,0.2695406225156928,0.023,0.971,22,0.187,0.2685415636890711,0.0,0.939,22,0.23418181818181819,0.3272371553539663,0.0,0.905,22,0.03222727272727272,0.06642355564548426,0.0,0.25,22,0.05977272727272727,0.11135782386103338,0.0,0.333,22,0.2587727272727273,0.36218450070939334,0.0,1.0,22,0.11699999999999999,0.21015640434141963,0.0,0.667,22,0.5149090909090909,0.2633823780291253,0.0,1.0,22
103,0.5958461538461539,0.16166108898652046,0.314,0.818,13,0.3782307692307692,0.17455569972846005,0.159,0.657,13,0.23107692307692307,0.31231807011935275,0.0,1.0,13,0.3102307692307692,0.4232540911096143,0.0,1.0,13,0.0756923076923077,0.12668753201965363,0.0,0.375,13,0.16746153846153847,0.28625356340856717,0.0,1.0,13,0.07692307692307693,0.2773500981126145,0.0,1.0,13,0.17615384615384616,0.29413172960252754,0.0,1.0,13,0.1413076923076923,0.1970559923031119,0.0,0.5,13
104,0.5318536585365854,0.2706073318459433,0.0,1.0,41,0.43178048780487804,0.27479542501605825,0.0,0.977,41,0.18982926829268293,0.31530841270405585,0.0,1.0,41,0.11841463414634147,0.2267351952840313,0.0,1.0,41,0.1075609756097561,0.18914122353158336,0.0,0.63,41,0.1985121951219512,0.28203821744146834,0.0,1.0,41,0.10926829268292684,0.2202544011353966,0.0,1.0,41,0.10617073170731707,0.17730593651074186,0.0,0.667,41,0.17985365853658536,0.2673456153535728,0.0,1.0,41
105,0.7852941176470588,0.1339709691994325,0.533,0.955,17,0.1663529411764706,0.13803620049486595,0.0,0.444,17,0.19182352941176473,0.24626719109894585,0.0,0.778,17,0.135,0.21230932622002266,0.0,0.684,17,0.09405882352941176,0.1860945561362003,0.0,0.679,17,0.14741176470588235,0.19187823574585308,0.0,0.5,17,0.15741176470588236,0.3307287519296458,0.0,1.0,17,0.16058823529411764,0.2893540346235753,0.0,1.0,17,0.3244705882352941,0.29616910660276896,0.0,0.875,17
106,0.6906,0.25877467676210775,0.019,0.977,25,0.27128,0.26575482435257247,0.022,0.977,25,0.27136,0.3408811963133197,0.0,1.0,25,0.18044000000000002,0.26621922044310276,0.0,0.961,25,0.115,0.1948818017842268,0.0,0.533,25,0.08708,0.2091940725737706,0.0,1.0,25,0.21824,0.2928913734930864,0.0,1.0,25,0.11464,0.2347468281645853,0.0,1.0,25,0.5085999999999999,0.2643367486118165,0.0,1.0,25
107,0.6803125,0.300292239604467,0.038,0.974,16,0.286375,0.29597136685835,0.026,0.904,16,0.2749375,0.2800617714600358,0.0,0.912,16,0.24375,0.322205834832332,0.0,0.929,16,0.057125,0.22849999999999998,0.0,0.914,16,0.1588125,0.28369448796196234,0.0,1.0,16,0.2889375,0.40918626056275803,0.0,1.0,16,0.117125,0.258479883163081,0.0,1.0,16,0.41725,0.25705602502178393,0.0,1.0,16
108,0.718,0.22335621773301947,0.222,0.943,17,0.21711764705882353,0.22970630225163097,0.0,0.778,17,0.19494117647058823,0.2974553476129307,0.0,1.0,17,0.23511764705882351,0.33532985297184276,0.0,1.0,17,0.11041176470588235,0.19858438345685994,0.0,0.6,17,0.106,0.2639450700429921,0.0,1.0,17,0.18611764705882353,0.34788627494357643,0.0,1.0,17,0.042470588235294114,0.12348538255956594,0.0,0.5,17,0.43105882352941177,0.30463368793278495,0.0,1.0,17
109,0.56675,0.2992776530854979,0.027,0.86,12,0.39658333333333334,0.2970694618292415,0.07,0.946,12,0.3084166666666666,0.38424221961327115,0.0,1.0,12,0.18000000000000002,0.2586629959127232,0.0,0.667,12,0.16458333333333333,0.32919749759717565,0.0,1.0,12,0.07725,0.15664617048390533,0.0,0.5,12,0.21766666666666667,0.3551950381853823,0.0,1.0,12,0.12475000000000001,0.25262948974913657,0.0,0.8,12,0.5874166666666667,0.2374085310305015,0.167,1.0,12
110,0.7219411764705882,0.2580761686470283,0.096,0.921,17,0.24211764705882352,0.2711171062366181,0.043,0.904,17,0.1506470588235294,0.26603757750937895,0.0,0.886,17,0.15958823529411764,0.28602295773755854,0.0,0.903,17,0.09605882352941177,0.19659300298721066,0.0,0.75,17,0.08041176470588235,0.1548551980171837,0.0,0.6,17,0.13417647058823529,0.23863341009122066,0.0,0.833,17,0.1375294117647059,0.26322331717741565,0.0,1.0,17,0.6289411764705882,0.25307001763055503,0.25,1.0,17
111,0.7952142857142857,0.14713268662172754,0.354,0.957,14,0.16428571428571428,0.14462653686248303,0.0,0.604,14,0.20971428571428571,0.30938560171645113,0.0,1.0,14,0.18378571428571427,0.25807666677571983,0.0,0.857,14,0.08828571428571429,0.13046687087381376,0.0,0.333,14,0.13757142857142857,0.2600274288152381,0.0,0.867,14,0.14014285714285715,0.20086231684830863,0.0,0.571,14,0.0935,0.26519738657489417,0.0,1.0,14,0.3748571428571429,0.28724068094754407,0.0,1.0,14
112,0.6084444444444445,0.3085806639175417,0.029,0.952,18,0.35427777777777775,0.3171052535516644,0.048,0.971,18,0.3566666666666667,0.3978462605816768,0.0,1.0,18,0.27894444444444444,0.33757482346571477,0.0,0.881,18,0.116,0.2260408604395128,0.0,0.733,18,0.2226111111111111,0.32183794586514003,0.0,1.0,18,0.2095,0.3320145726780501,0.0,1.0,18,0.09355555555555556,0.1418687140497996,0.0,0.368,18,0.46822222222222226,0.2589891107307876,0.0,1.0,18
113,0.52775,0.3528242222668135,0.042,0.929,12,0.42675,0.3553899586753581,0.048,0.917,12,0.5140833333333333,0.3653171619126027,0.0,1.0,12,0.13408333333333333,0.1307283500819601,0.0,0.368,12,0.19858333333333333,0.2680171155773904,0.0,0.75,12,0.22183333333333333,0.30521343748964014,0.0,0.889,12,0.10416666666666667,0.240177901236613,0.0,0.818,12,0.17633333333333334,0.23943696583038426,0.0,0.667,12,0.2628333333333333,0.28087520144697503,0.0,0.778,12
114,0.7859333333333333,0.13965892772019273,0.189,0.949,30,0.16699999999999998,0.14883154096563975,0.022,0.811,30,0.12903333333333336,0.1860388323077652,0.0,0.633,30,0.18693333333333334,0.31224304562348526,0.0,1.0,30,0.08006666666666667,0.21445310287644087,0.0,0.773,30,0.1404,0.26439541964836394,0.0,1.0,30,0.21896666666666667,0.3516229841584674,0.0,1.0,30,0.13949999999999999,0.31100745639137733,0.0,1.0,30,0.6129,0.3084530199515664,0.0,1.0,30
115,0.464625,0.28226651117929896,0.0,0.841,16,0.49924999999999997,0.2916439610209681,0.114,0.94,16,0.435125,0.3937379627789697,0.0,1.0,16,0.248625,0.2821521752530007,0.0,0.766,16,0.0546875,0.09958361227297056,0.0,0.333,16,0.2625,0.3468104189130809,0.0,1.0,16,0.19725,0.34511978596809934,0.0,1.0,16,0.2041875,0.3246417961897903,0.0,1.0,16,0.350875,0.27006341847795673,0.0,0.8,16
116,0.7835384615384615,0.22478049121480545,0.061,0.935,13,0.18046153846153848,0.22513278133308184,0.043,0.909,13,0.15276923076923077,0.22674771364012833,0.0,0.633,13,0.14946153846153848,0.2766500844582724,0.0,0.933,13,0.11276923076923076,0.17300344594166994,0.0,0.444,13,0.12007692307692307,0.18286126869773048,0.0,0.5,13,0.12823076923076923,0.28754801159868765,0.0,0.867,13,0.11584615384615385,0.19290535077849544,0.0,0.5,13,0.4855384615384616,0.3142304396947712,0.0,1.0,13
117,0.4380909090909091,0.3429424017369257,0.037,0.949,11,0.5426363636363637,0.3415910633278549,0.051,0.939,11,0.6973636363636364,0.34717352224133474,0.0,1.0,11,0.2043636363636364,0.22662183157289706,0.0,0.645,11,0.04872727272727273,0.07509739131167062,0.0,0.222,11,0.15536363636363637,0.19589756135657876,0.0,0.6,11,0.37827272727272726,0.36494632232948754,0.0,1.0,11,0.1969090909090909,0.22205875553350943,0.0,0.714,11,0.1809090909090909,0.26787103409867014,0.0,0.739,11
118,0.45161538461538464,0.2881844138919668,0.053,0.884,13,0.5113846153846153,0.2856791727508145,0.093,0.895,13,0.4720769230769231,0.43006655716266007,0.0,1.0,13,0.1753076923076923,0.25466624714692254,0.0,0.795,13,0.08107692307692307,0.1547349677881837,0.0,0.5,13,0.19130769230769232,0.2999645491874511,0.0,1.0,13,0.14438461538461536,0.2826999405911795,0.0,0.969,13,0.25115384615384617,0.2999605102214418,0.0,1.0,13,0.3098461538461539,0.2763023242011807,0.0,0.783,13
119,0.7673,0.1377131075823939,0.486,0.921,10,0.1914,0.14583262856972562,0.023,0.486,10,0.3639,0.3300173227776586,0.0,1.0,10,0.1095,0.16468775168650387,0.0,0.5,10,0.1365,0.24847233246379766,0.0,0.738,10,0.0774,0.1677194747851967,0.0,0.5,10,0.24169999999999997,0.36104787309533715,0.0,1.0,10,0.0975,0.14632403159502622,0.0,0.333,10,0.47050000000000003,0.3455286609755485,0.0,1.0,10
120,0.5645294117647058,0.28971480936228977,0.0,0.951,68,0.39223529411764707,0.29733182215678894,0.0,1.0,68,0.4893235294117647,0.33950127782831513,0.0,1.0,68,0.24511764705882352,0.2900021888446353,0.0,1.0,68,0.09269117647058824,0.17660109846964375,0.0,0.967,68,0.19719117647058826,0.24355938056515458,0.0,1.0,68,0.1346029411764706,0.2355991498163893,0.0,1.0,68,0.21013235294117646,0.2585732901912941,0.0,1.0,68,0.1807058823529412,0.20122646771278638,0.0,0.714,68
121,0.8426153846153847,0.07252647615588215,0.696,0.927,13,0.10553846153846155,0.05970987548780546,0.024,0.229,13,0.17015384615384616,0.20837660063526253,0.0,0.5,13,0.02638461538461538,0.06544659204463141,0.0,0.2,13,0.07692307692307693,0.1877669040497027,0.0,0.5,13,0.272,0.3744444774150991,0.0,1.0,13,0.038461538461538464,0.09388345202485134,0.0,0.25,13,0.15661538461538463,0.29936419805468234,0.0,1.0,13,0.47723076923076924,0.41293565960614126,0.0,1.0,13
122,0.45299999999999996,0.28151520529237994,0.0,0.946,38,0.5172368421052632,0.28321822683467923,0.044,0.971,38,0.4509473684210526,0.3797194517270806,0.0,1.0,38,0.1603157894736842,0.21873161454946088,0.0,1.0,38,0.10126315789473683,0.20079230686922817,0.0,1.0,38,0.22807894736842105,0.2796907927422852,0.0,1.0,38,0.1733684210526316,0.2649220610581108,0.0,1.0,38,0.10271052631578947,0.1491264487743198,0.0,0.5,38,0.16847368421052633,0.19069045765353282,0.0,0.667,38
123,0.6142000000000001,0.30148329601783536,0.103,0.846,10,0.3638,0.31254112618270824,0.128,0.897,10,0.46840000000000004,0.41276713908826496,0.0,1.0,10,0.17250000000000001,0.2877299080735265,0.0,0.667,10,0.1333,0.3220076086057595,0.0,1.0,10,0.10900000000000001,0.18318418175280432,0.0,0.5,10,0.1577,0.23827670655959823,0.0,0.619,10,0.0095,0.030041637771599603,0.0,0.095,10,0.3142,0.2766774295095283,0.0,0.75,10
124,0.5978333333333333,0.25322172581404306,0.051,0.933,12,0.3754166666666667,0.2454192918005404,0.044,0.923,12,0.35225,0.3225422100636245,0.0,0.833,12,0.19258333333333333,0.24139234691993686,0.0,0.667,12,0.04441666666666667,0.10754065475085421,0.0,0.333,12,0.0555,0.10938464243210745,0.0,0.333,12,0.15,0.24968671279316118,0.0,0.667,12,0.11108333333333335,0.17130910835697152,0.0,0.4,12,0.28091666666666665,0.3144763203495711,0.0,1.0,12
125,0.45987500000000003,0.30746704430448046,0.023,0.85,16,0.5113125000000001,0.30511303233392045,0.125,0.977,16,0.48,0.34325578412218105,0.0,0.976,16,0.3005625,0.29531496603908625,0.0,1.0,16,0.0965,0.1821691521635867,0.0,0.515,16,0.159375,0.2149681759392926,0.0,0.75,16,0.3740625,0.38066721577601964,0.0,1.0,16,0.08106250000000001,0.11831171750929828,0.0,0.357,16,0.399625,0.24835750441651644,0.0,0.833,16
126,0.5788260869565217,0.24882170545738044,0.156,0.909,23,0.39217391304347826,0.23808318870319886,0.068,0.844,23,0.2967391304347826,0.36727809842274506,0.0,1.0,23,0.21543478260869567,0.3306013564960011,0.0,1.0,23,0.08765217391304347,0.1454430874933723,0.0,0.5,23,0.18930434782608696,0.2478752315879556,0.0,1.0,23,0.08460869565217391,0.2230221634176614,0.0,1.0,23,0.08704347826086957,0.14215148074593129,0.0,0.462,23,0.17956521739130435,0.2322553113370473,0.0,0.6,23
127,0.7696315789473683,0.1668895877606628,0.295,0.921,19,0.19373684210526315,0.18028491096818672,0.022,0.705,19,0.10773684210526317,0.15118709604888875,0.0,0.429,19,0.149,0.270842307543625,0.0,0.923,19,0.20426315789473684,0.28460046890436563,0.0,1.0,19,0.07826315789473685,0.12646687845056204,0.0,0.5,19,0.2131578947368421,0.3255754329999415,0.0,1.0,19,0.054578947368421046,0.08703786901846146,0.0,0.25,19,0.5335263157894737,0.2742124821741654,0.0,1.0,19
128,0.8268823529411765,0.14807405287115577,0.14,0.975,34,0.13347058823529412,0.15174804382826193,0.0,0.86,34,0.11932352941176472,0.1847331770481883,0.0,0.571,34,0.12352941176470589,0.263330099937278,0.0,1.0,34,0.20826470588235296,0.2764321724931901,0.0,1.0,34,0.10264705882352942,0.20199278150212727,0.0,1.0,34,0.15673529411764708,0.29231627836192325,0.0,1.0,34,0.1006764705882353,0.22174920594825343,0.0,1.0,34,0.5184705882352941,0.31143336612022937,0.0,1.0,34
129,0.5820526315789474,0.31263441086003496,0.024,0.932,19,0.38142105263157894,0.31892916590600034,0.044,0.929,19,0.36694736842105263,0.34679428319077177,0.0,1.0,19,0.09826315789473684,0.1692141450960433,0.0,0.615,19,0.0421578947368421,0.10841343866980019,0.0,0.429,19,0.2314736842105263,0.2809868261880405,0.0,1.0,19,0.20857894736842106,0.35580804996662546,0.0,1.0,19,0.16378947368421054,0.32613197378896386,0.0,1.0,19,0.5827368421052631,0.27169771644753843,0.0,1.0,19
130,0.8628333333333332,0.04273562136360408,0.804,0.93,12,0.09166666666666667,0.042785582391806486,0.024,0.152,12,0.07641666666666667,0.15676123032603864,0.0,0.5,12,0.16666666666666666,0.2562748288045236,0.0,0.667,12,0.05416666666666667,0.098761267097926,0.0,0.25,12,0.23850000000000002,0.26053005410299424,0.0,0.667,12,0.05833333333333333,0.15050420310248863,0.0,0.5,12,0.22283333333333333,0.3031329841185318,0.0,1.0,12,0.5694166666666667,0.3568604153735828,0.0,1.0,12
131,0.6083157894736843,0.25885239308051367,0.1,0.902,19,0.3328947368421053,0.26139877895167546,0.048,0.87,19,0.3696842105263158,0.3293964265864966,0.0,0.947,19,0.23731578947368423,0.2522780768718825,0.0,0.789,19,0.08552631578947369,0.15271482807327616,0.0,0.481,19,0.2528947368421052,0.2685617857189254,0.0,1.0,19,0.12384210526315788,0.20253484286191206,0.0,0.571,19,0.18389473684210525,0.21583478628515892,0.0,0.625,19,0.20121052631578948,0.20669639005270193,0.0,0.632,19
132,0.504625,0.22702017004816036,0.021,0.846,24,0.47125,0.22796858097782569,0.154,0.976,24,0.20025,0.3109770367588326,0.0,1.0,24,0.137125,0.21318012642914871,0.0,0.69,24,0.08600000000000001,0.18795882990466406,0.0,0.684,24,0.207875,0.31871580805530786,0.0,1.0,24,0.116375,0.2575729212914446,0.0,1.0,24,0.029083333333333336,0.05854460704875175,0.0,0.2,24,0.1985416666666667,0.2670586939503988,0.0,1.0,24
133,0.7487333333333333,0.1840579701171247,0.031,0.952,45,0.20402222222222222,0.19106251819387776,0.0,0.938,45,0.13024444444444447,0.23101054241542898,0.0,1.0,45,0.15306666666666666,0.27335436541403374,0.0,1.0,45,0.04864444444444445,0.11170215175667259,0.0,0.462,45,0.21962222222222225,0.3311154899378277,0.0,1.0,45,0.1870888888888889,0.3462405116666621,0.0,1.0,45,0.12173333333333333,0.22016041672132863,0.0,1.0,45,0.43395555555555554,0.29315764883541257,0.0,1.0,45
134,0.5536271186440678,0.2909431688968853,0.0,0.929,59,0.4138135593220339,0.3015305482652012,0.042,0.98,59,0.49291525423728816,0.3312162169180477,0.0,1.0,59,0.2611016949152542,0.2841521990737658,0.0,1.0,59,0.06549152542372881,0.12942010887847266,0.0,0.6,59,0.191,0.2765902608802289,0.0,1.0,59,0.16676271186440678,0.2448603640770945,0.0,0.878,59,0.2121864406779661,0.2644015020678466,0.0,1.0,59,0.3193728813559322,0.2534866451154764,0.0,0.8,59
135,0.5848378378378378,0.2954848664590224,0.06,0.958,37,0.37283783783783786,0.2978130951446555,0.021,0.935,37,0.5090810810810811,0.3720964165955421,0.0,1.0,37,0.17356756756756758,0.24831706216722876,0.0,1.0,37,0.08827027027027028,0.17548514477310048,0.0,0.783,37,0.1611891891891892,0.23098254357296233,0.0,1.0,37,0.1607027027027027,0.2572970467577703,0.0,0.846,37,0.13821621621621621,0.2123384529910177,0.0,0.8,37,0.2111081081081081,0.23653197855020974,0.0,0.905,37
136,0.26533333333333337,0.24696323730407763,0.0,0.81,24,0.7062083333333334,0.26696311081539315,0.119,1.0,24,0.7305,0.313868152878409,0.0,1.0,24,0.365875,0.3257666959917654,0.0,1.0,24,0.056833333333333326,0.11450485718449056,0.0,0.375,24,0.16954166666666667,0.1676219813246115,0.0,0.5,24,0.2784583333333333,0.3693831496317666,0.0,1.0,24,0.09854166666666668,0.17135013205020644,0.0,0.667,24,0.41841666666666666,0.23311480968131051,0.033,1.0,24
137,0.5408421052631579,0.26476661906875537,0.056,0.902,19,0.42326315789473684,0.2785789020697055,0.049,0.917,19,0.3432631578947369,0.3702024734453151,0.0,1.0,19,0.16078947368421054,0.22533618808531114,0.0,0.667,19,0.1706842105263158,0.24008101702725712,0.0,0.667,19,0.17394736842105263,0.2558151402183074,0.0,1.0,19,0.09742105263157895,0.17145401579480063,0.0,0.5,19,0.09,0.1556491781753655,0.0,0.5,19,0.27599999999999997,0.3017327736038408,0.0,1.0,19
138,0.8470975609756098,0.09599031328161421,0.391,0.975,41,0.11643902439024391,0.10255804424336683,0.021,0.609,41,0.20982926829268292,0.29306542805651986,0.0,1.0,41,0.12363414634146341,0.2749284230574897,0.0,1.0,41,0.13978048780487803,0.24550952244211643,0.0,1.0,41,0.13575609756097562,0.22537455274362775,0.0,1.0,41,0.04382926829268293,0.1317391176604399,0.0,0.5,41,0.12726829268292683,0.2624698101106338,0.0,1.0,41,0.4800975609756098,0.3272177260539264,0.0,1.0,41
139,0.4764166666666667,0.31108562350503305,0.07,0.913,12,0.49591666666666673,0.31903475397270475,0.065,0.93,12,0.3353333333333333,0.37712991090202547,0.0,0.972,12,0.2141666666666667,0.29469516864760853,0.0,0.917,12,0.13425,0.1879724955702538,0.0,0.64,12,0.16666666666666666,0.22113686972442015,0.0,0.75,12,0.13183333333333333,0.21020632000417344,0.0,0.667,12,0.16941666666666666,0.28607292723529376,0.0,1.0,12,0.4063333333333334,0.22194525669564774,0.0,0.917,12
140,0.5584666666666667,0.21873626215365477,0.194,0.914,15,0.38486666666666663,0.2018014818955453,0.057,0.769,15,0.33059999999999995,0.3207646667396074,0.0,1.0,15,0.17933333333333332,0.3198784739479012,0.0,1.0,15,0.0762,0.15168821406330252,0.0,0.5,15,0.15626666666666666,0.2568967181758533,0.0,1.0,15,0.1322,0.2742600955297726,0.0,1.0,15,0.042,0.12880716484064741,0.0,0.5,15,0.2873333333333334,0.252385947839151,0.0,0.667,15
141,0.4615,0.25340665605570295,0.0,0.812,16,0.516125,0.2562024915309503,0.146,1.0,16,0.4780625,0.3604192870810329,0.0,1.0,16,0.2250625,0.22711655414492946,0.0,0.613,16,0.1716875,0.1976966426118562,0.0,0.556,16,0.14925,0.17938022930821185,0.0,0.571,16,0.08987500000000001,0.14965332160251796,0.0,0.5,16,0.1945625,0.21320974610306476,0.0,0.5,16,0.2184375,0.24273551278431976,0.0,0.786,16
142,0.5459230769230768,0.3274200822436068,0.047,0.946,13,0.43192307692307697,0.3281309346227665,0.027,0.93,13,0.6688461538461539,0.28095932272419977,0.0,1.0,13,0.1443846153846154,0.14954293612066652,0.0,0.387,13,0.09553846153846154,0.27986681814290865,0.0,1.0,13,0.11853846153846154,0.1625041616824091,0.0,0.5,13,0.09261538461538461,0.16495481121685948,0.0,0.5,13,0.22307692307692306,0.30981915734248944,0.0,1.0,13,0.21853846153846154,0.29607139211813294,0.0,1.0,13
143,0.5813333333333334,0.2773694615162567,0.064,0.92,45,0.39339999999999997,0.283644896433423,0.022,0.936,45,0.24822222222222223,0.2807424320107545,0.0,0.906,45,0.16293333333333332,0.2479063606210289,0.0,0.919,45,0.08806666666666667,0.1891969152160593,0.0,0.677,45,0.06342222222222223,0.11708980409165534,0.0,0.5,45,0.29586666666666667,0.34866463438772693,0.0,1.0,45,0.13004444444444446,0.22197603838288854,0.0,1.0,45,0.4151555555555556,0.2564013150189256,0.0,1.0,45
144,0.341,0.1998065731317833,0.075,0.743,10,0.6482,0.1974722484018676,0.257,0.925,10,0.2204,0.32713544595472993,0.0,0.8,10,0.20329999999999998,0.33024773529377405,0.0,1.0,10,0.1352,0.27620917999065697,0.0,0.867,10,0.10900000000000001,0.18189985034506093,0.0,0.5,10,0.2927,0.3477853904030153,0.0,0.8,10,0.0707,0.15596014448142406,0.0,0.5,10,0.2237,0.3570857506724867,0.0,0.818,10
145,0.44916666666666666,0.2524800022083957,0.023,0.816,12,0.5369166666666666,0.24958746265618298,0.184,0.953,12,0.4708333333333334,0.3997487468473924,0.0,1.0,12,0.20041666666666666,0.24285066804457625,0.0,0.583,12,0.09025,0.2040610982480047,0.0,0.714,12,0.11558333333333333,0.13990546050382693,0.0,0.385,12,0.1325,0.28906479298844845,0.0,0.923,12,0.141,0.19059476287758706,0.0,0.5,12,0.26125000000000004,0.2971363705897895,0.0,1.0,12
146,0.49890909090909086,0.2124972727097713,0.079,0.86,11,0.4802727272727273,0.20961588246556648,0.116,0.895,11,0.2822727272727273,0.323597617701086,0.0,0.8,11,0.08445454545454546,0.1697064310133023,0.0,0.526,11,0.06663636363636363,0.12729671851801422,0.0,0.333,11,0.10709090909090911,0.1800158073867151,0.0,0.5,11,0.20227272727272727,0.3335560195556635,0.0,0.958,11,0.06063636363636364,0.15409235719351738,0.0,0.5,11,0.24581818181818182,0.22223717878960678,0.0,0.5,11
147,0.37625,0.26970695376480547,0.02,0.921,12,0.5956666666666667,0.284891154122008,0.079,0.98,12,0.5564166666666667,0.45803601651425013,0.0,1.0,12,0.39891666666666664,0.3873897399339077,0.0,1.0,12,0.13333333333333333,0.32286595398465945,0.0,1.0,12,0.1545,0.30246367174798483,0.0,1.0,12,0.18033333333333335,0.26263778490652495,0.0,0.667,12,0.017583333333333336,0.04113273046068684,0.0,0.111,12,0.19925,0.2857850829493444,0.0,0.848,12
148,0.43515789473684213,0.28239595196144457,0.022,0.825,19,0.534578947368421,0.2896916590272173,0.145,0.978,19,0.2709473684210526,0.4017477751696967,0.0,1.0,19,0.09142105263157894,0.23853355594117473,0.0,1.0,19,0.03142105263157895,0.07884394980626372,0.0,0.333,19,0.12731578947368422,0.19040776496525644,0.0,0.667,19,0.1368421052631579,0.23372544747057744,0.0,0.789,19,0.09989473684210526,0.24153856253812236,0.0,1.0,19,0.2094736842105263,0.303569755560774,0.0,1.0,19
149,0.42684090909090905,0.27000852210338966,0.03,0.891,44,0.5420909090909091,0.2783557050252151,0.075,0.97,44,0.25872727272727275,0.35771447387587774,0.0,1.0,44,0.14913636363636365,0.28070389852464545,0.0,1.0,44,0.10415909090909091,0.2040655324726358,0.0,1.0,44,0.11961363636363637,0.23708120637110044,0.0,1.0,44,0.12625,0.2515622929003914,0.0,1.0,44,0.09825,0.22589924951232698,0.0,1.0,44,0.21806818181818183,0.30482304418528594,0.0,1.0,44
150,0.6202608695652174,0.2976665641270606,0.026,0.927,23,0.3453478260869565,0.30465160559319854,0.06,0.974,23,0.3007391304347826,0.35595980587590154,0.0,0.969,23,0.3317391304347826,0.3253777130144015,0.0,1.0,23,0.1522608695652174,0.19917562314137477,0.0,0.6,23,0.09526086956521738,0.19528562237988845,0.0,0.9,23,0.16821739130434782,0.24650667638418292,0.0,0.8,23,0.16252173913043477,0.2637762256785125,0.0,1.0,23,0.5122173913043478,0.3287301956042011,0.0,1.0,23
151,0.6788571428571428,0.24150906519513626,0.0,0.907,21,0.29204761904761906,0.24164218923658098,0.07,1.0,21,0.23890476190476193,0.2758945278112461,0.0,1.0,21,0.2740952380952381,0.32245525344796366,0.0,1.0,21,0.07738095238095238,0.16258212576740294,0.0,0.5,21,0.19442857142857145,0.3380670897068467,0.0,1.0,21,0.27180952380952383,0.4153327122979382,0.0,1.0,21,0.12200000000000001,0.2454646614077065,0.0,1.0,21,0.3790952380952381,0.25012235101284025,0.0,0.8,21
152,0.3282857142857143,0.3096388931575685,0.0,0.943,56,0.6483214285714285,0.31058730917952304,0.057,1.0,56,0.6752678571428571,0.3153848149380475,0.0,1.0,56,0.23073214285714286,0.22815556822415778,0.0,0.969,56,0.06664285714285714,0.1271247674275414,0.0,0.6,56,0.15505357142857143,0.21575334567239315,0.0,1.0,56,0.2902321428571429,0.3115449473523511,0.0,1.0,56,0.19612500000000002,0.23546202646943076,0.0,1.0,56,0.3036607142857143,0.20122021196017734,0.0,0.75,56
153,0.5551739130434783,0.23833735681209087,0.065,0.93,23,0.40539130434782605,0.2440707310169133,0.023,0.889,23,0.22769565217391305,0.3349175522399788,0.0,1.0,23,0.15369565217391304,0.3006130758032217,0.0,1.0,23,0.08708695652173913,0.20071506557657082,0.0,0.8,23,0.12865217391304348,0.24179698635155827,0.0,1.0,23,0.10286956521739131,0.24011253125979118,0.0,1.0,23,0.11882608695652175,0.23637675092835722,0.0,1.0,23,0.32208695652173913,0.31306823436367504,0.0,1.0,23
154,0.4914545454545454,0.26821982165245123,0.102,0.829,11,0.46654545454545454,0.29417184217268777,0.098,0.878,11,0.39972727272727276,0.35409690507235186,0.0,1.0,11,0.1338181818181818,0.192960005276647,0.0,0.455,11,0.11818181818181818,0.21565751467631178,0.0,0.697,11,0.09018181818181818,0.13474184070422832,0.0,0.375,11,0.2159090909090909,0.3066497854378687,0.0,0.75,11,0.046181818181818185,0.09732606863715207,0.0,0.278,11,0.3372727272727273,0.3502793430703817,0.0,1.0,11
155,0.7841304347826087,0.15062545491378335,0.278,0.935,23,0.17269565217391306,0.16702542941464404,0.0,0.722,23,0.15721739130434784,0.2086462766854553,0.0,0.731,23,0.16647826086956521,0.26749934062199404,0.0,0.867,23,0.11934782608695653,0.1752547778354422,0.0,0.63,23,0.14408695652173914,0.1842922365659987,0.0,0.5,23,0.12508695652173915,0.22577984309810986,0.0,0.733,23,0.15291304347826087,0.30170679822447094,0.0,1.0,23,0.46352173913043476,0.33024617120693156,0.0,1.0,23
156,0.2265263157894737,0.2254017076788936,0.0,0.833,19,0.7539473684210527,0.22243687586074856,0.167,1.0,19,0.8086842105263158,0.20600028388102848,0.353,1.0,19,0.1803157894736842,0.17529912614080823,0.0,0.667,19,0.03521052631578948,0.06343814042686556,0.0,0.2,19,0.21768421052631579,0.16839472564700775,0.0,0.5,19,0.10331578947368421,0.23463258574289647,0.0,0.833,19,0.40689473684210525,0.25887982942259397,0.0,1.0,19,0.15573684210526317,0.10365800719741987,0.0,0.361,19
157,0.48491666666666666,0.2876805230343781,0.05,0.932,12,0.4979166666666666,0.2874990777323811,0.068,0.909,12,0.39408333333333334,0.31180805818887225,0.0,1.0,12,0.18725,0.19771472791970668,0.0,0.667,12,0.07625,0.15586073329039032,0.0,0.429,12,0.022500000000000003,0.04575329098943196,0.0,0.125,12,0.18000000000000002,0.28862495324618703,0.0,0.833,12,0.08616666666666667,0.19354578191469246,0.0,0.5,12,0.33758333333333335,0.2734980333428821,0.0,0.696,12
158,0.45216666666666666,0.24786877079662917,0.044,0.837,24,0.5322083333333333,0.25031023866336377,0.14,0.956,24,0.33670833333333333,0.3241661515960291,0.0,0.968,24,0.3037916666666667,0.316667151982847,0.0,1.0,24,0.061125000000000006,0.14569453228975493,0.0,0.5,24,0.12916666666666668,0.24494554260198267,0.0,1.0,24,0.10691666666666666,0.274796986988524,0.0,1.0,24,0.049749999999999996,0.1192214782225301,0.0,0.5,24,0.28470833333333334,0.2781980025506805,0.0,1.0,24
159,0.4939666666666667,0.2833354881594869,0.0,0.92,30,0.4670666666666667,0.29828613124306336,0.02,0.976,30,0.45093333333333335,0.31068799443341466,0.0,1.0,30,0.2614666666666667,0.2827314716430968,0.0,0.967,30,0.05333333333333334,0.10542110412722065,0.0,0.4,30,0.14256666666666667,0.19227219989008998,0.0,0.6,30,0.29886666666666667,0.34037461444843314,0.0,1.0,30,0.13776666666666668,0.19529406356663234,0.0,0.667,30,0.4598333333333333,0.22904917155166868,0.0,1.0,30
160,0.5765833333333333,0.32424224930117307,0.0,0.962,24,0.3865,0.3376465865239931,0.038,1.0,24,0.544625,0.34895182332236063,0.0,1.0,24,0.16133333333333333,0.24279615115255174,0.0,1.0,24,0.03404166666666667,0.13666476889809978,0.0,0.667,24,0.2515,0.25717901057096565,0.0,0.9,24,0.13854166666666667,0.19954491249202339,0.0,0.7,24,0.140625,0.2119798621485582,0.0,0.7,24,0.20375,0.2413621219517335,0.0,0.667,24
161,0.39280000000000004,0.255035347690136,0.0,0.831,15,0.5727333333333333,0.25878961854500016,0.153,1.0,15,0.6794,0.26392255357531363,0.2,1.0,15,0.24693333333333334,0.2539402254374799,0.053,1.0,15,0.059866666666666665,0.11334263267170205,0.0,0.333,15,0.22766666666666666,0.25982814833398377,0.0,1.0,15,0.15246666666666667,0.2602830510553207,0.0,0.75,15,0.2638666666666667,0.30299218911824555,0.0,1.0,15,0.3655333333333333,0.23043898066413113,0.0,0.842,15
162,0.8089999999999999,0.10357391348962126,0.625,0.932,10,0.1608,0.11299439514123404,0.023,0.344,10,0.3837,0.3509609190019121,0.0,1.0,10,0.1586,0.20554977769657432,0.0,0.5,10,0.1361,0.1956280200334866,0.0,0.5,10,0.1453,0.20194721532563348,0.0,0.5,10,0.0833,0.1799691640253963,0.0,0.5,10,0.2678,0.38452649092386626,0.0,1.0,10,0.3129,0.31336079666877426,0.0,1.0,10
163,0.7190909090909091,0.23721992097859507,0.042,0.952,11,0.22054545454545457,0.25867715926860013,0.024,0.958,11,0.2351818181818182,0.35574367687474595,0.0,0.935,11,0.13954545454545456,0.2476244590650785,0.0,0.786,11,0.09654545454545455,0.16465804786670077,0.0,0.5,11,0.3184545454545455,0.262291579596587,0.0,0.731,11,0.10381818181818181,0.1755874814340807,0.0,0.5,11,0.18854545454545454,0.22393899331575268,0.0,0.667,11,0.43218181818181817,0.3408527007907721,0.0,1.0,11
164,0.22777272727272727,0.21830318188423004,0.0,0.696,22,0.7454090909090909,0.22891392832260463,0.239,1.0,22,0.7885454545454545,0.218817324828318,0.182,1.0,22,0.18500000000000003,0.1909791811141927,0.0,0.833,22,0.03118181818181818,0.07286689519654597,0.0,0.308,22,0.24449999999999997,0.19368451274221818,0.0,0.625,22,0.1660909090909091,0.19384011798900488,0.0,0.5,22,0.26281818181818184,0.19475494647759056,0.0,0.636,22,0.24281818181818185,0.12540397060761613,0.0,0.462,22
165,0.4729285714285715,0.33559555885154246,0.0,0.905,14,0.49785714285714283,0.33289033933410866,0.071,1.0,14,0.6849285714285714,0.3629597274302808,0.0,1.0,14,0.2754285714285714,0.33747175706003424,0.0,0.976,14,0.055142857142857146,0.12158305622264791,0.0,0.375,14,0.18285714285714286,0.21298712750660892,0.0,0.5,14,0.18050000000000002,0.321556730250248,0.0,1.0,14,0.18742857142857144,0.26804870805528963,0.0,1.0,14,0.17507142857142857,0.19412425215496715,0.0,0.571,14
166,0.75492,0.24824566461471184,0.054,0.977,25,0.21111999999999997,0.25459171890172183,0.0,0.946,25,0.359,0.3140295899009094,0.0,0.971,25,0.17131999999999997,0.28607643500761587,0.0,0.886,25,0.10692,0.22018059254469577,0.0,1.0,25,0.12236000000000001,0.281885449547625,0.0,1.0,25,0.17356000000000002,0.300929404789008,0.0,1.0,25,0.23260000000000003,0.2717271916217931,0.0,0.8,25,0.38176000000000004,0.3153387437872697,0.0,1.0,25
167,0.576,0.1465302395791091,0.41,0.864,10,0.3702,0.15954713688715597,0.068,0.545,10,0.3409,0.3769257073866001,0.0,1.0,10,0.20929999999999999,0.33555594002921313,0.0,1.0,10,0.1323,0.2105353229798321,0.0,0.567,10,0.1638,0.17857758973498206,0.0,0.5,10,0.0393,0.08660517048973206,0.0,0.25,10,0.21869999999999998,0.1967779628583106,0.0,0.52,10,0.09259999999999999,0.16830408986910173,0.0,0.471,10
168,0.6093157894736843,0.29623096331364646,0.02,0.902,19,0.3393684210526316,0.3038485021860429,0.043,0.94,19,0.3984736842105263,0.33239072864811986,0.0,0.978,19,0.14457894736842106,0.1647318750068573,0.0,0.533,19,0.10452631578947369,0.19062393705963834,0.0,0.605,19,0.18410526315789472,0.31023967343130093,0.0,1.0,19,0.26721052631578945,0.32968850263836896,0.0,1.0,19,0.11978947368421052,0.16544605664934633,0.0,0.5,19,0.35689473684210526,0.2929383504988421,0.0,1.0,19
169,0.46164285714285713,0.24399703880386528,0.057,0.826,14,0.5080714285714286,0.24823669358891334,0.109,0.917,14,0.4785,0.3868553198051417,0.0,1.0,14,0.2775,0.2792186212657359,0.0,0.8,14,0.21207142857142855,0.22651590682324288,0.0,0.75,14,0.1232142857142857,0.17716275809871232,0.0,0.5,14,0.12785714285714286,0.22027425462987552,0.0,0.714,14,0.2215,0.2936774132903705,0.0,1.0,14,0.26971428571428574,0.20952746417059087,0.0,0.667,14
170,0.6323333333333333,0.24267516991904653,0.15,0.9,15,0.3236,0.25608252018218103,0.025,0.85,15,0.4588,0.33243994087009804,0.0,1.0,15,0.12273333333333333,0.1465403243706887,0.0,0.5,15,0.16306666666666667,0.19413267431860934,0.0,0.5,15,0.21886666666666665,0.2971865375403773,0.0,1.0,15,0.1582,0.2816015929338063,0.0,1.0,15,0.15913333333333332,0.22865440755699,0.0,0.667,15,0.31033333333333335,0.26340725303677753,0.0,0.8,15
171,0.4384545454545455,0.29141289046175145,0.019,0.927,11,0.5233636363636364,0.29722424959187727,0.049,0.944,11,0.620909090909091,0.30348161543838353,0.0,1.0,11,0.19881818181818184,0.22877535626977755,0.0,0.794,11,0.07145454545454545,0.16602190435985464,0.0,0.5,11,0.13745454545454547,0.17827022389415662,0.0,0.5,11,0.08963636363636364,0.1557294273586548,0.0,0.5,11,0.2903636363636364,0.305430932528869,0.0,0.833,11,0.25054545454545457,0.19196268576802297,0.0,0.571,11
172,0.3093529411764706,0.2801387917569768,0.0,0.844,17,0.6599411764705883,0.2904602964667106,0.154,1.0,17,0.7374117647058823,0.27415074749659385,0.0,1.0,17,0.2188235294117647,0.21046681308882098,0.0,0.714,17,0.14852941176470588,0.26127670142184967,0.0,0.846,17,0.2804705882352941,0.3374631679248601,0.0,1.0,17,0.11723529411764705,0.24993162300211347,0.0,1.0,17,0.23558823529411765,0.24326016392525343,0.0,0.667,17,0.30976470588235294,0.16977357325706077,0.0,0.6,17
173,0.5863999999999999,0.22121056549295803,0.216,0.932,15,0.38393333333333335,0.22037483219883952,0.045,0.73,15,0.3842666666666667,0.3786501337772427,0.0,0.938,15,0.1126,0.14854571206005435,0.0,0.435,15,0.12066666666666667,0.16750167021199974,0.0,0.565,15,0.17866666666666667,0.2609131400805001,0.0,1.0,15,0.08053333333333333,0.12831538526317918,0.0,0.333,15,0.25326666666666664,0.2728943978555668,0.0,0.714,15,0.046000000000000006,0.06211970011886039,0.0,0.167,15
174,0.6476842105263159,0.2671553964417586,0.022,0.932,19,0.31926315789473686,0.2793826213686295,0.0,0.978,19,0.5282631578947369,0.3940152058691902,0.0,1.0,19,0.2148421052631579,0.2951653516172276,0.0,0.864,19,0.03426315789473684,0.06534595295235553,0.0,0.2,19,0.3374736842105263,0.29841532735826287,0.0,1.0,19,0.13542105263157894,0.2102528413837528,0.0,0.667,19,0.164,0.2240575322942252,0.0,0.667,19,0.20552631578947367,0.2520300617918101,0.0,1.0,19
175,0.5573684210526316,0.26287052379584475,0.0,0.935,19,0.4136842105263158,0.26471075464689947,0.065,1.0,19,0.5163157894736843,0.29642481764288875,0.091,1.0,19,0.13889473684210527,0.22639343697221787,0.0,0.923,19,0.04052631578947369,0.09899964557795854,0.0,0.4,19,0.21021052631578946,0.26539898244537585,0.0,1.0,19,0.14147368421052633,0.21225335187015767,0.0,0.667,19,0.2927894736842105,0.2898128857934543,0.0,1.0,19,0.06984210526315789,0.09687521363870048,0.0,0.282,19
176,0.432,0.2903663203610226,0.0,0.795,11,0.5361818181818182,0.2869169978170754,0.179,0.98,11,0.5852727272727273,0.36806197600651197,0.0,1.0,11,0.18163636363636362,0.21234418886669482,0.0,0.654,11,0.2110909090909091,0.2846508227795783,0.0,0.806,11,0.35000000000000003,0.3838981635798744,0.0,1.0,11,0.05709090909090909,0.1284254293708645,0.0,0.4,11,0.09954545454545456,0.22286110635836107,0.0,0.667,11,0.12918181818181818,0.16538489542991414,0.0,0.464,11
177,0.40791666666666665,0.23755208360324356,0.075,0.824,12,0.5596666666666666,0.25010337256761844,0.118,0.925,12,0.6146666666666666,0.3291670847715028,0.0,1.0,12,0.21433333333333335,0.2860372936058047,0.0,0.812,12,0.06458333333333334,0.15136978102005896,0.0,0.5,12,0.18141666666666667,0.18329085596065037,0.0,0.5,12,0.17808333333333334,0.23540775392085242,0.0,0.5,12,0.21583333333333332,0.2316889895501896,0.0,0.526,12,0.21691666666666667,0.18559509120337175,0.0,0.5,12
178,0.3468421052631579,0.3137428641345037,0.0,0.925,19,0.6107368421052631,0.33571959895544823,0.039,1.0,19,0.6915263157894737,0.34842986994373176,0.0,1.0,19,0.1843157894736842,0.20370404802380965,0.0,0.814,19,0.06021052631578948,0.15510912966444998,0.0,0.667,19,0.32163157894736844,0.31819232662832425,0.0,1.0,19,0.11873684210526317,0.2521775922077453,0.0,1.0,19,0.19889473684210526,0.22924608193352258,0.0,0.75,19,0.19021052631578947,0.1943612269710901,0.0,0.561,19
179,0.13953333333333334,0.22132730223052843,0.0,0.875,30,0.8431,0.2355632062481979,0.062,1.0,30,0.8939666666666667,0.18287295068422235,0.25,1.0,30,0.3678,0.30329994258557613,0.0,0.932,30,0.09306666666666666,0.22237603029682562,0.0,1.0,30,0.23883333333333334,0.2012579547938816,0.0,0.667,30,0.3007666666666667,0.32079423884814534,0.0,1.0,30,0.15833333333333333,0.2574217434930245,0.0,1.0,30,0.40626666666666666,0.18744432430096056,0.071,0.667,30
180,0.7024583333333334,0.26176673638062253,0.0,0.943,24,0.2512916666666667,0.2605449938889245,0.019,0.878,24,0.3805,0.3554844826308236,0.0,1.0,24,0.17616666666666667,0.323966539692882,0.0,1.0,24,0.07245833333333333,0.14357000388135663,0.0,0.6,24,0.22908333333333333,0.302073546568103,0.0,1.0,24,0.059208333333333335,0.14940635548051837,0.0,0.667,24,0.16679166666666667,0.24589428254517384,0.0,1.0,24,0.09995833333333333,0.1843874651890431,0.0,0.714,24
181,0.26793333333333336,0.2713722974246336,0.0,0.84,15,0.7092666666666666,0.2743046967637752,0.14,0.981,15,0.8648666666666667,0.15402034497645647,0.571,1.0,15,0.23053333333333334,0.21990090841970056,0.0,0.684,15,0.11906666666666667,0.2609385441239447,0.0,1.0,15,0.18506666666666668,0.1890050893746616,0.0,0.6,15,0.09240000000000001,0.1797831233140959,0.0,0.6,15,0.23833333333333334,0.1925174079945821,0.0,0.556,15,0.16299999999999998,0.12809092752527682,0.0,0.395,15
182,0.28650000000000003,0.2800191461707971,0.0,0.778,10,0.6867,0.28287062217361647,0.194,0.977,10,0.7076,0.3145272289926228,0.211,1.0,10,0.2503,0.24144658944693245,0.0,0.71,10,0.1052,0.1552358778690602,0.0,0.423,10,0.21030000000000001,0.27588284550592207,0.0,0.8,10,0.23600000000000004,0.3520855325375103,0.0,0.933,10,0.1634,0.15929999651252003,0.0,0.429,10,0.2556,0.1805025084467126,0.065,0.649,10
183,0.3991818181818182,0.325809090782261,0.0,0.902,11,0.572,0.33607201609178944,0.049,1.0,11,0.6509090909090909,0.3720702768417425,0.0,1.0,11,0.10736363636363637,0.14767211837532007,0.0,0.5,11,0.03827272727272728,0.06744789234526297,0.0,0.167,11,0.3450909090909091,0.36531916307400425,0.0,1.0,11,0.07890909090909091,0.21564297092437515,0.0,0.714,11,0.21809090909090909,0.31086185180734366,0.0,1.0,11,0.20281818181818181,0.26043763867068764,0.0,0.75,11
184,0.628909090909091,0.2843137191714303,0.128,0.911,11,0.32436363636363635,0.3045558315735467,0.044,0.851,11,0.41981818181818187,0.37813828639317076,0.0,1.0,11,0.2671818181818182,0.25246378678211184,0.0,0.75,11,0.08518181818181819,0.13521229099591367,0.0,0.438,11,0.3210909090909091,0.3039639631750628,0.0,1.0,11,0.06172727272727272,0.08931303478114591,0.0,0.25,11,0.2299090909090909,0.321897640421751,0.0,1.0,11,0.26236363636363635,0.18181159078962633,0.0,0.5,11
185,0.8045,0.20725448867738208,0.118,0.93,14,0.15328571428571428,0.21464081932074644,0.024,0.882,14,0.18564285714285716,0.25922357654612094,0.0,0.933,14,0.06964285714285715,0.1317343522413177,0.0,0.433,14,0.04285714285714286,0.09972489631508746,0.0,0.3,14,0.17735714285714285,0.23088645465911364,0.0,0.5,14,0.0595,0.15475178636970685,0.0,0.5,14,0.31192857142857144,0.37842537406503773,0.0,1.0,14,0.2940714285714286,0.3461939128215938,0.0,1.0,14
186,0.5721,0.28610893418805056,0.0,0.915,10,0.3761,0.28659939133067097,0.043,0.975,10,0.39039999999999997,0.38455405630707135,0.0,1.0,10,0.15309999999999999,0.2259131839151196,0.0,0.711,10,0.04290000000000001,0.12580271150584244,0.0,0.4,10,0.2799,0.380172899262077,0.0,1.0,10,0.0,0.0,0.0,0.0,10,0.3215,0.3780212369107794,0.0,1.0,10,0.2204,0.18788956567326695,0.0,0.5,10
187,0.3924081632653061,0.29366271173798375,0.0,0.943,49,0.5852244897959183,0.30148758026562517,0.029,1.0,49,0.6707551020408162,0.3077511528960428,0.0,1.0,49,0.18793877551020408,0.1766465878719505,0.0,0.81,49,0.05012244897959184,0.10477647490671535,0.0,0.478,49,0.16848979591836735,0.19999438767635663,0.0,0.667,49,0.20304081632653062,0.2900036608377896,0.0,1.0,49,0.23024489795918368,0.31011829265971536,0.0,1.0,49,0.20124489795918368,0.18219432512798944,0.0,0.833,49
188,0.5200344827586206,0.2821457934623036,0.0,0.938,29,0.4581034482758621,0.2813438852603678,0.031,0.981,29,0.5582413793103448,0.3353996182777892,0.0,1.0,29,0.15527586206896551,0.20665929458751392,0.0,0.727,29,0.12317241379310345,0.19162855978717885,0.0,0.643,29,0.20806896551724138,0.2728453160720613,0.0,1.0,29,0.16448275862068967,0.29686235635507857,0.0,1.0,29,0.12268965517241379,0.21509866564112184,0.0,1.0,29,0.26986206896551723,0.25144208707515403,0.0,0.698,29
189,0.4553275862068965,0.2701946918545072,0.0,0.907,58,0.5105344827586207,0.2786814326347233,0.065,1.0,58,0.5860689655172413,0.32772350680825535,0.0,1.0,58,0.14155172413793105,0.2111681937451916,0.0,1.0,58,0.10536206896551724,0.21181129455462816,0.0,1.0,58,0.1765,0.2098322011312347,0.0,1.0,58,0.1940862068965517,0.298901455595803,0.0,1.0,58,0.17712068965517241,0.22843971738011984,0.0,0.844,58,0.19074137931034485,0.15954535848970347,0.0,0.55,58
190,0.5979333333333333,0.2811754578465875,0.044,0.958,15,0.38766666666666666,0.2831495482367342,0.042,0.933,15,0.39653333333333335,0.3785543679893411,0.0,0.976,15,0.09033333333333333,0.1313374425269649,0.0,0.5,15,0.03386666666666667,0.08936671373509,0.0,0.333,15,0.11793333333333335,0.19021809537876203,0.0,0.5,15,0.1762,0.29197974489435297,0.0,1.0,15,0.2774,0.37849887714496594,0.0,1.0,15,0.2374,0.288815017417229,0.0,1.0,15
191,0.18912500000000002,0.25372527794184535,0.0,0.773,16,0.783125,0.26848832997605937,0.182,1.0,16,0.741625,0.3526841599316117,0.0,1.0,16,0.29625,0.301150792793245,0.0,0.846,16,0.046,0.06277897737300281,0.0,0.143,16,0.162125,0.19932950107798897,0.0,0.667,16,0.3990625,0.3181164291576278,0.0,1.0,16,0.154125,0.18394704854024344,0.0,0.5,16,0.4134375,0.22518554386697798,0.0,0.778,16
192,0.8189583333333333,0.1165106746991046,0.418,0.943,24,0.134875,0.11909853885132989,0.019,0.564,24,0.1125,0.18556939402821795,0.0,0.667,24,0.07637500000000001,0.21550462771183682,0.0,1.0,24,0.12870833333333334,0.25622535583156963,0.0,0.857,24,0.12433333333333334,0.24176356877827104,0.0,1.0,24,0.08333333333333333,0.2184227386368534,0.0,0.941,24,0.17475,0.32710299534736365,0.0,1.0,24,0.556375,0.3466450148269088,0.0,1.0,24
193,0.8711333333333333,0.06042807609838644,0.738,0.951,15,0.09313333333333333,0.04783583036455693,0.024,0.162,15,0.1024,0.18651112567351044,0.0,0.5,15,0.03333333333333333,0.0879664438186246,0.0,0.25,15,0.082,0.19873061450832666,0.0,0.706,15,0.19286666666666666,0.30177874266390853,0.0,1.0,15,0.05,0.10350983390135313,0.0,0.25,15,0.038066666666666665,0.12909158801114073,0.0,0.5,15,0.47746666666666665,0.3359755234848997,0.0,1.0,15
194,0.3445882352941177,0.31633962343174965,0.0,0.892,17,0.634764705882353,0.31409483627794743,0.081,1.0,17,0.558470588235294,0.3366120017258481,0.0,0.977,17,0.16723529411764707,0.23863584428260265,0.0,0.946,17,0.030647058823529413,0.09435235899042918,0.0,0.367,17,0.18476470588235294,0.2629680421200846,0.0,0.714,17,0.23270588235294118,0.3399245807355439,0.0,1.0,17,0.08411764705882352,0.13104526047941473,0.0,0.4,17,0.2831764705882353,0.1942862692311649,0.0,0.706,17
195,0.31807692307692303,0.2938836490692931,0.0,0.857,39,0.6587948717948718,0.30254935912979813,0.071,1.0,39,0.7095384615384616,0.3305665667618683,0.0,1.0,39,0.2721794871794872,0.26587540332732357,0.0,0.941,39,0.054230769230769235,0.10362291494657105,0.0,0.333,39,0.1936923076923077,0.2181104444814664,0.0,0.8,39,0.2805641025641026,0.318464969144488,0.0,1.0,39,0.20097435897435897,0.2803288001032741,0.0,1.0,39,0.2978461538461538,0.18965904844185646,0.0,0.75,39
196,0.5147118644067796,0.2934509916697868,0.0,0.913,59,0.4519491525423729,0.2991777480966223,0.0,1.0,59,0.4703728813559322,0.36664240298374184,0.0,1.0,59,0.21157627118644068,0.23756133170991287,0.0,1.0,59,0.11764406779661017,0.23620416086672552,0.0,1.0,59,0.16528813559322034,0.21132064628536434,0.0,1.0,59,0.12993220338983053,0.2653809145495025,0.0,1.0,59,0.1556949152542373,0.23352923868014294,0.0,1.0,59,0.2221864406779661,0.2201209287215796,0.0,1.0,59
197,0.6184000000000001,0.2716092781920382,0.227,0.921,10,0.3507,0.28779199664572563,0.026,0.75,10,0.2592,0.30950562730479286,0.0,1.0,10,0.21070000000000003,0.31639147691849523,0.0,0.909,10,0.0414,0.09086400093913247,0.0,0.286,10,0.139,0.218252656850317,0.0,0.667,10,0.3458,0.38977537690886077,0.0,1.0,10,0.0988,0.1700652162488784,0.0,0.455,10,0.39239999999999997,0.32489971102206633,0.0,1.0,10
198,0.4485454545454546,0.2504629168704875,0.057,0.769,11,0.5304545454545454,0.26287881757051623,0.179,0.914,11,0.5277272727272727,0.38048602889175603,0.0,1.0,11,0.24290909090909088,0.24550578589738148,0.0,0.5,11,0.0871818181818182,0.20119533701446374,0.0,0.667,11,0.2727272727272727,0.3335560195556635,0.0,1.0,11,0.07581818181818183,0.20237233910879135,0.0,0.667,11,0.23109090909090907,0.3581701982425267,0.0,1.0,11,0.18654545454545454,0.16875684497901922,0.0,0.444,11
199,0.3650909090909091,0.2762717700183841,0.0,0.854,11,0.582,0.2879614557540644,0.098,1.0,11,0.6855454545454546,0.3028697289715047,0.062,1.0,11,0.1789090909090909,0.1517461396843126,0.0,0.522,11,0.12845454545454546,0.11540915356795893,0.0,0.286,11,0.21336363636363637,0.17595583123458722,0.0,0.455,11,0.056363636363636366,0.1173356490818308,0.0,0.375,11,0.19727272727272727,0.18044339328946954,0.0,0.5,11,0.25281818181818183,0.19321895258065042,0.0,0.6,11
200,0.7226666666666667,0.18047398607312579,0.167,0.952,39,0.22756410256410256,0.1845676020597723,0.024,0.767,39,0.1688205128205128,0.26188736749290076,0.0,1.0,39,0.1813076923076923,0.2914366550155277,0.0,1.0,39,0.1345128205128205,0.19630439196562377,0.0,0.733,39,0.07723076923076923,0.14532893027786484,0.0,0.5,39,0.15264102564102563,0.25975296839188206,0.0,1.0,39,0.11889743589743589,0.21260969860432233,0.0,1.0,39,0.49033333333333334,0.2822994242152837,0.0,1.0,39
201,0.5282307692307693,0.30969612898402893,0.049,0.909,13,0.41915384615384615,0.30509748337043746,0.053,0.878,13,0.47223076923076923,0.42806174668423597,0.0,1.0,13,0.20276923076923078,0.24164373012286564,0.0,0.771,13,0.16246153846153846,0.19129454399982912,0.0,0.545,13,0.20676923076923076,0.2572635334458144,0.0,0.75,13,0.10369230769230768,0.21810982883835708,0.0,0.75,13,0.21200000000000002,0.21562196857772478,0.0,0.667,13,0.18576923076923077,0.23868429422082282,0.0,0.667,13
202,0.6014999999999999,0.2647691866932824,0.0,0.907,10,0.35609999999999997,0.26556583197224587,0.047,0.977,10,0.6205999999999999,0.31666182452438296,0.0,1.0,10,0.12589999999999998,0.20772174229536547,0.0,0.643,10,0.1671,0.1722346267934142,0.0,0.462,10,0.11839999999999999,0.16466410254413882,0.0,0.429,10,0.0202,0.046962869494006756,0.0,0.143,10,0.2305,0.3104749945200454,0.0,1.0,10,0.2886,0.3123645306368827,0.0,1.0,10
203,0.42056,0.29127826375954574,0.0,0.93,50,0.55314,0.2973114226544556,0.047,0.981,50,0.6083,0.30349651176423964,0.0,1.0,50,0.25206,0.26399485229984376,0.0,0.917,50,0.0874,0.19022671758097667,0.0,1.0,50,0.18258,0.22468218733607356,0.0,1.0,50,0.27262000000000003,0.29483678570368665,0.0,1.0,50,0.11864000000000001,0.190763424381176,0.0,1.0,50,0.3555,0.2116747842462921,0.0,0.742,50
204,0.26499999999999996,0.24579063139745302,0.0,0.767,30,0.7041666666666667,0.2574381858626064,0.186,1.0,30,0.7450666666666667,0.2670795998268647,0.0,1.0,30,0.21536666666666668,0.23881337156194082,0.0,0.838,30,0.023500000000000004,0.07513791916570305,0.0,0.312,30,0.3138666666666667,0.3179183080206496,0.0,1.0,30,0.27523333333333333,0.3091297778283902,0.0,1.0,30,0.1572333333333333,0.18353458441983334,0.0,0.5,30,0.32356666666666667,0.18126008810609656,0.0,0.681,30
205,0.8246111111111111,0.14359651364207537,0.222,0.953,36,0.14841666666666667,0.14503977287036032,0.034,0.75,36,0.14547222222222222,0.20442511533022986,0.0,0.8,36,0.12933333333333333,0.22467156982073697,0.0,1.0,36,0.10380555555555555,0.2551692793247477,0.0,1.0,36,0.21936111111111112,0.3052794647324015,0.0,1.0,36,0.12802777777777777,0.23548885155427043,0.0,1.0,36,0.15905555555555556,0.2878662332646333,0.0,1.0,36,0.5653333333333334,0.26983222300427456,0.0,1.0,36
206,0.42928571428571427,0.25522883505152444,0.048,0.738,14,0.5397857142857143,0.25923798943217247,0.209,0.929,14,0.5557857142857142,0.37149328155669015,0.0,1.0,14,0.22721428571428573,0.20943887618382329,0.0,0.741,14,0.14721428571428571,0.1817678902723634,0.0,0.5,14,0.12928571428571428,0.159471930769326,0.0,0.5,14,0.20057142857142857,0.22646810415111926,0.0,0.75,14,0.09992857142857144,0.14452014194765872,0.0,0.429,14,0.2555714285714286,0.22903769064558727,0.0,0.613,14
207,0.46006060606060606,0.2530735984098721,0.026,0.907,33,0.511969696969697,0.2550833791195151,0.047,0.974,33,0.4292727272727273,0.3981102448386057,0.0,1.0,33,0.25803030303030305,0.31126279942040985,0.0,1.0,33,0.11893939393939393,0.20831000626979304,0.0,0.806,33,0.26,0.28731591932922895,0.0,1.0,33,0.09606060606060605,0.22065696502064286,0.0,1.0,33,0.13466666666666666,0.2086756853748579,0.0,0.6,33,0.21293939393939396,0.2667707278022108,0.0,1.0,33
208,0.5523,0.30309296337005986,0.041,0.921,10,0.414,0.30039788429496117,0.053,0.939,10,0.5616,0.364757819198803,0.0,1.0,10,0.19140000000000001,0.2341330106299978,0.0,0.556,10,0.0,0.0,0.0,0.0,10,0.4486,0.2960030780620739,0.091,1.0,10,0.1469,0.21720162164321988,0.0,0.636,10,0.2435,0.18605151616331073,0.0,0.5,10,0.2474,0.20020667099552683,0.0,0.556,10
209,0.7820909090909091,0.11363842179954324,0.558,0.897,11,0.15418181818181817,0.08113053454996852,0.07,0.293,11,0.37863636363636366,0.3473667435801167,0.0,1.0,11,0.1318181818181818,0.1639053496270443,0.0,0.5,11,0.04772727272727273,0.1582934559033259,0.0,0.525,11,0.23245454545454544,0.13870282162693276,0.0,0.444,11,0.04645454545454546,0.0828146890791285,0.0,0.2,11,0.3649090909090909,0.19747731745466596,0.0,0.636,11,0.1320909090909091,0.20466042829304085,0.0,0.667,11
210,0.7417647058823529,0.2226986555335945,0.023,0.905,17,0.21688235294117647,0.22280846100208504,0.023,0.953,17,0.23005882352941176,0.3251377536114953,0.0,1.0,17,0.18923529411764706,0.258765707110642,0.0,0.795,17,0.05435294117647059,0.11959616485096344,0.0,0.375,17,0.26876470588235296,0.35230606888963834,0.0,1.0,17,0.29864705882352943,0.44304795750241177,0.0,1.0,17,0.11247058823529411,0.22546178103146963,0.0,0.8,17,0.45323529411764707,0.30020608117836417,0.0,1.0,17
211,0.636,0.28265369467090135,0.113,0.932,10,0.3234,0.25596883490855765,0.045,0.736,10,0.354,0.29271867419456216,0.0,0.923,10,0.11410000000000001,0.20149135630757628,0.0,0.55,10,0.0675,0.21345374206136564,0.0,0.675,10,0.09090000000000001,0.08437805138515321,0.0,0.25,10,0.17250000000000001,0.25637570087666267,0.0,0.714,10,0.2218,0.2120680184385294,0.0,0.684,10,0.2149,0.21794313733428525,0.0,0.542,10
212,0.7763529411764706,0.2045195409907298,0.196,0.976,17,0.1853529411764706,0.20641521902965107,0.023,0.783,17,0.16388235294117648,0.3129155002458613,0.0,1.0,17,0.21741176470588233,0.3249977036117966,0.0,1.0,17,0.04635294117647059,0.1038682706463279,0.0,0.3,17,0.18564705882352942,0.27635754494324705,0.0,1.0,17,0.18335294117647058,0.33155673367775057,0.0,1.0,17,0.09805882352941177,0.19822697551930066,0.0,0.667,17,0.2377058823529412,0.330888531968449,0.0,1.0,17
213,0.703,0.21755137324319515,0.023,0.955,21,0.2614761904761905,0.2150757120289548,0.023,0.886,21,0.1933333333333333,0.27847591158542484,0.0,1.0,21,0.2644761904761905,0.3471173604197317,0.0,0.947,21,0.030952380952380953,0.07822434160188003,0.0,0.25,21,0.09733333333333334,0.13537035618381646,0.0,0.4,21,0.14600000000000002,0.2609459714193726,0.0,0.9,21,0.13895238095238097,0.2111424817961739,0.0,0.667,21,0.22552380952380952,0.23075346563976434,0.0,0.667,21
214,0.8830714285714285,0.04663848573494164,0.757,0.93,14,0.08750000000000001,0.05259240951374579,0.026,0.216,14,0.0375,0.07642869980476022,0.0,0.2,14,0.03214285714285715,0.08229202890911139,0.0,0.25,14,0.10107142857142858,0.2029037150532675,0.0,0.615,14,0.10550000000000001,0.18189293131273263,0.0,0.5,14,0.060714285714285714,0.14435342769713538,0.0,0.5,14,0.08571428571428573,0.16574838603294897,0.0,0.5,14,0.49400000000000005,0.337157119273675,0.0,1.0,14
215,0.7970666666666666,0.13826706387415966,0.364,0.933,15,0.16599999999999998,0.14914183086674818,0.0,0.614,15,0.23973333333333333,0.29396901359221683,0.0,1.0,15,0.11546666666666666,0.2263883725770722,0.0,0.846,15,0.1528,0.24934892362768626,0.0,0.714,15,0.12060000000000001,0.29775632415018255,0.0,1.0,15,0.18173333333333333,0.328279381595848,0.0,1.0,15,0.12853333333333333,0.27293768694040943,0.0,1.0,15,0.5427333333333333,0.3458227181388643,0.0,1.0,15
216,0.8231578947368421,0.12207568834215322,0.447,0.939,19,0.13147368421052633,0.1169227515266443,0.0,0.5,19,0.29078947368421054,0.34754928970137433,0.0,1.0,19,0.11910526315789473,0.2555518853029094,0.0,1.0,19,0.16499999999999998,0.27019211272311,0.0,1.0,19,0.15605263157894736,0.2146113991184507,0.0,0.636,19,0.025473684210526315,0.06620705603639122,0.0,0.25,19,0.11952631578947367,0.2645529496299271,0.0,1.0,19,0.6558421052631579,0.3427375515460278,0.0,1.0,19
217,0.4192142857142857,0.28773951322772384,0.0,0.897,14,0.5429285714285714,0.2917268122182686,0.077,1.0,14,0.6606428571428572,0.303000027200521,0.0,1.0,14,0.2547857142857143,0.23580506244041388,0.0,0.867,14,0.028,0.05720274334464953,0.0,0.167,14,0.18221428571428572,0.26651776635004987,0.0,1.0,14,0.14292857142857143,0.26903859153709486,0.0,1.0,14,0.40628571428571425,0.3607141268632008,0.0,1.0,14,0.1582142857142857,0.1582311739057901,0.0,0.5,14
218,0.6205,0.2061845182247095,0.19,0.886,10,0.35150000000000003,0.20155575462442699,0.114,0.786,10,0.42919999999999997,0.2849895904531719,0.167,0.969,10,0.1224,0.11677728089544359,0.0,0.286,10,0.0222,0.07020256405573802,0.0,0.222,10,0.1774,0.1842957767647792,0.0,0.5,10,0.05,0.1124366488294631,0.0,0.333,10,0.41159999999999997,0.23649251808696,0.0,0.846,10,0.10670000000000002,0.15133043315870076,0.0,0.4,10
219,0.38981818181818184,0.3364555893968231,0.018,0.889,11,0.5782727272727273,0.33611756601198073,0.088,0.976,11,0.5954545454545455,0.39795385753535895,0.0,0.98,11,0.2742727272727273,0.2982985386853549,0.0,0.839,11,0.018545454545454546,0.05047249475974738,0.0,0.167,11,0.3639090909090909,0.33710812940226004,0.0,1.0,11,0.3478181818181818,0.41779201001977484,0.0,1.0,11,0.11518181818181818,0.18219594846308643,0.0,0.5,11,0.34854545454545455,0.18520494790170355,0.0,0.7,11
220,0.6574516129032258,0.24107797337648212,0.125,0.912,31,0.3133225806451613,0.24728234700395607,0.024,0.875,31,0.3821935483870968,0.2957870201518697,0.0,0.943,31,0.18748387096774194,0.31715021372295515,0.0,1.0,31,0.038870967741935485,0.09136766092204392,0.0,0.412,31,0.1680967741935484,0.17565806838641748,0.0,0.5,31,0.08435483870967743,0.1536701116867117,0.0,0.5,31,0.2381290322580645,0.2202856845001484,0.0,0.667,31,0.11725806451612904,0.20310193955120756,0.0,0.8,31
221,0.6216666666666666,0.2868398424872236,0.027,0.909,15,0.32413333333333333,0.3051900734827084,0.027,0.919,15,0.45699999999999996,0.3741519935610584,0.0,1.0,15,0.11546666666666666,0.23280551867129254,0.0,0.771,15,0.037333333333333336,0.1005383130003303,0.0,0.333,15,0.25553333333333333,0.28836407212972653,0.0,1.0,15,0.04646666666666666,0.06670389436764186,0.0,0.2,15,0.23466666666666666,0.23779963554780034,0.0,0.7,15,0.06780000000000001,0.11794441790218695,0.0,0.382,15
222,0.3114666666666667,0.2778817494307006,0.0,0.738,15,0.663,0.27984179203869564,0.238,0.974,15,0.7582666666666668,0.24483185678182912,0.333,1.0,15,0.24793333333333337,0.25288322168448385,0.0,0.767,15,0.137,0.21514015365404413,0.0,0.8,15,0.10053333333333334,0.133303556198768,0.0,0.4,15,0.24293333333333333,0.32367983887668705,0.0,1.0,15,0.16966666666666666,0.1941794702502473,0.0,0.667,15,0.31479999999999997,0.2057530419841084,0.0,0.6,15
223,0.44816,0.2903970959450754,0.0,0.833,25,0.5208400000000001,0.29580394408008376,0.071,0.974,25,0.51644,0.37934758467663926,0.0,1.0,25,0.19347999999999999,0.24432698718452422,0.0,0.875,25,0.032760000000000004,0.07287276583196223,0.0,0.222,25,0.24795999999999999,0.3327058861316804,0.0,1.0,25,0.16912,0.24664233889041298,0.0,1.0,25,0.21764,0.2376706194154703,0.0,0.667,25,0.46828000000000003,0.2290775923859279,0.0,1.0,25
224,0.6512586206896552,0.26298092522014416,0.0,0.952,58,0.3116551724137931,0.26981296652051645,0.022,0.957,58,0.24668965517241379,0.34550584359932696,0.0,1.0,58,0.21132758620689654,0.2547712691347428,0.0,1.0,58,0.07856896551724138,0.17108899008625783,0.0,0.667,58,0.19958620689655174,0.2739590848234272,0.0,1.0,58,0.16460344827586207,0.27475085617765943,0.0,1.0,58,0.19970689655172413,0.29534077900126965,0.0,1.0,58,0.41022413793103446,0.28194282381072694,0.0,1.0,58
225,0.6823,0.277297293331343,0.023,0.912,10,0.2617,0.2873178843487935,0.024,0.932,10,0.363,0.3745708655692983,0.0,0.889,10,0.25460000000000005,0.3812366427532613,0.0,1.0,10,0.056600000000000004,0.09752401413669012,0.0,0.308,10,0.15760000000000002,0.18175331267040684,0.0,0.5,10,0.0767,0.16181611648891947,0.0,0.5,10,0.5879000000000001,0.3168232770629218,0.0,1.0,10,0.0409,0.06132146624325141,0.0,0.175,10
226,0.8175000000000001,0.10111626970967631,0.59,0.932,10,0.11679999999999999,0.10475240649582551,0.026,0.385,10,0.2011,0.2744709861209782,0.0,0.625,10,0.1335,0.3095409683888566,0.0,1.0,10,0.0344,0.05718235936215139,0.0,0.143,10,0.20869999999999997,0.19195430590522203,0.0,0.5,10,0.025,0.07905694150420949,0.0,0.25,10,0.3604,0.3352492273584601,0.0,1.0,10,0.0601,0.11097692452838012,0.0,0.333,10
227,0.8278125,0.08976875384378835,0.65,0.976,16,0.136375,0.09274328367416514,0.0,0.308,16,0.0955,0.17972015283026369,0.0,0.545,16,0.0746875,0.16936615905585548,0.0,0.545,16,0.1705625,0.18988521752188436,0.0,0.542,16,0.1921875,0.3303919326597831,0.0,1.0,16,0.040625,0.08003905296791061,0.0,0.25,16,0.0,0.0,0.0,0.0,16,0.5530625,0.32360355761332416,0.0,1.0,16
228,0.4800689655172414,0.3326348202538637,0.0,0.882,29,0.4866896551724138,0.34603035616714695,0.059,1.0,29,0.5513793103448276,0.3280048359609857,0.0,1.0,29,0.20220689655172414,0.2709852894413201,0.0,1.0,29,0.12389655172413792,0.2048100766263338,0.0,0.714,29,0.17848275862068966,0.2916590010721492,0.0,1.0,29,0.27941379310344827,0.3254169322622222,0.0,0.9,29,0.12375862068965517,0.17995766469851693,0.0,0.667,29,0.41537931034482756,0.22648390258046777,0.0,1.0,29
229,0.4793333333333333,0.3474243322893011,0.0,0.891,15,0.48453333333333337,0.373600028041194,0.022,0.981,15,0.5232,0.38748035894923577,0.0,1.0,15,0.2548,0.3443045163804855,0.0,0.962,15,0.06666666666666667,0.10542815201878122,0.0,0.25,15,0.1642,0.2636174717816925,0.0,1.0,15,0.37773333333333337,0.41182927576964756,0.0,1.0,15,0.12040000000000001,0.1876782200621966,0.0,0.5,15,0.5102666666666666,0.24334292870839896,0.2,1.0,15
230,0.8592000000000001,0.059919946595436833,0.766,0.933,10,0.09670000000000001,0.0572345078504995,0.022,0.191,10,0.0511,0.08577030048008719,0.0,0.2,10,0.02,0.06324555320336758,0.0,0.2,10,0.0937,0.12880135437521179,0.0,0.333,10,0.1183,0.26382656340019206,0.0,0.833,10,0.0891,0.14486196494901238,0.0,0.333,10,0.1333,0.21939312761443655,0.0,0.5,10,0.6071,0.2992796722502586,0.0,1.0,10
231,0.5172,0.29379468049254104,0.054,0.896,15,0.4336,0.31153623957964915,0.047,0.946,15,0.5989333333333333,0.3498472047432517,0.0,1.0,15,0.12686666666666666,0.1444026447455995,0.0,0.5,15,0.10013333333333334,0.15325276351116648,0.0,0.5,15,0.17459999999999998,0.1774464909285533,0.0,0.5,15,0.037533333333333335,0.06939726905564046,0.0,0.2,15,0.42079999999999995,0.35812072984240545,0.0,1.0,15,0.12313333333333333,0.14160249526991628,0.0,0.5,15
232,0.5517142857142857,0.21639735276965447,0.14,0.905,21,0.36938095238095237,0.21755906696584176,0.0,0.837,21,0.135,0.2003848796691008,0.0,0.75,21,0.06061904761904763,0.11252843027007718,0.0,0.452,21,0.09576190476190477,0.1506671512845135,0.0,0.471,21,0.11366666666666667,0.14915875211777999,0.0,0.667,21,0.019142857142857145,0.07346923554406003,0.0,0.333,21,0.4441428571428571,0.24952079787350107,0.0,0.828,21,0.06671428571428571,0.12298786235118606,0.0,0.462,21
233,0.42200000000000004,0.30830990902012867,0.0,0.889,11,0.5580909090909091,0.31327701943980973,0.111,1.0,11,0.6468181818181818,0.39484194766559905,0.0,1.0,11,0.2595454545454545,0.23958312279305638,0.0,0.69,11,0.11781818181818182,0.19753522125525777,0.0,0.5,11,0.14054545454545456,0.16457239357581432,0.0,0.5,11,0.11272727272727273,0.27913010977287667,0.0,0.923,11,0.14009090909090907,0.21148827605588663,0.0,0.533,11,0.22854545454545458,0.1816845417950375,0.0,0.5,11
234,0.36727272727272725,0.2641450703341219,0.0,0.81,11,0.5943636363636364,0.27717874114992036,0.119,1.0,11,0.7564545454545454,0.2563015269702323,0.2,1.0,11,0.10363636363636365,0.06265664007473228,0.0,0.2,11,0.01609090909090909,0.03616753943926666,0.0,0.1,11,0.23027272727272727,0.20213514830879406,0.0,0.5,11,0.11190909090909092,0.17446458353800898,0.0,0.5,11,0.34590909090909094,0.3338420148949064,0.0,1.0,11,0.16181818181818183,0.10028441372598056,0.04,0.414,11
235,0.7518888888888889,0.20120369803901506,0.333,0.958,18,0.21994444444444444,0.20490039824903802,0.0,0.641,18,0.2952777777777778,0.332815229705888,0.0,1.0,18,0.20366666666666666,0.3027456707807241,0.0,1.0,18,0.13977777777777778,0.2581150121111211,0.0,1.0,18,0.18705555555555556,0.32657518226773236,0.0,1.0,18,0.05972222222222222,0.14681393007940183,0.0,0.5,18,0.28150000000000003,0.36810552355348897,0.0,1.0,18,0.3652222222222222,0.31450513052124124,0.0,1.0,18
236,0.6305555555555555,0.3160143746213458,0.088,0.938,18,0.32099999999999995,0.3162112101298193,0.0,0.912,18,0.31516666666666665,0.36557742400369375,0.0,1.0,18,0.24650000000000002,0.32009635497860367,0.0,0.917,18,0.07416666666666666,0.1607186983521208,0.0,0.545,18,0.084,0.09863479877513698,0.0,0.25,18,0.18394444444444444,0.2621363525348238,0.0,0.812,18,0.3121111111111111,0.30550534584499384,0.0,1.0,18,0.12405555555555556,0.19534598935108843,0.0,0.667,18
237,0.7935714285714285,0.15622799625287018,0.356,0.976,14,0.17507142857142857,0.15974858337434447,0.024,0.622,14,0.08021428571428571,0.15858614672809834,0.0,0.556,14,0.16507142857142856,0.3162940365900337,0.0,1.0,14,0.06764285714285714,0.13940180284832274,0.0,0.4,14,0.18164285714285716,0.28111169615347864,0.0,0.833,14,0.2809285714285714,0.4119369750684823,0.0,1.0,14,0.1347857142857143,0.17081667121459534,0.0,0.5,14,0.4972142857142857,0.35295351155454074,0.0,1.0,14
238,0.7828947368421053,0.15882306533331783,0.195,0.927,19,0.17784210526315788,0.1582835932951762,0.049,0.756,19,0.08821052631578948,0.18500527888785842,0.0,0.533,19,0.11689473684210527,0.26906585206699496,0.0,1.0,19,0.03331578947368421,0.07183086046136357,0.0,0.231,19,0.18652631578947368,0.26342326911920727,0.0,0.8,19,0.1363157894736842,0.2040163535470132,0.0,0.636,19,0.03973684210526316,0.09723159186262638,0.0,0.333,19,0.6053684210526317,0.3305452079563762,0.0,1.0,19
239,0.6967333333333333,0.16978872024904812,0.357,0.951,15,0.26513333333333333,0.16788978811226415,0.024,0.571,15,0.255,0.26511479993176,0.0,0.667,15,0.11773333333333333,0.23306022111605973,0.0,0.875,15,0.0472,0.10617519215226988,0.0,0.394,15,0.09946666666666666,0.1419184205634987,0.0,0.333,15,0.10526666666666668,0.22031648231794276,0.0,0.783,15,0.2439333333333333,0.2900461703804774,0.0,0.778,15,0.08053333333333333,0.11309848215898685,0.0,0.333,15
240,0.5971428571428571,0.23447116788941996,0.088,0.913,21,0.363,0.2349459512313417,0.022,0.912,21,0.47195238095238096,0.3621990441995225,0.0,1.0,21,0.20657142857142857,0.29604620778327345,0.0,1.0,21,0.1279047619047619,0.2498427314856097,0.0,1.0,21,0.1388095238095238,0.16673380552474026,0.0,0.5,21,0.04247619047619048,0.08050131616788576,0.0,0.273,21,0.2825238095238095,0.2500293220899539,0.0,0.7,21,0.11852380952380952,0.1585148633559702,0.0,0.545,21
241,0.6534242424242424,0.19025411137197376,0.231,0.886,33,0.29903030303030304,0.20684361315503635,0.062,0.718,33,0.23387878787878788,0.23968817732313133,0.0,1.0,33,0.19906060606060605,0.2923083709237921,0.0,1.0,33,0.13645454545454547,0.1925014757912733,0.0,0.615,33,0.15045454545454545,0.27858516324782656,0.0,1.0,33,0.1413939393939394,0.23897174772788773,0.0,1.0,33,0.05733333333333333,0.12761995990700933,0.0,0.5,33,0.531969696969697,0.2921659935773332,0.0,1.0,33
242,0.42626315789473684,0.28927204460416445,0.0,0.872,19,0.5317368421052632,0.29758991957712233,0.026,0.978,19,0.7131578947368421,0.30409835089579795,0.0,1.0,19,0.10663157894736841,0.12669175651789916,0.0,0.422,19,0.03510526315789474,0.08921004847290474,0.0,0.333,19,0.18947368421052632,0.18432651235754105,0.0,0.5,19,0.1225263157894737,0.2393510597941054,0.0,1.0,19,0.3330526315789474,0.298587317153479,0.0,1.0,19,0.08247368421052631,0.07201725751593822,0.0,0.231,19
243,0.6164545454545455,0.2992521891770764,0.023,0.932,11,0.3389090909090909,0.3125675781476558,0.023,0.953,11,0.18118181818181817,0.2837455966818933,0.0,0.909,11,0.15200000000000002,0.28041148335972266,0.0,0.824,11,0.11336363636363635,0.1586160601750483,0.0,0.474,11,0.13881818181818184,0.18592031528685518,0.0,0.5,11,0.14036363636363636,0.1848157313257033,0.0,0.562,11,0.055363636363636365,0.10445024914022247,0.0,0.333,11,0.4174545454545454,0.3238997880938991,0.0,1.0,11
244,0.5726923076923077,0.29123798533598616,0.025,0.909,13,0.3863846153846154,0.30065055531340107,0.045,0.975,13,0.4283076923076923,0.3232487134842624,0.0,0.974,13,0.231,0.3514927690104971,0.0,1.0,13,0.06684615384615385,0.11756051360458733,0.0,0.333,13,0.091,0.14545503314312183,0.0,0.5,13,0.1443076923076923,0.2584035553855586,0.0,0.75,13,0.13899999999999998,0.2855952847416544,0.0,1.0,13,0.47592307692307695,0.23133253897742875,0.0,1.0,13
245,0.7475454545454546,0.2152697673322307,0.319,0.936,11,0.21845454545454546,0.2233236949525794,0.058,0.638,11,0.017454545454545455,0.05789017815893062,0.0,0.192,11,0.24381818181818182,0.3691652253888002,0.0,0.962,11,0.16363636363636364,0.3216259544027107,0.0,1.0,11,0.11,0.29863656842389547,0.0,1.0,11,0.17781818181818182,0.38796979732495107,0.0,1.0,11,0.09699999999999999,0.30016495464993914,0.0,1.0,11,0.6629090909090909,0.21083474786925163,0.333,1.0,11
246,0.4751818181818182,0.3157036009239737,0.02,0.889,11,0.49063636363636365,0.3143518006079407,0.067,0.959,11,0.5221818181818182,0.3177274990245,0.0,0.956,11,0.25499999999999995,0.31677689309670304,0.0,1.0,11,0.11190909090909092,0.21043975600891318,0.0,0.538,11,0.20045454545454547,0.2526516826131833,0.0,0.833,11,0.15400000000000003,0.21666517948207553,0.0,0.75,11,0.27454545454545454,0.23983134225382788,0.0,0.6,11,0.21654545454545457,0.11658332954274693,0.048,0.462,11
247,0.41111764705882353,0.28365067580098047,0.0,0.951,51,0.5610588235294118,0.2889142718361076,0.023,1.0,51,0.6131764705882352,0.33459107614414063,0.0,1.0,51,0.20731372549019608,0.21704446458696688,0.0,0.833,51,0.06331372549019608,0.10193281909102259,0.0,0.389,51,0.257843137254902,0.22754255624379538,0.0,1.0,51,0.11286274509803922,0.22317338726719577,0.0,1.0,51,0.32719607843137255,0.2557373668127396,0.0,1.0,51,0.1315294117647059,0.1514729484681904,0.0,0.583,51
248,0.39514285714285713,0.2482495199911254,0.039,0.854,14,0.5436428571428571,0.24784567380121453,0.146,0.941,14,0.46721428571428575,0.27976121097256346,0.0,0.979,14,0.2526428571428571,0.26699109957589834,0.0,0.872,14,0.06742857142857142,0.09391462103397981,0.0,0.308,14,0.13785714285714284,0.11448739073523614,0.0,0.4,14,0.029285714285714286,0.05870844333382822,0.0,0.2,14,0.5614285714285715,0.23705134603992584,0.125,0.909,14,0.07592857142857143,0.1001932473432557,0.0,0.273,14
249,0.7145833333333332,0.2383486591809011,0.103,0.957,12,0.2525,0.2452177140272033,0.021,0.897,12,0.1785,0.1927898054641611,0.0,0.6,12,0.217,0.25231293700842644,0.0,0.875,12,0.15716666666666668,0.19195351394322407,0.0,0.5,12,0.15283333333333335,0.2800087119856788,0.0,1.0,12,0.2758333333333333,0.3779501730828197,0.0,1.0,12,0.0185,0.06408587988004846,0.0,0.222,12,0.507,0.29300139621138016,0.0,1.0,12
250,0.5386666666666666,0.2437136699924247,0.073,0.816,18,0.4330555555555555,0.2542454747638756,0.104,0.927,18,0.5732222222222222,0.3187100019758983,0.0,1.0,18,0.12416666666666666,0.15837789878492964,0.0,0.571,18,0.031166666666666662,0.06016570256139192,0.0,0.15,18,0.2111111111111111,0.16693883659412118,0.0,0.571,18,0.06016666666666667,0.11259362117549895,0.0,0.333,18,0.4042777777777778,0.2900094938720933,0.0,1.0,18,0.0948888888888889,0.15902788837510784,0.0,0.667,18
251,0.6668333333333334,0.24224713924128852,0.0,0.927,18,0.31005555555555553,0.2447559341880426,0.049,0.971,18,0.41733333333333333,0.37542744266486744,0.0,1.0,18,0.13122222222222224,0.16623921656511442,0.0,0.515,18,0.017222222222222222,0.050292737816947125,0.0,0.167,18,0.19027777777777777,0.3170215812946115,0.0,1.0,18,0.21483333333333332,0.3321858533659593,0.0,1.0,18,0.21372222222222223,0.2862444051455403,0.0,1.0,18,0.39116666666666666,0.3195731067975453,0.0,1.0,18
252,0.7590416666666666,0.1986711241718588,0.078,0.955,24,0.19466666666666665,0.20572515786774875,0.023,0.902,24,0.09441666666666666,0.21846677524067123,0.0,0.977,24,0.09758333333333334,0.20071067575572266,0.0,0.75,24,0.09670833333333334,0.17134696027972438,0.0,0.5,24,0.12962500000000002,0.33680452497476676,0.0,1.0,24,0.24004166666666668,0.3638969609496702,0.0,1.0,24,0.011791666666666667,0.043515093999635365,0.0,0.2,24,0.6367083333333333,0.30784743245098967,0.0,1.0,24
253,0.6875121951219512,0.2308684822524742,0.125,0.977,41,0.27139024390243904,0.23525686791768488,0.023,0.844,41,0.23421951219512194,0.26663950496833005,0.0,1.0,41,0.1953170731707317,0.3123331105586141,0.0,1.0,41,0.08390243902439025,0.15462402867569594,0.0,0.577,41,0.13302439024390245,0.21847339515429312,0.0,0.778,41,0.2083658536585366,0.34399351419013413,0.0,1.0,41,0.13607317073170733,0.26024857254593187,0.0,1.0,41,0.4811463414634146,0.2961898513602053,0.0,1.0,41
254,0.8448666666666667,0.1364382993290723,0.41,0.977,15,0.11593333333333332,0.14177671915811177,0.0,0.59,15,0.011133333333333334,0.04311921458777591,0.0,0.167,15,0.1152,0.2088479282704455,0.0,0.667,15,0.14973333333333333,0.22974068197074057,0.0,0.667,15,0.051866666666666665,0.13359259317934116,0.0,0.5,15,0.1307333333333333,0.27754702733222053,0.0,1.0,15,0.06666666666666667,0.2581988897471611,0.0,1.0,15,0.6408,0.2866920199198336,0.0,1.0,15
255,0.7900454545454546,0.1550654170012887,0.35,0.978,22,0.18254545454545454,0.15472363296343128,0.022,0.65,22,0.07977272727272727,0.23870003726897027,0.0,1.0,22,0.18722727272727271,0.2690791938335489,0.0,0.826,22,0.038454545454545457,0.07650379839479322,0.0,0.286,22,0.0815,0.15710710632286132,0.0,0.538,22,0.12104545454545455,0.26644064420263824,0.0,1.0,22,0.04354545454545455,0.08655949084037784,0.0,0.333,22,0.7041818181818182,0.2506524127843816,0.2,1.0,22
256,0.7010588235294117,0.2100693884174682,0.111,0.929,34,0.25929411764705884,0.22452920838700435,0.024,0.867,34,0.22870588235294118,0.22761803856351298,0.0,0.737,34,0.1275,0.22606599331463662,0.0,0.933,34,0.1136470588235294,0.22070505237217042,0.0,1.0,34,0.19288235294117648,0.28387158478587,0.0,1.0,34,0.23311764705882354,0.3514453933794399,0.0,1.0,34,0.09361764705882353,0.19121382838067147,0.0,0.833,34,0.5826470588235294,0.29487068376256476,0.0,1.0,34
257,0.6402,0.28934907242686253,0.12,0.913,15,0.3426666666666666,0.2986856127068983,0.043,0.86,15,0.25993333333333335,0.24384376340677846,0.0,0.84,15,0.31920000000000004,0.3545393792353276,0.0,1.0,15,0.013333333333333334,0.05163977794943223,0.0,0.2,15,0.09446666666666667,0.2613877433640537,0.0,1.0,15,0.24426666666666666,0.3163897837132154,0.0,0.955,15,0.06939999999999999,0.17650528118363568,0.0,0.625,15,0.42573333333333335,0.25861898799659117,0.0,1.0,15
258,0.35120833333333334,0.2682150304070074,0.024,0.911,24,0.6250416666666666,0.28245576478091394,0.022,0.976,24,0.663125,0.3023373170167215,0.0,1.0,24,0.3589583333333333,0.29887200680103077,0.0,0.923,24,0.04395833333333333,0.0653488825403722,0.0,0.22,24,0.21516666666666664,0.12701820022502994,0.0,0.533,24,0.029916666666666664,0.06628719901778313,0.0,0.222,24,0.4599166666666667,0.1863430489287378,0.0,0.75,24,0.09970833333333333,0.09012622991582739,0.0,0.286,24
259,0.7090909090909091,0.27837149801854877,0.227,0.977,11,0.26545454545454544,0.2869363565797696,0.023,0.773,11,0.09445454545454544,0.14462666672254024,0.0,0.375,11,0.029545454545454545,0.06784005252999682,0.0,0.2,11,0.022727272727272728,0.07537783614444091,0.0,0.25,11,0.13636363636363635,0.3233348953414316,0.0,1.0,11,0.35000000000000003,0.45552167895721496,0.0,1.0,11,0.17272727272727273,0.32891004572955534,0.0,1.0,11,0.5664545454545454,0.3967738306986396,0.0,1.0,11
260,0.7465333333333334,0.12223681153906993,0.489,0.905,15,0.21466666666666667,0.13772055903514327,0.024,0.511,15,0.13806666666666667,0.2064701523453785,0.0,0.5,15,0.23220000000000002,0.35558949044408733,0.0,1.0,15,0.09526666666666667,0.1675250372190321,0.0,0.429,15,0.06333333333333332,0.14450243036347998,0.0,0.5,15,0.19166666666666668,0.3977241805693033,0.0,1.0,15,0.06333333333333332,0.14450243036347998,0.0,0.5,15,0.5006,0.35073143978996646,0.0,1.0,15
261,0.7590833333333333,0.1509162671714673,0.385,0.927,12,0.20099999999999998,0.14884952743687774,0.02,0.538,12,0.137,0.25052091184714953,0.0,0.833,12,0.13191666666666665,0.29612112335490304,0.0,1.0,12,0.08808333333333333,0.16650441344591946,0.0,0.474,12,0.21975,0.3314714097091112,0.0,1.0,12,0.259,0.3643095586797779,0.0,1.0,12,0.13883333333333334,0.21116164998465614,0.0,0.5,12,0.5554166666666667,0.34213911533530367,0.0,1.0,12
262,0.7135,0.22320008462762234,0.222,0.884,10,0.24230000000000002,0.2263645290234316,0.07,0.75,10,0.21480000000000002,0.35861393664434676,0.0,1.0,10,0.2751,0.31885365852622044,0.0,0.778,10,0.0878,0.21404090990068025,0.0,0.667,10,0.2157,0.268367513351043,0.0,0.8,10,0.2679,0.3136978199194604,0.0,0.786,10,0.0474,0.14989196109198116,0.0,0.474,10,0.6312,0.3122537429719618,0.0,1.0,10
263,0.770027027027027,0.20896258124449069,0.0,0.978,37,0.18691891891891893,0.22040775071801938,0.0,1.0,37,0.17983783783783783,0.28888632073240555,0.0,1.0,37,0.15154054054054056,0.2623582786312762,0.0,1.0,37,0.1012972972972973,0.2533143485062762,0.0,1.0,37,0.14191891891891892,0.2954339913470405,0.0,1.0,37,0.11178378378378379,0.2579063282941583,0.0,1.0,37,0.17256756756756755,0.3002497608973551,0.0,1.0,37,0.43475675675675673,0.34887592552569663,0.0,1.0,37
264,0.7708181818181817,0.17368409148901243,0.277,0.917,11,0.17072727272727273,0.19114240288805143,0.044,0.723,11,0.15636363636363637,0.21818353408416166,0.0,0.576,11,0.19336363636363638,0.22690097960444008,0.0,0.5,11,0.049363636363636366,0.12395343700541164,0.0,0.4,11,0.24263636363636365,0.3236647255192548,0.0,1.0,11,0.08936363636363637,0.2110792612869738,0.0,0.65,11,0.10454545454545454,0.21402119691113014,0.0,0.667,11,0.5932727272727273,0.26451846472754637,0.2,1.0,11
265,0.4152222222222222,0.31208512329652394,0.024,0.955,18,0.5499444444444445,0.3110903920505161,0.023,0.952,18,0.659611111111111,0.35747614299482633,0.0,1.0,18,0.18000000000000002,0.22188205664006166,0.0,0.683,18,0.11888888888888889,0.16945097812325577,0.0,0.5,18,0.21483333333333332,0.2257711621245256,0.0,0.8,18,0.19899999999999998,0.29874600661864625,0.0,1.0,18,0.15616666666666668,0.20900527716388634,0.0,0.7,18,0.12172222222222222,0.14129102446642264,0.0,0.463,18
266,0.5324545454545455,0.24772983818521485,0.091,0.935,11,0.4258181818181818,0.24962845117566956,0.065,0.848,11,0.4467272727272727,0.28406868567622545,0.0,0.762,11,0.15554545454545454,0.19909463259282692,0.0,0.625,11,0.05609090909090909,0.09850325329191371,0.0,0.312,11,0.155,0.21854290196663903,0.0,0.714,11,0.02209090909090909,0.05008084373381612,0.0,0.143,11,0.5111818181818181,0.3430567936018228,0.0,1.0,11,0.04127272727272727,0.09074149096096108,0.0,0.297,11
267,0.5705882352941176,0.20881662374662888,0.022,0.87,17,0.3744705882352941,0.21382882103655332,0.125,0.956,17,0.44752941176470584,0.2531906686785324,0.05,0.977,17,0.2748235294117647,0.23152651988868295,0.0,0.727,17,0.12211764705882354,0.15800272242628494,0.0,0.591,17,0.1973529411764706,0.18825645446321043,0.0,0.667,17,0.08088235294117647,0.22508356291412673,0.0,0.909,17,0.20270588235294118,0.20331649118611922,0.0,0.792,17,0.0721764705882353,0.07958111843750819,0.0,0.273,17
268,0.49079999999999996,0.3194866716051443,0.02,0.938,10,0.46740000000000004,0.3412363794595568,0.021,0.98,10,0.5467,0.35290699120936164,0.0,0.979,10,0.1847,0.2106366276051933,0.0,0.702,10,0.0522,0.10366913180348764,0.0,0.333,10,0.1329,0.11731671283798874,0.0,0.308,10,0.031,0.06371638547326565,0.0,0.2,10,0.4147,0.3852675981992545,0.0,1.0,10,0.0868,0.10840233699817854,0.0,0.333,10
269,0.64525,0.24755753540002234,0.115,0.903,16,0.32025,0.2604855722172215,0.065,0.885,16,0.164125,0.19424001475837396,0.0,0.576,16,0.2551875,0.35730513920177526,0.0,1.0,16,0.0,0.0,0.0,0.0,16,0.03125,0.125,0.0,0.5,16,0.438375,0.38646739836627875,0.0,1.0,16,0.1095,0.2689309700772053,0.0,1.0,16,0.641625,0.2228586622353579,0.0,1.0,16
270,0.67925,0.21801373085680928,0.07,0.929,20,0.27615,0.23105257433160784,0.047,0.93,20,0.1083,0.1715634300377437,0.0,0.564,20,0.28875,0.3209285664082307,0.0,0.846,20,0.06625,0.12564313498325747,0.0,0.472,20,0.0376,0.09789865866507597,0.0,0.333,20,0.25675,0.35288896046922835,0.0,1.0,20,0.025,0.11180339887498947,0.0,0.5,20,0.62385,0.2830836355864501,0.0,1.0,20
271,0.5517241379310345,0.27904107436409076,0.0,0.915,29,0.4002413793103448,0.28352823683672823,0.062,0.933,29,0.4677586206896552,0.3280274003333534,0.0,0.962,29,0.18417241379310345,0.22045749006579107,0.0,0.75,29,0.06486206896551724,0.09072278188365565,0.0,0.333,29,0.12548275862068967,0.13163575846404327,0.0,0.5,29,0.10131034482758622,0.2147147781606826,0.0,1.0,29,0.34286206896551724,0.27675630385618666,0.0,1.0,29,0.09537931034482759,0.15621560508136173,0.0,0.667,29
272,0.44889999999999997,0.3293081805509511,0.0,0.904,10,0.502,0.34858826397022863,0.038,0.971,10,0.5810000000000001,0.38909524683695523,0.0,1.0,10,0.1678,0.19963344186561308,0.0,0.633,10,0.06870000000000001,0.14740047489747107,0.0,0.467,10,0.2834,0.2543366972254605,0.0,0.778,10,0.0833,0.1799691640253963,0.0,0.5,10,0.4277,0.3176878446945471,0.0,1.0,10,0.1329,0.15347055454096434,0.0,0.476,10
273,0.5469375,0.35736656600750993,0.0,0.952,16,0.42375,0.3677746592684166,0.039,0.975,16,0.5858125,0.31072286017178286,0.0,1.0,16,0.12875,0.16071652061938124,0.0,0.571,16,0.1678125,0.24999845832857986,0.0,0.783,16,0.1055625,0.14955443546303357,0.0,0.5,16,0.1105,0.269655335567461,0.0,1.0,16,0.1903125,0.24838833003987928,0.0,0.75,16,0.11325,0.17535810978299998,0.0,0.667,16
274,0.5573225806451613,0.2462906666382595,0.044,0.881,31,0.38638709677419353,0.2568475134419065,0.093,0.953,31,0.40274193548387094,0.3387869505300674,0.0,1.0,31,0.18325806451612903,0.2127872126079534,0.0,0.756,31,0.060290322580645164,0.1010841872066339,0.0,0.333,31,0.15883870967741937,0.14036383598211077,0.0,0.5,31,0.043064516129032254,0.09449124667885768,0.0,0.333,31,0.47958064516129034,0.2977376668807121,0.0,1.0,31,0.08406451612903225,0.11161957280091186,0.0,0.333,31
275,0.6265263157894737,0.2725856375977307,0.073,0.923,19,0.3213684210526316,0.2816018092047145,0.041,0.878,19,0.32021052631578945,0.40318889685816944,0.0,1.0,19,0.11431578947368422,0.20329263325768127,0.0,0.571,19,0.1066842105263158,0.15694374527609106,0.0,0.515,19,0.1456842105263158,0.14211304288862556,0.0,0.429,19,0.03773684210526316,0.10539125101009895,0.0,0.4,19,0.2896315789473684,0.2566156249088672,0.0,0.667,19,0.08621052631578947,0.16245087426575336,0.0,0.6,19
276,0.8044999999999999,0.18267773584214853,0.312,0.958,30,0.1616,0.17971962838706906,0.0,0.656,30,0.20516666666666666,0.28686991925733973,0.0,0.947,30,0.1698,0.25332770108681574,0.0,0.826,30,0.1282,0.19083580232303332,0.0,0.654,30,0.15053333333333332,0.27211518014320296,0.0,1.0,30,0.1678,0.3121296591769694,0.0,1.0,30,0.10233333333333335,0.23145794782032306,0.0,1.0,30,0.5354,0.3158349197788682,0.0,1.0,30
277,0.7857500000000001,0.17967514410014374,0.079,0.957,28,0.1702857142857143,0.1808578031867715,0.0,0.868,28,0.12314285714285715,0.22026074014856492,0.0,0.903,28,0.15317857142857141,0.20543559026135602,0.0,0.6,28,0.07892857142857143,0.18830490022762406,0.0,0.8,28,0.10392857142857144,0.2680095256144934,0.0,1.0,28,0.12432142857142857,0.2514579787546322,0.0,1.0,28,0.017857142857142856,0.0944911182523068,0.0,0.5,28,0.5823571428571429,0.250428257529601,0.0,1.0,28
278,0.5473333333333333,0.3042806818273768,0.027,0.975,21,0.3920952380952381,0.31760650257227174,0.021,0.952,21,0.4766190476190476,0.3743159729680897,0.0,1.0,21,0.214,0.2595390144082388,0.0,0.824,21,0.05376190476190476,0.11351119097335942,0.0,0.464,21,0.2393809523809524,0.22511563166303583,0.0,1.0,21,0.04071428571428572,0.09128863174412402,0.0,0.333,21,0.44452380952380954,0.2534274292667665,0.0,0.875,21,0.1438095238095238,0.231468922114313,0.0,1.0,21
279,0.3491666666666667,0.25764648288872016,0.0,0.86,24,0.6083333333333333,0.27218690296362086,0.114,0.978,24,0.6749999999999999,0.3042284610646071,0.0,1.0,24,0.23454166666666668,0.2245941226469122,0.0,0.913,24,0.054,0.10501635483394334,0.0,0.367,24,0.24620833333333333,0.23221391546639036,0.0,1.0,24,0.09520833333333334,0.18137038231119806,0.0,0.75,24,0.42754166666666665,0.2764037656521102,0.0,1.0,24,0.13675,0.13344279021689245,0.0,0.524,24
280,0.4560909090909091,0.3272783080332256,0.034,0.863,11,0.49054545454545456,0.32132175887616565,0.078,0.917,11,0.5440909090909091,0.3996141775626722,0.0,1.0,11,0.20263636363636364,0.28552417506308386,0.0,0.788,11,0.05372727272727273,0.11057313499136298,0.0,0.368,11,0.19445454545454546,0.18215178485887185,0.0,0.545,11,0.03909090909090909,0.06711550423777585,0.0,0.154,11,0.4666363636363636,0.23320217525883963,0.167,1.0,11,0.05545454545454545,0.08172314682678787,0.0,0.235,11
281,0.44335,0.27957039881707224,0.0,0.922,20,0.5131,0.30310027869892897,0.0,1.0,20,0.60225,0.2853901991825818,0.0,1.0,20,0.15855000000000002,0.19029795889051135,0.0,0.75,20,0.0546,0.09334283159689509,0.0,0.333,20,0.2158,0.16683354452551616,0.0,0.667,20,0.13174999999999998,0.23115747081976276,0.0,0.778,20,0.36835,0.27837144344619075,0.0,0.826,20,0.10940000000000001,0.12413295079745829,0.0,0.357,20
282,0.4211538461538461,0.2692588117263903,0.0,0.956,13,0.537923076923077,0.2757445863894284,0.022,1.0,13,0.6199230769230769,0.2922029721325177,0.0,1.0,13,0.13984615384615384,0.1494327307708757,0.0,0.444,13,0.10061538461538462,0.19391516120094826,0.0,0.667,13,0.24492307692307694,0.1951766129852915,0.0,0.55,13,0.04253846153846154,0.13822844339752424,0.0,0.5,13,0.368,0.21749367806904182,0.1,0.864,13,0.087,0.08875809822207775,0.0,0.273,13
283,0.4618333333333334,0.27684317375933765,0.0,0.943,36,0.49144444444444446,0.2853882012221693,0.019,1.0,36,0.4778055555555556,0.3290561236927259,0.0,1.0,36,0.2489722222222222,0.25210887513261987,0.0,1.0,36,0.0743888888888889,0.1349375046409639,0.0,0.72,36,0.1718888888888889,0.18908785226189403,0.0,0.75,36,0.08188888888888889,0.17130720571580968,0.0,0.9,36,0.42077777777777775,0.25720732172550287,0.0,0.864,36,0.07483333333333334,0.08476201979660465,0.0,0.308,36
284,0.282375,0.26386407485673374,0.0,0.697,16,0.687,0.2822710281508418,0.242,1.0,16,0.7395625,0.27218473352976036,0.3,1.0,16,0.23049999999999998,0.18780095846400785,0.0,0.606,16,0.08662500000000001,0.1323499779624714,0.0,0.462,16,0.168875,0.14494728926981237,0.0,0.444,16,0.12775,0.1812326313517151,0.0,0.667,16,0.26875,0.19600731278874942,0.0,0.692,16,0.2075,0.16964629871195736,0.0,0.725,16
285,0.6523,0.18868259650063707,0.325,0.913,10,0.2784,0.22160535492928263,0.0,0.675,10,0.22360000000000002,0.2653731963355254,0.0,0.778,10,0.20900000000000002,0.3254391904283605,0.0,0.812,10,0.1282,0.18096948791317158,0.0,0.536,10,0.2002,0.3012347921472551,0.0,1.0,10,0.10310000000000001,0.291014489902708,0.0,0.926,10,0.2538,0.22620138520059213,0.0,0.667,10,0.06670000000000001,0.156347227527563,0.0,0.5,10
286,0.8005185185185185,0.1546871210317957,0.261,0.959,27,0.1545185185185185,0.15084514993614898,0.0,0.652,27,0.27692592592592596,0.2986514466894252,0.0,1.0,27,0.11392592592592593,0.17596982388290022,0.0,0.667,27,0.05092592592592592,0.19690898442719199,0.0,1.0,27,0.163,0.2001374527668422,0.0,0.7,27,0.07629629629629629,0.20636204458982627,0.0,1.0,27,0.2897037037037037,0.32807337533109815,0.0,1.0,27,0.15796296296296294,0.25470412419745164,0.0,0.857,27
287,0.7575454545454545,0.1593827867972973,0.359,0.891,11,0.1969090909090909,0.15554128361657205,0.042,0.564,11,0.21427272727272728,0.2660007860548878,0.0,0.619,11,0.19836363636363635,0.25925557765543744,0.0,0.692,11,0.08636363636363636,0.16445502286477767,0.0,0.5,11,0.381,0.35187099908915487,0.0,1.0,11,0.12172727272727273,0.18961333861787832,0.0,0.556,11,0.05427272727272727,0.09747214054189116,0.0,0.25,11,0.525,0.3131657707987896,0.0,1.0,11
288,0.4826666666666667,0.23656369322527276,0.033,0.814,15,0.4454,0.24861036640839074,0.163,0.9,15,0.35206666666666664,0.24835845830074685,0.0,0.815,15,0.22306666666666666,0.24471425513579442,0.0,0.8,15,0.13,0.19558447206842802,0.0,0.692,15,0.11146666666666667,0.10620389195630577,0.0,0.333,15,0.021,0.05170520835881596,0.0,0.167,15,0.5137333333333334,0.184996319139701,0.231,0.774,15,0.10073333333333334,0.144057263746384,0.0,0.429,15
289,0.5688333333333333,0.2518137238419533,0.026,0.953,12,0.40491666666666665,0.264363200001724,0.047,0.974,12,0.3431666666666667,0.3747968742795182,0.0,1.0,12,0.25025000000000003,0.36597593686421015,0.0,1.0,12,0.05491666666666667,0.09479015899566919,0.0,0.3,12,0.09583333333333333,0.16993840238763164,0.0,0.5,12,0.13058333333333333,0.2181460971389809,0.0,0.5,12,0.06941666666666667,0.1659860116413611,0.0,0.5,12,0.48583333333333334,0.34627835186407036,0.0,1.0,12
290,0.8223,0.13444292469297153,0.591,0.955,10,0.1418,0.12074012497002716,0.045,0.386,10,0.2141,0.20713465829422817,0.0,0.5,10,0.0654,0.16018891624856224,0.0,0.5,10,0.1313,0.3136112420037125,0.0,1.0,10,0.0785,0.12127494016123493,0.0,0.333,10,0.1167,0.20861982967429854,0.0,0.5,10,0.0333,0.10530384608360704,0.0,0.333,10,0.5652,0.32663938661601866,0.0,1.0,10
291,0.7507826086956522,0.17611178178587167,0.161,0.891,23,0.20326086956521738,0.17922058967330137,0.051,0.804,23,0.17578260869565218,0.17208981706754156,0.0,0.5,23,0.1277391304347826,0.2751319051244172,0.0,1.0,23,0.18630434782608696,0.24349378091416116,0.0,0.667,23,0.09147826086956522,0.23606641391493224,0.0,1.0,23,0.12169565217391304,0.2894442063966746,0.0,0.972,23,0.03986956521739131,0.08587215886411725,0.0,0.333,23,0.4741304347826087,0.342230956618457,0.0,1.0,23
292,0.67090625,0.18729816825224202,0.229,0.957,32,0.27403125,0.17808216377967676,0.043,0.6,32,0.19753125,0.21917160523280055,0.0,0.7,32,0.1510625,0.21213491408580895,0.0,0.667,32,0.08959375,0.1165761164536688,0.0,0.417,32,0.07621875,0.0978252999715111,0.0,0.333,32,0.0931875,0.1451507420002592,0.0,0.5,32,0.25275000000000003,0.23751074678571846,0.0,1.0,32,0.21190625,0.24153813021296283,0.0,1.0,32
293,0.4079333333333333,0.24379659749959792,0.048,0.743,15,0.5476666666666666,0.26342026895293785,0.171,0.952,15,0.6170666666666667,0.2647018448493827,0.0,1.0,15,0.18333333333333332,0.19076188098804028,0.0,0.531,15,0.0902,0.15538486780525684,0.0,0.5,15,0.1992,0.1919122567365469,0.0,0.667,15,0.0728,0.14732917468813064,0.0,0.5,15,0.38020000000000004,0.31942922310181415,0.0,1.0,15,0.094,0.10254963954801875,0.0,0.296,15
294,0.7783529411764706,0.11233262058306497,0.595,0.957,17,0.1673529411764706,0.11690377516170651,0.023,0.405,17,0.06835294117647059,0.1398203942458282,0.0,0.462,17,0.141,0.2922000598904798,0.0,1.0,17,0.1572941176470588,0.2578152838530627,0.0,0.816,17,0.19805882352941176,0.32256810726345747,0.0,1.0,17,0.13647058823529412,0.29560808464228844,0.0,1.0,17,0.12376470588235294,0.17209319038378768,0.0,0.5,17,0.47723529411764704,0.332746812421202,0.0,1.0,17
295,0.4382702702702703,0.2676254273595268,0.0,0.907,37,0.5097567567567568,0.27740798328308647,0.093,1.0,37,0.43927027027027027,0.34184309661407924,0.0,1.0,37,0.1951081081081081,0.19958593022441123,0.0,0.75,37,0.061864864864864866,0.10819636525065644,0.0,0.447,37,0.15245945945945946,0.15198987440590223,0.0,0.625,37,0.0331081081081081,0.0844803671419131,0.0,0.412,37,0.5059459459459459,0.23704042622232957,0.0,1.0,37,0.08975675675675676,0.11637616341593074,0.0,0.556,37
296,0.7351428571428571,0.20143708968037916,0.174,0.889,14,0.20857142857142857,0.22381404172822864,0.023,0.826,14,0.12678571428571428,0.21068539380990595,0.0,0.75,14,0.20778571428571427,0.2689844658286847,0.0,0.895,14,0.15721428571428572,0.27860950852718264,0.0,1.0,14,0.045714285714285714,0.12036574299987554,0.0,0.4,14,0.20392857142857143,0.29678883046723625,0.0,0.905,14,0.052357142857142866,0.13373659941084948,0.0,0.4,14,0.6015714285714286,0.29772643981855723,0.0,1.0,14
297,0.7201500000000001,0.18180303830476022,0.119,0.891,20,0.2193,0.1812187105478669,0.044,0.857,20,0.21165000000000003,0.25074841133988,0.0,0.839,20,0.08070000000000001,0.13237152659326545,0.0,0.462,20,0.058600000000000006,0.1053991910485285,0.0,0.4,20,0.13885,0.14386041297400975,0.0,0.429,20,0.02595,0.056831676674933766,0.0,0.2,20,0.38405,0.2700815617549632,0.0,0.778,20,0.17395,0.28376667120049626,0.0,1.0,20
298,0.64325,0.17847338737189922,0.267,0.93,12,0.2990833333333333,0.17770785951480408,0.047,0.644,12,0.1845,0.21704984764711624,0.0,0.611,12,0.16908333333333334,0.19362966448790064,0.0,0.444,12,0.07458333333333333,0.13098747916106218,0.0,0.429,12,0.2175,0.2778758715685837,0.0,1.0,12,0.03816666666666667,0.10872553713016286,0.0,0.375,12,0.35391666666666666,0.24393868765190432,0.0,0.714,12,0.1135,0.165673007622079,0.0,0.5,12
299,0.5329230769230769,0.31935676537337293,0.07,0.976,13,0.42192307692307696,0.3323944598260881,0.0,0.93,13,0.41607692307692307,0.39233413938004036,0.0,1.0,13,0.15692307692307692,0.2385558849754293,0.0,0.857,13,0.11546153846153848,0.28549156887277055,0.0,1.0,13,0.25230769230769234,0.2180353123599419,0.0,0.667,13,0.18892307692307692,0.2988705019286395,0.0,1.0,13,0.21892307692307694,0.2705261729600488,0.0,0.72,13,0.0836923076923077,0.11523843731974777,0.0,0.4,13
300,0.39632142857142855,0.27803997228901495,0.0,0.92,28,0.5661785714285714,0.27641944155930437,0.071,1.0,28,0.5381071428571429,0.34910227083570444,0.0,1.0,28,0.2407857142857143,0.26094846335838146,0.0,0.794,28,0.07821428571428571,0.1968506403423027,0.0,1.0,28,0.227,0.17608541698299174,0.0,0.5,28,0.07403571428571429,0.13481797938753406,0.0,0.571,28,0.39735714285714285,0.24608192166291323,0.0,0.8,28,0.06342857142857143,0.07244687891517662,0.0,0.231,28
301,0.5815142857142858,0.23805453792190157,0.093,0.956,35,0.34285714285714286,0.2314289552854997,0.024,0.884,35,0.1437142857142857,0.19385115142181394,0.0,0.711,35,0.11377142857142857,0.19719236438419355,0.0,1.0,35,0.04894285714285714,0.0597361565834407,0.0,0.195,35,0.10991428571428571,0.09300675858698196,0.0,0.294,35,0.017371428571428572,0.04810960874691783,0.0,0.25,35,0.5317142857142857,0.20826970232744613,0.0,0.905,35,0.08974285714285714,0.13225851309354075,0.0,0.5,35
302,0.4901875,0.2167816778081887,0.089,0.956,16,0.406625,0.17735721956924486,0.044,0.75,16,0.272875,0.2049305166798412,0.0,0.667,16,0.1033125,0.13573637132323818,0.0,0.5,16,0.0611875,0.07896346729131558,0.0,0.286,16,0.112375,0.0887249495162813,0.0,0.333,16,0.00225,0.009,0.0,0.036,16,0.630125,0.21450124319764055,0.143,1.0,16,0.0556875,0.06731291976037489,0.0,0.214,16
303,0.44,0.22436844697951627,0.149,0.833,11,0.5103636363636364,0.2328816320482458,0.093,0.83,11,0.41263636363636363,0.3480569702583968,0.0,1.0,11,0.22563636363636366,0.29893954998536837,0.0,0.8,11,0.048,0.08477617589865682,0.0,0.222,11,0.26536363636363636,0.29624188519764477,0.028,1.0,11,0.018272727272727274,0.05037080684104813,0.0,0.167,11,0.503909090909091,0.26548124398738776,0.0,0.8,11,0.048090909090909094,0.06540100082637046,0.0,0.192,11
304,0.5999375,0.28302178249223037,0.0,0.955,64,0.34253125,0.2869132366363442,0.0,0.967,64,0.331296875,0.31183052375550874,0.0,1.0,64,0.18125,0.21936937032074605,0.0,0.897,64,0.101359375,0.15301233140341317,0.0,0.805,64,0.13521875,0.13792434880057794,0.0,0.625,64,0.04325,0.12287288566541454,0.0,0.6,64,0.39753125,0.2526229996661379,0.0,1.0,64,0.098328125,0.1543369900510434,0.0,0.5,64
305,0.8530909090909091,0.06979749930399305,0.762,0.977,11,0.09654545454545453,0.057133814219538386,0.023,0.19,11,0.21527272727272725,0.31245930644136394,0.0,1.0,11,0.12436363636363637,0.1777482898524049,0.0,0.5,11,0.05972727272727273,0.1050077053449802,0.0,0.273,11,0.22272727272727275,0.3205230384571727,0.0,0.8,11,0.18181818181818182,0.40451991747794525,0.0,1.0,11,0.07818181818181819,0.10977961393794221,0.0,0.333,11,0.4276363636363637,0.3344910380644817,0.0,1.0,11
306,0.8154375,0.18653255971366858,0.174,0.975,16,0.1448125,0.1852836451677985,0.0,0.783,16,0.118625,0.21126977225023613,0.0,0.714,16,0.027375000000000003,0.07682870557285214,0.0,0.267,16,0.169,0.24506162490279867,0.0,0.688,16,0.022625,0.04724810401839775,0.0,0.147,16,0.107625,0.18050332406911512,0.0,0.5,16,0.12025,0.22063408621516303,0.0,0.765,16,0.4974375,0.34310522559898926,0.0,1.0,16
307,0.8210625,0.10428196951854463,0.533,0.93,16,0.12456249999999999,0.1019431009599636,0.023,0.444,16,0.11681250000000001,0.17163186135835423,0.0,0.55,16,0.0699375,0.1558685209826966,0.0,0.5,16,0.1378125,0.19535547727156255,0.0,0.553,16,0.0818125,0.15529164766120981,0.0,0.5,16,0.038375,0.10690611145611213,0.0,0.364,16,0.1515,0.22541369375735212,0.0,0.714,16,0.601625,0.3271562063194482,0.0,1.0,16
308,0.458125,0.27385194375204674,0.032,0.907,32,0.51096875,0.2807837515259167,0.042,0.968,32,0.47009375,0.291112145486924,0.0,0.983,32,0.19075,0.1879528080782943,0.0,0.667,32,0.032375,0.07263507994564111,0.0,0.25,32,0.2426875,0.23738582145066384,0.0,1.0,32,0.06271875,0.12186884393054585,0.0,0.4,32,0.40534375,0.28250796270536427,0.0,1.0,32,0.080875,0.10652691618068995,0.0,0.5,32
309,0.3108333333333333,0.2355302528338982,0.0,0.769,18,0.6487777777777777,0.23927256315157444,0.154,0.973,18,0.7202222222222222,0.2903017812260313,0.263,1.0,18,0.19705555555555554,0.19217347317163647,0.0,0.618,18,0.03627777777777778,0.0514333441348012,0.0,0.143,18,0.2086111111111111,0.14883118699460213,0.0,0.429,18,0.06016666666666667,0.15613389804154335,0.0,0.647,18,0.48105555555555557,0.18079740765392377,0.059,0.833,18,0.16955555555555557,0.15738533537420085,0.0,0.524,18
310,0.8079999999999999,0.06438555738673077,0.681,0.907,13,0.126,0.07466480652444853,0.047,0.298,13,0.19315384615384618,0.330695188492829,0.0,1.0,13,0.24415384615384614,0.3255676699125816,0.0,1.0,13,0.1233846153846154,0.2579911298415569,0.0,0.833,13,0.05023076923076923,0.10098940030695781,0.0,0.333,13,0.11753846153846154,0.2285758865178825,0.0,0.667,13,0.3066153846153846,0.3851546309517643,0.0,1.0,13,0.4441538461538462,0.3088731795181333,0.0,1.0,13
311,0.7931521739130435,0.14597396531821913,0.343,0.953,46,0.16028260869565217,0.15180450337976412,0.0,0.629,46,0.17895652173913043,0.22163122087745862,0.0,0.75,46,0.12139130434782609,0.21709470317105284,0.0,1.0,46,0.05080434782608695,0.11767499867860488,0.0,0.5,46,0.21347826086956523,0.3486846228091725,0.0,1.0,46,0.06260869565217392,0.1592423001118972,0.0,0.8,46,0.18310869565217391,0.3133061142972454,0.0,1.0,46,0.4305652173913044,0.3190893049618912,0.0,1.0,46
312,0.8345443037974684,0.11169656669750014,0.1,0.976,79,0.11440506329113924,0.10976694647359454,0.0,0.883,79,0.10686075949367088,0.18122543930336552,0.0,0.882,79,0.06273417721518988,0.1287613284894904,0.0,0.5,79,0.1330126582278481,0.20405419677705827,0.0,1.0,79,0.17312658227848102,0.2840344583234445,0.0,1.0,79,0.04540506329113924,0.11741440078838689,0.0,0.5,79,0.10859493670886076,0.22703374418723626,0.0,1.0,79,0.5865316455696202,0.3127298676806632,0.0,1.0,79
313,0.812093023255814,0.14797792852692085,0.222,1.0,43,0.14206976744186048,0.14706920874019971,0.0,0.75,43,0.08909302325581395,0.1827212050083129,0.0,0.692,43,0.1267674418604651,0.2677832134225728,0.0,1.0,43,0.20848837209302326,0.24125123953227318,0.0,1.0,43,0.07344186046511628,0.15350233476207661,0.0,0.6,43,0.07641860465116279,0.15065258560803926,0.0,0.5,43,0.06809302325581396,0.18135860476303484,0.0,1.0,43,0.6764418604651162,0.27004711249684715,0.0,1.0,43
314,0.24487096774193548,0.2421912112272015,0.0,0.875,31,0.7306774193548387,0.2593832925867013,0.043,1.0,31,0.798483870967742,0.20420249279701785,0.3,1.0,31,0.16651612903225807,0.18280661384237754,0.0,0.818,31,0.035677419354838716,0.09887783273540947,0.0,0.375,31,0.1970967741935484,0.23473635634312662,0.0,1.0,31,0.11783870967741936,0.22303110347724953,0.0,0.9,31,0.2799677419354839,0.2753129714671369,0.0,1.0,31,0.21758064516129033,0.15333574799407743,0.0,0.515,31
315,0.5021875,0.36592863033657264,0.0,0.913,16,0.476125,0.37512324641376193,0.062,1.0,16,0.4408125,0.36619689034725567,0.0,1.0,16,0.3014375,0.3286680125902124,0.0,0.792,16,0.0990625,0.12976001888100974,0.0,0.333,16,0.06737499999999999,0.15024640872025305,0.0,0.6,16,0.2465,0.34602832254022214,0.0,0.933,16,0.1565625,0.2991576994942077,0.0,1.0,16,0.5185,0.1813526950447663,0.167,0.778,16
316,0.6944545454545454,0.24649233807011675,0.098,0.951,11,0.28754545454545455,0.25137516330630744,0.049,0.902,11,0.4006363636363636,0.3827522103730487,0.0,1.0,11,0.183,0.24792256855720093,0.0,0.583,11,0.045454545454545456,0.15075567228888181,0.0,0.5,11,0.31681818181818183,0.187176824517256,0.0,0.5,11,0.16963636363636364,0.21100629029830972,0.0,0.5,11,0.12209090909090908,0.21266379783378953,0.0,0.667,11,0.31227272727272726,0.2618301323030223,0.0,0.667,11
317,0.8304117647058823,0.07179228616600239,0.673,0.942,17,0.1312941176470588,0.06663122832602814,0.048,0.269,17,0.17494117647058824,0.2594897566832445,0.0,0.714,17,0.08470588235294117,0.18470948970812326,0.0,0.75,17,0.09929411764705882,0.1766673302799227,0.0,0.5,17,0.1381176470588235,0.254751811169455,0.0,0.917,17,0.10852941176470587,0.2521155780706189,0.0,1.0,17,0.06841176470588235,0.13222710521274061,0.0,0.5,17,0.5819411764705883,0.2074636927838927,0.333,1.0,17
318,0.8558461538461538,0.07363515046915696,0.609,0.976,26,0.11176923076923077,0.07742831920805601,0.0,0.391,26,0.08946153846153847,0.21302849213553207,0.0,1.0,26,0.05230769230769231,0.0955986482041537,0.0,0.333,26,0.10692307692307691,0.17876933139147175,0.0,0.667,26,0.16603846153846155,0.29477984744812263,0.0,1.0,26,0.06569230769230769,0.16918505116723975,0.0,0.75,26,0.054538461538461536,0.14458747684892514,0.0,0.6,26,0.6052692307692308,0.3135954792649036,0.0,1.0,26
319,0.86215,0.0487045604694911,0.741,0.943,20,0.1035,0.04333043175170857,0.039,0.19,20,0.07170000000000001,0.12140280929724467,0.0,0.333,20,0.05415000000000001,0.12241958692610386,0.0,0.4,20,0.07235,0.15757580464819568,0.0,0.467,20,0.18439999999999998,0.2985370293527033,0.0,1.0,20,0.08499999999999999,0.2455391489848625,0.0,1.0,20,0.052149999999999995,0.13207544693927983,0.0,0.5,20,0.6027,0.23722565317923733,0.2,1.0,20
320,0.8577499999999999,0.055174310557129264,0.744,0.914,12,0.10166666666666667,0.04686408458769278,0.029,0.186,12,0.0675,0.1038631092089268,0.0,0.25,12,0.06333333333333334,0.09662705562516058,0.0,0.25,12,0.09466666666666668,0.21922107286453735,0.0,0.72,12,0.08333333333333333,0.28867513459481287,0.0,1.0,12,0.09025,0.2874888535388649,0.0,1.0,12,0.118,0.29398361116967664,0.0,1.0,12,0.7374999999999999,0.29455714062115196,0.0,1.0,12
321,0.7290344827586207,0.23897870239216787,0.0,0.93,29,0.23020689655172413,0.23757019704114296,0.0,0.978,29,0.18986206896551724,0.29641401115644345,0.0,1.0,29,0.17251724137931035,0.2589031286973201,0.0,0.773,29,0.08627586206896551,0.2082501751931563,0.0,0.724,29,0.23689655172413793,0.3400626354939827,0.0,1.0,29,0.19827586206896552,0.30300694199399414,0.0,1.0,29,0.09531034482758621,0.18786927511442553,0.0,0.714,29,0.5161034482758621,0.2589494358843587,0.0,1.0,29
322,0.8105555555555556,0.12756185222781477,0.452,0.979,18,0.15461111111111112,0.12327975783887012,0.021,0.524,18,0.11927777777777779,0.16906866184571476,0.0,0.5,18,0.18888888888888888,0.3252828432373511,0.0,1.0,18,0.1635,0.22840295918552778,0.0,0.613,18,0.06994444444444443,0.15173369559555638,0.0,0.5,18,0.03833333333333334,0.07280271488150458,0.0,0.25,18,0.10572222222222222,0.25330632595977903,0.0,1.0,18,0.45266666666666666,0.25670147459417436,0.0,1.0,18
323,0.7295833333333334,0.22694511083813484,0.184,0.921,12,0.236,0.2268423561539038,0.073,0.816,12,0.18625,0.21803966486523832,0.0,0.571,12,0.07883333333333332,0.18673989364564786,0.0,0.625,12,0.02008333333333333,0.0695707074373499,0.0,0.241,12,0.05416666666666667,0.09876126709792599,0.0,0.25,12,0.18725,0.3718497069320541,0.0,1.0,12,0.020833333333333332,0.07216878364870322,0.0,0.25,12,0.5778333333333333,0.22754493395744269,0.333,1.0,12
324,0.7922142857142856,0.14782327211985186,0.467,0.939,14,0.17514285714285713,0.1576324142490307,0.048,0.533,14,0.23607142857142857,0.2280527821110092,0.0,0.625,14,0.12864285714285714,0.20848892504910632,0.0,0.714,14,0.143,0.20860193966204923,0.0,0.714,14,0.11521428571428571,0.27336202498389695,0.0,1.0,14,0.1487857142857143,0.31378193765034407,0.0,1.0,14,0.05407142857142857,0.07737169457158813,0.0,0.24,14,0.5941428571428571,0.3385725367441409,0.0,1.0,14
325,0.7346,0.18687513810397388,0.289,0.977,30,0.22696666666666668,0.18307365831221076,0.023,0.689,30,0.16856666666666667,0.246933564056147,0.0,1.0,30,0.16403333333333334,0.22051545935850386,0.0,1.0,30,0.09253333333333333,0.15974672482387242,0.0,0.5,30,0.15613333333333335,0.2639096937150691,0.0,1.0,30,0.15556666666666666,0.2593635025148712,0.0,1.0,30,0.07716666666666666,0.16723761401141157,0.0,0.5,30,0.43173333333333336,0.28888918449734363,0.0,1.0,30
326,0.8410000000000001,0.08729052848755339,0.659,0.917,12,0.12041666666666667,0.08909490173490016,0.0,0.319,12,0.13608333333333333,0.21896884723769736,0.0,0.692,12,0.11175,0.1903509318935089,0.0,0.5,12,0.06025,0.14503549722238848,0.0,0.5,12,0.026833333333333334,0.07628276742528817,0.0,0.263,12,0.11766666666666666,0.3020533767800691,0.0,1.0,12,0.08775,0.19315755462598638,0.0,0.5,12,0.6216666666666667,0.2905531819050542,0.0,1.0,12
327,0.7584285714285715,0.17751690305737122,0.119,0.955,42,0.2068095238095238,0.17798125937180181,0.0,0.81,42,0.205,0.23210710311636992,0.0,0.8,42,0.14754761904761904,0.2717429921353642,0.0,1.0,42,0.10983333333333334,0.17728782119681952,0.0,0.6,42,0.11176190476190476,0.1993476934995749,0.0,0.833,42,0.1611904761904762,0.32217592816281704,0.0,1.0,42,0.11076190476190477,0.21128870660247512,0.0,1.0,42,0.5252142857142857,0.3050542963037561,0.0,1.0,42
328,0.7682295081967213,0.20973661208307773,0.042,0.953,61,0.19577049180327868,0.21685789459479551,0.0,0.958,61,0.19165573770491803,0.27826126124237405,0.0,1.0,61,0.19113114754098362,0.302433214413245,0.0,1.0,61,0.09336065573770493,0.18646233156564404,0.0,0.647,61,0.0760327868852459,0.16540777563475412,0.0,0.667,61,0.2047049180327869,0.30245772951286354,0.0,1.0,61,0.10754098360655738,0.24815704528721944,0.0,1.0,61,0.5318196721311476,0.2901895649511839,0.0,1.0,61
329,0.8234210526315789,0.15768580426118609,0.423,0.979,19,0.13757894736842105,0.14899005029772722,0.021,0.577,19,0.1163157894736842,0.19221777366991818,0.0,0.65,19,0.16984210526315788,0.310075844334521,0.0,1.0,19,0.21936842105263157,0.2278633144200258,0.0,0.588,19,0.045,0.0793900357587637,0.0,0.241,19,0.10073684210526315,0.20390897808833539,0.0,0.714,19,0.051736842105263164,0.11496610230134174,0.0,0.333,19,0.6692105263157895,0.32046035964727865,0.0,1.0,19
330,0.861,0.1834208276068996,0.342,1.0,11,0.09736363636363636,0.17387424923045547,0.0,0.605,11,0.11227272727272726,0.302748770735437,0.0,1.0,11,0.18181818181818182,0.4045199174779453,0.0,1.0,11,0.12536363636363637,0.29589162635237676,0.0,1.0,11,0.06309090909090909,0.1469186540541769,0.0,0.444,11,0.026,0.08623224454924039,0.0,0.286,11,0.11363636363636363,0.30338993810845893,0.0,1.0,11,0.47327272727272723,0.4289937274387799,0.0,1.0,11
331,0.8477916666666667,0.08391915013192904,0.513,0.977,48,0.11629166666666667,0.0822611198803641,0.023,0.487,48,0.07470833333333333,0.18649453341293362,0.0,0.9,48,0.07520833333333334,0.17013235877852895,0.0,0.727,48,0.09952083333333334,0.19067450147878817,0.0,0.742,48,0.15612499999999999,0.26329496645720774,0.0,1.0,48,0.052791666666666674,0.16605586836495637,0.0,0.667,48,0.07731249999999999,0.19285891174748845,0.0,1.0,48,0.6601666666666667,0.2973015757616408,0.0,1.0,48
332,0.7233695652173913,0.22248219491262686,0.022,0.923,46,0.2246304347826087,0.23909741006038632,0.028,0.956,46,0.09973913043478261,0.19637893469091372,0.0,1.0,46,0.18247826086956523,0.2898153235064192,0.0,0.976,46,0.12430434782608696,0.1711111230315574,0.0,0.5,46,0.07156521739130435,0.20124342939434353,0.0,1.0,46,0.19365217391304346,0.3469500903838927,0.0,1.0,46,0.03160869565217391,0.1524466359471215,0.0,1.0,46,0.6148478260869565,0.2859894300604136,0.0,1.0,46
333,0.7773428571428571,0.1742376576533839,0.222,0.978,35,0.17817142857142856,0.17475234336799333,0.022,0.733,35,0.11948571428571429,0.21227539984216556,0.0,0.833,35,0.12380000000000001,0.2738104539747932,0.0,1.0,35,0.10662857142857143,0.2209431768463511,0.0,1.0,35,0.08911428571428572,0.1807236713276688,0.0,0.667,35,0.11362857142857143,0.2344205729922543,0.0,1.0,35,0.06597142857142857,0.18519520475850942,0.0,0.765,35,0.6799714285714286,0.2075370251466535,0.0,1.0,35
334,0.8248333333333333,0.0819456419542499,0.595,0.93,18,0.12961111111111112,0.08469817616543839,0.023,0.351,18,0.186,0.2908832391588237,0.0,1.0,18,0.1428888888888889,0.18683269926953328,0.0,0.6,18,0.12894444444444442,0.2806778501334859,0.0,1.0,18,0.11505555555555556,0.2607160890412545,0.0,1.0,18,0.08266666666666667,0.2391679203355815,0.0,1.0,18,0.09722222222222222,0.2592252156297698,0.0,1.0,18,0.5372222222222223,0.27744242763787,0.0,1.0,18
335,0.4842857142857143,0.2877032201021443,0.0,0.884,14,0.4789285714285714,0.30172337414508427,0.083,0.977,14,0.6247857142857143,0.33652801428054163,0.167,1.0,14,0.05407142857142857,0.07840963862033436,0.0,0.273,14,0.09157142857142857,0.17354348348278786,0.0,0.643,14,0.17314285714285713,0.13788783465213653,0.0,0.5,14,0.13042857142857142,0.21173049425579252,0.0,0.714,14,0.3522857142857143,0.22513156104868945,0.0,0.824,14,0.12314285714285714,0.1080412009323346,0.0,0.256,14
336,0.3897272727272727,0.3533528239335554,0.0,0.889,11,0.5878181818181818,0.3563287297375327,0.083,1.0,11,0.6758181818181819,0.37494581426702667,0.0,1.0,11,0.17263636363636364,0.15891650180347713,0.0,0.435,11,0.056818181818181816,0.18844459036110225,0.0,0.625,11,0.25627272727272726,0.21363009661987747,0.0,0.667,11,0.128,0.1728554309242264,0.0,0.5,11,0.31472727272727274,0.33372865951520886,0.0,0.818,11,0.16136363636363638,0.1827513462206354,0.0,0.667,11
337,0.37088,0.27720860376258166,0.0,0.854,25,0.60044,0.27963116779071684,0.073,1.0,25,0.78956,0.1879306343663356,0.444,1.0,25,0.14264,0.16982635248983005,0.0,0.75,25,0.05668,0.09875926960712768,0.0,0.333,25,0.24208000000000002,0.2011951623010189,0.0,0.556,25,0.11976,0.22909646439873316,0.0,1.0,25,0.315,0.2416595401248073,0.0,0.75,25,0.17288,0.17934564393929392,0.0,0.737,25
338,0.8058,0.17260769585005956,0.271,0.95,25,0.16244,0.18194575198851623,0.0,0.708,25,0.16616,0.2271883726484845,0.0,0.938,25,0.17636,0.2776362848524427,0.0,1.0,25,0.07783999999999999,0.16958151432275864,0.0,0.571,25,0.17932000000000003,0.3255620422182742,0.0,1.0,25,0.24064,0.3491112382417196,0.0,1.0,25,0.07496,0.15123146718413688,0.0,0.667,25,0.55132,0.2847415085066922,0.0,1.0,25
339,0.8398602150537634,0.13404692489522577,0.255,1.0,93,0.11909677419354839,0.13448937767300573,0.0,0.745,93,0.1117741935483871,0.2228299765678375,0.0,1.0,93,0.06740860215053764,0.17690302161250232,0.0,1.0,93,0.13540860215053763,0.22880650818118842,0.0,1.0,93,0.14544086021505376,0.2693320022625055,0.0,1.0,93,0.10326881720430106,0.24738651942926254,0.0,1.0,93,0.06750537634408603,0.18252245982438972,0.0,1.0,93,0.5151397849462366,0.335370450313428,0.0,1.0,93
340,0.828,0.168960489638328,0.175,0.956,18,0.1155,0.16764642414740544,0.022,0.775,18,0.08,0.24039183699559694,0.0,1.0,18,0.006666666666666666,0.0282842712474619,0.0,0.12,18,0.1297222222222222,0.2003605002623009,0.0,0.667,18,0.08911111111111111,0.15946302868169748,0.0,0.556,18,0.07755555555555554,0.23278953438731181,0.0,0.952,18,0.08022222222222222,0.2373849084740684,0.0,1.0,18,0.5390555555555555,0.3932020094829602,0.0,1.0,18
341,0.868,0.042932863510727656,0.771,0.933,14,0.07557142857142858,0.03129933468379722,0.041,0.13,14,0.08335714285714287,0.1819998339571758,0.0,0.5,14,0.07378571428571427,0.15803318958683651,0.0,0.5,14,0.15285714285714286,0.25485255379498195,0.0,0.8,14,0.07414285714285715,0.1539784486133129,0.0,0.5,14,0.14285714285714285,0.3056249227510633,0.0,1.0,14,0.074,0.14590144197104693,0.0,0.5,14,0.6321428571428571,0.3367050426029965,0.0,1.0,14
342,0.865,0.06821346584859124,0.667,0.932,14,0.0825,0.05010105173162919,0.023,0.19,14,0.008928571428571428,0.03340765523905304,0.0,0.125,14,0.049999999999999996,0.14005493427717788,0.0,0.5,14,0.061214285714285714,0.10390319353308457,0.0,0.273,14,0.2512857142857143,0.3244534880904595,0.0,0.857,14,0.02378571428571429,0.08899799355683732,0.0,0.333,14,0.06864285714285714,0.16355549852848453,0.0,0.5,14,0.6434285714285715,0.34255930745037294,0.0,1.0,14
343,0.8425999999999999,0.05455377425728019,0.743,0.905,15,0.10726666666666666,0.0609583776811999,0.03,0.257,15,0.12613333333333335,0.2086298385270178,0.0,0.667,15,0.19153333333333336,0.25383174029453526,0.0,0.667,15,0.14446666666666666,0.31416894151001595,0.0,1.0,15,0.034,0.07121296029716581,0.0,0.2,15,0.16506666666666667,0.350778006043437,0.0,1.0,15,0.18666666666666668,0.3279929586932941,0.0,1.0,15,0.6595333333333334,0.2196454502363384,0.125,1.0,15
344,0.6204444444444444,0.2423182696183878,0.186,0.922,18,0.3408888888888889,0.24810976908686982,0.059,0.808,18,0.22861111111111113,0.26477451869776664,0.0,0.788,18,0.20622222222222222,0.2576405511459158,0.0,0.892,18,0.07088888888888889,0.23857836026540233,0.0,1.0,18,0.07494444444444444,0.1032845710373969,0.0,0.292,18,0.22177777777777777,0.31889986544839827,0.0,0.933,18,0.16005555555555556,0.2733260221403827,0.0,1.0,18,0.4062777777777778,0.24120208894704517,0.0,1.0,18
345,0.8463888888888889,0.07029361856141365,0.68,0.933,18,0.08588888888888889,0.06091159349600224,0.019,0.239,18,0.018500000000000003,0.07848885271170677,0.0,0.333,18,0.018944444444444444,0.06151085243532446,0.0,0.25,18,0.2126111111111111,0.2536343219697322,0.0,1.0,18,0.043166666666666666,0.1242361366393,0.0,0.5,18,0.008722222222222221,0.02318672428366146,0.0,0.091,18,0.05555555555555555,0.1636535875928974,0.0,0.667,18,0.53,0.29628563325039614,0.0,1.0,18
346,0.7949230769230768,0.16462318744986637,0.235,0.932,26,0.163,0.1643863741311913,0.023,0.735,26,0.1788076923076923,0.282561004985581,0.0,1.0,26,0.08984615384615385,0.12620227963319597,0.0,0.333,26,0.20923076923076925,0.2778936930111668,0.0,1.0,26,0.05865384615384616,0.12126893825137328,0.0,0.5,26,0.109,0.2749469767064188,0.0,1.0,26,0.11446153846153846,0.23661161945588904,0.0,1.0,26,0.6533846153846153,0.25408251839480445,0.0,1.0,26
347,0.7954000000000001,0.1419916461845798,0.439,0.943,30,0.16113333333333332,0.13406116291565895,0.024,0.512,30,0.16306666666666667,0.22730200680779436,0.0,0.867,30,0.05056666666666667,0.10947513757527981,0.0,0.333,30,0.14809999999999998,0.19175115878802854,0.0,0.5,30,0.10093333333333333,0.17259698589555347,0.0,0.636,30,0.09083333333333334,0.19953343567939433,0.0,0.8,30,0.0871,0.15622714453530528,0.0,0.5,30,0.6039333333333333,0.2888931234585019,0.0,1.0,30
348,0.3543529411764706,0.3495552426256239,0.0,0.929,17,0.6198235294117648,0.3516802943182411,0.071,0.974,17,0.7264117647058823,0.27007130049848166,0.333,1.0,17,0.20747058823529413,0.20777154450473326,0.0,0.732,17,0.07252941176470588,0.16201084749448835,0.0,0.55,17,0.33782352941176474,0.24155543755371084,0.0,1.0,17,0.08541176470588235,0.12779576422143724,0.0,0.5,17,0.2725882352941177,0.2059472198232867,0.0,0.704,17,0.23452941176470588,0.25458670370991954,0.0,1.0,17
349,0.38256,0.2652473813882681,0.0,0.881,25,0.58612,0.27283455304146015,0.119,1.0,25,0.6494,0.3020422155924566,0.0,1.0,25,0.196,0.2016012979455572,0.0,0.828,25,0.10407999999999999,0.16684671607995963,0.0,0.5,25,0.27015999999999996,0.2054709387399266,0.0,0.75,25,0.1664,0.20540305904895056,0.0,0.8,25,0.27584,0.2151820314679334,0.0,0.667,25,0.11392,0.1182313833125537,0.0,0.391,25
350,0.8594705882352942,0.0906358800095086,0.409,0.952,34,0.0991764705882353,0.09545059664185963,0.022,0.591,34,0.1454705882352941,0.27107711474603946,0.0,1.0,34,0.09458823529411765,0.21106384466332495,0.0,1.0,34,0.1283529411764706,0.2155053092720007,0.0,0.667,34,0.11094117647058822,0.22783512661524802,0.0,1.0,34,0.06370588235294117,0.20104206244823564,0.0,1.0,34,0.0651764705882353,0.19497279850497798,0.0,1.0,34,0.5782352941176471,0.33354333313711115,0.0,1.0,34
351,0.8444761904761906,0.09608205818341897,0.6,0.935,21,0.09533333333333334,0.05876591982887134,0.022,0.24,21,0.05238095238095238,0.16990893919699346,0.0,0.75,21,0.019571428571428573,0.05209469399907387,0.0,0.2,21,0.13328571428571429,0.17791434536235207,0.0,0.568,21,0.12976190476190477,0.2469038081443672,0.0,1.0,21,0.10066666666666665,0.1469096093975249,0.0,0.333,21,0.030333333333333334,0.08501490065472837,0.0,0.333,21,0.5274761904761904,0.3206204327624207,0.0,1.0,21
352,0.8428333333333334,0.07123608432630844,0.703,0.955,24,0.08675,0.04060868401452212,0.021,0.185,24,0.07125,0.15442748403728837,0.0,0.667,24,0.053875000000000006,0.09742078722022676,0.0,0.25,24,0.20675,0.3121229203235551,0.0,1.0,24,0.09591666666666666,0.16764167704976582,0.0,0.545,24,0.017833333333333333,0.05645364906499511,0.0,0.25,24,0.047625,0.12420033343790572,0.0,0.5,24,0.6575416666666667,0.2624778216993923,0.0,1.0,24
353,0.8318260869565218,0.06036303216517467,0.725,0.953,23,0.10569565217391305,0.051245784556220905,0.022,0.2,23,0.07973913043478262,0.11996409212430814,0.0,0.333,23,0.008695652173913044,0.04170288281141495,0.0,0.2,23,0.23482608695652174,0.2621830817948531,0.0,0.778,23,0.020826086956521737,0.05002694925911346,0.0,0.176,23,0.04082608695652174,0.0784031841734604,0.0,0.25,23,0.08156521739130436,0.1670736979699668,0.0,0.667,23,0.5462608695652174,0.32262280500345974,0.0,1.0,23
354,0.7847826086956522,0.131954867119488,0.352,0.93,23,0.1793913043478261,0.13583035513276875,0.021,0.648,23,0.16282608695652173,0.23107154582193273,0.0,0.857,23,0.1031304347826087,0.16714862856637672,0.0,0.5,23,0.16930434782608697,0.23167324850130247,0.0,0.744,23,0.08821739130434782,0.14643240963968795,0.0,0.5,23,0.11430434782608696,0.17684056372969736,0.0,0.5,23,0.11856521739130434,0.28847653537584406,0.0,1.0,23,0.47404347826086957,0.3111378645407662,0.0,1.0,23
355,0.8668,0.05617854191262505,0.783,1.0,15,0.08453333333333334,0.03947488653139698,0.0,0.135,15,0.009533333333333333,0.036922441233844035,0.0,0.143,15,0.013333333333333334,0.051639777949432225,0.0,0.2,15,0.20226666666666668,0.22904505691072682,0.0,0.674,15,0.01746666666666667,0.052960722193320736,0.0,0.2,15,0.03966666666666666,0.09678080289770183,0.0,0.333,15,0.0762,0.2582015270509231,0.0,1.0,15,0.5524666666666666,0.3248106847878945,0.0,1.0,15
356,0.8336428571428571,0.11001510885248525,0.5,0.943,14,0.12871428571428573,0.10377818695618114,0.029,0.425,14,0.15507142857142855,0.23245726299876956,0.0,0.6,14,0.028,0.08918175046154127,0.0,0.333,14,0.17442857142857143,0.20185475139154058,0.0,0.6,14,0.06542857142857143,0.11859609170218455,0.0,0.333,14,0.15585714285714286,0.30293991715618035,0.0,1.0,14,0.0065,0.02432077301403062,0.0,0.091,14,0.5470714285714285,0.31956014584610953,0.0,1.0,14
357,0.7554000000000001,0.279753145151618,0.0,0.978,10,0.1966,0.2745664056491819,0.022,0.957,10,0.27,0.3319601716404478,0.0,1.0,10,0.1424,0.21640815347137196,0.0,0.641,10,0.12769999999999998,0.1368080975511156,0.0,0.389,10,0.1655,0.17469799337396205,0.0,0.5,10,0.025,0.07905694150420949,0.0,0.25,10,0.075,0.23717082451262844,0.0,0.75,10,0.49770000000000003,0.3580620833815772,0.0,1.0,10
358,0.8420769230769231,0.09649046717894083,0.66,0.974,13,0.11930769230769231,0.08228850123739911,0.023,0.298,13,0.09615384615384616,0.1661038059737776,0.0,0.5,13,0.11353846153846153,0.2576747353365658,0.0,0.833,13,0.14715384615384616,0.23704846415653982,0.0,0.632,13,0.12176923076923077,0.297787439248802,0.0,1.0,13,0.07692307692307693,0.2773500981126145,0.0,1.0,13,0.01746153846153846,0.03417507713869711,0.0,0.091,13,0.5296923076923077,0.37915616497150284,0.0,1.0,13
359,0.8284137931034483,0.10859377686766511,0.5,0.951,29,0.13613793103448277,0.10355561795408405,0.022,0.474,29,0.14082758620689653,0.26198651396119027,0.0,1.0,29,0.02048275862068966,0.06749371435794975,0.0,0.267,29,0.16686206896551725,0.25974255442895905,0.0,0.973,29,0.15382758620689657,0.25053401094540856,0.0,1.0,29,0.09882758620689655,0.2197355665608612,0.0,1.0,29,0.10813793103448276,0.16409007198529088,0.0,0.5,29,0.47755172413793107,0.31615870632675436,0.0,1.0,29
360,0.8176511627906976,0.1350454744787368,0.333,0.977,43,0.11765116279069768,0.12544983511176133,0.022,0.667,43,0.07516279069767443,0.16126005767563892,0.0,0.667,43,0.06974418604651163,0.1821611130190676,0.0,0.786,43,0.16141860465116278,0.2240784548575342,0.0,0.667,43,0.07913953488372093,0.155240455790571,0.0,0.667,43,0.08339534883720931,0.18332071032754174,0.0,0.958,43,0.0803953488372093,0.19098942123968715,0.0,1.0,43,0.49853488372093024,0.30301943587178953,0.0,1.0,43
361,0.8699999999999999,0.06397614687069746,0.735,0.949,20,0.08465,0.05174255603720363,0.0,0.19,20,0.1,0.25013449014059363,0.0,1.0,20,0.03955,0.10415548852304272,0.0,0.333,20,0.2029,0.2863826847162083,0.0,1.0,20,0.06665,0.2319306327785371,0.0,1.0,20,0.05,0.22360679774997896,0.0,1.0,20,0.08325,0.2299015521570277,0.0,1.0,20,0.534,0.36296208298417415,0.0,1.0,20
362,0.8464375000000001,0.12139355762697353,0.516,0.933,16,0.11156250000000001,0.1231513804226327,0.018,0.452,16,0.12725,0.3078110892522663,0.0,1.0,16,0.0866875,0.17133192687490173,0.0,0.5,16,0.1486875,0.2507074573415531,0.0,0.8,16,0.1125,0.19205520039821888,0.0,0.5,16,0.052062500000000005,0.11727430451723003,0.0,0.333,16,0.0735,0.17314849118603376,0.0,0.667,16,0.320125,0.3418974261383083,0.0,1.0,16
363,0.8412000000000001,0.07278657647042969,0.641,0.909,15,0.0992,0.05575097692930079,0.043,0.256,15,0.030000000000000002,0.07973169292786188,0.0,0.25,15,0.06293333333333333,0.11612829522722252,0.0,0.333,15,0.15686666666666665,0.21588319152021163,0.0,0.6,15,0.03006666666666667,0.07463479336711787,0.0,0.25,15,0.005533333333333334,0.021430507849014374,0.0,0.083,15,0.0,0.0,0.0,0.0,15,0.7203333333333333,0.24533029242421814,0.4,1.0,15
364,0.8545238095238096,0.05575627233560279,0.723,0.925,21,0.08833333333333333,0.05249126911528558,0.0,0.234,21,0.0720952380952381,0.13515802039165295,0.0,0.5,21,0.017476190476190475,0.055441517879310495,0.0,0.2,21,0.16638095238095238,0.21651500552859523,0.0,0.5,21,0.06714285714285714,0.1480990498667313,0.0,0.6,21,0.05971428571428571,0.13165604538233056,0.0,0.5,21,0.007952380952380952,0.03644238766941073,0.0,0.167,21,0.4991428571428571,0.33070655961354706,0.0,1.0,21
365,0.8640000000000001,0.05820271089524575,0.73,0.925,10,0.0874,0.05140946735119256,0.024,0.189,10,0.0619,0.13096602612891636,0.0,0.333,10,0.0666,0.14040512811147607,0.0,0.333,10,0.193,0.21592745695410454,0.0,0.571,10,0.0983,0.17849995331465313,0.0,0.5,10,0.025,0.07905694150420949,0.0,0.25,10,0.0111,0.03510128202786901,0.0,0.111,10,0.4333,0.3082275674454401,0.0,1.0,10
366,0.849945945945946,0.11153249300987131,0.275,0.953,37,0.10413513513513514,0.10698031027617554,0.024,0.686,37,0.06935135135135134,0.15298878248933012,0.0,0.5,37,0.04594594594594595,0.11660092098596296,0.0,0.5,37,0.10283783783783784,0.19141309509271556,0.0,0.649,37,0.11224324324324325,0.19048321673012522,0.0,0.667,37,0.03602702702702702,0.11028561064760858,0.0,0.5,37,0.11716216216216216,0.23127803295714996,0.0,1.0,37,0.5662702702702703,0.26199646399741183,0.0,1.0,37
367,0.7647,0.16265713769903992,0.341,0.909,10,0.1858,0.16062779612784608,0.044,0.585,10,0.1836,0.35077792911692085,0.0,1.0,10,0.0723,0.11773609849527412,0.0,0.273,10,0.17340000000000003,0.20362339965949125,0.0,0.548,10,0.2586,0.3273843137489774,0.0,1.0,10,0.1021,0.17476806853020316,0.0,0.5,10,0.0,0.0,0.0,0.0,10,0.5741,0.24372546030318618,0.125,1.0,10
368,0.7803333333333333,0.16431053642707272,0.286,0.929,15,0.18333333333333332,0.1645967655760442,0.041,0.714,15,0.22546666666666668,0.2840537843102119,0.0,1.0,15,0.0824,0.1772563921877814,0.0,0.625,15,0.09280000000000001,0.17097961449081753,0.0,0.526,15,0.05553333333333333,0.13967557648589346,0.0,0.5,15,0.2444,0.36112993308701036,0.0,1.0,15,0.11606666666666668,0.16584393122393573,0.0,0.5,15,0.547,0.26887968631766457,0.222,1.0,15
369,0.8824333333333333,0.07798924918542137,0.68,1.0,30,0.07643333333333334,0.06592560244299071,0.0,0.26,30,0.0922,0.22566016561375554,0.0,1.0,30,0.11723333333333333,0.3044542526456528,0.0,1.0,30,0.10590000000000001,0.1863480891901701,0.0,0.688,30,0.15563333333333332,0.2792500403893816,0.0,1.0,30,0.09643333333333333,0.23049941032662,0.0,1.0,30,0.11086666666666667,0.2491289284457061,0.0,1.0,30,0.4454666666666667,0.4029998488348594,0.0,1.0,30
370,0.7154166666666667,0.19082359635940263,0.279,0.974,24,0.24529166666666666,0.19311980493458206,0.0,0.698,24,0.18200000000000002,0.2741981194239891,0.0,0.9,24,0.12670833333333334,0.22733971499606653,0.0,1.0,24,0.18970833333333334,0.25831047701599696,0.0,0.778,24,0.19920833333333332,0.30409909414197706,0.0,1.0,24,0.14533333333333334,0.26525667088553184,0.0,1.0,24,0.0675,0.11945965300323025,0.0,0.5,24,0.44125,0.3048729243471778,0.0,1.0,24
371,0.7487999999999999,0.1469026172243654,0.333,0.905,20,0.2172,0.14300666160412911,0.048,0.615,20,0.1662,0.2007728750813243,0.0,0.6,20,0.11165,0.18134940831096427,0.0,0.714,20,0.11545000000000001,0.16939442450279046,0.0,0.421,20,0.1534,0.27448447372445217,0.0,1.0,20,0.11115,0.25151462759596477,0.0,0.875,20,0.1746,0.2726648994066179,0.0,1.0,20,0.3635,0.2724347338547828,0.0,0.833,20
372,0.7916875,0.17365318645699152,0.396,0.975,16,0.14981250000000002,0.17942508882539254,0.022,0.562,16,0.230125,0.35194334297819396,0.0,1.0,16,0.15000000000000002,0.28852821930156736,0.0,0.81,16,0.1750625,0.21199354353375954,0.0,0.679,16,0.0203125,0.057168428058384346,0.0,0.2,16,0.1075,0.2258120162140772,0.0,0.714,16,0.02625,0.06074701638763833,0.0,0.2,16,0.4108125,0.37839260365392974,0.0,1.0,16
373,0.8412666666666666,0.06561300684061556,0.688,0.927,15,0.1126,0.07233631769134269,0.02,0.312,15,0.15446666666666667,0.17953665231314056,0.0,0.5,15,0.07446666666666667,0.14570266526960537,0.0,0.5,15,0.10580000000000002,0.14381446380667,0.0,0.333,15,0.0394,0.07473075480875135,0.0,0.25,15,0.06666666666666667,0.2581988897471611,0.0,1.0,15,0.15353333333333333,0.3496653229807584,0.0,1.0,15,0.5489333333333334,0.34232805207592215,0.0,1.0,15
374,0.840125,0.06486897049694355,0.717,0.977,16,0.1158125,0.06149169998192169,0.023,0.239,16,0.045312500000000006,0.11038521564654087,0.0,0.4,16,0.1051875,0.22455265715046288,0.0,0.75,16,0.10425000000000001,0.20096649803719357,0.0,0.565,16,0.053125,0.13597640726733934,0.0,0.5,16,0.094,0.25217639329115116,0.0,1.0,16,0.0711875,0.17527054087895091,0.0,0.667,16,0.58975,0.24702563969488406,0.0,1.0,16
375,0.8698181818181818,0.07326092844322708,0.698,0.957,11,0.10736363636363637,0.06973703854806673,0.022,0.279,11,0.1600909090909091,0.24137210051928312,0.0,0.667,11,0.04845454545454546,0.11183144784573222,0.0,0.333,11,0.045454545454545456,0.15075567228888181,0.0,0.5,11,0.2120909090909091,0.40200508816318603,0.0,1.0,11,0.08336363636363636,0.20759203873331597,0.0,0.667,11,0.0,0.0,0.0,0.0,11,0.7293636363636363,0.32285299215812535,0.0,1.0,11
376,0.8457000000000001,0.06446540846755633,0.773,0.951,10,0.1162,0.06902785267154443,0.02,0.227,10,0.1575,0.31092380274130044,0.0,1.0,10,0.025,0.07905694150420949,0.0,0.25,10,0.125,0.2075786330258702,0.0,0.5,10,0.034699999999999995,0.07664354723871628,0.0,0.222,10,0.175,0.2898754521821014,0.0,0.75,10,0.1292,0.24576131148376923,0.0,0.667,10,0.5675,0.3531701667279764,0.0,1.0,10
377,0.8551,0.10937240155643572,0.571,0.953,10,0.098,0.10362432146943111,0.023,0.381,10,0.08449999999999999,0.12729253273027796,0.0,0.333,10,0.0583,0.12445440932325379,0.0,0.333,10,0.0464,0.09818712293937079,0.0,0.25,10,0.1643,0.3118945868932857,0.0,1.0,10,0.225,0.41583249832915503,0.0,1.0,10,0.0,0.0,0.0,0.0,10,0.6204,0.33642902503929245,0.0,1.0,10
378,0.7822222222222223,0.18833716810255188,0.282,0.976,18,0.18238888888888888,0.191143352083591,0.019,0.718,18,0.20866666666666667,0.2751634808190771,0.0,1.0,18,0.2207222222222222,0.3113153887006392,0.0,1.0,18,0.11366666666666668,0.15319153716450373,0.0,0.417,18,0.15238888888888888,0.33099193857055315,0.0,1.0,18,0.298,0.398551790124903,0.0,1.0,18,0.03333333333333333,0.1414213562373095,0.0,0.6,18,0.4961111111111111,0.294438026813771,0.0,1.0,18
379,0.8013999999999999,0.19163462258012923,0.34,0.956,15,0.16373333333333334,0.1984199970721077,0.022,0.66,15,0.21726666666666666,0.30353335111334184,0.0,1.0,15,0.17173333333333335,0.25429916764839533,0.0,0.733,15,0.16793333333333335,0.261183697442095,0.0,1.0,15,0.214,0.2801621979190932,0.0,1.0,15,0.11906666666666667,0.20065943666772695,0.0,0.667,15,0.04446666666666667,0.1331566567547235,0.0,0.5,15,0.5793333333333333,0.3060473041556687,0.0,1.0,15
380,0.7961818181818181,0.16011359603844902,0.481,0.95,11,0.17854545454545453,0.16244960057591007,0.039,0.481,11,0.07563636363636363,0.14996417754068653,0.0,0.467,11,0.10945454545454546,0.13391741009768943,0.0,0.333,11,0.0479090909090909,0.09651575471958403,0.0,0.286,11,0.1890909090909091,0.33466862851048784,0.0,1.0,11,0.36718181818181816,0.43372521674023473,0.0,1.0,11,0.11281818181818183,0.20062543118050521,0.0,0.526,11,0.5307272727272727,0.2369645926753999,0.0,1.0,11
381,0.8597333333333333,0.0694302789592814,0.636,0.977,45,0.09922222222222223,0.06250814088394949,0.0,0.273,45,0.12208888888888889,0.2031668394361261,0.0,0.714,45,0.0699111111111111,0.16977415776985802,0.0,0.769,45,0.12862222222222222,0.22302652603027143,0.0,1.0,45,0.11213333333333333,0.24316040347511725,0.0,1.0,45,0.10695555555555555,0.24815344918705914,0.0,1.0,45,0.057999999999999996,0.1875050302355549,0.0,1.0,45,0.6437555555555556,0.3328792543547855,0.0,1.0,45
382,0.8709333333333333,0.10050122008262008,0.522,0.955,15,0.09933333333333333,0.08990365213197218,0.043,0.413,15,0.013333333333333334,0.051639777949432225,0.0,0.2,15,0.013333333333333334,0.05163977794943223,0.0,0.2,15,0.08486666666666666,0.1307204578298213,0.0,0.312,15,0.14286666666666664,0.2051629549778373,0.0,0.5,15,0.08886666666666666,0.2662477006384057,0.0,1.0,15,0.08746666666666666,0.19036914015619633,0.0,0.667,15,0.58,0.3639837123514496,0.0,1.0,15
383,0.8482,0.07990800265861295,0.689,0.952,10,0.1089,0.06727299276496888,0.044,0.267,10,0.0,0.0,0.0,0.0,10,0.1083,0.31439538093864483,0.0,1.0,10,0.0479,0.11775723615416026,0.0,0.368,10,0.1829,0.33069235451297224,0.0,1.0,10,0.05,0.15811388300841897,0.0,0.5,10,0.09140000000000001,0.16468501922019366,0.0,0.5,10,0.6088,0.31921006667501367,0.0,1.0,10
384,0.8814545454545454,0.0998121872682526,0.625,1.0,11,0.06472727272727273,0.06219339339365704,0.0,0.234,11,0.007,0.0232163735324878,0.0,0.077,11,0.0,0.0,0.0,0.0,11,0.2241818181818182,0.2670418761849228,0.0,0.72,11,0.10627272727272728,0.29762933017735027,0.0,1.0,11,0.0,0.0,0.0,0.0,11,0.005090909090909091,0.016884635296354762,0.0,0.056,11,0.5716363636363636,0.41922482577425507,0.0,1.0,11
385,0.8147407407407408,0.17625518925096004,0.024,0.971,27,0.12948148148148148,0.16750140536043512,0.0,0.902,27,0.12662962962962962,0.22767404976077743,0.0,0.972,27,0.040740740740740744,0.08144445610475541,0.0,0.25,27,0.07422222222222222,0.12361769021193258,0.0,0.333,27,0.1225925925925926,0.2429770896542843,0.0,1.0,27,0.1695185185185185,0.3205847266348897,0.0,1.0,27,0.0865925925925926,0.20970551866463735,0.0,1.0,27,0.516074074074074,0.3137638658812763,0.0,1.0,27
386,0.7478285714285714,0.23101215727039712,0.059,0.957,35,0.20162857142857143,0.2402115594165088,0.0,0.882,35,0.22342857142857145,0.29971479440159987,0.0,0.931,35,0.19185714285714286,0.3052099704308825,0.0,1.0,35,0.09860000000000001,0.18622427970847727,0.0,0.708,35,0.2560857142857143,0.36125568356437393,0.0,1.0,35,0.1682,0.3101034741918935,0.0,1.0,35,0.08425714285714285,0.20019598380780046,0.0,1.0,35,0.5119714285714286,0.31411757687343816,0.0,1.0,35
387,0.8356999999999999,0.06565307544806624,0.717,0.932,20,0.09705,0.04315391669728009,0.023,0.184,20,0.1157,0.19274256078210153,0.0,0.714,20,0.040850000000000004,0.08491932704198238,0.0,0.25,20,0.09445,0.17713226547889072,0.0,0.6,20,0.12189999999999998,0.2728540963495634,0.0,1.0,20,0.08485000000000001,0.20424631028040116,0.0,0.667,20,0.09015,0.2449219585694057,0.0,1.0,20,0.53235,0.35124504491728753,0.0,1.0,20
388,0.8615384615384615,0.06429439501830024,0.732,0.939,13,0.09569230769230769,0.05667066350912175,0.022,0.244,13,0.07692307692307693,0.2773500981126146,0.0,1.0,13,0.012846153846153847,0.04631746638480663,0.0,0.167,13,0.14823076923076922,0.19960300342018647,0.0,0.5,13,0.0636923076923077,0.14489558574791286,0.0,0.5,13,0.10253846153846154,0.19878909065666195,0.0,0.5,13,0.18969230769230772,0.31854209157121466,0.0,1.0,13,0.6102307692307692,0.36063674102115406,0.0,1.0,13
389,0.8366923076923077,0.10101021781267527,0.578,0.953,13,0.10146153846153846,0.09875104673252447,0.023,0.4,13,0.049769230769230774,0.17944551347886165,0.0,0.647,13,0.0436923076923077,0.10851143151406108,0.0,0.333,13,0.08792307692307692,0.21659349849370732,0.0,0.643,13,0.08715384615384615,0.17130472174551317,0.0,0.5,13,0.07692307692307693,0.161207661903553,0.0,0.5,13,0.042923076923076925,0.09685165765098494,0.0,0.333,13,0.6152307692307692,0.309636656380279,0.0,1.0,13
390,0.8549,0.06776339555968089,0.733,0.915,10,0.0651,0.04973809181882411,0.0,0.178,10,0.1,0.31622776601683794,0.0,1.0,10,0.05,0.10540925533894598,0.0,0.25,10,0.11710000000000001,0.21822539316546602,0.0,0.562,10,0.05,0.12076147288491197,0.0,0.375,10,0.053200000000000004,0.15731129789193288,0.0,0.5,10,0.05,0.15811388300841897,0.0,0.5,10,0.575,0.40909792362111924,0.0,1.0,10
391,0.8395384615384616,0.08944049733818887,0.583,0.933,13,0.08915384615384615,0.05109280143987369,0.04,0.19,13,0.038461538461538464,0.09981116786597195,0.0,0.333,13,0.03207692307692308,0.08011082067825538,0.0,0.25,13,0.161,0.14809625248465946,0.0,0.412,13,0.08146153846153846,0.11804421162189994,0.0,0.25,13,0.007692307692307693,0.02773500981126146,0.0,0.1,13,0.1046923076923077,0.23845593045514882,0.0,0.75,13,0.5352307692307693,0.2855778218064076,0.167,1.0,13
392,0.8463478260869566,0.07456821690460365,0.632,0.96,23,0.08756521739130434,0.05099538846080864,0.02,0.263,23,0.06447826086956522,0.1361429294278685,0.0,0.5,23,0.05939130434782609,0.1399106010443275,0.0,0.5,23,0.13091304347826088,0.20294489020051237,0.0,0.649,23,0.15343478260869564,0.2537310362079851,0.0,1.0,23,0.04852173913043479,0.11080854478260216,0.0,0.333,23,0.04152173913043478,0.09192826727460206,0.0,0.333,23,0.5442173913043478,0.33111779784153983,0.0,1.0,23
393,0.8517179487179487,0.07881756039906629,0.568,0.953,39,0.09017948717948718,0.05711846958866411,0.022,0.333,39,0.08356410256410256,0.18983688217877376,0.0,1.0,39,0.07264102564102565,0.17845071369981405,0.0,0.8,39,0.16102564102564104,0.2164703075760698,0.0,0.7,39,0.08969230769230768,0.19799417240841283,0.0,1.0,39,0.08007692307692309,0.20638395294302475,0.0,1.0,39,0.11907692307692308,0.2533045166151836,0.0,1.0,39,0.5991538461538461,0.3149443174228153,0.0,1.0,39
394,0.8727142857142857,0.04712573781740892,0.744,0.929,14,0.07799999999999999,0.028791024242341163,0.025,0.128,14,0.05592857142857143,0.11421872693397342,0.0,0.333,14,0.06071428571428572,0.12736768613948937,0.0,0.4,14,0.12478571428571429,0.22472827303945692,0.0,0.8,14,0.18649999999999997,0.28772603154870996,0.0,1.0,14,0.04164285714285714,0.10709852196269287,0.0,0.333,14,0.10121428571428571,0.16070669823359215,0.0,0.5,14,0.5523571428571429,0.3038584202559467,0.0,1.0,14
395,0.8086666666666668,0.09166368901619643,0.5,0.956,24,0.1215,0.07079363764092636,0.041,0.333,24,0.07083333333333333,0.13726542573222608,0.0,0.5,24,0.04275,0.11001630313967899,0.0,0.5,24,0.223625,0.23416304473964103,0.0,0.75,24,0.09229166666666666,0.28119983288489475,0.0,1.0,24,0.017541666666666667,0.043124671811395614,0.0,0.143,24,0.022000000000000002,0.041451910324678855,0.0,0.125,24,0.57125,0.2941917815776404,0.0,1.0,24
396,0.8493076923076923,0.06173516639024125,0.761,0.932,13,0.0943076923076923,0.042880424079418444,0.022,0.159,13,0.07692307692307693,0.2773500981126145,0.0,1.0,13,0.03207692307692308,0.08011082067825538,0.0,0.25,13,0.04746153846153846,0.12403132358710532,0.0,0.417,13,0.16184615384615386,0.30206314079284985,0.0,1.0,13,0.0,0.0,0.0,0.0,13,0.15892307692307692,0.2962885591048197,0.0,1.0,13,0.5912307692307692,0.32495542100575214,0.0,1.0,13
397,0.8182727272727273,0.09349448209289242,0.633,0.956,11,0.10545454545454545,0.07905107669900978,0.022,0.245,11,0.10663636363636364,0.18959022797985803,0.0,0.5,11,0.17290909090909093,0.3133255350415776,0.0,1.0,11,0.15036363636363637,0.24192076088143935,0.0,0.667,11,0.056818181818181816,0.15169496905422947,0.0,0.5,11,0.004363636363636364,0.014472544539732655,0.0,0.048,11,0.047636363636363636,0.15020470879920692,0.0,0.5,11,0.5761818181818182,0.2947157336084445,0.0,1.0,11
398,0.8488,0.06732140394088218,0.657,0.93,15,0.08973333333333335,0.054986318644688684,0.02,0.229,15,0.12666666666666665,0.1730675618143994,0.0,0.5,15,0.05,0.140152977645347,0.0,0.5,15,0.10253333333333334,0.1723546454538543,0.0,0.5,15,0.2428,0.3444841277703724,0.0,1.0,15,0.1054,0.26008894083151085,0.0,1.0,15,0.0634,0.1498855754043254,0.0,0.5,15,0.5511333333333333,0.35901131431965183,0.0,1.0,15
399,0.8079047619047619,0.09592804843313804,0.617,0.955,21,0.0950952380952381,0.06188530097034736,0.023,0.271,21,0.048285714285714286,0.1363488697632448,0.0,0.538,21,0.04352380952380953,0.0820893531754387,0.0,0.25,21,0.2245714285714286,0.22444611189071006,0.0,0.583,21,0.06661904761904762,0.15684466079228715,0.0,0.556,21,0.03933333333333334,0.0926489791273133,0.0,0.333,21,0.0769047619047619,0.11715626520246572,0.0,0.429,21,0.5668571428571428,0.35425856174753007,0.0,1.0,21
400,0.853,0.04674495597485263,0.741,0.932,23,0.0811304347826087,0.04591524241650051,0.0,0.182,23,0.11043478260869566,0.19680004298016818,0.0,0.75,23,0.05434782608695652,0.15816320934564346,0.0,0.667,23,0.20639130434782607,0.24888364187643164,0.0,0.75,23,0.12043478260869565,0.24074068019097694,0.0,1.0,23,0.044652173913043484,0.14299860415582327,0.0,0.667,23,0.018434782608695653,0.06214340167339974,0.0,0.25,23,0.5790869565217391,0.32943766316716655,0.0,1.0,23
401,0.7412142857142857,0.2484884082024532,0.133,0.909,14,0.21485714285714286,0.26563736331926047,0.022,0.867,14,0.319,0.34016127396823453,0.0,0.97,14,0.08357142857142856,0.12734249051322144,0.0,0.333,14,0.0615,0.14461341037932293,0.0,0.5,14,0.3741428571428571,0.3817657068740655,0.0,1.0,14,0.03835714285714286,0.06740304391991751,0.0,0.2,14,0.097,0.15734675084030172,0.0,0.5,14,0.22435714285714287,0.25188630131709977,0.0,0.714,14
402,0.5582857142857143,0.28480261142153784,0.025,0.88,14,0.39514285714285713,0.3177647550633008,0.02,0.975,14,0.49507142857142855,0.3594477525499177,0.0,0.972,14,0.10014285714285713,0.1897483585184324,0.0,0.694,14,0.08078571428571428,0.1799624655615415,0.0,0.538,14,0.13499999999999998,0.17225517743698202,0.0,0.6,14,0.11307142857142857,0.27657200044214786,0.0,1.0,14,0.22492857142857142,0.24098179448814236,0.0,0.75,14,0.09057142857142857,0.10592574633328639,0.0,0.306,14
403,0.33625,0.38546734158495377,0.0,0.846,8,0.641,0.38711755320574137,0.115,0.977,8,0.6865,0.3684434440027009,0.1,1.0,8,0.20775,0.2199732126548919,0.0,0.538,8,0.08600000000000001,0.1642932917507155,0.0,0.455,8,0.20925,0.25584188755669274,0.0,0.6,8,0.10825,0.14767797978807037,0.0,0.4,8,0.378125,0.42791802869908896,0.0,1.0,8,0.20975,0.19625912171703727,0.0,0.571,8
404,0.4334545454545454,0.3145553571746517,0.0,0.838,11,0.5282727272727272,0.30995325160710635,0.108,0.979,11,0.6402727272727273,0.33145107962083664,0.2,1.0,11,0.1751818181818182,0.15290638847466,0.0,0.5,11,0.1398181818181818,0.20136872556671664,0.0,0.5,11,0.21145454545454545,0.20860170835175995,0.0,0.5,11,0.2241818181818182,0.37025715879151294,0.0,1.0,11,0.16218181818181818,0.22292322363621883,0.0,0.6,11,0.22263636363636363,0.16904571732361204,0.0,0.5,11
405,0.602,0.3447893767007828,0.023,0.929,8,0.37675000000000003,0.33324840584765,0.048,0.932,8,0.5765,0.2721417697766053,0.286,0.974,8,0.3155,0.3392685409187578,0.0,1.0,8,0.05,0.1414213562373095,0.0,0.4,8,0.07675,0.145342698475018,0.0,0.364,8,0.08425,0.13356940410994472,0.0,0.333,8,0.305875,0.33962350478139763,0.0,1.0,8,0.166875,0.18162476034789024,0.0,0.5,8
406,0.8155833333333334,0.09076689257586595,0.614,0.918,12,0.14416666666666667,0.08784990643481677,0.061,0.341,12,0.14825000000000002,0.21506325707906163,0.0,0.667,12,0.08691666666666666,0.177654137087326,0.0,0.571,12,0.13708333333333333,0.2605691178008537,0.0,0.676,12,0.11783333333333335,0.2988538205554784,0.0,1.0,12,0.10341666666666667,0.18894898702287266,0.0,0.5,12,0.12975,0.20499362517804395,0.0,0.5,12,0.6284166666666667,0.3731232938644309,0.0,1.0,12
407,0.7810666666666666,0.19468893382105967,0.286,0.979,15,0.18773333333333334,0.18765030800730945,0.021,0.667,15,0.19513333333333333,0.24353787228703308,0.0,0.667,15,0.10060000000000001,0.1648422622647828,0.0,0.5,15,0.032,0.0707581393601774,0.0,0.222,15,0.10606666666666667,0.24072909096761705,0.0,0.833,15,0.08333333333333333,0.1809367161139365,0.0,0.5,15,0.11866666666666667,0.27242919569434304,0.0,1.0,15,0.5503333333333333,0.331648838956135,0.0,1.0,15
408,0.7180909090909091,0.2625389321778599,0.05,0.932,11,0.24463636363636362,0.26119351934045865,0.023,0.9,11,0.23163636363636364,0.31850817029623363,0.0,0.971,11,0.2000909090909091,0.23446298409149988,0.0,0.667,11,0.10636363636363635,0.1445920279457154,0.0,0.4,11,0.039181818181818186,0.05953791763543327,0.0,0.167,11,0.17327272727272727,0.32273645313447036,0.0,1.0,11,0.13518181818181818,0.23106008663627656,0.0,0.667,11,0.449,0.2661537149844052,0.0,1.0,11
409,0.778,0.1562879171384604,0.2,0.976,24,0.17758333333333334,0.1562625763054711,0.024,0.771,24,0.12512500000000001,0.23874113914811398,0.0,0.857,24,0.12408333333333332,0.24018668765678133,0.0,1.0,24,0.11491666666666667,0.18211652186507377,0.0,0.667,24,0.1635,0.2899410734734845,0.0,1.0,24,0.15579166666666666,0.326088142147603,0.0,1.0,24,0.14554166666666665,0.2888212895872473,0.0,1.0,24,0.5559583333333333,0.29513467510490077,0.0,1.0,24
410,0.7875384615384615,0.11751284708817686,0.56,0.933,13,0.17446153846153845,0.1254190412076089,0.044,0.42,13,0.07638461538461538,0.13137068322215734,0.0,0.4,13,0.16923076923076924,0.3119418091691018,0.0,1.0,13,0.11261538461538462,0.23406321740843805,0.0,0.714,13,0.06092307692307693,0.14888835948368695,0.0,0.5,13,0.07692307692307693,0.2773500981126145,0.0,1.0,13,0.1362307692307692,0.2963354388318959,0.0,1.0,13,0.3966923076923077,0.3779006449265434,0.0,1.0,13
411,0.75075,0.1529490111115466,0.303,0.925,16,0.1866875,0.14968265040856715,0.024,0.636,16,0.10925,0.15411316188653928,0.0,0.455,16,0.1595,0.21678099547700208,0.0,0.778,16,0.1365625,0.20510191572321632,0.0,0.667,16,0.0745,0.12944393895943268,0.0,0.357,16,0.21431250000000002,0.36047777901927136,0.0,1.0,16,0.092375,0.1468767624007737,0.0,0.5,16,0.512125,0.31085513775176166,0.0,1.0,16
412,0.8040909090909092,0.19892662181266957,0.067,0.945,22,0.1489090909090909,0.20261831560394983,0.018,0.911,22,0.18599999999999997,0.3087244109311117,0.0,1.0,22,0.15881818181818183,0.32170907241283586,0.0,0.923,22,0.16354545454545455,0.24276712872190664,0.0,0.857,22,0.16581818181818184,0.2900836720612465,0.0,1.0,22,0.03445454545454545,0.08418558143299909,0.0,0.333,22,0.12454545454545456,0.20932720508304403,0.0,0.667,22,0.5869545454545455,0.337407832532894,0.0,1.0,22
413,0.7921999999999999,0.2693810895897695,0.133,0.958,15,0.17766666666666667,0.2683570826520586,0.0,0.844,15,0.1928,0.31582504198188144,0.0,0.917,15,0.0754,0.1429244555700668,0.0,0.5,15,0.10026666666666667,0.16904287987991462,0.0,0.5,15,0.21086666666666665,0.29170554298731416,0.0,1.0,15,0.1,0.19471187505058415,0.0,0.667,15,0.048,0.09848785276802996,0.0,0.333,15,0.5960666666666667,0.3606017721742894,0.0,1.0,15
414,0.7438888888888889,0.2625454458015052,0.083,0.906,9,0.19,0.26934086210599384,0.041,0.861,9,0.17322222222222222,0.2758549336960361,0.0,0.714,9,0.18955555555555556,0.24514083253872207,0.0,0.571,9,0.13444444444444445,0.24048394494805217,0.0,0.667,9,0.078,0.1345446022700279,0.0,0.333,9,0.10188888888888889,0.3056666666666667,0.0,0.917,9,0.2222222222222222,0.39299420408505326,0.0,1.0,9,0.4917777777777778,0.2986723864779676,0.0,1.0,9
415,0.7689444444444444,0.13650661359639524,0.417,0.925,18,0.1907222222222222,0.14689564345262074,0.038,0.583,18,0.15722222222222224,0.20085539297934943,0.0,0.571,18,0.08866666666666667,0.16984733629662502,0.0,0.5,18,0.043500000000000004,0.10270703624444455,0.0,0.333,18,0.22144444444444444,0.29040280792319,0.0,1.0,18,0.051444444444444445,0.10465642512651308,0.0,0.333,18,0.11816666666666668,0.20097768386506176,0.0,0.667,18,0.397,0.33247945535821327,0.0,1.0,18
416,0.13135714285714287,0.2079214375090365,0.0,0.745,14,0.8476428571428573,0.2225953925650951,0.176,1.0,14,0.9029285714285714,0.1525488392340248,0.444,1.0,14,0.378,0.2969120563917357,0.056,0.9,14,0.02378571428571429,0.08899799355683734,0.0,0.333,14,0.17035714285714285,0.19065337340631763,0.0,0.5,14,0.2809285714285714,0.2591882191902884,0.0,1.0,14,0.24735714285714286,0.23818435237077545,0.0,0.667,14,0.3392857142857143,0.22336704135757174,0.037,0.75,14
417,0.33054545454545453,0.21314519165881438,0.032,0.697,11,0.6407272727272727,0.21860287779857376,0.273,0.968,11,0.7575454545454545,0.20573592959731835,0.375,0.966,11,0.07090909090909091,0.07550291987129312,0.0,0.2,11,0.01363636363636364,0.030549215136473563,0.0,0.083,11,0.19318181818181818,0.2222367288194362,0.0,0.625,11,0.13172727272727272,0.1323148449034279,0.0,0.333,11,0.39454545454545453,0.25958057078154506,0.125,1.0,11,0.174,0.12547190920680215,0.0,0.333,11
418,0.4368888888888889,0.3156265270460698,0.02,0.95,18,0.5255,0.3218259028802777,0.05,0.98,18,0.5297777777777778,0.36545548623368707,0.0,1.0,18,0.16972222222222222,0.18374272472369862,0.0,0.68,18,0.07861111111111112,0.16420222069462323,0.0,0.56,18,0.20694444444444446,0.24159311253871416,0.0,0.833,18,0.37527777777777777,0.39018409012030014,0.0,1.0,18,0.15955555555555556,0.19859098440001582,0.0,0.652,18,0.33794444444444444,0.23761943677238642,0.0,0.667,18
419,0.6151,0.2104209801538071,0.244,0.848,10,0.35209999999999997,0.2143877328580159,0.104,0.733,10,0.433,0.38521999486584857,0.0,1.0,10,0.1021,0.14234031989098053,0.0,0.364,10,0.1322,0.21559519681312217,0.0,0.667,10,0.1645,0.3322519960645668,0.0,1.0,10,0.16140000000000002,0.3213427384515722,0.0,1.0,10,0.1607,0.2481849892497306,0.0,0.667,10,0.44630000000000003,0.30113232602591467,0.0,1.0,10
420,0.3353333333333333,0.30602450882241444,0.041,0.861,9,0.6493333333333333,0.3205974890731367,0.111,0.959,9,0.6832222222222222,0.3188690082846629,0.0,1.0,9,0.15044444444444446,0.1516847974510886,0.0,0.412,9,0.09644444444444444,0.12176320371022512,0.0,0.375,9,0.11522222222222221,0.16676463787159568,0.0,0.5,9,0.23366666666666663,0.2930801938036755,0.0,0.815,9,0.13277777777777777,0.18000470672858654,0.0,0.5,9,0.4202222222222222,0.29624262766260434,0.0,1.0,9
421,0.6209333333333333,0.2469856753124031,0.118,0.95,15,0.35559999999999997,0.24694556947982338,0.048,0.863,15,0.1954,0.33481781826624973,0.0,1.0,15,0.24946666666666667,0.37688305625915064,0.0,1.0,15,0.10046666666666666,0.2031845982164518,0.0,0.714,15,0.2669333333333333,0.34493818631887135,0.0,1.0,15,0.06813333333333334,0.1011228861101091,0.0,0.333,15,0.13520000000000001,0.2775562233906081,0.0,1.0,15,0.2248,0.2665727453649915,0.0,0.667,15
422,0.7709714285714286,0.20281337200871696,0.0,0.935,35,0.1849142857142857,0.20506374495702143,0.022,0.978,35,0.1685142857142857,0.2608344495729688,0.0,1.0,35,0.07968571428571429,0.17132455808108968,0.0,0.667,35,0.17777142857142858,0.26811795974185404,0.0,1.0,35,0.14980000000000002,0.28942151227009005,0.0,1.0,35,0.1772,0.30409303916825886,0.0,1.0,35,0.11171428571428572,0.20986179926302923,0.0,1.0,35,0.47520000000000007,0.2887920888601959,0.0,1.0,35
423,0.7452666666666666,0.22619001704214053,0.182,0.978,15,0.21059999999999998,0.2106594408043466,0.022,0.727,15,0.4026666666666667,0.3604133869930604,0.0,1.0,15,0.254,0.3165219468806908,0.0,1.0,15,0.10893333333333333,0.27691449600054907,0.0,1.0,15,0.1862,0.15748433028626785,0.0,0.5,15,0.03793333333333333,0.0915153903268006,0.0,0.333,15,0.16886666666666666,0.21282181234432673,0.0,0.5,15,0.25766666666666665,0.30855461814880103,0.0,1.0,15
424,0.6355333333333333,0.2550993830609852,0.087,0.905,15,0.3201333333333334,0.2526567029069475,0.048,0.87,15,0.17773333333333333,0.2778669945615468,0.0,0.833,15,0.15033333333333332,0.2578996667218438,0.0,0.9,15,0.1248,0.18762013294344046,0.0,0.571,15,0.1102,0.1751379864156097,0.0,0.5,15,0.06580000000000001,0.13131271290864632,0.0,0.4,15,0.06246666666666667,0.09979540976179119,0.0,0.261,15,0.3152,0.31139299927904607,0.0,0.778,15
425,0.45175,0.3556317316711609,0.057,0.905,8,0.517,0.3835067516634206,0.069,0.943,8,0.5723750000000001,0.3147896973717986,0.0,1.0,8,0.218,0.3697531995418411,0.0,1.0,8,0.19025,0.34840934463439904,0.0,1.0,8,0.28037500000000004,0.2476362179257538,0.0,0.667,8,0.090375,0.17553342172605518,0.0,0.5,8,0.14400000000000002,0.220270612786052,0.0,0.625,8,0.231875,0.2621953674539001,0.0,0.75,8
426,0.2093030303030303,0.27557400150055933,0.0,0.829,33,0.7657575757575757,0.2841007777073822,0.146,1.0,33,0.794878787878788,0.283593211922438,0.077,1.0,33,0.2448181818181818,0.23898959895587696,0.0,0.828,33,0.06624242424242424,0.14617477345267,0.0,0.6,33,0.32315151515151513,0.3195801074468772,0.0,1.0,33,0.17203030303030303,0.22946615829579378,0.0,1.0,33,0.1618181818181818,0.19657989065286133,0.0,0.812,33,0.3068484848484848,0.147121574134311,0.0,0.568,33
427,0.4386,0.3211827102029829,0.0,0.857,25,0.53752,0.3288796791127924,0.095,1.0,25,0.66908,0.30934971041417403,0.0,1.0,25,0.1516,0.1661455185472462,0.0,0.61,25,0.1038,0.15115802988925198,0.0,0.6,25,0.24716000000000002,0.2790940223891105,0.0,1.0,25,0.17376000000000003,0.3002037197193488,0.0,1.0,25,0.1466,0.2064884984690431,0.0,0.8,25,0.23228000000000001,0.20129466792077064,0.0,0.615,25
428,0.339625,0.2855025331386246,0.0,0.681,8,0.6268750000000001,0.28850324954842366,0.234,0.98,8,0.6825,0.32259085099062734,0.2,1.0,8,0.448625,0.40327018149835264,0.067,0.929,8,0.122125,0.2981401575961021,0.0,0.852,8,0.21075,0.21961703680985878,0.0,0.5,8,0.41775,0.3811436736979902,0.0,1.0,8,0.140625,0.26252125764266354,0.0,0.75,8,0.354625,0.20221342155540237,0.111,0.722,8
429,0.31771428571428567,0.28290102334736966,0.0,0.818,14,0.6661428571428571,0.2737724650825255,0.182,0.977,14,0.7289285714285715,0.30831264458855207,0.0,1.0,14,0.3057142857142857,0.28341093528965716,0.044,0.944,14,0.12785714285714286,0.18809484397417792,0.0,0.667,14,0.16292857142857145,0.15928757944997773,0.0,0.5,14,0.20385714285714288,0.26033435812811573,0.0,0.9,14,0.29228571428571426,0.22344554613576906,0.0,0.75,14,0.3315,0.1818624797435181,0.083,0.692,14
430,0.19025,0.26103242819892813,0.0,0.729,8,0.7935,0.26134596665285326,0.25,0.972,8,0.846,0.244428780161888,0.333,1.0,8,0.228,0.19411704863671447,0.029,0.63,8,0.02275,0.06434671708797582,0.0,0.182,8,0.37112500000000004,0.20323978624837638,0.182,0.8,8,0.0965,0.13580132547217644,0.0,0.286,8,0.28250000000000003,0.19115662986895626,0.0,0.643,8,0.26725,0.18264778751935182,0.0,0.515,8
431,0.19833333333333336,0.2313865812876797,0.0,0.634,9,0.7798888888888889,0.22620756201133313,0.366,0.981,9,0.8771111111111112,0.1978392304653228,0.429,1.0,9,0.3764444444444444,0.4099893630056489,0.0,1.0,9,0.02822222222222222,0.056570261131131824,0.0,0.143,9,0.46544444444444444,0.3424806969418536,0.0,1.0,9,0.069,0.08500735262317019,0.0,0.2,9,0.2604444444444445,0.20286393907685463,0.0,0.545,9,0.29533333333333334,0.1802553743997665,0.067,0.585,9
432,0.37065789473684213,0.2992006717288844,0.0,0.889,38,0.6054736842105263,0.31053247528669425,0.067,1.0,38,0.6217368421052631,0.3035000943239113,0.0,1.0,38,0.2917894736842105,0.28005763479169943,0.0,1.0,38,0.06571052631578947,0.14582957618949388,0.0,0.667,38,0.1319736842105263,0.17346866479897982,0.0,0.667,38,0.3198157894736842,0.3335868018050911,0.0,1.0,38,0.19765789473684212,0.23222057039454325,0.0,1.0,38,0.313,0.2201729050271811,0.0,0.75,38
433,0.7981428571428572,0.19044920871166965,0.225,0.936,14,0.1692142857142857,0.20458482482689314,0.043,0.775,14,0.08135714285714286,0.20257101590187201,0.0,0.739,14,0.037214285714285714,0.06943195736328268,0.0,0.2,14,0.18057142857142858,0.22418149044767424,0.0,0.643,14,0.16378571428571428,0.2931773363502891,0.0,1.0,14,0.07142857142857142,0.18156825980064073,0.0,0.5,14,0.052,0.13948476619330158,0.0,0.5,14,0.5293571428571429,0.36151850833412646,0.0,1.0,14
434,0.3176666666666667,0.24710196468741594,0.049,0.742,15,0.6622666666666667,0.2510083853655282,0.235,0.946,15,0.6476666666666666,0.36972415715091217,0.0,1.0,15,0.24326666666666666,0.26148271362330916,0.0,0.789,15,0.021666666666666667,0.06864574346045133,0.0,0.263,15,0.15406666666666666,0.18315117357241364,0.0,0.5,15,0.4768666666666667,0.378808067998759,0.0,1.0,15,0.15833333333333333,0.21954975572315094,0.0,0.6,15,0.391,0.17020282018815083,0.1,0.667,15
435,0.7825714285714286,0.09703109278490565,0.581,0.878,14,0.1385,0.08552260160107025,0.036,0.333,14,0.11507142857142857,0.24024457547248815,0.0,0.667,14,0.012642857142857141,0.032452585870317484,0.0,0.1,14,0.24385714285714286,0.25568967282862404,0.0,0.633,14,0.1352142857142857,0.28409997659855013,0.0,1.0,14,0.03571428571428571,0.11194808451408904,0.0,0.417,14,0.08542857142857142,0.2669712500469823,0.0,1.0,14,0.4720714285714286,0.2640074195594086,0.0,1.0,14
436,0.7736363636363636,0.19810364596709104,0.25,0.939,11,0.1837272727272727,0.2082287640596711,0.023,0.729,11,0.20263636363636364,0.33438967469922654,0.0,1.0,11,0.1889090909090909,0.3099485294514089,0.0,0.853,11,0.23827272727272727,0.19387474869569318,0.0,0.625,11,0.10690909090909093,0.13579061421575098,0.0,0.333,11,0.134,0.27375792225979506,0.0,0.778,11,0.114,0.15533705288822755,0.0,0.444,11,0.6724545454545455,0.3583543954345652,0.0,1.0,11
437,0.822,0.09817161843764555,0.683,0.978,13,0.11838461538461538,0.09128028124184184,0.022,0.293,13,0.1986923076923077,0.3428030009143698,0.0,1.0,13,0.15892307692307692,0.21475624226025095,0.0,0.5,13,0.04730769230769231,0.17057031033925796,0.0,0.615,13,0.2396923076923077,0.29963822203211005,0.0,1.0,13,0.015384615384615385,0.05547001962252292,0.0,0.2,13,0.12815384615384615,0.2297233285765895,0.0,0.75,13,0.4451538461538461,0.3735208263166964,0.0,1.0,13
438,0.8545999999999999,0.07730344249916833,0.735,0.953,10,0.09380000000000001,0.0588176088523761,0.023,0.186,10,0.1325,0.31270548799504977,0.0,1.0,10,0.1533,0.3190054161852986,0.0,1.0,10,0.24180000000000001,0.29914351813877643,0.0,0.714,10,0.1562,0.31598832608535116,0.0,1.0,10,0.031,0.06559810295360004,0.0,0.167,10,0.042600000000000006,0.07689993498046667,0.0,0.2,10,0.5088,0.38796557693806927,0.0,1.0,10
439,0.8407222222222223,0.06773200265019878,0.718,0.977,18,0.1083888888888889,0.062248211775769474,0.022,0.231,18,0.08266666666666667,0.13823722151347195,0.0,0.333,18,0.07994444444444444,0.1702149064538267,0.0,0.667,18,0.16177777777777777,0.22383070166207306,0.0,0.667,18,0.271,0.3037386647606594,0.0,1.0,18,0.04627777777777778,0.1077414145920716,0.0,0.333,18,0.06677777777777777,0.1104645567621289,0.0,0.333,18,0.5423333333333333,0.3840637202033935,0.0,1.0,18
440,0.5766666666666667,0.30554295933632636,0.0,0.957,9,0.4083333333333333,0.3031204381100027,0.043,0.974,9,0.438,0.30095846889562683,0.0,0.944,9,0.2142222222222222,0.26846171876907227,0.0,0.722,9,0.03177777777777777,0.06305707291370607,0.0,0.143,9,0.1058888888888889,0.2193384624526923,0.0,0.667,9,0.2548888888888889,0.3559485371666965,0.0,0.875,9,0.20755555555555555,0.33696443102763496,0.0,1.0,9,0.3631111111111111,0.3114752977542699,0.0,1.0,9
441,0.7552380952380953,0.19169374135894593,0.257,0.953,21,0.19509523809523807,0.20601017080763387,0.022,0.714,21,0.14057142857142857,0.2954120125229459,0.0,1.0,21,0.17166666666666666,0.3289596226489405,0.0,1.0,21,0.053,0.10465514798613587,0.0,0.333,21,0.04980952380952381,0.1277574338532279,0.0,0.5,21,0.21504761904761904,0.3194225220911131,0.0,0.938,21,0.13514285714285715,0.26977014025171236,0.0,1.0,21,0.6374285714285713,0.2619903760500701,0.0,1.0,21
442,0.7260000000000001,0.2010234527895404,0.3,0.933,15,0.21519999999999997,0.20792072665183858,0.019,0.7,15,0.2164,0.22690079644763575,0.0,0.6,15,0.091,0.16426720392614677,0.0,0.5,15,0.14433333333333334,0.2828875765253415,0.0,1.0,15,0.18239999999999998,0.2985239401742226,0.0,1.0,15,0.099,0.26193265219463246,0.0,1.0,15,0.1422,0.24082038357011462,0.0,0.833,15,0.3174,0.3384643471411934,0.0,1.0,15
443,0.7751538461538462,0.18021831490068102,0.243,0.977,13,0.1903846153846154,0.1838289687279721,0.0,0.73,13,0.1336923076923077,0.214443615205872,0.0,0.708,13,0.16269230769230772,0.24642219347270133,0.0,0.667,13,0.08969230769230768,0.174927787298733,0.0,0.5,13,0.16284615384615383,0.2937748134637158,0.0,1.0,13,0.20223076923076924,0.2823494152777588,0.0,0.917,13,0.07961538461538463,0.1378589487251,0.0,0.333,13,0.4332307692307692,0.3376756712799413,0.0,1.0,13
444,0.7082777777777778,0.20794875091362283,0.205,0.917,18,0.2288888888888889,0.20700721467645655,0.062,0.744,18,0.15311111111111111,0.27136688620409194,0.0,0.862,18,0.13277777777777777,0.20557710892124714,0.0,0.75,18,0.0895,0.15678582243827743,0.0,0.471,18,0.17677777777777778,0.35090463855508824,0.0,1.0,18,0.06733333333333333,0.19327609024093884,0.0,0.75,18,0.0793888888888889,0.181570967778082,0.0,0.667,18,0.4484444444444444,0.31625775456146754,0.0,1.0,18
445,0.8276666666666667,0.10523352715791313,0.58,0.932,15,0.12053333333333334,0.10949746681131595,0.0,0.38,15,0.2022,0.35733301794584515,0.0,1.0,15,0.14446666666666666,0.23250648736468982,0.0,0.667,15,0.08693333333333333,0.1617672343066979,0.0,0.538,15,0.15453333333333333,0.2228471182116522,0.0,0.692,15,0.1032,0.27150117074201674,0.0,1.0,15,0.19786666666666666,0.28900491015766167,0.0,1.0,15,0.39780000000000004,0.2712397990181909,0.0,1.0,15
446,0.7141428571428571,0.23193661506237734,0.17,0.889,14,0.2454285714285714,0.238684121570979,0.067,0.787,14,0.17907142857142855,0.21508583770768724,0.0,0.571,14,0.21328571428571427,0.31509496213813887,0.0,1.0,14,0.13985714285714285,0.29124054481657413,0.0,1.0,14,0.16664285714285715,0.30660814559475574,0.0,1.0,14,0.17557142857142857,0.36108377768254074,0.0,1.0,14,0.03571428571428571,0.1336306209562122,0.0,0.5,14,0.4692142857142857,0.299090461893395,0.0,1.0,14
447,0.3815,0.31047889277234747,0.0,0.875,8,0.588125,0.30502011057820905,0.1,0.957,8,0.80775,0.18147786169589472,0.5,1.0,8,0.28625,0.28265968937929586,0.0,0.705,8,0.07500000000000001,0.148804761828569,0.0,0.4,8,0.160375,0.17252075444503978,0.0,0.5,8,0.152625,0.21340969150573136,0.0,0.444,8,0.35825,0.30372673338286926,0.0,1.0,8,0.238625,0.1432120680270047,0.125,0.571,8
448,0.661,0.256236219141635,0.179,0.911,11,0.2958181818181818,0.25839226698251566,0.061,0.757,11,0.19081818181818183,0.21660739515622185,0.0,0.571,11,0.10736363636363637,0.2081097175661304,0.0,0.538,11,0.1369090909090909,0.20085440226465265,0.0,0.565,11,0.1060909090909091,0.3006793822480865,0.0,1.0,11,0.34245454545454546,0.4358397328460001,0.0,1.0,11,0.002818181818181818,0.009346851681910674,0.0,0.031,11,0.5635454545454546,0.34298261286437354,0.0,1.0,11
449,0.5543571428571429,0.33315960765948827,0.041,0.955,14,0.42678571428571427,0.33377449286593497,0.045,0.939,14,0.3821428571428571,0.3766360939325216,0.0,1.0,14,0.27985714285714286,0.2814287331956918,0.0,0.742,14,0.08685714285714285,0.16380469474950352,0.0,0.5,14,0.10414285714285716,0.20199994559894818,0.0,0.667,14,0.27092857142857146,0.353696189554672,0.0,0.857,14,0.19049999999999997,0.3111422504257498,0.0,1.0,14,0.5145714285714286,0.2841978493627592,0.147,1.0,14
450,0.8363076923076923,0.12176848567081756,0.545,0.962,13,0.1176923076923077,0.09646707954477235,0.023,0.364,13,0.115,0.18117532944636805,0.0,0.429,13,0.12384615384615386,0.2481507761267486,0.0,0.8,13,0.13899999999999998,0.25238396673851266,0.0,0.818,13,0.17084615384615384,0.3250758491372555,0.0,1.0,13,0.10484615384615384,0.27784883364695695,0.0,1.0,13,0.14176923076923076,0.29568681456516166,0.0,1.0,13,0.5164615384615385,0.4054885151239624,0.0,1.0,13
451,0.8384642857142858,0.1199127714270784,0.488,0.955,28,0.12121428571428572,0.12138013662102035,0.0,0.465,28,0.16885714285714284,0.2630015792496895,0.0,0.895,28,0.13592857142857143,0.20651642003974344,0.0,0.75,28,0.05971428571428572,0.14057707972466688,0.0,0.556,28,0.1792857142857143,0.3163662735621783,0.0,1.0,28,0.11432142857142857,0.2144213666749946,0.0,0.667,28,0.15514285714285717,0.2816510468102545,0.0,1.0,28,0.5621071428571429,0.32630505373842755,0.0,1.0,28
452,0.5329166666666667,0.2169253991303895,0.178,0.925,12,0.44083333333333335,0.23149350406489252,0.075,0.822,12,0.1445,0.2780034335955387,0.0,0.941,12,0.17475,0.2855024677492457,0.0,1.0,12,0.14141666666666666,0.18799296811478364,0.0,0.531,12,0.23758333333333334,0.2992598318680557,0.0,1.0,12,0.1035,0.18806551082970094,0.0,0.5,12,0.08033333333333333,0.16359836259090202,0.0,0.5,12,0.2811666666666667,0.33617929018830883,0.0,0.857,12
453,0.2633076923076923,0.24798836821357323,0.0,0.778,13,0.7095384615384616,0.24924673698453084,0.194,0.974,13,0.5491538461538462,0.37814676298888816,0.0,1.0,13,0.2302307692307692,0.2882820244847494,0.0,0.878,13,0.07584615384615384,0.1729671674788051,0.0,0.6,13,0.06669230769230769,0.11606993912822892,0.0,0.3,13,0.4148461538461538,0.4220361055158366,0.0,1.0,13,0.1026923076923077,0.17230224636540323,0.0,0.607,13,0.3803076923076923,0.2633221678905217,0.0,0.786,13
454,0.4011034482758621,0.3406675531561511,0.0,0.867,29,0.5624137931034482,0.35494350830613863,0.068,1.0,29,0.6338620689655173,0.36481147030623234,0.0,1.0,29,0.20420689655172417,0.24554798473594072,0.0,0.9,29,0.09051724137931035,0.14435388576333985,0.0,0.5,29,0.2777241379310345,0.3106565508899457,0.0,1.0,29,0.17986206896551724,0.3144493740922298,0.0,1.0,29,0.2512758620689655,0.27586149430358864,0.0,1.0,29,0.43568965517241376,0.21292907998544555,0.0,0.756,29
455,0.33232,0.3017454390707505,0.0,0.841,25,0.64908,0.31399308909592255,0.095,1.0,25,0.7121999999999999,0.27502499886373966,0.0,1.0,25,0.32488,0.31310159692981443,0.0,0.882,25,0.04652,0.11398103643442915,0.0,0.444,25,0.25695999999999997,0.27205398973978184,0.0,1.0,25,0.30804000000000004,0.3180882319944158,0.0,1.0,25,0.15708,0.21127882840770704,0.0,0.714,25,0.40055999999999997,0.19576305405600247,0.083,0.781,25
456,0.7511111111111111,0.2513197388012154,0.125,0.977,9,0.21811111111111112,0.26038262444163035,0.023,0.875,9,0.07944444444444446,0.12610026874585867,0.0,0.333,9,0.08422222222222223,0.22060415781313925,0.0,0.667,9,0.1771111111111111,0.32625160706287887,0.0,1.0,9,0.37844444444444447,0.48423318533303533,0.0,1.0,9,0.09255555555555556,0.14088569046492186,0.0,0.333,9,0.07288888888888889,0.14980023735332035,0.0,0.406,9,0.37577777777777777,0.4120105513751371,0.0,1.0,9
457,0.7408181818181819,0.1743247206368283,0.186,0.909,22,0.22490909090909092,0.18183139995242295,0.049,0.814,22,0.15363636363636363,0.2187600436779,0.0,0.625,22,0.26672727272727276,0.2907871389404287,0.0,1.0,22,0.05859090909090909,0.2158316493607943,0.0,1.0,22,0.1620909090909091,0.24751352230321425,0.0,1.0,22,0.2515909090909091,0.37293618234745757,0.0,1.0,22,0.09331818181818181,0.15128635300667606,0.0,0.5,22,0.6099090909090908,0.25778339173863984,0.0,1.0,22
458,0.5099166666666667,0.27062300457658917,0.073,0.872,12,0.4691666666666667,0.27363108320687857,0.085,0.878,12,0.09566666666666668,0.1656602949814268,0.0,0.5,12,0.14808333333333332,0.28626321591828524,0.0,1.0,12,0.14266666666666666,0.21791129693830316,0.0,0.522,12,0.09575,0.1443015308934102,0.0,0.5,12,0.11741666666666667,0.2936273019053958,0.0,1.0,12,0.1735,0.2972236684567854,0.0,1.0,12,0.16008333333333333,0.20662634626227358,0.0,0.545,12
459,0.74116,0.19918598511608862,0.211,0.975,25,0.23476,0.2037613555117849,0.025,0.789,25,0.20440000000000003,0.28588430060661485,0.0,1.0,25,0.12144,0.18482854216814026,0.0,0.571,25,0.0556,0.12837315399516624,0.0,0.5,25,0.07796,0.21035059622766306,0.0,1.0,25,0.1778,0.31876741782476237,0.0,1.0,25,0.0622,0.21345100921132545,0.0,1.0,25,0.40524,0.34793261799760405,0.0,1.0,25
460,0.57753125,0.264315425492395,0.133,0.9,32,0.38609375,0.27861956481044414,0.044,0.867,32,0.3328125,0.3386726878803914,0.0,1.0,32,0.169625,0.2598005128009044,0.0,0.941,32,0.09628125,0.2000880829220455,0.0,0.792,32,0.13315625,0.2054848097949131,0.0,0.75,32,0.33221875,0.38030291274660044,0.0,1.0,32,0.11940625,0.21855623907154142,0.0,1.0,32,0.539875,0.2943641315369178,0.0,1.0,32
461,0.8275833333333334,0.1471093954933683,0.39,0.93,12,0.13308333333333333,0.1478275766703981,0.023,0.585,12,0.18441666666666667,0.22614213484336604,0.0,0.583,12,0.17708333333333334,0.3149099318083111,0.0,1.0,12,0.03333333333333333,0.11547005383792516,0.0,0.4,12,0.25975,0.33544383759702334,0.0,1.0,12,0.18516666666666667,0.36801305148133817,0.0,1.0,12,0.08333333333333333,0.19462473604038075,0.0,0.5,12,0.6030833333333333,0.3763828945812141,0.0,1.0,12
462,0.766,0.157958064054989,0.548,1.0,9,0.19088888888888889,0.16179033070956717,0.0,0.452,9,0.1728888888888889,0.2686063311076474,0.0,0.667,9,0.05288888888888889,0.11519705339595764,0.0,0.333,9,0.16922222222222222,0.2576828369225324,0.0,0.6,9,0.07411111111111111,0.16898849401989213,0.0,0.5,9,0.1771111111111111,0.2875901790936386,0.0,0.667,9,0.3333333333333333,0.43301270189221935,0.0,1.0,9,0.5321111111111111,0.3354234057294021,0.0,1.0,9
463,0.6770909090909091,0.3001987523443275,0.143,0.909,11,0.3063636363636364,0.3106046595681632,0.087,0.857,11,0.09736363636363636,0.2514487115605378,0.0,0.821,11,0.158,0.2326426444141314,0.0,0.571,11,0.05054545454545455,0.1676403075852366,0.0,0.556,11,0.11363636363636363,0.21822752930245656,0.0,0.667,11,0.21127272727272725,0.3792068277099163,0.0,1.0,11,0.0,0.0,0.0,0.0,11,0.5435454545454546,0.28944718469398306,0.0,1.0,11
464,0.6401578947368421,0.29534767895141534,0.0,0.94,19,0.32126315789473686,0.29642815170426545,0.02,0.949,19,0.24242105263157895,0.3318832317731098,0.0,1.0,19,0.11821052631578947,0.21004432837627618,0.0,0.818,19,0.061684210526315786,0.1258305971585868,0.0,0.353,19,0.2157894736842105,0.34363652938458883,0.0,1.0,19,0.3473157894736842,0.4214759849006266,0.0,1.0,19,0.04510526315789474,0.09158353487199061,0.0,0.333,19,0.3815789473684211,0.3339385032855723,0.0,1.0,19
465,0.4479473684210526,0.30679752166248936,0.0,0.926,19,0.5006842105263157,0.33003923211770153,0.019,1.0,19,0.6176842105263158,0.3380253199969854,0.0,1.0,19,0.14905263157894735,0.16682008728108205,0.0,0.523,19,0.06836842105263158,0.15966186858702913,0.0,0.5,19,0.321,0.257655454693537,0.0,1.0,19,0.10863157894736843,0.15770937072360375,0.0,0.6,19,0.21836842105263157,0.2291174396888867,0.0,0.611,19,0.21347368421052632,0.30190476210241696,0.0,1.0,19
466,0.6857857142857142,0.23943047122171096,0.138,0.913,14,0.2750714285714286,0.2475499838527454,0.023,0.862,14,0.1947142857142857,0.21657879311320777,0.0,0.6,14,0.20385714285714288,0.35425997779615453,0.0,1.0,14,0.07442857142857143,0.18511107446641298,0.0,0.667,14,0.050571428571428566,0.10856030885798298,0.0,0.333,14,0.2642142857142857,0.35101132538630514,0.0,1.0,14,0.17264285714285713,0.28394354995392934,0.0,1.0,14,0.47285714285714286,0.2979467833595216,0.0,1.0,14
467,0.626375,0.28472941415616737,0.218,0.886,8,0.351125,0.2922369085421719,0.068,0.776,8,0.07625,0.13167356823382806,0.0,0.333,8,0.28275,0.43620334380063747,0.0,0.971,8,0.125,0.23754698783308414,0.0,0.6,8,0.10825000000000001,0.15493477890482085,0.0,0.333,8,0.3125,0.45806269065645216,0.0,1.0,8,0.0555,0.11866399140911645,0.0,0.333,8,0.3755,0.35396448570846356,0.0,0.857,8
468,0.8490000000000001,0.04475009976046344,0.764,0.917,22,0.0944090909090909,0.04652255888113298,0.021,0.182,22,0.07722727272727273,0.1529795914861045,0.0,0.5,22,0.09772727272727272,0.2341310544318089,0.0,1.0,22,0.0659090909090909,0.15536927105966092,0.0,0.5,22,0.17500000000000002,0.2959045856513951,0.0,1.0,22,0.07727272727272727,0.23488967659980325,0.0,1.0,22,0.1507272727272727,0.28542919759517743,0.0,1.0,22,0.4598181818181818,0.3305344354027474,0.0,1.0,22
469,0.6594166666666667,0.31746909894961245,0.023,0.909,12,0.30616666666666664,0.33755237528508975,0.068,0.977,12,0.21491666666666667,0.33839848977025283,0.0,1.0,12,0.15333333333333332,0.2585889448995112,0.0,0.721,12,0.08416666666666667,0.1821611840368221,0.0,0.533,12,0.082,0.11239459708787362,0.0,0.286,12,0.22341666666666668,0.3488546085101756,0.0,0.971,12,0.13949999999999999,0.29683680854821715,0.0,1.0,12,0.6396666666666667,0.2777524513706841,0.25,1.0,12
470,0.736,0.17820170076025132,0.365,0.952,14,0.20978571428571427,0.18555371545372332,0.0,0.596,14,0.0955,0.15895705757797027,0.0,0.5,14,0.2387857142857143,0.3563669626773954,0.0,1.0,14,0.026928571428571423,0.07840963862033436,0.0,0.286,14,0.11392857142857142,0.16845563866431482,0.0,0.5,14,0.19642857142857142,0.36923220008880264,0.0,1.0,14,0.10857142857142857,0.18511896976548073,0.0,0.5,14,0.5078571428571429,0.37213022062028384,0.0,1.0,14
471,0.6785882352941176,0.26685976158450936,0.081,0.979,17,0.2721764705882353,0.2820902416103129,0.021,0.892,17,0.1400588235294118,0.24637889281253256,0.0,0.923,17,0.2677647058823529,0.38115064761386747,0.0,1.0,17,0.04288235294117647,0.12511788558842277,0.0,0.5,17,0.15264705882352939,0.27132820098002863,0.0,1.0,17,0.13952941176470587,0.2629422744746123,0.0,0.812,17,0.13741176470588234,0.24123071395023724,0.0,0.75,17,0.6001764705882353,0.3496420017843461,0.0,1.0,17
472,0.8578181818181818,0.0780830560132199,0.771,1.0,11,0.1040909090909091,0.06617167754478429,0.0,0.229,11,0.18845454545454549,0.2501716865020355,0.0,0.667,11,0.12018181818181818,0.14676635730426657,0.0,0.4,11,0.07363636363636364,0.15449677843066678,0.0,0.5,11,0.06363636363636363,0.15666989036012807,0.0,0.5,11,0.12127272727272728,0.2368544240283854,0.0,0.667,11,0.229,0.3202864343052949,0.0,1.0,11,0.4514545454545455,0.3201335232793853,0.0,1.0,11
473,0.730625,0.28581659329017267,0.029,0.875,8,0.229875,0.29252567042422595,0.073,0.943,8,0.201,0.3007861129013201,0.0,0.875,8,0.154875,0.3251010557174053,0.0,0.906,8,0.016625,0.04702260094890542,0.0,0.133,8,0.099875,0.15102832042841693,0.0,0.333,8,0.208375,0.39596678702710836,0.0,1.0,8,0.025,0.07071067811865475,0.0,0.2,8,0.486875,0.2524544867043223,0.2,1.0,8
474,0.6494583333333334,0.30178627323015356,0.045,0.953,24,0.31416666666666665,0.30065763667792245,0.023,0.909,24,0.1701666666666667,0.2761021655059979,0.0,0.933,24,0.2519166666666667,0.34193171409135076,0.0,1.0,24,0.08479166666666667,0.1568391530439266,0.0,0.516,24,0.10304166666666666,0.2299267329742931,0.0,1.0,24,0.24416666666666667,0.3266614610647047,0.0,1.0,24,0.018875,0.05517349119309727,0.0,0.25,24,0.602375,0.3161576123859193,0.0,1.0,24
475,0.7290000000000001,0.17293170617327522,0.429,0.949,17,0.22270588235294117,0.16717945623860395,0.0,0.512,17,0.1535294117647059,0.21304345731770863,0.0,0.667,17,0.1213529411764706,0.18053010177546244,0.0,0.583,17,0.10052941176470588,0.1768294084870567,0.0,0.5,17,0.08088235294117647,0.15898344345911508,0.0,0.5,17,0.17788235294117646,0.2795261352612983,0.0,0.963,17,0.07841176470588235,0.18504494684519535,0.0,0.583,17,0.5435294117647059,0.2788377928220677,0.0,1.0,17
476,0.561,0.32731994718636837,0.0,0.93,24,0.40454166666666663,0.3452426971386016,0.023,1.0,24,0.39720833333333333,0.37636464501131445,0.0,1.0,24,0.23879166666666665,0.30102722383989394,0.0,0.976,24,0.16566666666666666,0.25046993513353477,0.0,1.0,24,0.08391666666666668,0.16336832662706546,0.0,0.667,24,0.202375,0.35896418768935473,0.0,1.0,24,0.08016666666666666,0.18614245752313902,0.0,0.75,24,0.44249999999999995,0.25777037304040834,0.0,0.875,24
477,0.6272727272727272,0.2177379576045899,0.194,0.9,11,0.34154545454545454,0.22059617568596407,0.073,0.75,11,0.34909090909090906,0.384836446960382,0.0,1.0,11,0.14,0.15511157274684567,0.0,0.417,11,0.15627272727272726,0.17564913373489258,0.0,0.5,11,0.10663636363636364,0.21876895242573735,0.0,0.75,11,0.2599090909090909,0.37948029054101207,0.0,1.0,11,0.08627272727272728,0.17477934140457843,0.0,0.545,11,0.3573636363636364,0.20072482294289,0.0,0.611,11
478,0.709125,0.17450537241013525,0.486,0.953,8,0.258625,0.16223962656691315,0.044,0.459,8,0.208625,0.2664555377008115,0.0,0.75,8,0.26375,0.33781345232454635,0.0,0.8,8,0.12525,0.18555457418236826,0.0,0.526,8,0.09825,0.14879204087776815,0.0,0.4,8,0.1745,0.3421895882193295,0.0,1.0,8,0.174125,0.34649116150343573,0.0,1.0,8,0.290875,0.20295702395194054,0.0,0.556,8
479,0.8437142857142856,0.10243679369883023,0.608,0.955,14,0.10064285714285715,0.08399414553120046,0.019,0.333,14,0.0,0.0,0.0,0.0,14,0.08571428571428572,0.15833772502102952,0.0,0.5,14,0.07935714285714286,0.266624947514974,0.0,1.0,14,0.1372857142857143,0.28761898636682753,0.0,1.0,14,0.09921428571428571,0.15887642927829093,0.0,0.5,14,0.2765714285714286,0.3004070864384154,0.0,1.0,14,0.48450000000000004,0.39054237433836314,0.0,1.0,14
480,0.8420000000000001,0.1059008970689106,0.564,0.957,11,0.12163636363636363,0.10632240848219411,0.023,0.41,11,0.07354545454545455,0.13517719011457788,0.0,0.333,11,0.18945454545454546,0.263862223001461,0.0,0.667,11,0.1948181818181818,0.25225812897974886,0.0,0.714,11,0.21818181818181817,0.3370999312316211,0.0,1.0,11,0.04281818181818182,0.08054417195777505,0.0,0.2,11,0.12554545454545454,0.3065639781958617,0.0,1.0,11,0.526090909090909,0.31805799928486456,0.0,1.0,11
481,0.8339333333333333,0.13558479553994685,0.354,0.978,30,0.1234,0.13747441141210043,0.0,0.604,30,0.20190000000000002,0.2948980361483235,0.0,1.0,30,0.06609999999999999,0.16394623803404956,0.0,0.759,30,0.1462,0.24929340143694137,0.0,1.0,30,0.15073333333333333,0.23538873692524961,0.0,1.0,30,0.13816666666666666,0.3045628957559741,0.0,1.0,30,0.1349,0.2052499485488616,0.0,0.6,30,0.4525666666666667,0.34837887454592464,0.0,1.0,30
482,0.7550714285714285,0.2309906639091433,0.143,0.944,14,0.2155,0.24273370974414293,0.037,0.857,14,0.1447857142857143,0.15424614622859667,0.0,0.5,14,0.18792857142857142,0.2905068420445984,0.0,1.0,14,0.0825,0.16385535366010145,0.0,0.571,14,0.20378571428571426,0.21986575574529688,0.0,0.533,14,0.15392857142857144,0.26869870581283883,0.0,0.905,14,0.10864285714285714,0.274700846276554,0.0,1.0,14,0.5839285714285715,0.3189404246963601,0.0,1.0,14
483,0.847578947368421,0.0803287106480987,0.682,0.956,19,0.11726315789473685,0.07551662223589008,0.024,0.273,19,0.23142105263157897,0.27899767338525594,0.0,1.0,19,0.06310526315789473,0.1477046206818197,0.0,0.556,19,0.05810526315789473,0.13957709726839623,0.0,0.583,19,0.18173684210526314,0.2586032658780763,0.0,1.0,19,0.10878947368421053,0.18753090973293754,0.0,0.5,19,0.052368421052631585,0.13892812311340302,0.0,0.545,19,0.6171052631578947,0.2572091441991305,0.0,1.0,19
484,0.81425,0.1042212390382434,0.622,0.977,16,0.138625,0.10564397758509474,0.02,0.378,16,0.2210625,0.26787421643998016,0.0,1.0,16,0.0319375,0.07118096070345403,0.0,0.2,16,0.1193125,0.20853511894482746,0.0,0.6,16,0.1526875,0.17228144367091117,0.0,0.5,16,0.18812500000000001,0.34371322833625906,0.0,1.0,16,0.14575,0.22688367063321238,0.0,0.8,16,0.6178125,0.3269226654220638,0.0,1.0,16
485,0.8353333333333334,0.09067940021409715,0.609,0.976,24,0.10845833333333332,0.06598022046608834,0.023,0.268,24,0.06675,0.12142997624324392,0.0,0.333,24,0.05658333333333334,0.12062767606102696,0.0,0.4,24,0.145125,0.20014827384151765,0.0,0.588,24,0.168,0.29072607756084257,0.0,1.0,24,0.056416666666666664,0.13514530559064344,0.0,0.6,24,0.049999999999999996,0.13119550628571552,0.0,0.6,24,0.6292083333333333,0.25430091370292973,0.0,1.0,24
486,0.5354,0.3497040653657509,0.0,0.909,10,0.4205,0.3651737029597467,0.023,1.0,10,0.4565,0.4430370563884395,0.0,1.0,10,0.21280000000000002,0.30522006632737775,0.0,0.971,10,0.0824,0.12077177742428992,0.0,0.333,10,0.2564,0.2844133142687475,0.0,1.0,10,0.1965,0.3028755703438478,0.0,0.875,10,0.1745,0.23272742759622372,0.0,0.636,10,0.0921,0.12813746958290972,0.0,0.343,10
487,0.7333999999999999,0.20640962509857272,0.238,0.929,10,0.22319999999999998,0.23344083237990354,0.0,0.762,10,0.15289999999999998,0.3011118101672902,0.0,0.969,10,0.1018,0.18482472177113585,0.0,0.5,10,0.0118,0.03731487638998687,0.0,0.118,10,0.2532,0.2773628990650656,0.0,0.643,10,0.1177,0.18315934167943618,0.0,0.5,10,0.09590000000000001,0.13417273278212016,0.0,0.333,10,0.3745,0.4227232480529601,0.0,1.0,10
488,0.7216470588235294,0.14537363119582183,0.452,0.911,17,0.20905882352941174,0.15562232752252939,0.024,0.516,17,0.18829411764705883,0.28994735830532287,0.0,0.875,17,0.1598235294117647,0.27674700434108535,0.0,1.0,17,0.050823529411764705,0.15891791721440574,0.0,0.65,17,0.14423529411764704,0.26914343977974015,0.0,1.0,17,0.26241176470588234,0.3605230677126516,0.0,1.0,17,0.157,0.3331808818044637,0.0,1.0,17,0.4541764705882353,0.3544185793828601,0.0,1.0,17
489,0.527,0.3186306639355352,0.0,0.957,9,0.4288888888888889,0.3156273294743519,0.021,0.919,9,0.43388888888888894,0.36893205487069175,0.0,1.0,9,0.28155555555555556,0.2871280685996717,0.0,0.758,9,0.07188888888888889,0.11713928082035978,0.0,0.308,9,0.28988888888888886,0.3307500734861764,0.0,1.0,9,0.07266666666666667,0.16814874367654373,0.0,0.5,9,0.10133333333333333,0.1322847307893092,0.0,0.333,9,0.2262222222222222,0.24564088512388252,0.0,0.667,9
490,0.6749166666666667,0.2541379218718319,0.161,0.907,12,0.2811666666666666,0.26087922434906485,0.02,0.839,12,0.2704166666666667,0.32827495635472553,0.0,0.933,12,0.18391666666666664,0.28148387918746653,0.0,0.72,12,0.11933333333333333,0.2358679651196766,0.0,0.722,12,0.23783333333333334,0.37122863166746306,0.0,1.0,12,0.09516666666666666,0.1694251421362213,0.0,0.545,12,0.16691666666666669,0.2705464027862985,0.0,0.75,12,0.4246666666666667,0.20222954254704695,0.0,0.692,12
491,0.8002142857142857,0.14357746693332143,0.514,0.978,14,0.14514285714285716,0.13143109171018807,0.0,0.459,14,0.16271428571428573,0.24931704516737124,0.0,0.625,14,0.2042142857142857,0.29787379324689967,0.0,1.0,14,0.03564285714285714,0.05958136923938187,0.0,0.158,14,0.1852857142857143,0.2453610929509117,0.0,0.667,14,0.11678571428571428,0.27354459025384303,0.0,1.0,14,0.21364285714285716,0.2849482023490902,0.0,1.0,14,0.35478571428571426,0.2799761469431688,0.0,1.0,14
492,0.5909375,0.34522600689017235,0.019,0.978,16,0.36975,0.3446804317044993,0.022,0.981,16,0.4065,0.3430280843701674,0.0,0.98,16,0.30312500000000003,0.32698865933443827,0.0,1.0,16,0.0740625,0.1542912694656873,0.0,0.5,16,0.1715625,0.2826625712164004,0.0,1.0,16,0.225125,0.3193541137984604,0.0,0.857,16,0.08449999999999999,0.11918333216799516,0.0,0.333,16,0.5124375,0.3252982157446712,0.0,1.0,16
493,0.5331250000000001,0.20136210276159572,0.265,0.845,8,0.42200000000000004,0.184968723224843,0.138,0.618,8,0.4525,0.3320008605840826,0.0,0.833,8,0.20575,0.21549925422476193,0.0,0.529,8,0.084875,0.1571963626442146,0.0,0.346,8,0.07975,0.14665971303862366,0.0,0.4,8,0.20475000000000002,0.24548537925622257,0.0,0.667,8,0.148375,0.18840832367114632,0.0,0.5,8,0.3885,0.175035506602028,0.111,0.667,8
494,0.48427272727272724,0.23014043143658652,0.138,0.81,11,0.4803636363636363,0.2256848567038882,0.119,0.828,11,0.3851818181818182,0.4191722362422918,0.0,1.0,11,0.1590909090909091,0.22670794187476304,0.0,0.6,11,0.10290909090909092,0.26096338997853874,0.0,0.846,11,0.04790909090909091,0.0912035685107272,0.0,0.25,11,0.26781818181818184,0.2860446881806471,0.0,0.667,11,0.10090909090909092,0.17170000264732355,0.0,0.5,11,0.30072727272727273,0.3872167586531066,0.0,1.0,11
495,0.85975,0.04545562985719467,0.796,0.93,8,0.0875,0.03341941266475434,0.044,0.143,8,0.03125,0.08838834764831845,0.0,0.25,8,0.025,0.07071067811865477,0.0,0.2,8,0.0625,0.1767766952966369,0.0,0.5,8,0.041625,0.11773327906756018,0.0,0.333,8,0.0625,0.1767766952966369,0.0,0.5,8,0.0,0.0,0.0,0.0,8,0.48125,0.28527868579939264,0.0,1.0,8
496,0.6351,0.2791170403651885,0.0,0.932,10,0.3364,0.27675508627264245,0.045,0.941,10,0.3322,0.29746066033081486,0.0,1.0,10,0.22469999999999998,0.27085504528355303,0.0,0.867,10,0.1794,0.27682453327373685,0.0,0.704,10,0.1266,0.18900393881845134,0.0,0.5,10,0.1778,0.3784699606456385,0.0,1.0,10,0.147,0.31730952291624237,0.0,1.0,10,0.5675,0.17666242133263968,0.333,0.875,10
497,0.7181111111111111,0.14539811247437537,0.424,0.848,9,0.243,0.14750762692145789,0.119,0.545,9,0.23511111111111113,0.25634471149432964,0.0,0.75,9,0.18144444444444444,0.18932320982324852,0.0,0.5,9,0.04566666666666666,0.09915392074950943,0.0,0.286,9,0.24755555555555558,0.32050082336521035,0.0,1.0,9,0.3044444444444444,0.3606931213341582,0.0,0.909,9,0.18333333333333332,0.229128784747792,0.0,0.5,9,0.4895555555555555,0.25272520210255595,0.0,0.833,9
498,0.5179714285714286,0.3288331854687817,0.0,0.905,35,0.4434857142857143,0.3336656808163253,0.048,1.0,35,0.49254285714285717,0.3720306235700894,0.0,1.0,35,0.19997142857142858,0.2877479989928162,0.0,1.0,35,0.07742857142857143,0.17462923508937203,0.0,0.667,35,0.11442857142857142,0.17269358885104014,0.0,0.5,35,0.15231428571428574,0.2840104359545481,0.0,1.0,35,0.23765714285714284,0.26730308231504935,0.0,1.0,35,0.36134285714285713,0.25643631738493977,0.0,0.867,35
499,0.5099285714285714,0.31634923843647966,0.0,0.889,14,0.4522857142857143,0.3268406877437924,0.044,0.972,14,0.41421428571428576,0.36586676401524776,0.0,1.0,14,0.24228571428571427,0.31288347021545565,0.0,1.0,14,0.05164285714285714,0.06892315357629175,0.0,0.211,14,0.2952142857142857,0.36749404570193195,0.0,1.0,14,0.17900000000000002,0.32969239742990275,0.0,1.0,14,0.061,0.11561740619554053,0.0,0.368,14,0.3512142857142857,0.2838664850218872,0.0,0.9,14
500,0.6121071428571428,0.27675772789046016,0.0,0.917,28,0.35314285714285715,0.2744733292427672,0.05,0.969,28,0.4648928571428571,0.32469351238379707,0.0,1.0,28,0.13314285714285715,0.21362059033191677,0.0,0.968,28,0.14039285714285715,0.27024958824592116,0.0,1.0,28,0.15635714285714286,0.2210664747160597,0.0,1.0,28,0.16214285714285714,0.20913910208558326,0.0,0.667,28,0.2149285714285714,0.289584495258603,0.0,1.0,28,0.24596428571428572,0.19789680852756777,0.0,0.75,28
501,0.7581111111111111,0.27225605798790065,0.065,1.0,9,0.20044444444444445,0.27500686860109114,0.0,0.913,9,0.1668888888888889,0.3178318912744772,0.0,0.952,9,0.05688888888888889,0.11292524567655858,0.0,0.262,9,0.08477777777777779,0.13381963400205682,0.0,0.333,9,0.19544444444444442,0.21615336633459536,0.0,0.526,9,0.0,0.0,0.0,0.0,9,0.20855555555555558,0.25934827506227565,0.0,0.8,9,0.31555555555555553,0.36270205096990804,0.0,1.0,9
502,0.8303846153846154,0.08024290047675917,0.73,0.976,13,0.1453846153846154,0.07736443892549347,0.024,0.256,13,0.28738461538461535,0.314431375253154,0.0,1.0,13,0.16676923076923078,0.2847947078880253,0.0,1.0,13,0.04484615384615384,0.16169510719965424,0.0,0.583,13,0.182,0.30016190075801874,0.0,1.0,13,0.20253846153846153,0.33101903655847736,0.0,1.0,13,0.21153846153846154,0.32025630761017426,0.0,1.0,13,0.4342307692307692,0.35034082306761277,0.0,1.0,13
503,0.5503157894736842,0.2346517638808574,0.022,0.938,19,0.41205263157894734,0.23844320863192991,0.0,0.935,19,0.3995263157894737,0.32401635219727426,0.0,0.976,19,0.136,0.19584319124124677,0.0,0.8,19,0.1208421052631579,0.27951550606121117,0.0,1.0,19,0.2781578947368421,0.3376342964342559,0.0,1.0,19,0.14147368421052633,0.2545299302245552,0.0,1.0,19,0.1638421052631579,0.2615346297779692,0.0,1.0,19,0.2417894736842105,0.2073292011773033,0.0,0.692,19
504,0.5355,0.3761587810638329,0.02,0.88,8,0.43875,0.3866895210815593,0.095,0.98,8,0.515875,0.371485218894565,0.0,1.0,8,0.17275000000000001,0.18791088313346835,0.0,0.5,8,0.0635,0.12107022755409358,0.0,0.308,8,0.370625,0.4250939181942201,0.0,1.0,8,0.192,0.25665485439732927,0.0,0.667,8,0.064375,0.09040375703318024,0.0,0.205,8,0.12475000000000001,0.11349480793662516,0.0,0.276,8
505,0.6917,0.15451217140119125,0.395,0.886,10,0.2716,0.1732135483538552,0.068,0.605,10,0.29500000000000004,0.2991320778519081,0.0,0.864,10,0.0758,0.15941336901973507,0.0,0.5,10,0.0972,0.11579656490779182,0.0,0.3,10,0.2426,0.198687470946487,0.0,0.5,10,0.08080000000000001,0.09604374003546509,0.0,0.25,10,0.2028,0.14353768378605902,0.0,0.429,10,0.13169999999999998,0.1640359377968404,0.0,0.5,10
506,0.779625,0.3087985647172418,0.024,0.933,8,0.17350000000000002,0.3245889708539093,0.044,0.976,8,0.1875,0.37201190457142247,0.0,1.0,8,0.15725,0.2215831027595999,0.0,0.5,8,0.1125,0.21001700611413082,0.0,0.5,8,0.041625,0.11773327906756018,0.0,0.333,8,0.25,0.38836249635028947,0.0,1.0,8,0.15000000000000002,0.2437147044042627,0.0,0.667,8,0.38225,0.33771744318079194,0.0,1.0,8
507,0.8005,0.18358571372989313,0.364,0.933,8,0.14,0.16876695682000584,0.04,0.545,8,0.257,0.33590347252915215,0.0,0.889,8,0.15275,0.1895112133885486,0.0,0.5,8,0.025,0.07071067811865475,0.0,0.2,8,0.197875,0.2952366786640363,0.0,0.75,8,0.0625,0.1239400776873359,0.0,0.333,8,0.29175,0.38578926519909434,0.0,1.0,8,0.368,0.2799668347705288,0.0,0.833,8
508,0.6218333333333333,0.2862322113038272,0.0,0.878,12,0.34075000000000005,0.30203886715574746,0.073,1.0,12,0.517,0.34425835963970175,0.0,1.0,12,0.14608333333333334,0.19988972338554956,0.0,0.5,12,0.12775,0.203391304453442,0.0,0.5,12,0.223,0.20216779709394417,0.0,0.5,12,0.09025,0.1720592524790119,0.0,0.5,12,0.30591666666666667,0.31648623647607155,0.0,1.0,12,0.22891666666666666,0.28239960672562536,0.0,0.75,12
509,0.51625,0.2688397026376233,0.026,0.881,8,0.45387500000000003,0.276252181633273,0.095,0.974,8,0.445875,0.4347207436964563,0.0,1.0,8,0.257875,0.2961483400016186,0.0,0.778,8,0.078125,0.17598574414666987,0.0,0.5,8,0.072625,0.10426468721479962,0.0,0.25,8,0.015625,0.04419417382415922,0.0,0.125,8,0.306,0.3489887431668002,0.0,1.0,8,0.204625,0.22711100967211106,0.0,0.556,8
510,0.3867,0.33779910203156743,0.024,0.955,10,0.5978,0.3432092979833475,0.023,0.976,10,0.46579999999999994,0.4028594461264789,0.0,1.0,10,0.22480000000000003,0.3172289043857413,0.0,0.776,10,0.08109999999999999,0.16212097677694615,0.0,0.5,10,0.13920000000000002,0.16836653137987043,0.0,0.5,10,0.43410000000000004,0.43019748694963084,0.0,0.971,10,0.0722,0.16571582101095036,0.0,0.5,10,0.5544,0.30739124544752044,0.0,1.0,10
511,0.3225,0.26088918464870614,0.0,0.763,10,0.6554,0.2575651805314962,0.211,1.0,10,0.5734,0.3094838714160508,0.143,0.976,10,0.46080000000000004,0.3583079991044328,0.0,0.976,10,0.0857,0.18378855604561817,0.0,0.5,10,0.0875,0.11290925559935289,0.0,0.333,10,0.4749,0.3052253994090997,0.0,0.9,10,0.10999999999999999,0.17143576704475125,0.0,0.5,10,0.5961000000000001,0.21814696880772835,0.25,1.0,10
512,0.38388235294117645,0.2789179723397502,0.024,0.841,17,0.5941764705882352,0.28528981652306606,0.136,0.976,17,0.7082352941176471,0.3094160890717717,0.125,1.0,17,0.2644705882352941,0.29147729706768305,0.0,0.941,17,0.12182352941176472,0.16475331381117864,0.0,0.5,17,0.14176470588235296,0.12206941130549696,0.0,0.429,17,0.2743529411764706,0.300258001803547,0.0,0.944,17,0.15141176470588236,0.1802959576722151,0.0,0.5,17,0.4664705882352941,0.23714608304984158,0.0,1.0,17
513,0.6414736842105263,0.3110093547040833,0.073,0.932,19,0.3185789473684211,0.3235970257708178,0.018,0.927,19,0.2918421052631579,0.3921672351827434,0.0,0.974,19,0.2432105263157895,0.31127936344265283,0.0,0.857,19,0.0611578947368421,0.15113984075017514,0.0,0.5,19,0.13689473684210526,0.19986603700613573,0.0,0.5,19,0.13399999999999998,0.27211129259101974,0.0,0.818,19,0.18157894736842106,0.33133170955160024,0.0,1.0,19,0.29157894736842105,0.29570486709057164,0.0,1.0,19
514,0.8044545454545454,0.0661231633187095,0.697,0.932,11,0.1368181818181818,0.0705376752974156,0.045,0.242,11,0.21081818181818182,0.23443029590128414,0.0,0.667,11,0.24836363636363637,0.39460037322011565,0.0,1.0,11,0.06527272727272727,0.14539882455445843,0.0,0.375,11,0.17936363636363636,0.25340531672688826,0.0,0.75,11,0.06054545454545455,0.13470513252015578,0.0,0.333,11,0.1912727272727273,0.22641912061886066,0.0,0.5,11,0.2822727272727273,0.3039888454891366,0.0,0.8,11
515,0.7581,0.14822389221114865,0.5,0.909,10,0.18980000000000002,0.15414336760878744,0.042,0.45,10,0.409,0.35396484445649556,0.0,1.0,10,0.1891,0.27295927657192137,0.0,0.846,10,0.1804,0.3226150785206558,0.0,1.0,10,0.22290000000000001,0.30951770726585437,0.0,1.0,10,0.1484,0.3117428427406153,0.0,1.0,10,0.2029,0.3282734124679203,0.0,1.0,10,0.3825,0.3574602542008459,0.0,1.0,10
516,0.863,0.12787591641900362,0.41,0.955,17,0.10064705882352941,0.13329053847538774,0.019,0.59,17,0.08735294117647058,0.1431515548188661,0.0,0.5,17,0.1477058823529412,0.2762959836628743,0.0,1.0,17,0.1501764705882353,0.20139086228467445,0.0,0.5,17,0.13188235294117648,0.2647031078285966,0.0,1.0,17,0.08811764705882352,0.12879289690863255,0.0,0.333,17,0.18382352941176472,0.2840229381788814,0.0,1.0,17,0.4535882352941177,0.3170059263688002,0.0,1.0,17
517,0.8697142857142858,0.07665148758798197,0.692,0.957,14,0.09878571428571428,0.07623968134107731,0.0,0.282,14,0.08807142857142858,0.15987902363287748,0.0,0.5,14,0.12457142857142857,0.22011944809255593,0.0,0.6,14,0.08635714285714287,0.1978727668683386,0.0,0.667,14,0.18707142857142856,0.27578488391824924,0.0,0.786,14,0.25,0.4274252071325551,0.0,1.0,14,0.10721428571428572,0.21298941056068732,0.0,0.667,14,0.48292857142857143,0.3293203874381566,0.0,1.0,14
518,0.415125,0.2873178615600301,0.043,0.769,8,0.52325,0.2945353483515543,0.178,0.935,8,0.492,0.20436382123206503,0.294,0.923,8,0.19675,0.15109575960770233,0.0,0.359,8,0.10750000000000001,0.1633243923694717,0.0,0.4,8,0.1575,0.10985184828408019,0.0,0.353,8,0.032375,0.07080746026070578,0.0,0.2,8,0.545875,0.2519996811222472,0.0,0.824,8,0.1885,0.23628614613883492,0.0,0.625,8
519,0.46775000000000005,0.30002912737387233,0.03,0.955,12,0.49266666666666664,0.2886200186257272,0.023,0.909,12,0.4539166666666667,0.3040360200949083,0.0,0.967,12,0.28633333333333333,0.30467966287512027,0.0,0.833,12,0.15325000000000003,0.21145002633332455,0.0,0.677,12,0.149,0.1689206376325339,0.0,0.5,12,0.0615,0.141596417520167,0.0,0.5,12,0.4205833333333333,0.2993202779430067,0.0,0.844,12,0.06366666666666666,0.10875939527510281,0.0,0.348,12
520,0.40976190476190477,0.2557222917076071,0.0,0.78,21,0.5293333333333333,0.25342145397210025,0.171,1.0,21,0.3866666666666666,0.3906607650293709,0.0,1.0,21,0.2785714285714286,0.3223801438408655,0.0,1.0,21,0.05680952380952381,0.07754071127325249,0.0,0.25,21,0.13514285714285715,0.10526883950832064,0.0,0.421,21,0.006142857142857143,0.01618111774348643,0.0,0.059,21,0.45057142857142857,0.23314599962868146,0.0,0.857,21,0.083,0.11312824580978881,0.0,0.371,21
521,0.473125,0.3138814323457642,0.019,0.907,8,0.488,0.3201624587611733,0.07,0.981,8,0.627375,0.3324089295259251,0.1,1.0,8,0.113,0.09926443759689857,0.0,0.3,8,0.011375,0.03217335854398791,0.0,0.091,8,0.3945,0.4079982492959638,0.0,1.0,8,0.06325,0.12231662660021793,0.0,0.353,8,0.2365,0.29191388162558196,0.0,0.688,8,0.124625,0.1706407567292845,0.0,0.438,8
522,0.7946,0.15785520791746677,0.488,0.955,10,0.1716,0.15941295081921322,0.023,0.442,10,0.33330000000000004,0.40824830407213913,0.0,1.0,10,0.24169999999999997,0.3343650865612484,0.0,1.0,10,0.0867,0.2133646070827014,0.0,0.667,10,0.1048,0.208825711486344,0.0,0.5,10,0.0381,0.104709598413899,0.0,0.333,10,0.0533,0.11665719009130984,0.0,0.333,10,0.36829999999999996,0.32092576157803915,0.0,1.0,10
523,0.8322307692307693,0.17698165050474757,0.021,0.956,26,0.12088461538461538,0.17786406650542472,0.0,0.957,26,0.13496153846153847,0.2394699949086283,0.0,1.0,26,0.03823076923076923,0.11250504262202923,0.0,0.5,26,0.07515384615384615,0.16159398313246504,0.0,0.625,26,0.14107692307692307,0.289385821778044,0.0,1.0,26,0.10719230769230768,0.27789019690960953,0.0,1.0,26,0.10099999999999999,0.2129424335354511,0.0,1.0,26,0.38061538461538463,0.25804605432721917,0.0,0.8,26
524,0.5407500000000001,0.2577029020292277,0.07,0.795,8,0.42974999999999997,0.2704127797064544,0.136,0.93,8,0.640375,0.24824580992004103,0.333,1.0,8,0.242375,0.27666531482744894,0.0,0.794,8,0.067,0.12443242572347679,0.0,0.286,8,0.22025,0.26684439018167233,0.0,0.714,8,0.156375,0.1837458940260396,0.0,0.4,8,0.19925,0.20976432353613286,0.0,0.533,8,0.223,0.22250585867086095,0.0,0.538,8
525,0.602,0.27839155364855656,0.08,0.946,15,0.35986666666666667,0.2838746873098024,0.048,0.92,15,0.4342,0.35451217992374495,0.0,1.0,15,0.12433333333333334,0.16893518058147403,0.0,0.538,15,0.0554,0.1188731616952648,0.0,0.333,15,0.10826666666666668,0.16303438141634274,0.0,0.5,15,0.14200000000000002,0.27539763459924116,0.0,1.0,15,0.3142666666666667,0.32430243086764965,0.0,1.0,15,0.15506666666666666,0.16947838744077018,0.0,0.636,15
526,0.7113846153846153,0.2124125461068384,0.121,0.907,13,0.2540769230769231,0.22636087027077711,0.067,0.879,13,0.23038461538461538,0.2983179339959127,0.0,1.0,13,0.16930769230769233,0.28033533033832436,0.0,0.714,13,0.0756923076923077,0.19091812582683387,0.0,0.667,13,0.159,0.2142498541423074,0.0,0.5,13,0.22161538461538463,0.33568475748871357,0.0,1.0,13,0.09615384615384616,0.19198691194707612,0.0,0.5,13,0.4554615384615385,0.24967599516994535,0.0,0.818,13
527,0.5281578947368422,0.27114413206056515,0.0,0.881,19,0.4356315789473685,0.2815803044182198,0.085,1.0,19,0.4328421052631579,0.38089693315148987,0.0,1.0,19,0.24494736842105264,0.2922657606593717,0.0,0.784,19,0.033842105263157896,0.11754160641988044,0.0,0.5,19,0.12563157894736843,0.24145811933296604,0.0,0.9,19,0.25442105263157894,0.40207148559946865,0.0,1.0,19,0.21652631578947368,0.37419430015568894,0.0,1.0,19,0.1611578947368421,0.1823480381510694,0.0,0.5,19
528,0.446,0.2200181810669291,0.086,0.81,21,0.5275714285714286,0.23584244135196944,0.114,0.914,21,0.21438095238095237,0.29583347954389416,0.0,0.909,21,0.13614285714285715,0.2772910538972157,0.0,1.0,21,0.10338095238095239,0.23646849181032054,0.0,0.8,21,0.21690476190476188,0.28555838365593555,0.0,1.0,21,0.08123809523809523,0.22382155945348628,0.0,1.0,21,0.1229047619047619,0.25170000094594847,0.0,1.0,21,0.1758095238095238,0.2869877382481034,0.0,0.857,21
529,0.63764,0.24799645158751768,0.0,0.9,25,0.32896000000000003,0.24826875222897732,0.077,0.975,25,0.32088,0.38907404179667393,0.0,1.0,25,0.08475999999999999,0.18049637115465783,0.0,0.714,25,0.07324,0.15818456519732468,0.0,0.5,25,0.24588000000000002,0.30004934594163013,0.0,1.0,25,0.15283999999999998,0.3044489119704651,0.0,1.0,25,0.07704,0.13427846687636358,0.0,0.5,25,0.25116,0.33454318106935016,0.0,1.0,25
530,0.6412222222222222,0.24429530172404962,0.088,0.853,9,0.3231111111111111,0.2515926491595315,0.091,0.882,9,0.6191111111111112,0.3193596892394391,0.0,0.966,9,0.079,0.11317685275708986,0.0,0.31,9,0.15766666666666668,0.22876024567218842,0.0,0.632,9,0.3245555555555556,0.32887995952593063,0.0,1.0,9,0.09922222222222223,0.17476539830425372,0.0,0.5,9,0.2078888888888889,0.21561913438076666,0.0,0.5,9,0.12199999999999998,0.17288146227979448,0.0,0.5,9
531,0.6076666666666667,0.2340544808372615,0.289,0.905,9,0.32411111111111107,0.23140896938345137,0.048,0.667,9,0.2816666666666667,0.20421740866047636,0.0,0.667,9,0.14555555555555555,0.1560073003989806,0.0,0.435,9,0.015111111111111112,0.030320968175688436,0.0,0.077,9,0.10888888888888888,0.0879807428424602,0.0,0.231,9,0.04711111111111112,0.11135241852385207,0.0,0.333,9,0.532888888888889,0.1650351814344781,0.333,0.864,9,0.12333333333333335,0.11655899793666726,0.0,0.333,9
532,0.6036666666666667,0.22220282455021861,0.086,0.854,15,0.36186666666666667,0.23590005954903465,0.077,0.886,15,0.37093333333333334,0.3770207396088948,0.0,1.0,15,0.101,0.20904647466874102,0.0,0.774,15,0.15566666666666668,0.19969142862593445,0.0,0.647,15,0.2313333333333333,0.254789175220463,0.0,1.0,15,0.085,0.1508376610797184,0.0,0.5,15,0.20980000000000001,0.2452092983555069,0.0,0.769,15,0.3092,0.3237331793755027,0.0,1.0,15
533,0.565625,0.2633129633471673,0.026,0.95,16,0.4050625,0.2677741507937862,0.0,0.974,16,0.4203125,0.389319700460517,0.0,1.0,16,0.198625,0.23452359511713675,0.0,0.625,16,0.0474375,0.09737280164399092,0.0,0.333,16,0.19825,0.22908702858666324,0.0,0.667,16,0.083625,0.113269516346338,0.0,0.333,16,0.1235,0.20833946657638666,0.0,0.583,16,0.21831250000000002,0.20427096995575916,0.0,0.667,16
534,0.5381333333333332,0.22086449196175426,0.167,0.822,15,0.3832666666666667,0.241493704936194,0.067,0.786,15,0.34159999999999996,0.21487431542315946,0.0,0.692,15,0.0752,0.08057312561535994,0.0,0.212,15,0.048133333333333334,0.05911111409476064,0.0,0.2,15,0.13973333333333335,0.12402330810126358,0.0,0.429,15,0.04753333333333333,0.09710441115967217,0.0,0.286,15,0.5596666666666666,0.22287333579754176,0.214,1.0,15,0.055799999999999995,0.06607160617736747,0.0,0.167,15
535,0.8432499999999999,0.09498815715656347,0.622,0.952,12,0.12225000000000001,0.09554068624032762,0.024,0.356,12,0.09483333333333333,0.2716822453239122,0.0,0.938,12,0.059666666666666666,0.17994561467961434,0.0,0.625,12,0.13849999999999998,0.2204959286369128,0.0,0.595,12,0.13608333333333333,0.16223745690882369,0.0,0.5,12,0.041666666666666664,0.09731236802019039,0.0,0.25,12,0.05358333333333334,0.14332129089651133,0.0,0.5,12,0.5215833333333334,0.34944305254175095,0.0,1.0,12
536,0.365375,0.33315919618104495,0.0,0.944,16,0.5969375,0.32985016168961734,0.028,1.0,16,0.635625,0.34314795156997024,0.0,1.0,16,0.26725,0.22963463734085648,0.0,0.647,16,0.012875,0.03295830699535399,0.0,0.125,16,0.26925,0.18418233719152693,0.0,0.667,16,0.099625,0.1795905992342955,0.0,0.55,16,0.3371875,0.24154067117844422,0.0,0.727,16,0.1810625,0.12299727300500067,0.0,0.4,16
537,0.7964545454545455,0.09868167371540029,0.591,0.907,11,0.17845454545454545,0.09644414304286562,0.07,0.364,11,0.12445454545454546,0.18297724647417973,0.0,0.5,11,0.08118181818181819,0.12216040126147114,0.0,0.333,11,0.2069090909090909,0.33966644065772955,0.0,1.0,11,0.1970909090909091,0.347705753344823,0.0,1.0,11,0.06827272727272728,0.14727599322977994,0.0,0.5,11,0.05936363636363637,0.10731474523780292,0.0,0.273,11,0.5582727272727273,0.3495371485004393,0.0,1.0,11
538,0.7066666666666667,0.2520664594903495,0.059,0.884,9,0.2427777777777778,0.24087070067661706,0.07,0.853,9,0.23666666666666666,0.3106392602360494,0.0,0.964,9,0.1501111111111111,0.25166020963018987,0.0,0.75,9,0.14144444444444446,0.2220557987934064,0.0,0.5,9,0.14988888888888888,0.2563720170204055,0.0,0.667,9,0.4267777777777778,0.49136640549028626,0.0,1.0,9,0.0,0.0,0.0,0.0,9,0.48877777777777776,0.2764094688038824,0.0,1.0,9
539,0.7036428571428572,0.22357535544070944,0.297,0.932,14,0.2632857142857143,0.23712976926680351,0.023,0.676,14,0.16328571428571428,0.26235924536096233,0.0,0.889,14,0.13207142857142856,0.26280073301786144,0.0,1.0,14,0.05871428571428571,0.14233731797358024,0.0,0.5,14,0.18007142857142858,0.2839592235856068,0.0,1.0,14,0.12092857142857143,0.3097166109863646,0.0,0.943,14,0.17685714285714285,0.36092186606881194,0.0,1.0,14,0.5012142857142857,0.3268394521359493,0.0,1.0,14
540,0.4264705882352941,0.3220619345807299,0.032,0.933,17,0.527,0.3309822502793768,0.0,0.935,17,0.5422941176470588,0.28137691907517093,0.0,0.917,17,0.2069411764705882,0.21437422611762216,0.0,0.71,17,0.061,0.08032123007026225,0.0,0.222,17,0.16947058823529412,0.13797604758030413,0.0,0.5,17,0.03058823529411765,0.09239592714476745,0.0,0.353,17,0.45829411764705885,0.23031765149079494,0.0,0.8,17,0.09335294117647058,0.14473982743895622,0.0,0.5,17
541,0.27545454545454545,0.21787306563059308,0.0,0.635,11,0.6920909090909091,0.23520521020821564,0.327,1.0,11,0.6045454545454546,0.27056325088095895,0.273,0.939,11,0.31381818181818183,0.21193622539897147,0.062,0.762,11,0.06336363636363636,0.08731697741822346,0.0,0.283,11,0.19745454545454547,0.09341130941846777,0.091,0.375,11,0.03418181818181818,0.04705490023752719,0.0,0.125,11,0.49699999999999994,0.14348031223829985,0.222,0.788,11,0.12545454545454546,0.12547060503270366,0.0,0.409,11
542,0.5065999999999999,0.2644647424516168,0.103,0.891,10,0.4554,0.27030320423965054,0.065,0.872,10,0.5683,0.30045596830299254,0.133,1.0,10,0.3266,0.3704484369577559,0.0,1.0,10,0.2083,0.2699794436619203,0.0,0.583,10,0.137,0.16551535679003726,0.0,0.5,10,0.1587,0.24390392006325404,0.0,0.667,10,0.1412,0.23602250363518776,0.0,0.643,10,0.2434,0.2372674065737269,0.0,0.667,10
543,0.728875,0.14233204387728618,0.524,0.977,8,0.200375,0.1472160099018737,0.023,0.476,8,0.08175,0.17738235537955854,0.0,0.5,8,0.067875,0.12005051020299748,0.0,0.333,8,0.09225,0.1273709430869425,0.0,0.25,8,0.1255,0.12924285003710761,0.0,0.4,8,0.008375,0.02368807716974934,0.0,0.067,8,0.18625,0.18547448804157868,0.0,0.5,8,0.273,0.2384850998640017,0.0,0.556,8
544,0.7349090909090908,0.20222270576587767,0.229,0.975,33,0.21472727272727274,0.20099942051024558,0.0,0.708,33,0.30842424242424243,0.3687051693344418,0.0,1.0,33,0.19296969696969699,0.28693395198726535,0.0,1.0,33,0.08433333333333333,0.1675523550018521,0.0,0.714,33,0.18233333333333335,0.2187030902083157,0.0,1.0,33,0.08066666666666666,0.21460860692587952,0.0,1.0,33,0.23263636363636364,0.25526515848498327,0.0,0.8,33,0.13445454545454547,0.22280612240649533,0.0,1.0,33
545,0.8145555555555556,0.09569889120453684,0.611,0.913,9,0.13077777777777777,0.11693671127770118,0.0,0.361,9,0.1428888888888889,0.2556953482390932,0.0,0.75,9,0.06966666666666667,0.11667047612828191,0.0,0.286,9,0.039,0.06049173497263902,0.0,0.143,9,0.3008888888888889,0.36216344529937183,0.0,1.0,9,0.10122222222222223,0.155204524561768,0.0,0.375,9,0.050333333333333334,0.10421372270483382,0.0,0.286,9,0.28411111111111115,0.245906712212398,0.0,0.667,9
546,0.62,0.227508241608958,0.229,0.884,11,0.33745454545454545,0.23093867741734542,0.07,0.75,11,0.3235454545454545,0.3886685898387889,0.0,1.0,11,0.33054545454545453,0.38835688834791215,0.0,1.0,11,0.03636363636363637,0.12060453783110545,0.0,0.4,11,0.11990909090909091,0.12968226906208463,0.0,0.333,11,0.26436363636363636,0.3738642193971691,0.0,1.0,11,0.1449090909090909,0.19097772359385506,0.0,0.5,11,0.35609090909090907,0.31880321659150634,0.0,1.0,11
547,0.6452727272727272,0.2739244753245284,0.026,0.942,11,0.33081818181818184,0.27354956340006037,0.019,0.923,11,0.2691818181818182,0.38130796429705427,0.0,1.0,11,0.10645454545454545,0.18386808512428884,0.0,0.438,11,0.08681818181818182,0.20182210888890156,0.0,0.667,11,0.07318181818181818,0.1501271582238325,0.0,0.5,11,0.12036363636363635,0.26877733264815046,0.0,0.833,11,0.1439090909090909,0.32079290969267216,0.0,1.0,11,0.11363636363636363,0.1674838933911394,0.0,0.444,11
548,0.6295294117647059,0.18437025168362262,0.321,0.884,17,0.3391764705882353,0.1874697426566877,0.07,0.675,17,0.3740588235294118,0.3061938664041614,0.0,1.0,17,0.21676470588235294,0.27413330001382646,0.0,1.0,17,0.1661176470588235,0.25711570409859763,0.0,0.765,17,0.2602941176470588,0.37872644558867985,0.0,1.0,17,0.12447058823529412,0.23245163949923509,0.0,0.714,17,0.17252941176470588,0.2552983836726789,0.0,1.0,17,0.26605882352941174,0.1957835126447817,0.0,0.6,17
549,0.6953,0.21305870343900782,0.265,0.929,10,0.2578,0.2079320401797985,0.048,0.676,10,0.3399,0.346149116871777,0.0,1.0,10,0.1384,0.16510145029311188,0.0,0.429,10,0.13720000000000002,0.23800177403633874,0.0,0.75,10,0.16760000000000003,0.17690059983567671,0.0,0.5,10,0.01,0.03162277660168379,0.0,0.1,10,0.33140000000000003,0.3159026572995056,0.0,1.0,10,0.0301,0.06355478826265658,0.0,0.158,10
550,0.6345384615384616,0.24799886269383556,0.286,0.955,13,0.29653846153846153,0.24229514212512784,0.0,0.643,13,0.2682307692307692,0.3393693056848625,0.0,1.0,13,0.12199999999999998,0.19569406395357694,0.0,0.5,13,0.10123076923076924,0.12549910613636117,0.0,0.378,13,0.18023076923076922,0.2351188188434924,0.0,0.75,13,0.021384615384615387,0.05343615889005382,0.0,0.167,13,0.33199999999999996,0.2964551680552503,0.0,0.882,13,0.10769230769230768,0.15744807853987114,0.0,0.5,13
551,0.5890666666666667,0.2699921868358063,0.032,0.849,15,0.3522666666666667,0.2701767851575987,0.019,0.871,15,0.4468666666666667,0.32490984830227837,0.0,1.0,15,0.1064,0.14080320613232802,0.0,0.407,15,0.08113333333333334,0.10444675107213153,0.0,0.286,15,0.12773333333333334,0.13269808194688026,0.0,0.375,15,0.048866666666666676,0.10524452253589982,0.0,0.333,15,0.27513333333333334,0.2831238665487666,0.0,0.75,15,0.2584666666666667,0.16850895129537383,0.0,0.6,15
552,0.8430869565217393,0.05372058437666843,0.721,0.923,23,0.10808695652173914,0.05374680797581315,0.042,0.227,23,0.13043478260869565,0.18443102334352945,0.0,0.5,23,0.07921739130434782,0.16328724175561943,0.0,0.556,23,0.11195652173913044,0.1816769055871313,0.0,0.5,23,0.21,0.3127383454699355,0.0,1.0,23,0.04708695652173913,0.12339069990130694,0.0,0.5,23,0.053217391304347834,0.13038961075517244,0.0,0.4,23,0.5132173913043478,0.26603416672602914,0.0,1.0,23
553,0.5767777777777777,0.24427534555178596,0.159,0.911,9,0.4026666666666667,0.24807105836836346,0.054,0.818,9,0.48188888888888887,0.32626999725857586,0.1,1.0,9,0.11977777777777779,0.16130853803951126,0.0,0.4,9,0.17300000000000001,0.24646703633549052,0.0,0.63,9,0.1567777777777778,0.1492345283251984,0.0,0.429,9,0.2018888888888889,0.36921485765216855,0.0,1.0,9,0.19311111111111112,0.12291505648662866,0.0,0.4,9,0.06422222222222224,0.09365065106257642,0.0,0.278,9
554,0.2589,0.22622626333434903,0.0,0.657,10,0.712,0.24601445305329345,0.286,1.0,10,0.7037,0.34149086534065753,0.0,1.0,10,0.2609,0.27491148070282956,0.0,0.826,10,0.046200000000000005,0.07562891863125727,0.0,0.222,10,0.21480000000000002,0.19132566767454678,0.0,0.5,10,0.0765,0.16183067282399424,0.0,0.5,10,0.4237,0.2683906978020413,0.0,1.0,10,0.1044,0.07516234281724977,0.0,0.261,10
555,0.5298,0.2776725203750428,0.103,0.917,15,0.4372,0.28287054080823415,0.056,0.897,15,0.49606666666666666,0.36157600794827294,0.0,1.0,15,0.19106666666666666,0.22509600068372945,0.0,0.65,15,0.0528,0.10785718070008797,0.0,0.35,15,0.1678,0.19213358448151197,0.0,0.5,15,0.2294,0.28284569240892765,0.0,1.0,15,0.13253333333333334,0.21088008327912222,0.0,0.545,15,0.14659999999999998,0.16085032972123053,0.0,0.444,15
556,0.4067857142857143,0.25488856647304,0.047,0.791,14,0.5750714285714286,0.2507507080397134,0.163,0.926,14,0.6646428571428571,0.3028232810740277,0.0,1.0,14,0.2040714285714286,0.19505559928693875,0.0,0.667,14,0.09064285714285714,0.19807015351709534,0.0,0.719,14,0.12771428571428572,0.176764262212712,0.0,0.6,14,0.08407142857142857,0.16849399180601451,0.0,0.444,14,0.19985714285714287,0.2730770128462939,0.0,1.0,14,0.18764285714285714,0.22075590666994693,0.0,0.64,14
557,0.40185000000000004,0.3264846695844756,0.0,0.974,20,0.57415,0.3307452947511121,0.0,1.0,20,0.55125,0.40995595077879693,0.0,1.0,20,0.28545,0.2994745354256703,0.0,0.872,20,0.0606,0.11973057473475932,0.0,0.409,20,0.252,0.2701707062697875,0.0,1.0,20,0.2222,0.2962864190361468,0.0,1.0,20,0.133,0.1621299024336902,0.0,0.5,20,0.28864999999999996,0.27868040079896844,0.0,0.763,20
558,0.6028888888888889,0.35385888587276015,0.053,0.927,9,0.3672222222222222,0.33909319433519225,0.049,0.911,9,0.4846666666666667,0.38751645126368506,0.0,0.919,9,0.23955555555555552,0.26359633490960716,0.0,0.739,9,0.13344444444444445,0.23199197783065212,0.0,0.667,9,0.30033333333333334,0.3150361090414875,0.0,1.0,9,0.12966666666666668,0.3310151053955091,0.0,1.0,9,0.18566666666666667,0.2087498502993475,0.0,0.5,9,0.17755555555555558,0.16375676406725242,0.0,0.429,9
559,0.620625,0.23920818040240296,0.189,0.915,8,0.329625,0.25550283056860923,0.043,0.784,8,0.30674999999999997,0.3740361899984698,0.0,0.966,8,0.48162499999999997,0.3047457664067823,0.0,1.0,8,0.13337500000000002,0.19848637052884585,0.0,0.467,8,0.125,0.2815771906346718,0.0,0.8,8,0.083375,0.2358201115257136,0.0,0.667,8,0.1,0.1511857892036909,0.0,0.4,8,0.14350000000000002,0.14784547918108865,0.0,0.4,8
560,0.5039444444444444,0.2500154047541453,0.023,0.854,18,0.4518333333333333,0.27539495702162226,0.049,0.977,18,0.5384444444444445,0.3623312138040719,0.0,1.0,18,0.15783333333333333,0.22223920605033295,0.0,0.75,18,0.09605555555555556,0.15275912304410041,0.0,0.5,18,0.22027777777777777,0.32022470154115873,0.0,1.0,18,0.0455,0.09592598249508345,0.0,0.333,18,0.25555555555555554,0.2768784448139912,0.0,0.889,18,0.07277777777777777,0.13339660263579145,0.0,0.526,18
561,0.8304333333333334,0.08452368912315947,0.558,0.922,30,0.12543333333333334,0.08367081777493535,0.02,0.419,30,0.09753333333333333,0.16991209356673198,0.0,0.5,30,0.04,0.08595869096097344,0.0,0.25,30,0.0916,0.1760467414421914,0.0,0.679,30,0.14503333333333332,0.31230085884733266,0.0,1.0,30,0.19393333333333332,0.3195308989789546,0.0,1.0,30,0.11423333333333334,0.2712603639632434,0.0,1.0,30,0.48516666666666663,0.3033053637477599,0.0,1.0,30
562,0.5389333333333333,0.2536649834122238,0.098,0.864,15,0.43973333333333336,0.2509961487088331,0.114,0.854,15,0.14486666666666667,0.26332106059406063,0.0,0.857,15,0.2978,0.390934448286593,0.0,1.0,15,0.031733333333333336,0.09111724524453306,0.0,0.333,15,0.2456,0.3249243428421893,0.0,1.0,15,0.09993333333333335,0.23389053198533058,0.0,0.833,15,0.09359999999999999,0.18603294639083998,0.0,0.5,15,0.33573333333333333,0.38280029606397464,0.0,1.0,15
563,0.6130833333333333,0.19361463991103253,0.278,0.865,12,0.35175,0.20392695884912948,0.038,0.722,12,0.2735,0.311263845986298,0.0,0.909,12,0.15641666666666668,0.18614777039825758,0.0,0.529,12,0.06491666666666666,0.12658842280350438,0.0,0.375,12,0.16416666666666666,0.30237028273093886,0.0,1.0,12,0.2105,0.34725089174569707,0.0,1.0,12,0.2314166666666667,0.319379357884044,0.0,1.0,12,0.3595833333333333,0.32579091407982774,0.0,0.889,12
564,0.46820000000000006,0.27619751386764263,0.0,0.841,10,0.4920999999999999,0.2763244670873557,0.114,0.955,10,0.5791999999999999,0.2260274319634676,0.263,1.0,10,0.1599,0.15407029420221005,0.0,0.444,10,0.0458,0.06892959370900782,0.0,0.2,10,0.2251,0.10652746124826216,0.059,0.429,10,0.0874,0.12705309476313,0.0,0.333,10,0.3706,0.2053264068095805,0.111,0.778,10,0.12,0.10536286505848887,0.0,0.3,10
565,0.7065555555555556,0.2560791435821702,0.061,0.95,9,0.24644444444444444,0.24991604145748184,0.0,0.879,9,0.3771111111111111,0.31522787172315697,0.0,0.966,9,0.08633333333333333,0.12584414964550397,0.0,0.333,9,0.218,0.3367517631728155,0.0,1.0,9,0.21955555555555556,0.34414681137238184,0.0,1.0,9,0.2777777777777778,0.39299420408505326,0.0,1.0,9,0.0,0.0,0.0,0.0,9,0.3582222222222222,0.26919220725058973,0.0,0.75,9
566,0.6247777777777778,0.26883026693120077,0.07,0.936,18,0.3335555555555556,0.27935560770379314,0.05,0.93,18,0.3635,0.393011487633332,0.0,1.0,18,0.049333333333333326,0.0811346013080225,0.0,0.25,18,0.13405555555555557,0.19726526548614753,0.0,0.5,18,0.20244444444444445,0.31480791944261954,0.0,1.0,18,0.1495,0.2793549818463114,0.0,1.0,18,0.15916666666666665,0.2550112454267804,0.0,0.833,18,0.3826111111111111,0.3607991357249478,0.0,1.0,18
567,0.81575,0.14897862408675483,0.367,1.0,24,0.12420833333333335,0.13649111427255006,0.0,0.633,24,0.113375,0.19489904019662393,0.0,0.667,24,0.10575,0.21860073789604567,0.0,0.941,24,0.11866666666666666,0.14950720984989802,0.0,0.417,24,0.21175,0.3104672845608836,0.0,1.0,24,0.05416666666666667,0.1268328810291122,0.0,0.5,24,0.07920833333333334,0.1446383733936849,0.0,0.5,24,0.383875,0.31871771788787046,0.0,1.0,24
568,0.37899999999999995,0.33156417176769865,0.0,0.865,11,0.5811818181818181,0.33853768421900043,0.065,0.981,11,0.6764545454545454,0.405332052430193,0.0,1.0,11,0.2792727272727273,0.33861691951498546,0.0,0.857,11,0.09090909090909091,0.30151134457776363,0.0,1.0,11,0.18127272727272728,0.1907826464378199,0.0,0.5,11,0.22354545454545455,0.30249441767952134,0.0,1.0,11,0.15672727272727272,0.22094709362609452,0.0,0.5,11,0.2570909090909091,0.22861603379704346,0.0,0.646,11
569,0.4777857142857143,0.2681668023123553,0.024,0.885,28,0.5041785714285715,0.27097738781860503,0.096,0.976,28,0.4665714285714286,0.3680041695185923,0.0,1.0,28,0.2622857142857143,0.2774707001072175,0.0,0.926,28,0.0822857142857143,0.14510375780489124,0.0,0.6,28,0.15825,0.20779737726930048,0.0,0.6,28,0.12928571428571428,0.24950808747270242,0.0,0.857,28,0.14810714285714285,0.19519341581293048,0.0,0.667,28,0.20585714285714288,0.19790190504682875,0.0,0.6,28
570,0.486,0.22883102141894215,0.029,0.846,12,0.47858333333333336,0.22957963891874342,0.077,0.971,12,0.27775,0.34511503352307965,0.0,1.0,12,0.31916666666666665,0.3946719773393719,0.0,1.0,12,0.15625,0.1871077108366875,0.0,0.556,12,0.219,0.2808519506462759,0.0,1.0,12,0.08341666666666668,0.1425300340491807,0.0,0.4,12,0.13483333333333333,0.19316541819870037,0.0,0.667,12,0.1985,0.269240514309148,0.0,0.667,12
571,0.372625,0.28224856066949217,0.0,0.886,16,0.59375,0.29137227047198566,0.045,0.969,16,0.684875,0.30232474261958775,0.0,1.0,16,0.184375,0.17229775583758097,0.0,0.5,16,0.05425000000000001,0.09021862335460457,0.0,0.333,16,0.2894375,0.3020845287332669,0.0,1.0,16,0.03125,0.08732124598286489,0.0,0.3,16,0.3843125,0.21428228072645983,0.0,0.7,16,0.0640625,0.07831855357023222,0.0,0.278,16
572,0.5689285714285715,0.2937805209769608,0.143,0.925,14,0.37557142857142856,0.306773711210902,0.024,0.816,14,0.4497857142857143,0.4199315289556013,0.0,1.0,14,0.11557142857142856,0.17761137969680374,0.0,0.571,14,0.12178571428571429,0.21408847149338428,0.0,0.774,14,0.19935714285714284,0.21186846686741104,0.0,0.8,14,0.07464285714285714,0.18087845776519795,0.0,0.667,14,0.22628571428571428,0.32002365983961695,0.0,1.0,14,0.13842857142857143,0.1457546485791022,0.0,0.5,14
573,0.258,0.26603571188846054,0.0,0.694,9,0.7146666666666667,0.27494999545371884,0.278,1.0,9,0.7893333333333333,0.2357286575705211,0.4,1.0,9,0.06266666666666668,0.040610959112042655,0.0,0.119,9,0.0,0.0,0.0,0.0,9,0.2511111111111111,0.27250616710656494,0.0,0.667,9,0.11022222222222222,0.13728326352634704,0.0,0.4,9,0.42933333333333334,0.37032114441387226,0.0,1.0,9,0.16899999999999998,0.14693876275510148,0.0,0.41,9
574,0.37564285714285717,0.28994630992196235,0.043,0.837,14,0.6036428571428571,0.2927350093758615,0.14,0.957,14,0.5562857142857143,0.40138499235511044,0.0,1.0,14,0.18371428571428572,0.16020248176865165,0.0,0.542,14,0.017285714285714286,0.05376648737675882,0.0,0.2,14,0.2722857142857143,0.28241797408789704,0.0,1.0,14,0.027,0.05987422715094599,0.0,0.2,14,0.4150714285714286,0.31208269719756954,0.0,1.0,14,0.05007142857142858,0.0727635414684646,0.0,0.25,14
575,0.3666842105263158,0.2313030846293761,0.0,0.765,19,0.5821578947368421,0.25836758120465475,0.088,1.0,19,0.646157894736842,0.2566502728872491,0.0,1.0,19,0.30310526315789477,0.2567099302794763,0.0,0.765,19,0.020157894736842107,0.04128123485165134,0.0,0.125,19,0.1811578947368421,0.22458264085431762,0.0,1.0,19,0.014947368421052633,0.04125324725832774,0.0,0.167,19,0.42694736842105263,0.27602283997367777,0.0,0.882,19,0.11557894736842106,0.14051979527987177,0.0,0.5,19
576,0.48625,0.28120064011306944,0.054,0.9,16,0.4856875,0.28872725740162924,0.093,0.946,16,0.29075,0.3479924328679193,0.0,1.0,16,0.0984375,0.19800436653434356,0.0,0.625,16,0.09375,0.2719528145346786,0.0,1.0,16,0.1623125,0.2886766862194914,0.0,1.0,16,0.015625,0.0625,0.0,0.25,16,0.1189375,0.2230839808233662,0.0,0.667,16,0.1841875,0.29172000702728634,0.0,1.0,16
577,0.6810666666666666,0.27134860726870635,0.133,0.955,15,0.28340000000000004,0.26472783867857297,0.0,0.867,15,0.33493333333333336,0.3118826397098449,0.0,0.897,15,0.30706666666666665,0.40050369476923625,0.0,1.0,15,0.12233333333333334,0.2284136806844317,0.0,0.773,15,0.1364,0.1968715317154819,0.0,0.5,15,0.12406666666666667,0.1969838523718076,0.0,0.5,15,0.10600000000000001,0.1797172382223968,0.0,0.5,15,0.24953333333333336,0.30885199105874706,0.0,1.0,15
578,0.6553333333333333,0.2331448047887836,0.205,0.932,9,0.2867777777777778,0.24146313268166725,0.023,0.727,9,0.2743333333333333,0.31360923136923124,0.0,0.758,9,0.20522222222222222,0.3024255188380181,0.0,0.939,9,0.052333333333333336,0.13247263868437137,0.0,0.4,9,0.09677777777777778,0.11700724099150636,0.0,0.333,9,0.037000000000000005,0.11100000000000002,0.0,0.333,9,0.2986666666666667,0.2717107837388866,0.0,0.667,9,0.03233333333333334,0.0697065276713738,0.0,0.2,9
579,0.62825,0.16204505546297918,0.367,0.919,16,0.3290625,0.16722299233857368,0.081,0.612,16,0.20650000000000002,0.20764007320360875,0.0,0.5,16,0.2273125,0.3179355739244457,0.0,1.0,16,0.061,0.11999555547324799,0.0,0.375,16,0.156875,0.2506279779540451,0.0,1.0,16,0.0573125,0.1573390050178277,0.0,0.5,16,0.4393125,0.308228425846806,0.0,1.0,16,0.11081250000000001,0.1502523294328577,0.0,0.5,16
580,0.7119166666666666,0.1943663169160623,0.424,0.931,12,0.26566666666666666,0.19316800663639616,0.04,0.576,12,0.2634166666666667,0.34738358634311733,0.0,1.0,12,0.23116666666666666,0.37511036759704186,0.0,1.0,12,0.12658333333333335,0.18322537454945448,0.0,0.52,12,0.10408333333333335,0.15526133882371793,0.0,0.333,12,0.22916666666666666,0.40693641078704473,0.0,1.0,12,0.08866666666666667,0.16328131515512692,0.0,0.5,12,0.41525000000000006,0.41820984836888675,0.0,1.0,12
581,0.4854545454545454,0.2788649722128484,0.0,0.868,11,0.47200000000000003,0.2845832040019228,0.053,0.929,11,0.5249090909090909,0.3010632672862814,0.0,1.0,11,0.12281818181818181,0.0831225819880713,0.0,0.281,11,0.03327272727272727,0.06268666669889364,0.0,0.167,11,0.12436363636363637,0.16567756198548597,0.0,0.5,11,0.1999090909090909,0.2604133078571272,0.0,0.636,11,0.4467272727272727,0.33366992399947915,0.0,1.0,11,0.07281818181818182,0.08827889689140682,0.0,0.2,11
582,0.8548666666666667,0.07828233395552159,0.683,0.977,15,0.091,0.07010196655077312,0.0,0.281,15,0.07666666666666666,0.16568760047867478,0.0,0.5,15,0.04666666666666666,0.13557637102737477,0.0,0.5,15,0.11793333333333335,0.14012773084718438,0.0,0.333,15,0.11026666666666668,0.16579396278284111,0.0,0.5,15,0.16026666666666667,0.2827703426221828,0.0,1.0,15,0.1316,0.18861517890744028,0.0,0.5,15,0.49766666666666665,0.344275982869779,0.0,1.0,15
583,0.4432222222222222,0.2371169425503889,0.143,0.854,9,0.5111111111111111,0.24423781670967973,0.073,0.857,9,0.5266666666666667,0.34490107277304893,0.0,1.0,9,0.27355555555555555,0.3197104592874274,0.0,1.0,9,0.04722222222222223,0.09642584946187639,0.0,0.258,9,0.14244444444444446,0.133643285569376,0.0,0.4,9,0.11466666666666667,0.3321686318724272,0.0,1.0,9,0.4568888888888889,0.2422072689064288,0.0,0.714,9,0.076,0.10281536850101741,0.0,0.278,9
584,0.3375625,0.2575787177414573,0.0,0.917,16,0.619,0.27338446676186023,0.056,0.973,16,0.6390625,0.36940194346177085,0.0,1.0,16,0.1703125,0.24028724997385945,0.0,0.917,16,0.047125,0.12551912204919216,0.0,0.5,16,0.158,0.21260040765091054,0.0,0.75,16,0.1045625,0.17531950595032678,0.0,0.6,16,0.3105,0.32266969695546766,0.0,1.0,16,0.1223125,0.1858726154296718,0.0,0.75,16
585,0.6820909090909091,0.18526869921573616,0.375,0.886,11,0.27445454545454545,0.18760936204590836,0.07,0.575,11,0.2731818181818182,0.2577160523451414,0.0,0.789,11,0.034545454545454546,0.05028392116047362,0.0,0.125,11,0.1309090909090909,0.2758718740812316,0.0,0.829,11,0.13545454545454547,0.16911910810808084,0.0,0.5,11,0.07881818181818182,0.19051342114497768,0.0,0.6,11,0.33745454545454545,0.3577676239226696,0.0,1.0,11,0.10327272727272728,0.20152919932808291,0.0,0.636,11
586,0.8476956521739131,0.05465880514827555,0.698,0.933,23,0.10934782608695652,0.035263435473914403,0.044,0.174,23,0.11560869565217391,0.19740630438731616,0.0,0.6,23,0.060521739130434786,0.122728402864069,0.0,0.333,23,0.12956521739130436,0.18331240747744781,0.0,0.5,23,0.16604347826086957,0.26906901417173956,0.0,1.0,23,0.09926086956521739,0.23710147758277839,0.0,1.0,23,0.10643478260869565,0.1356210717359741,0.0,0.417,23,0.5702608695652174,0.260390129925936,0.0,1.0,23
587,0.46655555555555556,0.30270918333146524,0.0,0.889,18,0.5083888888888889,0.30555275637458185,0.044,0.977,18,0.464,0.45962299128486495,0.0,1.0,18,0.29277777777777775,0.3410110495976815,0.0,1.0,18,0.10183333333333333,0.24843374072257526,0.0,1.0,18,0.21344444444444444,0.27897527240667597,0.0,1.0,18,0.11166666666666665,0.25597426341218715,0.0,1.0,18,0.21294444444444446,0.3185861176810518,0.0,1.0,18,0.1675,0.21062770333402184,0.0,0.552,18
588,0.7972608695652174,0.10913636898657166,0.472,0.951,23,0.1482608695652174,0.11181202463847499,0.0,0.5,23,0.15,0.16754321016599652,0.0,0.5,23,0.043565217391304346,0.09728114181772171,0.0,0.4,23,0.13478260869565217,0.2106526560525081,0.0,0.615,23,0.2203478260869565,0.33920771441373,0.0,1.0,23,0.15260869565217391,0.3155919026398772,0.0,1.0,23,0.03143478260869566,0.10479452886783934,0.0,0.4,23,0.4350869565217391,0.3213709147109215,0.0,1.0,23
589,0.628,0.3790616233354602,0.079,0.933,8,0.34575,0.4013380299519525,0.0,0.921,8,0.378875,0.4649225549947616,0.0,1.0,8,0.09525,0.1782251785963877,0.0,0.429,8,0.052875,0.11167483090268307,0.0,0.312,8,0.28475,0.30175711614286277,0.0,0.778,8,0.013875,0.03924442635585339,0.0,0.111,8,0.111875,0.1944240119650128,0.0,0.5,8,0.267875,0.35721239680135886,0.0,1.0,8
590,0.689,0.26726567526801975,0.0,0.978,18,0.2574444444444445,0.274865362168938,0.0,0.952,18,0.2803888888888889,0.37941722167631653,0.0,1.0,18,0.238,0.34838653313609613,0.0,1.0,18,0.043555555555555556,0.10190781429497488,0.0,0.32,18,0.26616666666666666,0.31276494650888526,0.0,1.0,18,0.125,0.28230584165988154,0.0,1.0,18,0.26588888888888884,0.27541153995406453,0.0,1.0,18,0.22355555555555556,0.24196456284588994,0.0,0.8,18
591,0.7223076923076923,0.24643372646304224,0.0,1.0,26,0.2351923076923077,0.25919506464912007,0.0,1.0,26,0.3025769230769231,0.38744446549944916,0.0,1.0,26,0.2215,0.3128213867369045,0.0,1.0,26,0.032692307692307694,0.0857642206194491,0.0,0.385,26,0.18503846153846154,0.2570830964134718,0.0,1.0,26,0.06961538461538462,0.1529917845959258,0.0,0.636,26,0.18396153846153848,0.30914585305570325,0.0,1.0,26,0.3230384615384615,0.3139761112911912,0.0,1.0,26
592,0.540972972972973,0.2930771121969331,0.0,0.881,37,0.42305405405405405,0.30028319466296644,0.071,0.973,37,0.5382972972972974,0.34017976170000214,0.0,0.978,37,0.0964054054054054,0.1380777678338188,0.0,0.533,37,0.07391891891891893,0.13797028230310612,0.0,0.538,37,0.19616216216216217,0.20290508365482854,0.0,1.0,37,0.15462162162162163,0.25040881588928754,0.0,1.0,37,0.2799189189189189,0.24184469056473898,0.0,1.0,37,0.17516216216216215,0.19896796413179374,0.0,1.0,37
593,0.5784117647058824,0.282238166010448,0.0,0.905,17,0.3801764705882353,0.29247163009728777,0.048,0.972,17,0.5317058823529411,0.3409319515507974,0.0,1.0,17,0.13141176470588234,0.2474338443967219,0.0,0.871,17,0.041,0.10241887033159466,0.0,0.4,17,0.1647058823529412,0.1995068184003627,0.0,0.667,17,0.22429411764705884,0.292788269212131,0.0,1.0,17,0.24141176470588235,0.2597864649148242,0.0,1.0,17,0.13711764705882354,0.1699264114083436,0.0,0.647,17
594,0.7052222222222222,0.31827377278758684,0.054,0.909,9,0.2584444444444445,0.32864841058154803,0.044,0.929,9,0.34144444444444444,0.341479908307616,0.0,0.98,9,0.0977777777777778,0.143017287222365,0.0,0.333,9,0.1111111111111111,0.18162078931419473,0.0,0.5,9,0.10444444444444445,0.17826953687542293,0.0,0.5,9,0.19066666666666668,0.3231679130111775,0.0,1.0,9,0.09811111111111111,0.16399805215645433,0.0,0.5,9,0.17577777777777778,0.2245065576869514,0.0,0.5,9
595,0.6020833333333333,0.2634058252732441,0.03,0.864,12,0.35433333333333333,0.2676980433702167,0.091,0.939,12,0.39641666666666664,0.3475191187241184,0.0,1.0,12,0.29433333333333334,0.2791237370881606,0.0,0.889,12,0.0405,0.08020598481410225,0.0,0.25,12,0.331,0.33414232133791566,0.0,1.0,12,0.12516666666666668,0.1968094756280035,0.0,0.5,12,0.151,0.30711886949518424,0.0,1.0,12,0.2981666666666667,0.30473679651711766,0.0,1.0,12
596,0.4445454545454545,0.3433241510981607,0.025,0.976,11,0.531,0.34070485761139363,0.024,0.95,11,0.6025454545454546,0.3964387376723833,0.0,1.0,11,0.12336363636363636,0.16693248499155144,0.0,0.459,11,0.034272727272727274,0.0759974879967633,0.0,0.25,11,0.2883636363636363,0.38828089644670205,0.0,1.0,11,0.20645454545454545,0.3970116783260572,0.0,1.0,11,0.14745454545454545,0.2304419074892254,0.0,0.6,11,0.1490909090909091,0.15730254578070538,0.0,0.433,11
597,0.7647777777777778,0.2453263266262871,0.044,0.935,18,0.1916111111111111,0.2514574315252604,0.022,0.933,18,0.37233333333333335,0.352696503426688,0.0,1.0,18,0.2493333333333333,0.28037978445211015,0.0,0.714,18,0.0,0.0,0.0,0.0,18,0.2947222222222222,0.30671903325271016,0.0,1.0,18,0.05555555555555555,0.13707972013832903,0.0,0.5,18,0.26422222222222225,0.28724852030654685,0.0,1.0,18,0.25077777777777777,0.25641270858555937,0.0,0.714,18
598,0.7798148148148148,0.14747725692642003,0.481,0.972,27,0.18996296296296297,0.15079672550043127,0.0,0.519,27,0.15314814814814814,0.21893443059574916,0.0,0.667,27,0.1554074074074074,0.30088155850884624,0.0,1.0,27,0.109,0.1736716619193994,0.0,0.667,27,0.225,0.3633195245552831,0.0,1.0,27,0.13066666666666668,0.25829738376828065,0.0,0.923,27,0.0821851851851852,0.2114830484272434,0.0,1.0,27,0.5175555555555555,0.3489879139777825,0.0,1.0,27
599,0.7697368421052632,0.210363928600272,0.045,0.927,19,0.18552631578947368,0.2139692003851262,0.036,0.909,19,0.15042105263157896,0.22162263116224132,0.0,0.821,19,0.15342105263157896,0.22131132314995985,0.0,0.897,19,0.15168421052631578,0.23190851947159846,0.0,0.762,19,0.08942105263157896,0.16171659565406857,0.0,0.5,19,0.196,0.3290514988400583,0.0,1.0,19,0.11010526315789475,0.23690642661346323,0.0,1.0,19,0.6038947368421053,0.2629598395059262,0.0,1.0,19
600,0.4129473684210526,0.23424737012260508,0.02,0.805,19,0.5612631578947368,0.23401444449845002,0.163,0.959,19,0.4336842105263158,0.39148535556995107,0.0,1.0,19,0.17894736842105263,0.2527272296994903,0.0,1.0,19,0.09221052631578948,0.19305168534973807,0.0,0.556,19,0.30110526315789476,0.31548919592996844,0.0,1.0,19,0.1887894736842105,0.3206695389593066,0.0,1.0,19,0.06568421052631579,0.15802603605158055,0.0,0.5,19,0.26363157894736844,0.24310267847290729,0.0,0.696,19
601,0.40725,0.3038033903694954,0.0,0.767,8,0.559875,0.31924349752858827,0.209,1.0,8,0.607375,0.31330219893441996,0.125,1.0,8,0.191,0.2773620635301704,0.0,0.633,8,0.0625,0.1239400776873359,0.0,0.333,8,0.120875,0.15302795029480262,0.0,0.4,8,0.171125,0.223660736384373,0.0,0.619,8,0.23175,0.33482564759246614,0.0,1.0,8,0.29974999999999996,0.1631246236996207,0.0,0.5,8
602,0.589076923076923,0.3035005752717504,0.047,0.953,39,0.3782051282051282,0.31637512540180757,0.023,0.953,39,0.4198461538461538,0.3784280184951773,0.0,1.0,39,0.23766666666666666,0.28111388714159896,0.0,1.0,39,0.08097435897435898,0.15607142210834238,0.0,0.667,39,0.1612051282051282,0.24888997563784976,0.0,1.0,39,0.21074358974358973,0.3036236172379701,0.0,1.0,39,0.15010256410256412,0.23370570730050924,0.0,0.75,39,0.29115384615384615,0.25020418382440945,0.0,1.0,39
603,0.722875,0.17905261597003905,0.452,0.907,8,0.18775,0.1562276269696606,0.047,0.518,8,0.154125,0.18930431849273804,0.0,0.5,8,0.0875,0.18077215335491092,0.0,0.5,8,0.03575,0.1011162697096763,0.0,0.286,8,0.017875,0.05055813485483815,0.0,0.143,8,0.072875,0.1367494450236845,0.0,0.333,8,0.0595,0.12131187670039331,0.0,0.333,8,0.427875,0.34834483633319446,0.0,1.0,8
604,0.8223529411764706,0.08755565456930137,0.58,0.9,17,0.14364705882352943,0.0983837773571376,0.025,0.42,17,0.12011764705882352,0.21637435220958523,0.0,0.727,17,0.08270588235294118,0.14011904077688836,0.0,0.4,17,0.14723529411764708,0.22274130999091882,0.0,0.6,17,0.09894117647058823,0.2489609584323,0.0,1.0,17,0.176,0.3369744055562678,0.0,1.0,17,0.03923529411764706,0.1617712618992341,0.0,0.667,17,0.5252941176470588,0.31435285999690743,0.0,1.0,17
605,0.5705714285714285,0.29271401487713994,0.1,0.85,14,0.4107857142857143,0.2850970627081857,0.125,0.872,14,0.3100714285714286,0.30157470417427623,0.0,0.862,14,0.21007142857142855,0.27641258578874006,0.0,0.714,14,0.06607142857142857,0.1369657252385059,0.0,0.5,14,0.13192857142857142,0.16551433323278836,0.0,0.5,14,0.10607142857142858,0.23603991327599802,0.0,0.778,14,0.23521428571428574,0.2911505501577197,0.0,1.0,14,0.34935714285714287,0.3458237895324632,0.0,1.0,14
606,0.3962222222222222,0.14810872507872194,0.25,0.588,9,0.5847777777777777,0.16568703764762183,0.371,0.75,9,0.45355555555555555,0.36472390623288975,0.0,1.0,9,0.2667777777777778,0.28992360104766296,0.0,0.8,9,0.030333333333333337,0.091,0.0,0.273,9,0.33322222222222225,0.35954477390784645,0.0,1.0,9,0.30088888888888893,0.3519344557032049,0.0,1.0,9,0.059222222222222225,0.12212880268161334,0.0,0.333,9,0.2027777777777778,0.24782391822510685,0.0,0.667,9
607,0.708,0.26703822154273327,0.043,0.911,18,0.22238888888888889,0.26105986216572424,0.0,0.913,18,0.36044444444444446,0.391454936512827,0.0,1.0,18,0.11377777777777778,0.20281157744988923,0.0,0.6,18,0.0778888888888889,0.1886870701916704,0.0,0.733,18,0.16116666666666665,0.18420201506210832,0.0,0.5,18,0.030333333333333337,0.09844496820409808,0.0,0.4,18,0.35533333333333333,0.3435301168405335,0.0,1.0,18,0.11888888888888889,0.16350531162046258,0.0,0.586,18
608,0.74,0.1954309340918167,0.325,0.917,9,0.198,0.20893360189304164,0.042,0.65,9,0.2506666666666667,0.33164928765188084,0.0,0.957,9,0.29155555555555557,0.38120667331223074,0.0,0.926,9,0.12266666666666667,0.19761262611483102,0.0,0.483,9,0.2843333333333333,0.20376395657721216,0.0,0.5,9,0.1111111111111111,0.23576123750759181,0.0,0.667,9,0.19566666666666666,0.22813756814694064,0.0,0.5,9,0.41333333333333333,0.33389182379926585,0.0,1.0,9
609,0.7011111111111111,0.2393937365745209,0.244,0.884,9,0.24833333333333332,0.27485496175255775,0.0,0.756,9,0.4664444444444445,0.4034042981647293,0.0,1.0,9,0.08733333333333333,0.13365159931703025,0.0,0.4,9,0.09255555555555556,0.14308660935872994,0.0,0.333,9,0.20055555555555554,0.1928478098858729,0.0,0.5,9,0.1388888888888889,0.32956199888808646,0.0,1.0,9,0.35733333333333334,0.3521757373812115,0.0,1.0,9,0.10266666666666667,0.21938379611995049,0.0,0.667,9
610,0.6754285714285714,0.2240500336585951,0.079,0.891,14,0.2952857142857143,0.22542623851492757,0.109,0.921,14,0.3008571428571428,0.35952144627222216,0.0,1.0,14,0.11914285714285713,0.21798301173851464,0.0,0.788,14,0.03492857142857143,0.10533497066006164,0.0,0.389,14,0.17157142857142857,0.1715847914569956,0.0,0.5,14,0.19114285714285714,0.23462207160349702,0.0,0.667,14,0.024999999999999998,0.07002746713858896,0.0,0.25,14,0.4223571428571429,0.24255201096255216,0.0,0.8,14
611,0.5893333333333334,0.32348338442646485,0.024,0.894,9,0.38077777777777777,0.320913063686171,0.085,0.976,9,0.2707777777777778,0.3633300076300393,0.0,0.975,9,0.23244444444444445,0.30157715062281787,0.0,0.692,9,0.0047777777777777775,0.014333333333333333,0.0,0.043,9,0.07400000000000001,0.1468391977640848,0.0,0.333,9,0.16333333333333333,0.33105890714493696,0.0,0.87,9,0.24066666666666667,0.3446908034746503,0.0,1.0,9,0.24733333333333332,0.20027855601636438,0.0,0.5,9
612,0.6363793103448275,0.287733931386161,0.0,0.957,29,0.33799999999999997,0.28546428348018793,0.022,0.976,29,0.362551724137931,0.33186384753463677,0.0,1.0,29,0.22924137931034483,0.29485403836625124,0.0,0.909,29,0.13386206896551725,0.2582328301771113,0.0,1.0,29,0.1939310344827586,0.33712375123286725,0.0,1.0,29,0.21972413793103449,0.35731577636512063,0.0,1.0,29,0.05293103448275862,0.1237176887209871,0.0,0.5,29,0.3732758620689655,0.3372298809578377,0.0,1.0,29
613,0.5321428571428571,0.28389051441678037,0.051,0.925,14,0.43042857142857144,0.28692848594023573,0.025,0.923,14,0.5907857142857144,0.3813532944198007,0.0,1.0,14,0.171,0.19806952936163216,0.0,0.5,14,0.076,0.11362082690991256,0.0,0.296,14,0.17464285714285713,0.2074269499376577,0.0,0.5,14,0.1752142857142857,0.2857608409872813,0.0,1.0,14,0.20264285714285715,0.15087162507492008,0.0,0.5,14,0.05335714285714286,0.10229715925287852,0.0,0.366,14
614,0.5689090909090909,0.3194174242415258,0.0,0.867,11,0.38863636363636367,0.3279601417023943,0.079,0.977,11,0.56,0.3121522064634495,0.143,1.0,11,0.09054545454545454,0.10831100002895701,0.0,0.269,11,0.047,0.12632893571941464,0.0,0.417,11,0.2550909090909091,0.164205027051826,0.0,0.5,11,0.017363636363636362,0.03868403476183095,0.0,0.1,11,0.36772727272727274,0.2352331145519656,0.0,0.75,11,0.2009090909090909,0.17402152426953083,0.0,0.476,11
615,0.5673571428571428,0.32696967799731874,0.026,0.977,14,0.388,0.32166585624980937,0.0,0.949,14,0.4256428571428571,0.36187856168415583,0.0,1.0,14,0.18221428571428572,0.2213636682619206,0.0,0.795,14,0.09242857142857143,0.15357870159113074,0.0,0.519,14,0.2277142857142857,0.19757313293346052,0.0,0.611,14,0.13171428571428573,0.19947177497327537,0.0,0.571,14,0.1717857142857143,0.16909950578621707,0.0,0.5,14,0.14685714285714285,0.17361976896604883,0.0,0.514,14
616,0.761909090909091,0.22820493182464505,0.104,0.955,11,0.18845454545454546,0.2165587050369316,0.023,0.812,11,0.07618181818181818,0.16185846791676867,0.0,0.429,11,0.21581818181818183,0.36122868606516234,0.0,1.0,11,0.06427272727272727,0.19200213066999589,0.0,0.64,11,0.0950909090909091,0.1689712724373315,0.0,0.5,11,0.28545454545454546,0.38867090542935256,0.0,1.0,11,0.06781818181818182,0.13326126082385548,0.0,0.333,11,0.7330909090909091,0.22945215385585493,0.429,1.0,11
617,0.8431333333333334,0.0730119184098395,0.595,0.978,30,0.10246666666666666,0.07309121997053825,0.021,0.405,30,0.13416666666666668,0.1990825653242693,0.0,0.5,30,0.053200000000000004,0.14332971393452135,0.0,0.5,30,0.14183333333333334,0.23553169247665917,0.0,1.0,30,0.04696666666666667,0.1242149092426546,0.0,0.5,30,0.049266666666666674,0.13617811190099363,0.0,0.667,30,0.07276666666666666,0.20639912512066205,0.0,1.0,30,0.7278333333333333,0.23128413385857804,0.25,1.0,30
618,0.5552222222222222,0.1766824678468253,0.185,0.781,9,0.4128888888888889,0.18939868297089898,0.219,0.815,9,0.7105555555555555,0.18150558607871492,0.421,1.0,9,0.15555555555555556,0.17114402641569987,0.0,0.429,9,0.04922222222222222,0.08921711968251635,0.0,0.261,9,0.2386666666666667,0.29026108936610845,0.0,0.667,9,0.049,0.07714596554584044,0.0,0.2,9,0.21744444444444444,0.3376585224420935,0.0,1.0,9,0.1308888888888889,0.15848615431989985,0.0,0.4,9
619,0.397,0.19482739613748956,0.116,0.721,8,0.57975,0.19531275285697922,0.233,0.804,8,0.64775,0.3575938438268438,0.0,1.0,8,0.200875,0.2614210820550958,0.0,0.818,8,0.01975,0.05586143571373726,0.0,0.158,8,0.231625,0.1859822860228514,0.0,0.5,8,0.03125,0.08838834764831845,0.0,0.25,8,0.434875,0.3411909551221176,0.0,1.0,8,0.072,0.07623834805585515,0.0,0.182,8
620,0.6517777777777778,0.1524334098695048,0.413,0.825,9,0.2954444444444444,0.15469252657377403,0.125,0.522,9,0.2918888888888889,0.30516038588111516,0.0,0.875,9,0.043222222222222224,0.08686163966011949,0.0,0.222,9,0.015888888888888886,0.04766666666666666,0.0,0.143,9,0.17866666666666667,0.32099182232574086,0.0,1.0,9,0.12266666666666667,0.24505866644540447,0.0,0.739,9,0.24911111111111112,0.35221174187001647,0.0,1.0,9,0.11722222222222224,0.11130226612447945,0.0,0.312,9
621,0.8293571428571429,0.09126428835897601,0.647,0.953,14,0.12149999999999998,0.09159001457162658,0.021,0.353,14,0.12321428571428572,0.19508821616876834,0.0,0.5,14,0.07057142857142858,0.15651822911072066,0.0,0.556,14,0.1002857142857143,0.17046561962028436,0.0,0.556,14,0.046,0.1013698483467651,0.0,0.333,14,0.20628571428571427,0.3629470036693063,0.0,1.0,14,0.02135714285714286,0.06128572068956651,0.0,0.222,14,0.5209285714285714,0.342793381204775,0.0,1.0,14
622,0.7065384615384616,0.14168722324461452,0.426,0.909,13,0.249,0.15013882464794598,0.044,0.556,13,0.1843076923076923,0.2517791309247666,0.0,0.741,13,0.08923076923076922,0.14999564096230367,0.0,0.519,13,0.031076923076923075,0.05934849273354454,0.0,0.143,13,0.19046153846153846,0.22846356944620855,0.0,0.714,13,0.2916153846153846,0.327683418983816,0.0,1.0,13,0.043,0.13827629346107498,0.0,0.5,13,0.3382307692307692,0.2838074916341926,0.0,0.8,13
623,0.5050666666666667,0.24770646991569525,0.129,0.927,15,0.43860000000000005,0.2324121339345259,0.049,0.806,15,0.6179333333333333,0.2534847041501622,0.125,0.923,15,0.08,0.12480441841995361,0.0,0.462,15,0.09986666666666667,0.18347357406709117,0.0,0.679,15,0.19153333333333336,0.17464489140893327,0.0,0.5,15,0.07959999999999999,0.15599166644407644,0.0,0.5,15,0.29273333333333335,0.28089231964953265,0.0,0.75,15,0.13620000000000002,0.16417725612450534,0.0,0.5,15
624,0.8448333333333333,0.07943188429355205,0.676,0.95,12,0.09091666666666666,0.06945300351294895,0.023,0.27,12,0.036083333333333335,0.09782401483678678,0.0,0.333,12,0.08608333333333333,0.16840560254842168,0.0,0.5,12,0.029416666666666664,0.10190232251196894,0.0,0.353,12,0.10908333333333332,0.2897006161016869,0.0,1.0,12,0.056333333333333326,0.1035263105190993,0.0,0.25,12,0.07641666666666667,0.19938881993519977,0.0,0.667,12,0.5028333333333334,0.39757008149126327,0.0,1.0,12
625,0.868875,0.0551994759291893,0.792,0.951,8,0.0805,0.049836876765245695,0.029,0.163,8,0.09375,0.13678215213563918,0.0,0.333,8,0.041625,0.11773327906756018,0.0,0.333,8,0.139,0.16645634348295135,0.0,0.412,8,0.020875,0.05904341622907672,0.0,0.167,8,0.041625,0.11773327906756018,0.0,0.333,8,0.14300000000000002,0.21498970074999274,0.0,0.5,8,0.46875,0.3982937716955019,0.0,1.0,8
626,0.483,0.2939684142411027,0.062,0.837,8,0.48175,0.3016268981942521,0.122,0.938,8,0.568625,0.3804200451005253,0.0,1.0,8,0.222125,0.19832256373321291,0.0,0.636,8,0.03125,0.08838834764831845,0.0,0.25,8,0.30725,0.36392140046208565,0.0,1.0,8,0.201375,0.26556782157698033,0.0,0.667,8,0.236,0.16923947530053382,0.0,0.5,8,0.16212500000000002,0.1311634068088897,0.0,0.375,8
627,0.374875,0.3460538510942233,0.0,0.775,8,0.595,0.343186746330832,0.167,0.972,8,0.6665,0.3684190161060792,0.0,1.0,8,0.12925,0.10366532689380767,0.0,0.321,8,0.08675000000000001,0.12652357205562245,0.0,0.278,8,0.184125,0.13407400674893805,0.0,0.364,8,0.068125,0.07921298143973265,0.0,0.2,8,0.21974999999999997,0.19003890579111876,0.0,0.6,8,0.099375,0.13968836489025951,0.0,0.406,8
628,0.841,0.12523657612694458,0.513,0.952,11,0.08718181818181818,0.06147652915026707,0.024,0.231,11,0.15145454545454545,0.31136067948164675,0.0,1.0,11,0.045454545454545456,0.10772684311383458,0.0,0.333,11,0.12127272727272728,0.1701394080800159,0.0,0.5,11,0.09263636363636364,0.13352473383405244,0.0,0.333,11,0.19390909090909092,0.31579754734495785,0.0,1.0,11,0.0,0.0,0.0,0.0,11,0.6082727272727273,0.2932664627635049,0.0,1.0,11
629,0.8828333333333332,0.05620713855234426,0.787,0.976,12,0.063,0.03292691631753296,0.02,0.12,12,0.13191666666666665,0.29612112335490304,0.0,1.0,12,0.02775,0.09612881982007271,0.0,0.333,12,0.09416666666666666,0.16477137512506856,0.0,0.5,12,0.22775,0.3586398864903598,0.0,1.0,12,0.04758333333333333,0.16483350185363815,0.0,0.571,12,0.21391666666666667,0.331026628517826,0.0,1.0,12,0.6389166666666667,0.3897918928055966,0.0,1.0,12
630,0.855,0.050318982501636494,0.771,0.932,8,0.084625,0.04730127603231984,0.024,0.171,8,0.125,0.3535533905932738,0.0,1.0,8,0.0,0.0,0.0,0.0,8,0.26425,0.22229372460778107,0.0,0.526,8,0.052000000000000005,0.1171970258033149,0.0,0.333,8,0.0,0.0,0.0,0.0,8,0.058625000000000003,0.11532059350226345,0.0,0.333,8,0.554125,0.2521991489166562,0.25,1.0,8
631,0.7861428571428571,0.21907106579402916,0.162,0.977,14,0.17142857142857143,0.22129503949590582,0.023,0.811,14,0.2405,0.29901138388413856,0.0,0.9,14,0.09114285714285715,0.18619669382459184,0.0,0.69,14,0.16835714285714287,0.23620382565222617,0.0,0.571,14,0.1297857142857143,0.2691837172385686,0.0,1.0,14,0.05821428571428571,0.11597889633724057,0.0,0.368,14,0.15457142857142858,0.18001269796481423,0.0,0.6,14,0.5629285714285714,0.2847261746055226,0.0,1.0,14
632,0.8094285714285715,0.23483077844587263,0.06,1.0,14,0.15192857142857144,0.2354431057473462,0.0,0.92,14,0.0595,0.15475178636970682,0.0,0.5,14,0.03571428571428571,0.09644482565490174,0.0,0.333,14,0.211,0.2487327883492645,0.0,0.654,14,0.04414285714285714,0.1349198378199538,0.0,0.5,14,0.1095,0.27498608356396176,0.0,1.0,14,0.030714285714285715,0.08884162968358453,0.0,0.333,14,0.5630714285714286,0.3976348275037739,0.0,1.0,14
633,0.856,0.09727024210929051,0.708,1.0,9,0.0901111111111111,0.05598983042581136,0.0,0.188,9,0.06788888888888889,0.16614785918305153,0.0,0.5,9,0.022222222222222223,0.06666666666666667,0.0,0.2,9,0.23088888888888887,0.20583879884781467,0.0,0.6,9,0.035666666666666666,0.0919809762940142,0.0,0.278,9,0.0,0.0,0.0,0.0,9,0.05555555555555555,0.13031894635001381,0.0,0.389,9,0.6192222222222222,0.30116431469290056,0.0,1.0,9
634,0.877,0.021928455095084648,0.833,0.909,8,0.076875,0.03150255091711962,0.023,0.119,8,0.18125,0.3463457191057184,0.0,1.0,8,0.03125,0.08838834764831845,0.0,0.25,8,0.354125,0.43361485132051725,0.0,1.0,8,0.125,0.19411999234641297,0.0,0.5,8,0.072875,0.1750113771811911,0.0,0.5,8,0.072875,0.1750113771811911,0.0,0.5,8,0.752125,0.1934103243661738,0.5,1.0,8
635,0.7046,0.2957067616556796,0.096,0.904,10,0.2556,0.29559288820192475,0.058,0.885,10,0.22560000000000002,0.32239458225389994,0.0,0.978,10,0.13330000000000003,0.26102364728975125,0.0,0.8,10,0.2727,0.26828345292080746,0.0,0.622,10,0.11939999999999999,0.2539681519841065,0.0,0.778,10,0.1145,0.3133245566146672,0.0,1.0,10,0.047099999999999996,0.07635509151327106,0.0,0.222,10,0.5837,0.27038780791053924,0.2,1.0,10
636,0.7825555555555556,0.2123011795767353,0.051,0.93,18,0.18472222222222223,0.21659906185108752,0.023,0.923,18,0.171,0.30059118221186965,0.0,1.0,18,0.10877777777777779,0.2429278652448465,0.0,0.971,18,0.18461111111111111,0.33648724106374794,0.0,1.0,18,0.14844444444444446,0.21840578052634108,0.0,0.667,18,0.12444444444444445,0.24232166813901146,0.0,0.684,18,0.06483333333333334,0.19085388621234028,0.0,0.667,18,0.668888888888889,0.28245038895746316,0.0,1.0,18
637,0.7291818181818183,0.17750539044311764,0.286,0.882,11,0.22490909090909092,0.179819050462099,0.039,0.667,11,0.1409090909090909,0.2615513160148327,0.0,0.75,11,0.15454545454545454,0.32051095570553084,0.0,1.0,11,0.15345454545454545,0.24557905596217428,0.0,0.688,11,0.0,0.0,0.0,0.0,11,0.16672727272727272,0.23280897358525118,0.0,0.667,11,0.13918181818181818,0.32216046255920916,0.0,1.0,11,0.5568181818181818,0.28864574072098076,0.0,1.0,11
638,0.4102682926829268,0.2781855517806635,0.0,0.946,41,0.558219512195122,0.28839690638034954,0.0,1.0,41,0.6135853658536585,0.30747633857012124,0.0,1.0,41,0.1398048780487805,0.1510798165725977,0.0,0.538,41,0.050707317073170735,0.09585229363516531,0.0,0.4,41,0.2060487804878049,0.2292311007716353,0.0,0.769,41,0.08036585365853659,0.19414836544477543,0.0,1.0,41,0.3579024390243903,0.3146109347176326,0.0,1.0,41,0.12665853658536586,0.1212108926120292,0.0,0.562,41
639,0.861090909090909,0.06614598180608489,0.75,0.981,11,0.08399999999999999,0.03871433842906268,0.019,0.15,11,0.051545454545454554,0.1259613937969596,0.0,0.4,11,0.018181818181818184,0.06030226891555272,0.0,0.2,11,0.018181818181818184,0.06030226891555272,0.0,0.2,11,0.1926363636363636,0.3216346600499619,0.0,1.0,11,0.1272727272727273,0.23186120456389028,0.0,0.667,11,0.11690909090909091,0.30519680684615774,0.0,1.0,11,0.6030909090909091,0.322315514533649,0.0,1.0,11
640,0.291,0.28896552895298244,0.0,0.763,14,0.6807142857142858,0.295020058919449,0.237,1.0,14,0.8044285714285715,0.2786554846416613,0.0,1.0,14,0.20714285714285713,0.16729561911725058,0.0,0.559,14,0.06635714285714286,0.13575011383639207,0.0,0.5,14,0.2012857142857143,0.1771737211680318,0.0,0.5,14,0.10685714285714286,0.17841216634215587,0.0,0.5,14,0.248,0.3215654018894254,0.0,1.0,14,0.10985714285714286,0.10157214725947808,0.0,0.357,14
641,0.17077777777777778,0.21669262664992653,0.0,0.5,9,0.8161111111111111,0.23037927665289498,0.469,1.0,9,0.7803333333333333,0.26142063805292803,0.312,1.0,9,0.19266666666666665,0.30282750865798175,0.0,0.97,9,0.044222222222222225,0.07080038449362012,0.0,0.182,9,0.25344444444444447,0.18098626405829193,0.1,0.636,9,0.16622222222222222,0.2108671250917137,0.0,0.565,9,0.23777777777777778,0.23872462052424429,0.0,0.7,9,0.2771111111111111,0.1314338659216532,0.083,0.463,9
642,0.7546666666666666,0.15778466338652816,0.4,0.897,9,0.2241111111111111,0.16279008296303282,0.042,0.578,9,0.1567777777777778,0.1642793183710124,0.0,0.4,9,0.2363333333333333,0.3187793123777012,0.0,0.957,9,0.04811111111111112,0.11183519620902498,0.0,0.333,9,0.09444444444444446,0.1279649474574103,0.0,0.333,9,0.29344444444444445,0.3737506224446694,0.0,0.933,9,0.07222222222222223,0.10929064207170001,0.0,0.25,9,0.702,0.23760787024002383,0.3,1.0,9
643,0.8675,0.04256759330758557,0.75,0.92,16,0.094125,0.046419643830315355,0.022,0.2,16,0.03125,0.12499999999999999,0.0,0.5,16,0.077125,0.1279598244241788,0.0,0.4,16,0.153375,0.22392048439866624,0.0,0.591,16,0.0515625,0.13306087266109948,0.0,0.5,16,0.0546875,0.12424476850153492,0.0,0.375,16,0.023625,0.0832601345182675,0.0,0.333,16,0.5000625000000001,0.2948948894662865,0.0,1.0,16
644,0.6373333333333333,0.31851569820026143,0.043,0.977,9,0.33677777777777773,0.32155123144600833,0.0,0.957,9,0.27144444444444443,0.3124792437551297,0.0,0.955,9,0.29266666666666663,0.37564111862254906,0.0,0.884,9,0.03766666666666666,0.062187217336041004,0.0,0.143,9,0.2338888888888889,0.2570921257275514,0.0,0.571,9,0.30244444444444446,0.3592416008451384,0.0,1.0,9,0.08922222222222223,0.17452204572616162,0.0,0.5,9,0.3864444444444444,0.2813525862290549,0.0,0.917,9
645,0.7232999999999999,0.20221773194037929,0.206,0.844,10,0.2331,0.2204391828449138,0.077,0.794,10,0.3013,0.3197182961434783,0.0,0.926,10,0.0204,0.05280614442362639,0.0,0.167,10,0.10669999999999999,0.3145791015167904,0.0,1.0,10,0.2625,0.2884819462866495,0.0,0.667,10,0.0273,0.08633018012259677,0.0,0.273,10,0.18,0.3823901439919996,0.0,1.0,10,0.2569,0.18898115720298087,0.0,0.571,10
646,0.7983636363636364,0.12409050948986608,0.559,0.933,11,0.16736363636363635,0.12004105358357425,0.044,0.441,11,0.20363636363636364,0.23594120993470924,0.0,0.615,11,0.1250909090909091,0.18016406664229945,0.0,0.5,11,0.14354545454545453,0.20733613463955752,0.0,0.5,11,0.11790909090909091,0.23365592419001688,0.0,0.75,11,0.10227272727272728,0.21362260690717683,0.0,0.667,11,0.12209090909090908,0.2994129103914708,0.0,1.0,11,0.44718181818181824,0.1983369951278975,0.0,0.667,11
647,0.7230000000000001,0.20725867894976074,0.053,0.911,26,0.23984615384615385,0.2060913762985133,0.05,0.921,26,0.2445,0.29676714777751256,0.0,1.0,26,0.2178846153846154,0.2550578486419231,0.0,0.944,26,0.08980769230769231,0.1661613719805585,0.0,0.611,26,0.21638461538461537,0.32707382370627913,0.0,1.0,26,0.16473076923076924,0.25862088975058567,0.0,0.944,26,0.18746153846153848,0.26523155630795225,0.0,1.0,26,0.4988461538461539,0.30962889946614375,0.0,1.0,26
648,0.8021818181818182,0.1861890534815719,0.244,0.896,11,0.15827272727272726,0.20105078508132757,0.023,0.756,11,0.11418181818181818,0.25512695591874185,0.0,0.839,11,0.023454545454545454,0.07778992690106303,0.0,0.258,11,0.13636363636363635,0.24520043749034087,0.0,0.667,11,0.13772727272727273,0.20865190672940945,0.0,0.5,11,0.04681818181818182,0.10949960564478595,0.0,0.333,11,0.030272727272727274,0.1004032777443953,0.0,0.333,11,0.6570909090909091,0.15685754973571056,0.5,1.0,11
649,0.8581538461538462,0.05526126755972662,0.744,0.965,13,0.08776923076923077,0.05489407048451567,0.018,0.179,13,0.07692307692307693,0.1877669040497027,0.0,0.5,13,0.09869230769230769,0.1675228266114724,0.0,0.5,13,0.13853846153846153,0.2993155011534973,0.0,1.0,13,0.1393076923076923,0.28577508190165474,0.0,1.0,13,0.038461538461538464,0.1386750490563073,0.0,0.5,13,0.11684615384615385,0.24941827190279062,0.0,0.667,13,0.6563846153846153,0.33039863257927754,0.0,1.0,13
650,0.8585999999999999,0.07512161568321825,0.667,0.956,15,0.11226666666666667,0.07729116255771942,0.022,0.315,15,0.13166666666666668,0.2269183826422011,0.0,0.688,15,0.12353333333333333,0.23060506334010805,0.0,0.778,15,0.10953333333333333,0.2335859788681879,0.0,0.714,15,0.13726666666666668,0.19311264908880318,0.0,0.5,15,0.10953333333333333,0.27909109282676525,0.0,1.0,15,0.13173333333333334,0.2829731099457702,0.0,1.0,15,0.6721333333333334,0.2862041895137772,0.0,1.0,15
651,0.7867272727272727,0.15518253181920375,0.365,0.922,11,0.178,0.1567558611344405,0.053,0.615,11,0.1190909090909091,0.1827010971753889,0.0,0.581,11,0.16636363636363635,0.23475871558997446,0.0,0.7,11,0.204,0.24405163388102938,0.0,0.711,11,0.04245454545454546,0.10002036156339732,0.0,0.333,11,0.15354545454545454,0.23093564628976776,0.0,0.667,11,0.05354545454545454,0.14947733181747902,0.0,0.5,11,0.5913636363636363,0.3031934276092649,0.0,1.0,11
652,0.715625,0.18363934958032743,0.404,0.902,8,0.2495,0.18425215641304485,0.068,0.558,8,0.19074999999999998,0.2665224461198611,0.0,0.727,8,0.098,0.17033664147379282,0.0,0.409,8,0.0,0.0,0.0,0.0,8,0.15662500000000001,0.21576239411511386,0.0,0.5,8,0.36612500000000003,0.3585532188034096,0.0,0.8,8,0.06275,0.1033451222153919,0.0,0.273,8,0.627375,0.1603451077252704,0.333,0.792,8
653,0.7794615384615384,0.20200974208546454,0.149,0.952,13,0.18476923076923077,0.20677449626995176,0.024,0.83,13,0.2693846153846154,0.3228212969176441,0.0,1.0,13,0.015692307692307693,0.03943852730386159,0.0,0.125,13,0.072,0.1464877696828874,0.0,0.444,13,0.17307692307692307,0.3126602153399282,0.0,1.0,13,0.2336923076923077,0.3814951691732991,0.0,1.0,13,0.025615384615384616,0.09235758267150065,0.0,0.333,13,0.46653846153846157,0.2974807039637516,0.0,1.0,13
654,0.8056923076923077,0.10277838992656695,0.578,1.0,13,0.09876923076923078,0.05137144772172224,0.0,0.213,13,0.04953846153846154,0.10460530211595029,0.0,0.333,13,0.0516923076923077,0.09876182175262582,0.0,0.25,13,0.23346153846153847,0.22470076968590005,0.0,0.6,13,0.2182307692307692,0.3853838246575643,0.0,1.0,13,0.08776923076923077,0.27505064801661344,0.0,1.0,13,0.010692307692307694,0.02627858638823829,0.0,0.077,13,0.4709230769230769,0.29255639386235194,0.0,1.0,13
655,0.8606315789473684,0.05840301602401845,0.75,0.977,19,0.09757894736842106,0.0559506883975858,0.0,0.225,19,0.10157894736842106,0.17356565065622664,0.0,0.5,19,0.06505263157894736,0.1783474990274793,0.0,0.625,19,0.12526315789473683,0.2198360101189731,0.0,0.667,19,0.11457894736842106,0.24372259180138794,0.0,1.0,19,0.05410526315789474,0.1605701282364542,0.0,0.667,19,0.04173684210526316,0.1016971769002153,0.0,0.4,19,0.5562105263157895,0.1982284257414406,0.0,0.8,19
656,0.7341034482758622,0.20505266654962892,0.067,0.978,29,0.23344827586206898,0.2123370949031779,0.021,0.933,29,0.13220689655172413,0.2656095925696672,0.0,1.0,29,0.11127586206896552,0.20471965090821226,0.0,1.0,29,0.1496896551724138,0.18721647200276625,0.0,0.576,29,0.21375862068965518,0.2618638761936675,0.0,1.0,29,0.11603448275862069,0.24817742540923945,0.0,1.0,29,0.11417241379310344,0.21272988724226874,0.0,1.0,29,0.46248275862068966,0.34027642341921865,0.0,1.0,29
657,0.8511818181818182,0.05172391744989581,0.763,0.957,11,0.1080909090909091,0.06681534935245725,0.021,0.237,11,0.05336363636363637,0.10598799245883728,0.0,0.333,11,0.032818181818181816,0.07935593006425945,0.0,0.25,11,0.09809090909090909,0.1516920924408748,0.0,0.4,11,0.1710909090909091,0.31640652791794754,0.0,1.0,11,0.10099999999999999,0.30001833277318235,0.0,1.0,11,0.03636363636363637,0.12060453783110545,0.0,0.4,11,0.5949090909090909,0.31200367130707113,0.0,1.0,11
658,0.78585,0.150358265136097,0.273,0.907,20,0.172,0.14911881522005055,0.038,0.636,20,0.11179999999999998,0.22233322549249074,0.0,0.857,20,0.2037,0.31524728806379754,0.0,1.0,20,0.15275,0.2066112227552537,0.0,0.625,20,0.1629,0.31013390995707507,0.0,1.0,20,0.17755,0.35948552053411587,0.0,1.0,20,0.04525,0.15163455896887165,0.0,0.667,20,0.51405,0.3488766144430766,0.0,1.0,20
659,0.64175,0.2934999391579397,0.167,0.878,8,0.305375,0.31094507438728514,0.0,0.792,8,0.26225,0.30734659355754795,0.0,0.842,8,0.249375,0.3725675154538149,0.0,1.0,8,0.02275,0.06434671708797582,0.0,0.182,8,0.078125,0.17345599483113042,0.0,0.5,8,0.411875,0.4843447525117974,0.0,1.0,8,0.096625,0.1889209490765913,0.0,0.5,8,0.407875,0.26022212352417035,0.0,0.692,8
660,0.8752222222222222,0.03981450042942201,0.83,0.953,9,0.09500000000000001,0.03887479903485033,0.023,0.14,9,0.044444444444444446,0.08819171036881969,0.0,0.2,9,0.06666666666666667,0.2,0.0,0.6,9,0.08333333333333333,0.1767766952966369,0.0,0.5,9,0.12222222222222223,0.33082388735465346,0.0,1.0,9,0.1388888888888889,0.33333333333333337,0.0,1.0,9,0.037000000000000005,0.11100000000000002,0.0,0.333,9,0.6667777777777778,0.26671884906103743,0.2,1.0,9
661,0.8586500000000001,0.07250500890138195,0.692,0.94,20,0.09195,0.06998080563908032,0.018,0.308,20,0.1391,0.18624824972685192,0.0,0.5,20,0.053000000000000005,0.12662792574684056,0.0,0.5,20,0.11480000000000001,0.2670597410003198,0.0,1.0,20,0.05835,0.16251227484003852,0.0,0.667,20,0.11000000000000001,0.2348571794449599,0.0,1.0,20,0.06665,0.1445582290253563,0.0,0.5,20,0.53315,0.35943073046137836,0.0,1.0,20
662,0.8631,0.0582722537367104,0.787,0.933,10,0.1004,0.04688093666110163,0.043,0.17,10,0.081,0.16080630170073146,0.0,0.5,10,0.0167,0.05281003692481194,0.0,0.167,10,0.059399999999999994,0.18783929301400173,0.0,0.594,10,0.14079999999999998,0.2825022320462462,0.0,0.875,10,0.0,0.0,0.0,0.0,10,0.056400000000000006,0.10543054585839913,0.0,0.333,10,0.6910000000000001,0.29824076776248337,0.143,1.0,10
663,0.834875,0.06118458606077654,0.756,0.939,8,0.086375,0.04962124401043224,0.02,0.156,8,0.045875,0.08540063147976634,0.0,0.2,8,0.125,0.3535533905932738,0.0,1.0,8,0.1855,0.17180720091344917,0.0,0.5,8,0.1405,0.34841805759337857,0.0,1.0,8,0.013875,0.03924442635585339,0.0,0.111,8,0.0,0.0,0.0,0.0,8,0.554125,0.40589070925206316,0.0,1.0,8
664,0.7266666666666667,0.2752471066096239,0.024,0.958,12,0.22941666666666669,0.28421773290378927,0.021,0.951,12,0.21375,0.3186965284918041,0.0,1.0,12,0.13216666666666668,0.22711504226766316,0.0,0.667,12,0.10866666666666668,0.183517318149013,0.0,0.5,12,0.23408333333333334,0.3795555914088172,0.0,1.0,12,0.164,0.28346267992293256,0.0,0.885,12,0.10566666666666667,0.1911897359993866,0.0,0.5,12,0.6328333333333334,0.2485938027945966,0.333,1.0,12
665,0.8354000000000001,0.1392601083504453,0.487,0.977,10,0.13520000000000001,0.1426883161143741,0.0,0.513,10,0.05,0.11243664882946308,0.0,0.333,10,0.1417,0.3143953809386447,0.0,1.0,10,0.1323,0.24340001369487774,0.0,0.656,10,0.20620000000000002,0.4188157377919582,0.0,1.0,10,0.06670000000000001,0.1610383322207618,0.0,0.5,10,0.0229,0.05425136967036972,0.0,0.167,10,0.4774,0.3564498406352412,0.0,1.0,10
666,0.847,0.08215193957826311,0.614,0.935,18,0.11322222222222221,0.06901965240640273,0.037,0.295,18,0.10183333333333333,0.15535244559691097,0.0,0.417,18,0.057388888888888885,0.11641312786738996,0.0,0.333,18,0.14427777777777778,0.20252198299140578,0.0,0.667,18,0.081,0.16660379206192086,0.0,0.5,18,0.13427777777777777,0.2903182443570089,0.0,1.0,18,0.051055555555555555,0.12105296469495454,0.0,0.375,18,0.5932777777777778,0.2878927099082237,0.0,1.0,18
667,0.7740769230769231,0.18166473769853334,0.333,0.955,13,0.18692307692307694,0.1967906931820632,0.02,0.667,13,0.21538461538461537,0.31117024773734886,0.0,0.8,13,0.15638461538461537,0.29459846640852766,0.0,1.0,13,0.09161538461538463,0.2759285953713202,0.0,1.0,13,0.10446153846153845,0.15378102146917402,0.0,0.5,13,0.13192307692307692,0.24510965625561063,0.0,0.667,13,0.11538461538461539,0.24185448051171132,0.0,0.75,13,0.5007692307692307,0.3721621854886554,0.0,1.0,13
668,0.7108620689655172,0.24042458338440875,0.071,0.951,29,0.2404137931034483,0.2524983051203908,0.019,0.929,29,0.10844827586206897,0.1613987046785729,0.0,0.649,29,0.1376896551724138,0.23601862872122673,0.0,1.0,29,0.08755172413793103,0.18326319601812668,0.0,0.609,29,0.13689655172413792,0.22970483308983203,0.0,1.0,29,0.2402758620689655,0.3690591219140644,0.0,1.0,29,0.104,0.22727406363243477,0.0,1.0,29,0.5142758620689655,0.3158840086116291,0.0,1.0,29
669,0.8231999999999999,0.081547259644672,0.644,0.952,10,0.142,0.07602631123499283,0.024,0.289,10,0.025,0.07905694150420949,0.0,0.25,10,0.0077,0.024349537983296518,0.0,0.077,10,0.1163,0.2186870163295277,0.0,0.526,10,0.11320000000000001,0.3143390950337973,0.0,1.0,10,0.1096,0.2377693560294654,0.0,0.667,10,0.0,0.0,0.0,0.0,10,0.6028,0.34555038224066065,0.0,1.0,10
670,0.8481818181818181,0.06696240464890459,0.717,0.976,11,0.114,0.08023590218848417,0.0,0.283,11,0.13336363636363638,0.2211887306022948,0.0,0.667,11,0.009090909090909092,0.030151134457776365,0.0,0.1,11,0.15218181818181817,0.2137563183542504,0.0,0.55,11,0.043090909090909096,0.10062052926262567,0.0,0.333,11,0.06363636363636363,0.15666989036012807,0.0,0.5,11,0.0939090909090909,0.17432180273589104,0.0,0.5,11,0.6272727272727273,0.3210289989733298,0.0,1.0,11
671,0.8641578947368421,0.05023640021371703,0.767,0.951,19,0.088,0.03137054527914857,0.0,0.152,19,0.1145263157894737,0.2010951594591345,0.0,0.667,19,0.07857894736842105,0.1365508923399273,0.0,0.5,19,0.1706315789473684,0.26455690640228274,0.0,0.75,19,0.15042105263157896,0.27060740644160614,0.0,1.0,19,0.09652631578947368,0.16729028942431928,0.0,0.5,19,0.07631578947368421,0.16530142589678037,0.0,0.5,19,0.5051052631578947,0.2922371363458948,0.0,1.0,19
672,0.3303333333333333,0.2018929171615488,0.096,0.643,9,0.6464444444444444,0.2017201719654675,0.357,0.885,9,0.7084444444444444,0.26940170336836733,0.25,0.957,9,0.13044444444444445,0.11582865697994509,0.0,0.343,9,0.013888888888888888,0.04166666666666667,0.0,0.125,9,0.25266666666666665,0.1684035332170914,0.0,0.625,9,0.06388888888888888,0.07694713192258118,0.0,0.167,9,0.4116666666666667,0.27573628705703573,0.0,0.842,9,0.1708888888888889,0.11327890850070509,0.0,0.364,9
673,0.8208,0.05443609913365292,0.714,0.891,10,0.1006,0.05162514460566242,0.024,0.184,10,0.025,0.07905694150420949,0.0,0.25,10,0.0125,0.03952847075210474,0.0,0.125,10,0.2177,0.24590334596250527,0.0,0.625,10,0.0179,0.04005676527684736,0.0,0.118,10,0.0333,0.10530384608360704,0.0,0.333,10,0.0099,0.021563601018588913,0.0,0.061,10,0.5282,0.3273271554067378,0.0,1.0,10
674,0.838076923076923,0.1428340887991271,0.404,0.976,13,0.10846153846153846,0.15353317523400567,0.0,0.596,13,0.12561538461538463,0.25751360432073567,0.0,0.8,13,0.09207692307692308,0.1518148332335928,0.0,0.5,13,0.0913846153846154,0.175439704011349,0.0,0.455,13,0.15253846153846154,0.2067013205024,0.0,0.6,13,0.04361538461538461,0.13837120272509645,0.0,0.5,13,0.02053846153846154,0.057012594200193153,0.0,0.2,13,0.5296923076923077,0.32847079642270194,0.0,1.0,13
675,0.8753,0.06737135889975798,0.75,0.955,10,0.09090000000000001,0.04622276976171424,0.025,0.16,10,0.0625,0.1586619397054981,0.0,0.5,10,0.0,0.0,0.0,0.0,10,0.1333,0.21939312761443658,0.0,0.5,10,0.25,0.4249182927993987,0.0,1.0,10,0.3,0.48304589153964794,0.0,1.0,10,0.0611,0.15810998281786848,0.0,0.5,10,0.6188,0.1838766494751909,0.4,1.0,10
676,0.3666551724137931,0.2802379442879197,0.0,0.93,29,0.6046551724137931,0.2830979482014344,0.047,1.0,29,0.6774827586206896,0.3391519487412321,0.0,1.0,29,0.15506896551724136,0.2265787360837733,0.0,0.907,29,0.08603448275862069,0.18835936071369774,0.0,0.75,29,0.2173793103448276,0.18149860562099243,0.0,0.556,29,0.1156206896551724,0.25970098379717715,0.0,1.0,29,0.2911724137931035,0.2729081568384601,0.0,1.0,29,0.13337931034482758,0.12552985239521527,0.0,0.5,29
677,0.7935,0.1399509529469851,0.35,0.923,14,0.16335714285714284,0.13651013326312622,0.043,0.583,14,0.17035714285714287,0.1980988902787452,0.0,0.625,14,0.21785714285714283,0.2926057618505348,0.0,1.0,14,0.13278571428571428,0.16728381160881536,0.0,0.531,14,0.09899999999999999,0.22952894907078375,0.0,0.846,14,0.27071428571428574,0.40570990556372605,0.0,1.0,14,0.08285714285714287,0.1256171577837611,0.0,0.4,14,0.6224285714285714,0.21276231385704142,0.25,1.0,14
678,0.2773333333333333,0.2899225048586767,0.0,0.86,18,0.7052777777777778,0.3150730644592019,0.07,1.0,18,0.7869444444444444,0.2724765445322981,0.0,1.0,18,0.15844444444444444,0.1861723496947108,0.0,0.744,18,0.061222222222222226,0.09493995350347413,0.0,0.286,18,0.24461111111111114,0.2503421514856368,0.0,1.0,18,0.10955555555555557,0.26436054306954765,0.0,1.0,18,0.218,0.22300936408722444,0.0,0.688,18,0.17522222222222222,0.12215927672055402,0.0,0.405,18
679,0.8877142857142858,0.05627874113105858,0.8,0.976,14,0.07264285714285713,0.04601439096439478,0.024,0.171,14,0.06799999999999999,0.13554391851408845,0.0,0.333,14,0.04592857142857143,0.1361325509515319,0.0,0.5,14,0.10564285714285715,0.18040450580372352,0.0,0.5,14,0.0845,0.18259360086520854,0.0,0.6,14,0.1142857142857143,0.2797172827012272,0.0,1.0,14,0.011928571428571429,0.044632627399374875,0.0,0.167,14,0.4405,0.436623892013393,0.0,1.0,14
680,0.41132142857142856,0.2987351178467651,0.0,0.946,28,0.5520357142857143,0.3108836250220946,0.027,1.0,28,0.6894642857142858,0.29453987746651455,0.0,1.0,28,0.12675,0.12067115553344873,0.0,0.407,28,0.07857142857142858,0.1382679707887251,0.0,0.5,28,0.15225,0.165184212544886,0.0,0.538,28,0.1360357142857143,0.23730968704656275,0.0,1.0,28,0.27625,0.2693488203743188,0.0,0.917,28,0.13742857142857143,0.15431027631256897,0.0,0.658,28
681,0.8455454545454546,0.03636581811636757,0.795,0.902,11,0.106,0.04061526806510084,0.039,0.182,11,0.10909090909090911,0.17258879137733976,0.0,0.5,11,0.033363636363636366,0.07459527160252549,0.0,0.2,11,0.15509090909090908,0.27089682705615237,0.0,0.706,11,0.3684545454545454,0.379055764666985,0.0,1.0,11,0.2575454545454546,0.4038889361288233,0.0,1.0,11,0.032909090909090916,0.0999084126041992,0.0,0.333,11,0.5939090909090909,0.30441072732262725,0.0,1.0,11
682,0.7360666666666666,0.27357330348729636,0.08,0.977,15,0.22146666666666667,0.2757716101276216,0.023,0.9,15,0.151,0.1425963333529803,0.0,0.379,15,0.2265333333333333,0.3430530710018634,0.0,1.0,15,0.09000000000000001,0.18468389983196384,0.0,0.649,15,0.13986666666666667,0.3027646107519991,0.0,1.0,15,0.22926666666666667,0.3148567625959159,0.0,0.944,15,0.0832,0.2066080485225242,0.0,0.667,15,0.6634,0.20973990695961647,0.333,1.0,15
683,0.813875,0.241200235429878,0.222,0.94,8,0.142875,0.21402766009493795,0.024,0.667,8,0.083375,0.23582011152571364,0.0,0.667,8,0.104125,0.1979007236686401,0.0,0.5,8,0.08850000000000001,0.1263125375521256,0.0,0.278,8,0.17950000000000002,0.33962416202115453,0.0,1.0,8,0.026375,0.07459976541518076,0.0,0.211,8,0.08987500000000001,0.15117013830213202,0.0,0.333,8,0.569875,0.28192473032961934,0.0,1.0,8
684,0.7534000000000001,0.2212812187642182,0.282,0.936,10,0.20749999999999996,0.23381771152378986,0.0,0.692,10,0.19849999999999998,0.2908780767874326,0.0,0.818,10,0.1587,0.20370460639530633,0.0,0.545,10,0.13399999999999998,0.2110923968313402,0.0,0.59,10,0.323,0.34752202168431795,0.0,0.9,10,0.2373,0.3211597214263748,0.0,1.0,10,0.0026,0.008221921916437785,0.0,0.026,10,0.4542,0.2822712643303719,0.0,0.833,10
685,0.765764705882353,0.16810656196731466,0.385,0.962,17,0.19311764705882353,0.16673702436506913,0.0,0.59,17,0.20158823529411765,0.2794991186979687,0.0,0.905,17,0.12335294117647058,0.221858046162538,0.0,0.75,17,0.09594117647058824,0.15425930708884122,0.0,0.379,17,0.26188235294117646,0.37605466397070214,0.0,1.0,17,0.08876470588235295,0.15777378165104172,0.0,0.5,17,0.15082352941176472,0.3289742078214715,0.0,1.0,17,0.4305294117647059,0.25275509827871395,0.0,0.75,17
686,0.8296666666666667,0.14234816472297773,0.479,0.976,9,0.14022222222222222,0.13629451362562048,0.024,0.479,9,0.24355555555555558,0.2889541966779126,0.0,0.8,9,0.07177777777777777,0.11344908304805483,0.0,0.286,9,0.021555555555555557,0.04334198631555524,0.0,0.111,9,0.1481111111111111,0.3379084359868974,0.0,1.0,9,0.302,0.3870203483022566,0.0,1.0,9,0.1338888888888889,0.25860125891246377,0.0,0.667,9,0.542,0.30714206810529876,0.0,1.0,9
687,0.79825,0.20178896331139054,0.333,0.957,8,0.16999999999999998,0.17736403243047896,0.022,0.576,8,0.150875,0.17356796733762336,0.0,0.5,8,0.26837500000000003,0.31417417257675034,0.0,0.895,8,0.044500000000000005,0.09678842906050289,0.0,0.273,8,0.11875,0.2644907505809176,0.0,0.75,8,0.24375,0.35399505646265744,0.0,1.0,8,0.05,0.14142135623730953,0.0,0.4,8,0.451,0.33303067211809273,0.0,1.0,8
688,0.7677619047619049,0.20362880561499763,0.079,0.955,21,0.19804761904761903,0.2143407278588174,0.023,0.921,21,0.21033333333333332,0.27188257269147154,0.0,0.853,21,0.21885714285714286,0.3081328099560781,0.0,0.941,21,0.1290952380952381,0.20798771712817676,0.0,0.615,21,0.11438095238095239,0.25167548076649743,0.0,1.0,21,0.24714285714285716,0.39618446280921793,0.0,1.0,21,0.0968095238095238,0.24536454899753127,0.0,1.0,21,0.6111428571428571,0.23967629956136377,0.0,1.0,21
689,0.25830000000000003,0.24564384787736898,0.0,0.593,10,0.7157,0.2539908353552238,0.315,1.0,10,0.7693,0.24409017004195624,0.294,1.0,10,0.1026,0.08209777368750291,0.0,0.25,10,0.05500000000000001,0.15714466088430892,0.0,0.5,10,0.1928,0.18128173285432447,0.0,0.5,10,0.2072,0.2718438277148603,0.0,0.857,10,0.2274,0.16054435178133453,0.0,0.462,10,0.1733,0.12564062506477222,0.059,0.48,10
690,0.27,0.23058125310986213,0.036,0.625,8,0.715375,0.22252058492257681,0.375,0.95,8,0.742375,0.2796446405708502,0.235,1.0,8,0.079375,0.07478146733745505,0.0,0.235,8,0.006625,0.01873832970144351,0.0,0.053,8,0.33575,0.29168757748170016,0.059,1.0,8,0.1385,0.2651727199931611,0.0,0.765,8,0.3245,0.2863818629532454,0.0,0.778,8,0.119375,0.10601878202873839,0.0,0.32,8
691,0.8606315789473684,0.07776475245987863,0.688,0.977,19,0.09426315789473684,0.053641652664555325,0.023,0.188,19,0.07894736842105263,0.1625028114916479,0.0,0.5,19,0.013157894736842105,0.03941272095528822,0.0,0.125,19,0.09026315789473684,0.16308717576984647,0.0,0.471,19,0.11231578947368423,0.2213672294907213,0.0,0.8,19,0.13005263157894736,0.2688424721910605,0.0,1.0,19,0.026526315789473686,0.08122422218159955,0.0,0.333,19,0.6808947368421052,0.33219269754781416,0.0,1.0,19
692,0.822375,0.085279268122027,0.647,0.932,8,0.09925,0.04913756200708374,0.045,0.206,8,0.097875,0.13977168883575816,0.0,0.333,8,0.03125,0.08838834764831845,0.0,0.25,8,0.095875,0.14109413018063002,0.0,0.35,8,0.0625,0.1767766952966369,0.0,0.5,8,0.125,0.3535533905932738,0.0,1.0,8,0.0,0.0,0.0,0.0,8,0.5975,0.2891262699928874,0.0,1.0,8
693,0.8417333333333333,0.04959617880826053,0.744,0.958,15,0.09780000000000001,0.03921224298608791,0.021,0.152,15,0.03333333333333333,0.12909944487358055,0.0,0.5,15,0.05553333333333333,0.14991181534806514,0.0,0.5,15,0.2162,0.19444543854621166,0.0,0.577,15,0.0618,0.16807489827029923,0.0,0.636,15,0.0444,0.11717130316640798,0.0,0.333,15,0.05426666666666667,0.11674848831487936,0.0,0.364,15,0.4809333333333334,0.30259578570067613,0.0,1.0,15
694,0.8717,0.04107459339083254,0.822,0.95,10,0.0718,0.031201139580328007,0.025,0.114,10,0.1,0.17480147469502527,0.0,0.5,10,0.025,0.07905694150420949,0.0,0.25,10,0.175,0.16408195784085736,0.0,0.5,10,0.2084,0.3221408249680737,0.0,1.0,10,0.06670000000000001,0.16103833222076178,0.0,0.5,10,0.1,0.1657568500344204,0.0,0.5,10,0.44000000000000006,0.2836272984824353,0.0,1.0,10
695,0.858125,0.05723245208296227,0.765,0.932,8,0.07425,0.03130381081319927,0.038,0.118,8,0.0,0.0,0.0,0.0,8,0.0,0.0,0.0,0.0,8,0.19275,0.22094327002972636,0.0,0.5,8,0.052125000000000005,0.09903309331445005,0.0,0.25,8,0.020875,0.05904341622907672,0.0,0.167,8,0.0,0.0,0.0,0.0,8,0.466625,0.3056557061700071,0.0,1.0,8
696,0.8658181818181819,0.05036033792940269,0.745,0.93,11,0.08009090909090909,0.043290771638894464,0.021,0.17,11,0.13636363636363635,0.32333489534143167,0.0,1.0,11,0.04163636363636364,0.10365546076041796,0.0,0.333,11,0.10927272727272727,0.21077432998782888,0.0,0.55,11,0.017545454545454545,0.04422977195592045,0.0,0.143,11,0.030272727272727274,0.1004032777443953,0.0,0.333,11,0.010727272727272726,0.018916082623476296,0.0,0.05,11,0.5105454545454545,0.34886311459836616,0.0,1.0,11
