,smooth,smooth,smooth,smooth,smooth,disk,disk,disk,disk,disk,spiral,spiral,spiral,spiral,spiral,bar,bar,bar,bar,bar,merger,merger,merger,merger,merger,disturbed,disturbed,disturbed,disturbed,disturbed,ring,ring,ring,ring,ring,irregular,irregular,irregular,irregular,irregular,bulge,bulge,bulge,bulge,bulge
,mean,std,min,max,count,mean,std,min,max,count,mean,std,min,max,count,mean,std,min,max,count,mean,std,min,max,count,mean,std,min,max,count,mean,std,min,max,count,mean,std,min,max,count,mean,std,min,max,count
cluster,,,,,,,,,,,,,,,,,,,,,,,,,,,,,,,,,,,,,,,,,,,,,
-1,0.6435698151950718,0.28295133393032434,0.0,1.0,1948,0.3164620123203285,0.29165333759747586,0.0,1.0,1948,0.32427566735112934,0.3551838712799,0.0,1.0,1948,0.15853593429158108,0.23873712474752817,0.0,1.0,1948,0.0965811088295688,0.18460491577418595,0.0,1.0,1948,0.16895431211498974,0.2582727035240226,0.0,1.0,1948,0.15407135523613966,0.2828233536123698,0.0,1.0,1948,0.15183675564681726,0.24492570709721398,0.0,1.0,1948,0.3844481519507187,0.31069447515081183,0.0,1.0,1948
0,0.5630909090909091,0.2589916811580845,0.086,0.927,11,0.40099999999999997,0.2725476105197035,0.049,0.886,11,0.4294545454545455,0.36691289528616017,0.0,0.933,11,0.22336363636363635,0.25106145571444166,0.0,0.75,11,0.012181818181818183,0.029150705589464494,0.0,0.091,11,0.21172727272727274,0.17261696956504066,0.0,0.5,11,0.2318181818181818,0.3028434639155411,0.0,0.8,11,0.2685454545454546,0.2967495117557445,0.0,0.75,11,0.3367272727272727,0.28122449783370257,0.0,0.833,11
1,0.7143846153846154,0.25432968710630255,0.2,0.958,13,0.24461538461538462,0.2709103598552907,0.042,0.8,13,0.15192307692307694,0.18903018345335823,0.0,0.641,13,0.13138461538461538,0.2197997340237769,0.0,0.641,13,0.11253846153846155,0.17289284513083789,0.0,0.485,13,0.06546153846153846,0.11319423968310358,0.0,0.333,13,0.22253846153846152,0.3802347115893496,0.0,1.0,13,0.10892307692307691,0.22913659010091977,0.0,0.75,13,0.5613846153846154,0.35717515275224526,0.0,1.0,13
2,0.6758684210526316,0.2613651005575796,0.0,1.0,76,0.2687631578947368,0.2678192857591876,0.0,1.0,76,0.3444342105263158,0.3813674111414107,0.0,1.0,76,0.20098684210526316,0.2748080781646737,0.0,1.0,76,0.07117105263157894,0.14931643251010204,0.0,0.767,76,0.22997368421052633,0.25754460965998155,0.0,1.0,76,0.09247368421052632,0.18695920936105895,0.0,1.0,76,0.17655263157894735,0.27861234214044156,0.0,1.0,76,0.28648684210526315,0.28986537074630825,0.0,1.0,76
3,0.43312,0.26368475035080735,0.0,0.886,75,0.4304666666666666,0.31811341396449183,0.023,0.975,75,0.28764,0.36216300794576517,0.0,1.0,75,0.19544,0.30436070528062414,0.0,1.0,75,0.11181333333333335,0.20199201839551856,0.0,0.806,75,0.10841333333333333,0.19356038888198215,0.0,1.0,75,0.13289333333333334,0.2778356783138985,0.0,1.0,75,0.14418666666666666,0.23391461212537737,0.0,0.867,75,0.32526666666666665,0.32910079509678086,0.0,1.0,75
4,0.781,0.08320027472482115,0.682,0.894,15,0.17766666666666667,0.09081666513733405,0.043,0.297,15,0.1350666666666667,0.1711709532546198,0.0,0.5,15,0.22853333333333334,0.3234161111515333,0.0,1.0,15,0.06666666666666667,0.1484042099261659,0.0,0.5,15,0.016666666666666666,0.06454972243679027,0.0,0.25,15,0.16666666666666666,0.36187343222787294,0.0,1.0,15,0.14666666666666667,0.2948768911806772,0.0,1.0,15,0.44420000000000004,0.4085147663006985,0.0,1.0,15
5,0.4673030303030303,0.27041963742123143,0.0,0.868,33,0.5059090909090909,0.2718106376271406,0.113,1.0,33,0.570060606060606,0.3074541570903233,0.0,1.0,33,0.2014848484848485,0.21577319128139522,0.0,0.821,33,0.024909090909090912,0.09085818745315541,0.0,0.5,33,0.18427272727272728,0.24225635604758558,0.0,1.0,33,0.33754545454545454,0.3246741723356174,0.0,1.0,33,0.18981818181818183,0.28154345296790495,0.0,1.0,33,0.4396363636363636,0.16984898038070065,0.0,0.714,33
6,0.54955,0.28415479010011796,0.044,0.95,20,0.41814999999999997,0.28524528226183093,0.025,0.956,20,0.5207499999999999,0.3571135563168433,0.0,1.0,20,0.1646,0.2264137804993327,0.0,0.9,20,0.0428,0.09746178738356896,0.0,0.381,20,0.22905000000000003,0.28674993231770873,0.0,1.0,20,0.3205,0.33523934890258866,0.0,1.0,20,0.1602,0.1753092305493053,0.0,0.5,20,0.5197,0.23654844835900454,0.182,1.0,20
7,0.8768,0.04058133123056029,0.818,0.933,10,0.1062,0.043961599404733015,0.044,0.174,10,0.095,0.17070116838759158,0.0,0.5,10,0.0926,0.12827505170097922,0.0,0.333,10,0.0,0.0,0.0,0.0,10,0.2866,0.37614748880370497,0.0,1.0,10,0.2083,0.3315787320615657,0.0,1.0,10,0.0533,0.11665719009130984,0.0,0.333,10,0.5813,0.31534075044131055,0.0,1.0,10
8,0.7461639344262295,0.1868145408623098,0.031,0.952,61,0.21065573770491802,0.19290428414509111,0.0,0.938,61,0.14314754098360655,0.2389381256075565,0.0,1.0,61,0.14414754098360655,0.2475715274464853,0.0,1.0,61,0.07726229508196722,0.1814277543669788,0.0,1.0,61,0.21749180327868853,0.3217429938605667,0.0,1.0,61,0.14962295081967214,0.30958704559108124,0.0,1.0,61,0.14554098360655737,0.24406382865762058,0.0,1.0,61,0.44904918032786884,0.3164036676056663,0.0,1.0,61
9,0.28076923076923077,0.27625445813782923,0.0,0.742,13,0.7023076923076922,0.27758013395996256,0.235,1.0,13,0.6700769230769231,0.3655654208525157,0.0,1.0,13,0.26584615384615384,0.2290235963657625,0.0,0.667,13,0.08430769230769232,0.16774404341902607,0.0,0.5,13,0.09284615384615386,0.1361040326085443,0.0,0.4,13,0.5274615384615384,0.3550757232348746,0.0,1.0,13,0.12184615384615385,0.17110320772068446,0.0,0.5,13,0.4266153846153846,0.22211691308165404,0.1,0.75,13
10,0.8595,0.06051556273664927,0.76,0.956,16,0.101875,0.06420163549318662,0.0,0.24,16,0.054125000000000006,0.11969565572734879,0.0,0.333,16,0.0208125,0.08325,0.0,0.333,16,0.029750000000000002,0.08838438776164036,0.0,0.333,16,0.3780625,0.35473416690060555,0.0,1.0,16,0.0208125,0.08325,0.0,0.333,16,0.19337500000000002,0.20658876219839906,0.0,0.5,16,0.5046875,0.32430514822720075,0.0,1.0,16
11,0.4754285714285714,0.3342188761019598,0.026,0.9,21,0.4944761904761905,0.326030614980805,0.1,0.921,21,0.5370476190476191,0.3974298021274294,0.0,1.0,21,0.20685714285714288,0.23583284031582322,0.0,0.862,21,0.15052380952380953,0.2592858690803683,0.0,0.879,21,0.08900000000000001,0.15640428382880053,0.0,0.5,21,0.15157142857142855,0.2588160681697663,0.0,1.0,21,0.1469047619047619,0.2221488025540324,0.0,0.667,21,0.2714761904761905,0.26529598923610187,0.0,1.0,21
12,0.6545625,0.2201784030432292,0.167,0.92,16,0.2901875,0.2247710594508703,0.06,0.767,16,0.193,0.30425186934512005,0.0,1.0,16,0.29100000000000004,0.4029709666961132,0.0,1.0,16,0.129875,0.1918780428640373,0.0,0.5,16,0.036000000000000004,0.08933159202282993,0.0,0.333,16,0.22062500000000002,0.26551581873779195,0.0,0.667,16,0.1193125,0.1630049973671564,0.0,0.5,16,0.5895625,0.285648961431101,0.0,1.0,16
13,0.7457272727272727,0.1263377148036887,0.516,0.952,11,0.21227272727272728,0.13432579120116206,0.024,0.484,11,0.14809090909090908,0.22518723522680165,0.0,0.692,11,0.11190909090909092,0.16104375464168397,0.0,0.5,11,0.11172727272727273,0.15521539286365313,0.0,0.465,11,0.09418181818181819,0.1348368037160613,0.0,0.4,11,0.23236363636363636,0.39465130754306965,0.0,1.0,11,0.13436363636363635,0.29692095672999336,0.0,1.0,11,0.533,0.3058787341414895,0.0,1.0,11
14,0.8276363636363636,0.06806948321718442,0.725,0.925,11,0.13118181818181818,0.07539604523026149,0.022,0.25,11,0.18518181818181817,0.29477849927761635,0.0,1.0,11,0.053909090909090907,0.07728577429961421,0.0,0.2,11,0.06236363636363636,0.13882238488606422,0.0,0.353,11,0.24236363636363636,0.39694288574737624,0.0,1.0,11,0.1871818181818182,0.35257249415739117,0.0,1.0,11,0.17281818181818182,0.17985428445373114,0.0,0.5,11,0.4215454545454546,0.32111629159429567,0.0,1.0,11
15,0.7593846153846153,0.17552708170039294,0.317,0.933,13,0.1766923076923077,0.17094754781091218,0.019,0.61,13,0.192,0.22939739899716968,0.0,0.6,13,0.05692307692307692,0.1272264788598542,0.0,0.429,13,0.15607692307692306,0.30244295923321407,0.0,1.0,13,0.18246153846153845,0.3137652029210737,0.0,1.0,13,0.11076923076923076,0.2807733824772076,0.0,1.0,13,0.1396153846153846,0.2517785198878631,0.0,0.833,13,0.2893076923076923,0.35670585095084173,0.0,1.0,13
16,0.3837241379310345,0.27212548268238895,0.0,0.921,29,0.5787931034482758,0.2884744825692492,0.059,1.0,29,0.5672758620689655,0.342456034357668,0.0,1.0,29,0.21420689655172412,0.25719342072655094,0.0,0.889,29,0.061724137931034484,0.08976393507087836,0.0,0.312,29,0.24944827586206897,0.22981803146447602,0.0,1.0,29,0.2306206896551724,0.257329335093198,0.0,1.0,29,0.1986206896551724,0.21913603305988197,0.0,0.667,29,0.4653448275862069,0.21451195036009216,0.0,1.0,29
17,0.5198181818181818,0.28204670946555344,0.0,0.822,22,0.4294545454545455,0.30068552268072957,0.089,0.963,22,0.5634090909090909,0.3610533081720638,0.0,1.0,22,0.1941818181818182,0.21734756812066097,0.0,0.667,22,0.05859090909090909,0.09437345222491592,0.0,0.3,22,0.20054545454545455,0.16805348561090314,0.0,0.5,22,0.07840909090909091,0.14728484197406289,0.0,0.636,22,0.2987727272727273,0.2476771961777941,0.0,1.0,22,0.11790909090909091,0.11645678090253835,0.0,0.5,22
18,0.2445,0.273453970667961,0.0,0.851,28,0.744,0.2711570543949542,0.149,1.0,28,0.7866071428571428,0.24881859214886215,0.125,1.0,28,0.14832142857142855,0.1715444124701689,0.0,0.714,28,0.12932142857142856,0.19758955842322135,0.0,0.721,28,0.24892857142857142,0.30641014978975467,0.0,1.0,28,0.09671428571428572,0.20829730482117909,0.0,1.0,28,0.18853571428571428,0.2246486115631447,0.0,0.75,28,0.2402142857142857,0.15746189595342952,0.0,0.643,28
19,0.8648,0.04679458658149823,0.786,0.927,10,0.10229999999999999,0.038881729499713476,0.067,0.19,10,0.2246,0.2575479243428946,0.0,0.667,10,0.1393,0.2078739201214685,0.0,0.5,10,0.06999999999999999,0.1636391694484477,0.0,0.5,10,0.1,0.31622776601683794,0.0,1.0,10,0.028599999999999997,0.09044114108081565,0.0,0.286,10,0.1,0.21081851067789198,0.0,0.5,10,0.6121000000000001,0.2090807658936294,0.333,1.0,10
20,0.7813870967741935,0.1672394844565431,0.4,0.952,31,0.1809032258064516,0.17331673411006984,0.019,0.581,31,0.18764516129032258,0.24913082886803295,0.0,1.0,31,0.16932258064516129,0.34491355314018174,0.0,1.0,31,0.07658064516129033,0.20349427087652835,0.0,1.0,31,0.1617741935483871,0.24716697590595438,0.0,1.0,31,0.13880645161290323,0.2615728603856343,0.0,1.0,31,0.10561290322580645,0.231168434612709,0.0,1.0,31,0.4852258064516129,0.35728715898908914,0.0,1.0,31
21,0.8356521739130435,0.09548612878588092,0.5,0.936,23,0.11673913043478261,0.0971312221085496,0.022,0.475,23,0.21804347826086956,0.2747399561007843,0.0,1.0,23,0.07052173913043477,0.15668174737497123,0.0,0.579,23,0.10404347826086956,0.2224889125451729,0.0,1.0,23,0.1226086956521739,0.22007761835944792,0.0,1.0,23,0.13552173913043478,0.24741809839827758,0.0,1.0,23,0.1094782608695652,0.25413701915684944,0.0,1.0,23,0.5455217391304348,0.31246845216251506,0.0,1.0,23
22,0.6766153846153846,0.22880761149254428,0.152,0.951,13,0.27369230769230773,0.2235025669559467,0.023,0.788,13,0.41823076923076924,0.35628152582055894,0.0,1.0,13,0.26353846153846155,0.3293391401439696,0.0,1.0,13,0.04838461538461539,0.09652766310022087,0.0,0.286,13,0.34507692307692306,0.32954171752563227,0.0,1.0,13,0.152,0.2680540990173439,0.0,0.875,13,0.20107692307692307,0.26285879020824776,0.0,0.833,13,0.08176923076923079,0.1648216985341806,0.0,0.538,13
23,0.7324999999999999,0.2185700787169754,0.0,0.979,30,0.20829999999999999,0.23620595192360827,0.0,1.0,30,0.17763333333333334,0.2942237576067403,0.0,1.0,30,0.1397,0.24757863954432882,0.0,0.925,30,0.04173333333333333,0.12851188951659856,0.0,0.615,30,0.1434666666666667,0.252578937245824,0.0,1.0,30,0.17943333333333333,0.33978519414612457,0.0,1.0,30,0.053000000000000005,0.12730468474734422,0.0,0.545,30,0.3659,0.3186353823676079,0.0,1.0,30
24,0.34842105263157896,0.307758620384633,0.0,0.867,19,0.6261578947368421,0.31883542657579017,0.1,1.0,19,0.5479999999999999,0.3227751195147758,0.0,0.971,19,0.2482105263157895,0.2850024520259759,0.0,0.946,19,0.03147368421052631,0.08991129481701679,0.0,0.367,19,0.12152631578947369,0.19327854638119582,0.0,0.714,19,0.21200000000000002,0.3243324768745115,0.0,1.0,19,0.1163684210526316,0.1634367735467402,0.0,0.462,19,0.2840526315789474,0.15311777372852226,0.0,0.706,19
25,0.7494705882352941,0.262257773394579,0.018,0.905,17,0.2081764705882353,0.27805018326151976,0.022,0.982,17,0.25223529411764706,0.33437208492407167,0.0,0.981,17,0.16323529411764706,0.23896770948492307,0.0,0.759,17,0.016058823529411764,0.049120350401126125,0.0,0.19,17,0.20288235294117646,0.24250177379581714,0.0,0.9,17,0.12688235294117647,0.223772172742988,0.0,0.562,17,0.108,0.20235148875162745,0.0,0.667,17,0.4113529411764706,0.3299056571916566,0.0,1.0,17
26,0.5890232558139534,0.2809428418712089,0.026,1.0,43,0.37788372093023254,0.2821779419429491,0.0,0.949,43,0.48090697674418603,0.34024863555609614,0.0,1.0,43,0.24665116279069768,0.24783979884488463,0.0,0.9,43,0.08955813953488372,0.15730850828041262,0.0,0.531,43,0.23651162790697675,0.32468962264299234,0.0,1.0,43,0.22406976744186047,0.32442163888759956,0.0,1.0,43,0.1439767441860465,0.22646438681150105,0.0,1.0,43,0.22972093023255813,0.21928230614801153,0.0,0.75,43
27,0.7812857142857144,0.22804703582693317,0.044,0.936,14,0.15464285714285714,0.23433723468633735,0.021,0.956,14,0.10942857142857143,0.2901017631229307,0.0,0.976,14,0.12128571428571429,0.27381617319526014,0.0,1.0,14,0.19599999999999998,0.34508884028943576,0.0,1.0,14,0.18142857142857144,0.26589665843525184,0.0,0.769,14,0.08928571428571429,0.19742006311082297,0.0,0.667,14,0.06542857142857143,0.13136719780577136,0.0,0.333,14,0.4795,0.324610239660285,0.0,1.0,14
28,0.7201111111111111,0.20397084246323882,0.132,0.979,18,0.24755555555555558,0.21242859623113838,0.0,0.842,18,0.2801111111111111,0.32324092069299876,0.0,0.933,18,0.15855555555555556,0.24951181092455257,0.0,0.933,18,0.07016666666666667,0.132315687567539,0.0,0.438,18,0.27861111111111114,0.33939637401246714,0.0,1.0,18,0.1715,0.2685830466376768,0.0,1.0,18,0.07405555555555556,0.24400734613392333,0.0,1.0,18,0.45516666666666666,0.3078391959907563,0.0,1.0,18
29,0.5772272727272727,0.29844787880572443,0.133,0.913,22,0.3932727272727272,0.3143207615248174,0.023,0.867,22,0.26886363636363636,0.3021446035789179,0.0,0.97,22,0.28045454545454546,0.35815675302897715,0.0,1.0,22,0.12731818181818183,0.2381620869359346,0.0,0.792,22,0.08240909090909092,0.1435504421352628,0.0,0.5,22,0.3387727272727273,0.3733693348055785,0.0,1.0,22,0.13349999999999998,0.2431027119787613,0.0,1.0,22,0.5292272727272727,0.3201545656201796,0.0,1.0,22
30,0.5546206896551724,0.30546012292852137,0.0,0.95,29,0.40720689655172415,0.3097210010996469,0.025,0.98,29,0.5048965517241379,0.3570998604659873,0.0,1.0,29,0.18968965517241382,0.277606878188805,0.0,0.909,29,0.08348275862068967,0.16565511088869792,0.0,0.667,29,0.1206896551724138,0.1528750898722492,0.0,0.5,29,0.15627586206896552,0.22870846954017438,0.0,0.929,29,0.18955172413793103,0.227128438523684,0.0,0.75,29,0.3147241379310345,0.23915967417960454,0.0,0.867,29
31,0.5299375,0.3095914444877313,0.0,0.816,16,0.43525,0.3168742126880423,0.105,1.0,16,0.4794375,0.4015058270643985,0.0,1.0,16,0.253875,0.29782094732685727,0.0,0.975,16,0.129,0.18057353072917415,0.0,0.5,16,0.196125,0.2975658750596244,0.0,1.0,16,0.189875,0.2778354129096337,0.0,1.0,16,0.146375,0.232118899130022,0.0,0.8,16,0.31243750000000003,0.2504984281387809,0.0,0.667,16
32,0.6005454545454546,0.3113923460552911,0.0,0.955,33,0.34884848484848485,0.31634584725543274,0.023,0.978,33,0.3761515151515152,0.38451358243338757,0.0,1.0,33,0.2296969696969697,0.28705405467094575,0.0,1.0,33,0.1777878787878788,0.26595309238376014,0.0,1.0,33,0.18812121212121213,0.2329381298724725,0.0,1.0,33,0.08806060606060606,0.16795813083063652,0.0,0.688,33,0.1539090909090909,0.2665096578499037,0.0,1.0,33,0.3973939393939394,0.2054205958810392,0.0,0.781,33
33,0.8444,0.11801985305144945,0.487,0.933,15,0.1212,0.10824522424305182,0.024,0.462,15,0.15833333333333333,0.19426810144255602,0.0,0.5,15,0.05,0.10815927408885737,0.0,0.333,15,0.08466666666666667,0.1274696976128986,0.0,0.333,15,0.15446666666666667,0.15651374502244964,0.0,0.5,15,0.08833333333333333,0.1874203322811614,0.0,0.571,15,0.19159999999999996,0.32307999893878564,0.0,1.0,15,0.6194666666666666,0.2534033675124833,0.125,1.0,15
34,0.7470689655172413,0.1890785798540012,0.189,0.979,29,0.22158620689655173,0.1877596330496938,0.021,0.811,29,0.14393103448275862,0.202529527130258,0.0,0.667,29,0.2196206896551724,0.3011725198279342,0.0,0.895,29,0.11920689655172413,0.26886725074312695,0.0,1.0,29,0.09772413793103449,0.23274325163636003,0.0,1.0,29,0.26717241379310347,0.35412478318943663,0.0,1.0,29,0.08986206896551724,0.2632039844653261,0.0,1.0,29,0.5711379310344827,0.3016337329726155,0.0,1.0,29
35,0.8686999999999999,0.017204973441162664,0.851,0.907,10,0.0878,0.03300774319930266,0.023,0.122,10,0.02,0.0632455532033676,0.0,0.2,10,0.04,0.0843274042711568,0.0,0.2,10,0.0805,0.13244306953052193,0.0,0.333,10,0.1764,0.2383108147870013,0.0,0.667,10,0.125,0.31732387941099616,0.0,1.0,10,0.0,0.0,0.0,0.0,10,0.465,0.3137635344579665,0.0,1.0,10
36,0.8637,0.11669052137075134,0.553,0.955,10,0.0946,0.12087753214629168,0.0,0.404,10,0.21030000000000001,0.22165541324818178,0.0,0.667,10,0.1633,0.2696776058761852,0.0,0.824,10,0.055600000000000004,0.1758226379053619,0.0,0.556,10,0.2515,0.33524294673167,0.0,1.0,10,0.10729999999999999,0.2192603982077526,0.0,0.545,10,0.0028,0.008854377448471463,0.0,0.028,10,0.4664,0.36140657314319996,0.0,1.0,10
37,0.861764705882353,0.09209406157006318,0.61,0.975,17,0.10658823529411765,0.08919295013027194,0.02,0.366,17,0.18288235294117647,0.2033383517542071,0.0,0.5,17,0.0881764705882353,0.16779646722075145,0.0,0.5,17,0.19958823529411762,0.2826453296145917,0.0,0.795,17,0.18141176470588236,0.29605786149491314,0.0,1.0,17,0.07547058823529411,0.1513605454069268,0.0,0.5,17,0.14447058823529413,0.27791952919124335,0.0,1.0,17,0.5961764705882353,0.25761726341952457,0.0,1.0,17
38,0.8052666666666667,0.1941264192907979,0.14,0.955,15,0.15433333333333332,0.20219215283157418,0.02,0.86,15,0.08099999999999999,0.16708338380239113,0.0,0.571,15,0.20226666666666668,0.3344612868194949,0.0,1.0,15,0.18433333333333335,0.29631370120838074,0.0,1.0,15,0.13726666666666668,0.2728061757435295,0.0,1.0,15,0.3029333333333334,0.410927603402467,0.0,1.0,15,0.08333333333333333,0.2616340592361418,0.0,1.0,15,0.5488,0.3315041908806412,0.0,1.0,15
39,0.7635599999999999,0.20933328290869876,0.061,0.935,25,0.18864,0.21732135958836016,0.022,0.909,25,0.12632,0.17671297820665763,0.0,0.633,25,0.15780000000000002,0.2980912891492582,0.0,0.933,25,0.14624,0.1846337094537903,0.0,0.615,25,0.10148,0.16132811286319565,0.0,0.667,25,0.16,0.31555876367696295,0.0,1.0,25,0.04872,0.0931179896690215,0.0,0.364,25,0.45352000000000003,0.28338697335386936,0.0,1.0,25
40,0.5744545454545454,0.3037780944732819,0.024,0.952,33,0.3876363636363636,0.31312246188410636,0.044,0.971,33,0.39306060606060605,0.3538673779993307,0.0,1.0,33,0.18936363636363637,0.2731494346257441,0.0,0.881,33,0.09057575757575757,0.18501807855974345,0.0,0.733,33,0.1940909090909091,0.24037020453307587,0.0,1.0,33,0.22830303030303029,0.34683159501843297,0.0,1.0,33,0.1423030303030303,0.26372790012251324,0.0,1.0,33,0.532060606060606,0.28646236002679515,0.0,1.0,33
41,0.8171904761904762,0.17317234740212398,0.306,1.0,21,0.158,0.1746848591034724,0.0,0.694,21,0.14685714285714285,0.29078261394283633,0.0,1.0,21,0.14733333333333334,0.30147061769488137,0.0,1.0,21,0.21585714285714283,0.30594955233081905,0.0,1.0,21,0.1569047619047619,0.2286138457665906,0.0,0.714,21,0.12295238095238095,0.2514397494809594,0.0,1.0,21,0.03623809523809524,0.08514746312245877,0.0,0.333,21,0.5729047619047619,0.32500906214472003,0.0,1.0,21
42,0.5971875,0.2903850819744936,0.043,0.932,16,0.3775625,0.30731568324227554,0.047,0.957,16,0.230125,0.29831613544471025,0.0,0.977,16,0.2653125,0.3100085415489924,0.0,1.0,16,0.0424375,0.11254745295503878,0.0,0.429,16,0.0643125,0.10783983107677177,0.0,0.333,16,0.2135625,0.3538694615721076,0.0,0.955,16,0.228375,0.3333490412965565,0.0,1.0,16,0.306,0.2698982524335174,0.0,0.8,16
43,0.8234545454545454,0.10702276733140818,0.617,0.957,11,0.12772727272727272,0.09963642999334221,0.043,0.362,11,0.21472727272727274,0.22084931102862465,0.0,0.5,11,0.11,0.26058357584467984,0.0,0.867,11,0.0,0.0,0.0,0.0,11,0.2457272727272727,0.3174876661884965,0.0,1.0,11,0.09845454545454545,0.13847841971683794,0.0,0.333,11,0.20027272727272727,0.31320667007874875,0.0,1.0,11,0.47918181818181815,0.3923329754639083,0.0,1.0,11
44,0.7372857142857143,0.23642337931286384,0.096,0.921,21,0.22057142857142856,0.24875380829819901,0.026,0.904,21,0.19733333333333333,0.306093340883681,0.0,1.0,21,0.1291904761904762,0.2637626999876251,0.0,0.903,21,0.10995238095238095,0.20029240529547698,0.0,0.75,21,0.0650952380952381,0.14223568636664458,0.0,0.6,21,0.11657142857142858,0.23140172242845802,0.0,0.833,21,0.07447619047619047,0.21865946561894342,0.0,1.0,21,0.5595714285714285,0.2900197530218539,0.0,1.0,21
45,0.8284,0.0286713174521933,0.791,0.878,10,0.13340000000000002,0.042040192408905296,0.07,0.205,10,0.10200000000000001,0.14664166453562158,0.0,0.4,10,0.1177,0.1590576764712865,0.0,0.5,10,0.11879999999999999,0.19525982689739335,0.0,0.444,10,0.10500000000000001,0.17232076034083776,0.0,0.5,10,0.09670000000000001,0.21509173753437288,0.0,0.667,10,0.1689,0.20916577689053778,0.0,0.5,10,0.4929,0.25392800817029487,0.0,1.0,10
46,0.7446153846153846,0.21901884944053657,0.152,0.93,13,0.22253846153846152,0.2268401108654197,0.021,0.848,13,0.2803076923076923,0.3769105518588782,0.0,1.0,13,0.0996153846153846,0.17881300216592122,0.0,0.625,13,0.1366153846153846,0.184120675310849,0.0,0.5,13,0.338,0.41942838085502354,0.0,1.0,13,0.05130769230769231,0.18499251544111392,0.0,0.667,13,0.1220769230769231,0.22510866321936673,0.0,0.667,13,0.4492307692307692,0.3437935799880877,0.0,1.0,13
47,0.8708,0.08514536589464712,0.692,0.955,10,0.0977,0.07762166077985075,0.025,0.282,10,0.1061,0.16741462168984989,0.0,0.5,10,0.0811,0.16212097677694615,0.0,0.5,10,0.1291,0.18877820613384141,0.0,0.5,10,0.22000000000000003,0.3216278042154385,0.0,1.0,10,0.1432,0.31456523789015356,0.0,1.0,10,0.11499999999999999,0.17004901254246277,0.0,0.5,10,0.48440000000000005,0.2866434874349823,0.0,1.0,10
48,0.7805,0.12769542156888466,0.458,0.933,30,0.15296666666666667,0.13079319905690906,0.023,0.542,30,0.07083333333333333,0.20679026244888363,0.0,1.0,30,0.13443333333333332,0.2775334317647631,0.0,1.0,30,0.10206666666666668,0.1724088831484786,0.0,0.667,30,0.1618,0.26442604076467724,0.0,1.0,30,0.11723333333333333,0.22886009629937878,0.0,1.0,30,0.10656666666666667,0.21528916934388875,0.0,1.0,30,0.3895,0.31563212436479665,0.0,1.0,30
49,0.8517600000000001,0.06410686390707318,0.711,0.98,25,0.09852,0.06961628162051364,0.0,0.244,25,0.13140000000000002,0.20794770977339475,0.0,0.8,25,0.11796,0.23605286837203796,0.0,1.0,25,0.0516,0.12255984932540782,0.0,0.5,25,0.20568,0.3387482742883472,0.0,1.0,25,0.09348,0.227091780271032,0.0,1.0,25,0.17668,0.31304908028401335,0.0,1.0,25,0.35316000000000003,0.3382753661343571,0.0,1.0,25
50,0.7782307692307693,0.21194974005101375,0.108,0.953,13,0.1793076923076923,0.21719514444211402,0.023,0.865,13,0.12653846153846154,0.25976290965180004,0.0,0.759,13,0.15507692307692308,0.29882309748368446,0.0,1.0,13,0.191,0.30401973620145123,0.0,1.0,13,0.203,0.3697756076325209,0.0,1.0,13,0.03415384615384615,0.09488839598342726,0.0,0.333,13,0.07507692307692307,0.12351211920189692,0.0,0.333,13,0.536,0.3932494967150838,0.0,1.0,13
51,0.8225882352941176,0.10674857073020314,0.568,0.933,17,0.14688235294117646,0.10142662517365766,0.022,0.378,17,0.13794117647058823,0.2099647204259073,0.0,0.667,17,0.05829411764705883,0.11716268854987621,0.0,0.333,17,0.04829411764705882,0.13905563846257835,0.0,0.488,17,0.17752941176470588,0.32810271212820286,0.0,1.0,17,0.16211764705882353,0.29605106872652504,0.0,1.0,17,0.18129411764705883,0.33496805159333526,0.0,1.0,17,0.5896470588235294,0.28568315954402845,0.0,1.0,17
52,0.8553999999999999,0.07011842199770524,0.683,0.938,30,0.09873333333333333,0.0765497058862042,0.0,0.317,30,0.09756666666666666,0.15258952902416367,0.0,0.5,30,0.13616666666666666,0.24720661236181019,0.0,1.0,30,0.0763,0.13543777041568728,0.0,0.429,30,0.223,0.35056988087870633,0.0,1.0,30,0.07776666666666668,0.22201734684220187,0.0,1.0,30,0.1188,0.23658335266586422,0.0,1.0,30,0.35446666666666665,0.3598592381256424,0.0,1.0,30
53,0.8339428571428571,0.10173550328867297,0.444,0.978,70,0.12361428571428572,0.10007320405469317,0.0,0.533,70,0.15165714285714285,0.238982983186226,0.0,1.0,70,0.0869,0.19102933608840503,0.0,1.0,70,0.12645714285714285,0.24042846329570244,0.0,1.0,70,0.15495714285714285,0.27361378872970343,0.0,1.0,70,0.11952857142857144,0.26933507612231583,0.0,1.0,70,0.15285714285714286,0.27062414631999965,0.0,1.0,70,0.4876571428571429,0.3298211146998678,0.0,1.0,70
54,0.8191632653061225,0.13249282165127152,0.342,0.956,49,0.13361224489795917,0.1259586268592672,0.021,0.632,49,0.10318367346938775,0.18155895202722586,0.0,0.667,49,0.09665306122448979,0.21455016420218298,0.0,1.0,49,0.12657142857142856,0.2077525571443105,0.0,1.0,49,0.177734693877551,0.28145712932213757,0.0,1.0,49,0.16959183673469388,0.3130590944193116,0.0,1.0,49,0.16044897959183674,0.25195585436941204,0.0,1.0,49,0.5145510204081633,0.3314348893589113,0.0,1.0,49
55,0.7639333333333334,0.13009417834052084,0.486,0.907,15,0.20846666666666666,0.12980637595316818,0.07,0.514,15,0.24613333333333334,0.21573656775490488,0.0,0.778,15,0.2482,0.32137010261868304,0.0,1.0,15,0.03333333333333333,0.09339292315394189,0.0,0.333,15,0.2638666666666667,0.3798147794210576,0.0,1.0,15,0.28053333333333336,0.38461759611085816,0.0,1.0,15,0.0708,0.11723980308995503,0.0,0.333,15,0.42773333333333335,0.2254628466911904,0.0,0.8,15
56,0.6207142857142858,0.3049814982678692,0.026,0.927,21,0.3508095238095238,0.31187555515744075,0.062,0.974,21,0.2572857142857143,0.32293995461341457,0.0,0.962,21,0.32852380952380955,0.3419816689601387,0.0,1.0,21,0.14409523809523808,0.19452658038476509,0.0,0.6,21,0.08447619047619048,0.20093148559835491,0.0,0.9,21,0.17742857142857144,0.2555510851920945,0.0,0.8,21,0.13123809523809524,0.25175124721873865,0.0,1.0,21,0.4946190476190476,0.3162827020547403,0.0,1.0,21
57,0.803741935483871,0.14513362248810707,0.083,0.978,62,0.14985483870967742,0.1445121637371967,0.022,0.861,62,0.17551612903225805,0.2608210706272225,0.0,1.0,62,0.15662903225806452,0.25405777281987585,0.0,1.0,62,0.08237096774193549,0.1688809100113486,0.0,0.667,62,0.20925806451612902,0.29894716543359745,0.0,1.0,62,0.08164516129032258,0.21434322841267228,0.0,1.0,62,0.14361290322580644,0.2345960151464228,0.0,1.0,62,0.4860967741935484,0.3263274886145651,0.0,1.0,62
58,0.8076296296296297,0.12337315134556008,0.395,0.933,27,0.15233333333333332,0.12866354453499132,0.0,0.605,27,0.11255555555555556,0.1677636463171954,0.0,0.5,27,0.08303703703703703,0.12664926781089988,0.0,0.429,27,0.11296296296296296,0.22170345430872668,0.0,1.0,27,0.2588148148148148,0.30581807526157634,0.0,1.0,27,0.05770370370370371,0.11495277117642531,0.0,0.4,27,0.21611111111111111,0.2724582301555363,0.0,1.0,27,0.3612592592592592,0.35886901323598375,0.0,1.0,27
59,0.7134999999999999,0.26943155649693973,0.097,0.951,12,0.243,0.2801184814259202,0.0,0.839,12,0.25958333333333333,0.320529521639465,0.0,0.769,12,0.068,0.09902524930541705,0.0,0.25,12,0.0555,0.1296200742028936,0.0,0.333,12,0.13566666666666669,0.2902369982471483,0.0,1.0,12,0.23500000000000001,0.2634753740433301,0.0,0.7,12,0.2181666666666667,0.2596612595228054,0.0,0.667,12,0.46608333333333335,0.3344962177618302,0.0,1.0,12
60,0.7611860465116279,0.1711855378590523,0.262,0.979,43,0.19918604651162788,0.17839619574925725,0.0,0.69,43,0.18134883720930234,0.2637902200180802,0.0,1.0,43,0.11146511627906977,0.17387575597551716,0.0,0.667,43,0.06990697674418604,0.1666774492636099,0.0,0.667,43,0.1260232558139535,0.22202064343875058,0.0,1.0,43,0.1836046511627907,0.2947891207153638,0.0,1.0,43,0.17555813953488372,0.27478262424493377,0.0,1.0,43,0.48069767441860467,0.33781606258039304,0.0,1.0,43
61,0.8399032258064516,0.07724478616222143,0.575,0.95,31,0.11906451612903225,0.08450717345640782,0.0,0.425,31,0.1300967741935484,0.20337409779987714,0.0,0.765,31,0.0524516129032258,0.18777767682549085,0.0,1.0,31,0.08761290322580646,0.1774797035192766,0.0,0.538,31,0.19506451612903225,0.28016232621867293,0.0,1.0,31,0.09683870967741935,0.2640267785376063,0.0,1.0,31,0.1167741935483871,0.2645016332246261,0.0,1.0,31,0.4485483870967742,0.30905542531070135,0.0,1.0,31
62,0.7754166666666666,0.2268188938471851,0.095,0.976,12,0.19425,0.22335911768841105,0.024,0.857,12,0.2695,0.30548783638930405,0.0,1.0,12,0.24266666666666667,0.29027959353740734,0.0,0.879,12,0.02775,0.09612881982007271,0.0,0.333,12,0.22033333333333335,0.33106558903399225,0.0,1.0,12,0.24258333333333335,0.3233367111663611,0.0,0.8,12,0.11575,0.29437889159751557,0.0,1.0,12,0.5678333333333333,0.3222460475343571,0.0,1.0,12
63,0.7617647058823529,0.20183425421981918,0.22,0.935,17,0.20252941176470587,0.21166988379522095,0.0,0.756,17,0.24811764705882353,0.33001456073045876,0.0,1.0,17,0.11294117647058823,0.17296078695337105,0.0,0.5,17,0.08488235294117648,0.16474483389204544,0.0,0.5,17,0.13964705882352943,0.20553617114040731,0.0,0.5,17,0.09558823529411764,0.2498839877882158,0.0,1.0,17,0.1821764705882353,0.29091391237231107,0.0,1.0,17,0.348764705882353,0.3114768308822834,0.0,1.0,17
64,0.8135,0.15593246401353808,0.423,0.961,16,0.16068749999999998,0.16141405091668237,0.0,0.577,16,0.15725,0.2767233275313088,0.0,1.0,16,0.1534375,0.32593291104152095,0.0,1.0,16,0.1155,0.21310498195333996,0.0,0.667,16,0.11837500000000001,0.25839346611966285,0.0,1.0,16,0.0828125,0.2511172949705642,0.0,1.0,16,0.19425,0.34110457829430163,0.0,1.0,16,0.5465625000000001,0.39305724243846896,0.0,1.0,16
65,0.8377647058823529,0.0668641621234469,0.653,0.94,17,0.12894117647058825,0.07661059863706465,0.048,0.327,17,0.19241176470588234,0.22709195792220643,0.0,0.667,17,0.10729411764705883,0.14391089461272658,0.0,0.333,17,0.11376470588235295,0.20957651628097693,0.0,0.667,17,0.22294117647058823,0.39283846403264716,0.0,1.0,17,0.11958823529411765,0.26899885195468987,0.0,1.0,17,0.04082352941176471,0.11017896537799177,0.0,0.333,17,0.5892941176470589,0.37578347567214193,0.0,1.0,17
66,0.827,0.08435954796781056,0.647,0.952,16,0.13774999999999998,0.081801792971385,0.045,0.353,16,0.0980625,0.1342701102256195,0.0,0.4,16,0.1426875,0.26553511224192805,0.0,1.0,16,0.0104375,0.041749999999999995,0.0,0.167,16,0.146875,0.2653452782068425,0.0,1.0,16,0.1145625,0.2769952992982612,0.0,1.0,16,0.31875,0.42004388659599207,0.0,1.0,16,0.452875,0.2706382271594314,0.0,1.0,16
67,0.8345882352941176,0.10557235566965402,0.551,0.975,34,0.11405882352941177,0.1051636361787265,0.021,0.429,34,0.21561764705882355,0.2951496810511557,0.0,1.0,34,0.15691176470588236,0.2803752212765642,0.0,1.0,34,0.09697058823529413,0.16548962895164332,0.0,0.5,34,0.21964705882352942,0.3059082732744474,0.0,1.0,34,0.10161764705882353,0.2117541477116417,0.0,1.0,34,0.15855882352941175,0.2955985392977063,0.0,1.0,34,0.49273529411764705,0.32891302238180703,0.0,1.0,34
68,0.5463,0.24224416057633533,0.196,0.911,10,0.4298,0.25051981513999605,0.044,0.804,10,0.5951,0.2507710110838173,0.25,1.0,10,0.1455,0.25086217995810633,0.0,0.818,10,0.0158,0.0499639870306604,0.0,0.158,10,0.1339,0.1715170545456049,0.0,0.5,10,0.025,0.07905694150420949,0.0,0.25,10,0.4686,0.3512736192137912,0.0,1.0,10,0.0852,0.07280537220715393,0.0,0.182,10
69,0.8088571428571428,0.1366111027940021,0.39,0.957,14,0.14635714285714285,0.14204799142589755,0.022,0.585,14,0.16928571428571426,0.25481801306073276,0.0,0.833,14,0.11150000000000002,0.17373664862924887,0.0,0.542,14,0.07628571428571429,0.1465744382014338,0.0,0.5,14,0.24321428571428574,0.38226796452658274,0.0,1.0,14,0.19892857142857143,0.35248556201434894,0.0,1.0,14,0.10714285714285714,0.2894671117609197,0.0,1.0,14,0.4242857142857143,0.28564836602191335,0.0,0.8,14
70,0.854,0.05369460970256802,0.756,0.951,19,0.10968421052631579,0.05343225475266055,0.024,0.244,19,0.09836842105263158,0.17815948240155682,0.0,0.5,19,0.04384210526315789,0.1052427158513409,0.0,0.333,19,0.12626315789473685,0.20172556773587866,0.0,0.656,19,0.19152631578947368,0.32696897039679346,0.0,1.0,19,0.06952631578947369,0.1395820620523412,0.0,0.5,19,0.032842105263157895,0.114793177864412,0.0,0.5,19,0.6203157894736842,0.31519183799210615,0.0,1.0,19
71,0.6155999999999999,0.26946333496208513,0.026,0.884,10,0.362,0.26694568735980734,0.116,0.923,10,0.2961,0.3907617773870247,0.0,1.0,10,0.11710000000000001,0.19020716775838567,0.0,0.438,10,0.08549999999999999,0.21268926212252048,0.0,0.667,10,0.0705,0.15796993384818517,0.0,0.5,10,0.1324,0.2801738349271355,0.0,0.833,10,0.1583,0.3343817013866372,0.0,1.0,10,0.125,0.17201550317728148,0.0,0.444,10
72,0.7574615384615384,0.14403449551213732,0.347,0.875,13,0.19253846153846155,0.14010092516029019,0.05,0.571,13,0.14130769230769233,0.22315255791176605,0.0,0.667,13,0.22561538461538463,0.3882824441180111,0.0,1.0,13,0.04784615384615386,0.13075221231643092,0.0,0.455,13,0.1473846153846154,0.3120348640941528,0.0,1.0,13,0.15823076923076923,0.25299609807470474,0.0,0.724,13,0.148,0.18966988866624734,0.0,0.5,13,0.5421538461538462,0.32276793679924437,0.0,1.0,13
73,0.76195,0.23092433825822692,0.14,0.933,20,0.19265,0.24612989189493117,0.0,0.837,20,0.1584,0.27166589387469464,0.0,0.917,20,0.1489,0.3092678791155518,0.0,1.0,20,0.14165,0.3107372006933461,0.0,1.0,20,0.16560000000000002,0.33036302201637135,0.0,1.0,20,0.1335,0.24962213548945492,0.0,1.0,20,0.0875,0.18972320558340275,0.0,0.667,20,0.46055,0.3526404871223591,0.0,1.0,20
74,0.38939999999999997,0.3086833709959313,0.0,0.864,35,0.5805714285714286,0.3189898841946048,0.091,1.0,35,0.5802571428571429,0.33998082496596455,0.0,1.0,35,0.2726857142857143,0.2558281559526849,0.0,0.943,35,0.08125714285714285,0.13736519442222425,0.0,0.5,35,0.1668,0.23280827759692535,0.0,0.818,35,0.2802857142857143,0.35479941072208604,0.0,1.0,35,0.13254285714285716,0.14885234350881824,0.0,0.5,35,0.3545142857142857,0.24076622435448863,0.0,0.9,35
75,0.6050625000000001,0.3024578138628041,0.0,0.957,16,0.359,0.29615131267647626,0.021,0.919,16,0.50425,0.3571536550748618,0.0,1.0,16,0.1483125,0.23283548376482482,0.0,0.758,16,0.1845,0.27046848245220734,0.0,0.769,16,0.2191875,0.2813088975367351,0.0,1.0,16,0.0616875,0.14690573791834455,0.0,0.5,16,0.1670625,0.18117669782103143,0.0,0.5,16,0.1725,0.19581385718755112,0.0,0.538,16
76,0.62512,0.23465601064821104,0.075,0.915,25,0.33336,0.23443493766928175,0.043,0.925,25,0.27716,0.28394757145172655,0.0,0.909,25,0.21864,0.25076065613781334,0.0,0.8,25,0.11388,0.21039552435036885,0.0,1.0,25,0.16248,0.22236908508153738,0.0,0.667,25,0.1336,0.2722696273916722,0.0,1.0,25,0.18628,0.26871693905173405,0.0,1.0,25,0.35628,0.2495097726876979,0.0,0.75,25
77,0.8237272727272728,0.0905351764885792,0.698,0.96,11,0.14481818181818182,0.08582868772364889,0.02,0.279,11,0.04745454545454546,0.09217956784056175,0.0,0.286,11,0.08,0.12058109304530291,0.0,0.333,11,0.04827272727272727,0.09802049878376554,0.0,0.308,11,0.24245454545454545,0.4038889361288233,0.0,1.0,11,0.10972727272727273,0.19926067896556557,0.0,0.5,11,0.0979090909090909,0.30008014081090223,0.0,1.0,11,0.564,0.4275364311962198,0.0,1.0,11
78,0.8092142857142858,0.09059052299850606,0.611,0.911,14,0.152,0.09083543869590174,0.07,0.357,14,0.16385714285714287,0.22807011645978092,0.0,0.667,14,0.09592857142857143,0.12771871996137227,0.0,0.4,14,0.17514285714285713,0.2977543791947825,0.0,1.0,14,0.15671428571428572,0.22347515042425378,0.0,0.667,14,0.23664285714285715,0.3765457592261647,0.0,1.0,14,0.037642857142857145,0.09949380123161686,0.0,0.333,14,0.4935,0.29915927067495207,0.0,1.0,14
79,0.6595121951219513,0.28009499477420324,0.0,0.977,41,0.30778048780487804,0.2875133485766463,0.0,0.974,41,0.509609756097561,0.3510534060544621,0.0,1.0,41,0.1820487804878049,0.24564648900600147,0.0,0.972,41,0.09326829268292684,0.16029395253568426,0.0,0.667,41,0.167390243902439,0.24071413315889664,0.0,1.0,41,0.1622439024390244,0.26678069462461157,0.0,1.0,41,0.15795121951219512,0.26540195470451156,0.0,1.0,41,0.2850243902439024,0.2860327330748072,0.0,1.0,41
80,0.3919591836734694,0.28487657847914843,0.0,0.829,49,0.578,0.29032044077765745,0.14,1.0,49,0.646734693877551,0.28580637206494397,0.0,1.0,49,0.2579795918367347,0.2816202740242552,0.0,0.951,49,0.1493061224489796,0.22969900631783624,0.0,1.0,49,0.2369591836734694,0.3108047993505244,0.0,1.0,49,0.2277142857142857,0.3037139553373646,0.0,1.0,49,0.12677551020408162,0.18415745813774445,0.0,0.667,49,0.3916326530612245,0.1982153389075409,0.0,0.75,49
81,0.5251111111111111,0.2655628625898736,0.038,0.884,18,0.4385555555555556,0.26968134185328957,0.065,0.942,18,0.39088888888888884,0.35155534898319046,0.0,1.0,18,0.24805555555555556,0.3406057704292063,0.0,0.879,18,0.17372222222222222,0.3234797576275388,0.0,1.0,18,0.10561111111111111,0.18168270301589912,0.0,0.625,18,0.16383333333333333,0.3242925785006315,0.0,1.0,18,0.18361111111111109,0.2766999094132144,0.0,1.0,18,0.16672222222222222,0.19690989445923662,0.0,0.646,18
82,0.5405294117647059,0.25584202099319486,0.125,0.885,17,0.43711764705882356,0.2601703486066728,0.096,0.875,17,0.5109411764705882,0.3725965429570293,0.0,1.0,17,0.28705882352941176,0.26398945778861965,0.0,0.926,17,0.1608235294117647,0.27629495907773033,0.0,1.0,17,0.12335294117647058,0.17619128141613258,0.0,0.5,17,0.10882352941176471,0.2212824087264162,0.0,0.667,17,0.18176470588235294,0.25485719761558745,0.0,1.0,17,0.18841176470588233,0.15917288510591612,0.0,0.5,17
83,0.382,0.2906218796358542,0.024,0.73,14,0.5896428571428572,0.3079082298704892,0.156,0.976,14,0.5021428571428571,0.3606073631107251,0.0,1.0,14,0.29607142857142854,0.2991018515195411,0.0,0.864,14,0.12507142857142856,0.22003722212589197,0.0,0.75,14,0.12364285714285715,0.14012664993490004,0.0,0.412,14,0.15921428571428572,0.28591611964442903,0.0,0.857,14,0.08978571428571427,0.16139020014640515,0.0,0.588,14,0.3202142857142857,0.3032026939629225,0.0,1.0,14
84,0.752,0.18623171051139492,0.366,0.953,17,0.20794117647058824,0.19730416575310675,0.047,0.634,17,0.07011764705882352,0.14621511650345065,0.0,0.5,17,0.20123529411764707,0.3711954554900566,0.0,1.0,17,0.047058823529411764,0.10689683729432509,0.0,0.333,17,0.07323529411764707,0.24168691767754122,0.0,1.0,17,0.23452941176470588,0.36189848674163083,0.0,0.938,17,0.16288235294117648,0.3534824752291373,0.0,1.0,17,0.6464117647058824,0.2489397665158003,0.0,1.0,17
85,0.209,0.15204677642824996,0.041,0.463,10,0.7617,0.15632235213742712,0.463,0.943,10,0.7717,0.22484317991781638,0.4,1.0,10,0.3971,0.3217108605219566,0.024,0.967,10,0.0633,0.10747924864311664,0.0,0.333,10,0.1781,0.2049013041550601,0.0,0.562,10,0.35090000000000005,0.33384509049025185,0.0,0.875,10,0.18,0.2383755207417257,0.0,0.667,10,0.3341,0.23797313106968843,0.129,0.682,10
86,0.53425,0.31971743638787475,0.021,0.949,24,0.4343333333333333,0.31933227436210604,0.041,0.947,24,0.47125,0.40934680204910123,0.0,1.0,24,0.15945833333333334,0.26409582897891054,0.0,0.929,24,0.08933333333333333,0.2613090235661628,0.0,1.0,24,0.12354166666666666,0.23290359624730472,0.0,1.0,24,0.2548333333333333,0.38520369164634316,0.0,1.0,24,0.07145833333333333,0.16381855794608938,0.0,0.667,24,0.19025,0.19231388518456646,0.0,0.621,24
87,0.5460869565217391,0.23225200127202705,0.108,0.85,23,0.4304782608695652,0.23724955590823796,0.111,0.892,23,0.400695652173913,0.3140240921247645,0.0,0.971,23,0.239,0.29368799152099556,0.0,1.0,23,0.078,0.1868587215470068,0.0,0.81,23,0.20847826086956522,0.31588416599144487,0.0,1.0,23,0.17500000000000002,0.28193003645327586,0.0,1.0,23,0.06539130434782608,0.1339225485564612,0.0,0.444,23,0.2881739130434783,0.20712746452671313,0.0,0.6,23
88,0.6725714285714286,0.2731254190028722,0.077,0.875,14,0.28914285714285715,0.28976910095476344,0.068,0.904,14,0.13007142857142856,0.24642754100756062,0.0,0.917,14,0.053714285714285714,0.11634195524165199,0.0,0.4,14,0.05107142857142858,0.0851681271962105,0.0,0.2,14,0.12842857142857142,0.19788602558260432,0.0,0.667,14,0.21814285714285717,0.3594891369157621,0.0,1.0,14,0.038928571428571423,0.09232423157689283,0.0,0.3,14,0.44585714285714284,0.3409208925030189,0.0,1.0,14
89,0.5088,0.28493740771578147,0.062,0.872,20,0.45640000000000003,0.2950386950536275,0.075,0.906,20,0.43155,0.39097213186458296,0.0,1.0,20,0.23965,0.25750263667531026,0.0,0.724,20,0.0455,0.11852892163163344,0.0,0.5,20,0.121,0.24288702160296233,0.0,0.9,20,0.34835000000000005,0.43420905406448973,0.0,1.0,20,0.09485,0.23262037630801866,0.0,1.0,20,0.18605,0.1866627905299314,0.0,0.5,20
90,0.3911764705882353,0.3910297679355943,0.0,0.977,17,0.5748235294117647,0.38245117912194326,0.0,1.0,17,0.6295294117647059,0.3781919350090405,0.0,1.0,17,0.26076470588235295,0.28520201818442764,0.0,0.8,17,0.08294117647058824,0.17640842900363188,0.0,0.667,17,0.18252941176470586,0.3118974426087561,0.0,1.0,17,0.252,0.34172448697744795,0.0,1.0,17,0.0371764705882353,0.06996805993998052,0.0,0.2,17,0.325,0.21423235049823824,0.0,0.788,17
91,0.23958333333333334,0.2961772989684429,0.0,0.81,12,0.73575,0.3210777659978682,0.119,0.977,12,0.7133333333333334,0.38167700131568494,0.0,1.0,12,0.40241666666666664,0.34867866382395785,0.059,1.0,12,0.08691666666666668,0.14628580887696482,0.0,0.375,12,0.15416666666666667,0.20830302809885295,0.0,0.5,12,0.221,0.35499782329678375,0.0,0.969,12,0.07083333333333335,0.19106630611736164,0.0,0.667,12,0.4449166666666667,0.28521999749263194,0.033,1.0,12
92,0.5465555555555556,0.22694814191681953,0.087,0.955,54,0.4217592592592592,0.22357270019199368,0.043,0.87,54,0.3221296296296296,0.3608905152690785,0.0,1.0,54,0.19103703703703706,0.26052718417991544,0.0,1.0,54,0.11644444444444445,0.20378065035503126,0.0,0.808,54,0.1472037037037037,0.2256931779032355,0.0,1.0,54,0.13075925925925927,0.2669466723074943,0.0,1.0,54,0.10257407407407407,0.16715404733831396,0.0,0.667,54,0.27764814814814814,0.32372362760845497,0.0,1.0,54
93,0.5074074074074074,0.28675280955759397,0.043,0.974,27,0.44455555555555554,0.28985305737872574,0.0,0.946,27,0.40685185185185185,0.37416468029092215,0.0,1.0,27,0.16722222222222222,0.23640746007579197,0.0,0.765,27,0.12177777777777779,0.2881268862222034,0.0,1.0,27,0.21051851851851852,0.24823490276664753,0.0,1.0,27,0.12907407407407406,0.2160074653136439,0.0,0.75,27,0.23062962962962963,0.29657677020761525,0.0,1.0,27,0.19896296296296295,0.19784521562254,0.0,0.576,27
94,0.37170000000000003,0.30324542682271216,0.0,0.842,10,0.6134000000000001,0.2917290219059842,0.158,0.978,10,0.5105999999999999,0.4169663455644032,0.0,1.0,10,0.22210000000000002,0.2450221985408216,0.0,0.805,10,0.10969999999999999,0.24163059500908496,0.0,0.697,10,0.11240000000000001,0.13242708685662966,0.0,0.333,10,0.21669999999999998,0.3429123794790733,0.0,1.0,10,0.1346,0.17127184370013784,0.0,0.4,10,0.3736,0.169610141206238,0.125,0.69,10
95,0.4861666666666667,0.28022323352295503,0.163,0.9,12,0.4810833333333333,0.28507780702924956,0.1,0.814,12,0.49141666666666667,0.2991489316934515,0.0,0.917,12,0.13025,0.1558846455789432,0.0,0.391,12,0.025083333333333336,0.05162532559145988,0.0,0.167,12,0.223,0.2431838062790441,0.0,0.6,12,0.34991666666666665,0.31791807358996044,0.0,0.882,12,0.041666666666666664,0.09731236802019037,0.0,0.25,12,0.3819166666666667,0.23779496834394323,0.0,0.889,12
96,0.6568421052631579,0.28687071481338744,0.071,0.93,19,0.2921052631578947,0.2987047770954611,0.0,0.881,19,0.2591052631578947,0.33175809371971315,0.0,0.973,19,0.1018421052631579,0.1364169520086182,0.0,0.36,19,0.2094736842105263,0.24780802794391124,0.0,0.725,19,0.09394736842105264,0.23003827548287373,0.0,1.0,19,0.23042105263157894,0.3901252385508863,0.0,1.0,19,0.04778947368421053,0.13346267848993443,0.0,0.5,19,0.5765263157894737,0.2829317484288496,0.0,1.0,19
97,0.5731428571428572,0.2612434341148728,0.157,0.884,14,0.39449999999999996,0.258185904995725,0.093,0.804,14,0.5340714285714286,0.3560910566966554,0.0,1.0,14,0.26671428571428574,0.25394742901493744,0.0,1.0,14,0.12207142857142858,0.2216537369883015,0.0,0.645,14,0.2397857142857143,0.2400529360118557,0.0,0.818,14,0.15957142857142856,0.2354490682425049,0.0,0.714,14,0.12057142857142857,0.13563282691245412,0.0,0.45,14,0.38014285714285717,0.19913190724621826,0.0,0.643,14
98,0.7118461538461538,0.2632067774437195,0.081,0.979,13,0.25569230769230766,0.27075338859541065,0.0,0.892,13,0.06407692307692307,0.13346751261290862,0.0,0.375,13,0.2531538461538462,0.3941067634862932,0.0,1.0,13,0.04323076923076923,0.13830772082940868,0.0,0.5,13,0.16023076923076923,0.19966770471884607,0.0,0.5,13,0.16507692307692307,0.2926697403611739,0.0,0.812,13,0.0816923076923077,0.18643291224789352,0.0,0.5,13,0.5273846153846153,0.3611600611136145,0.0,1.0,13
99,0.6263,0.2604163546664798,0.062,0.897,10,0.3506,0.24442458505186784,0.103,0.906,10,0.5048999999999999,0.3078641294828324,0.0,1.0,10,0.16999999999999998,0.20810734409594167,0.0,0.5,10,0.05,0.15811388300841897,0.0,0.5,10,0.1994,0.22328715940589947,0.0,0.5,10,0.1115,0.20518352218874153,0.0,0.615,10,0.125,0.1767766952966369,0.0,0.5,10,0.19990000000000002,0.25930824643012546,0.0,0.643,10
100,0.5403636363636364,0.2950424622752707,0.045,0.9,11,0.42081818181818176,0.3107071992026635,0.083,0.955,11,0.49827272727272726,0.39015896527161614,0.0,1.0,11,0.22254545454545455,0.2726680632697433,0.0,0.667,11,0.08918181818181818,0.19846249932005702,0.0,0.5,11,0.08936363636363637,0.12570542766903323,0.0,0.333,11,0.18181818181818182,0.3551568155566829,0.0,1.0,11,0.15645454545454546,0.17485786435637585,0.0,0.5,11,0.38018181818181823,0.30889442150411783,0.0,1.0,11
101,0.4264137931034483,0.3173204235966023,0.0,0.894,29,0.5452758620689655,0.3224997116888771,0.067,1.0,29,0.5700344827586207,0.3507146258262876,0.0,1.0,29,0.25675862068965516,0.2598566438816951,0.0,0.867,29,0.043965517241379315,0.13221127106659378,0.0,0.667,29,0.13751724137931035,0.15810656909856158,0.0,0.5,29,0.28796551724137937,0.31070639364871017,0.0,1.0,29,0.17689655172413793,0.23624432643642262,0.0,1.0,29,0.2960689655172414,0.23650172621455232,0.0,0.75,29
102,0.30918181818181817,0.28480197266936835,0.0,0.775,11,0.6689090909090909,0.30378922118648466,0.15,1.0,11,0.7225454545454545,0.2685842004423803,0.333,1.0,11,0.16372727272727272,0.10056847508945425,0.0,0.292,11,0.10400000000000001,0.1633970623970945,0.0,0.478,11,0.20654545454545453,0.2937796329347437,0.0,1.0,11,0.10636363636363635,0.12449118260123704,0.0,0.286,11,0.129,0.20375769924103482,0.0,0.6,11,0.21772727272727274,0.17206690030862465,0.0,0.583,11
103,0.5213846153846154,0.29681685624951654,0.026,0.958,26,0.45726923076923076,0.29729871277115316,0.042,0.974,26,0.5250384615384616,0.33240812033032296,0.0,1.0,26,0.18434615384615385,0.2302306569173953,0.0,0.872,26,0.064,0.10866719836270741,0.0,0.333,26,0.19238461538461538,0.2099097095273255,0.0,0.667,26,0.18553846153846154,0.23448585983282333,0.0,1.0,26,0.19738461538461538,0.2762721957668671,0.0,1.0,26,0.2865769230769231,0.22847252317544411,0.0,0.75,26
104,0.4931904761904762,0.26613034758321324,0.033,0.889,21,0.47257142857142853,0.2657674869935319,0.044,0.967,21,0.45776190476190476,0.3808196298461917,0.0,1.0,21,0.20052380952380955,0.27485407383693966,0.0,1.0,21,0.11704761904761905,0.2326734785467558,0.0,1.0,21,0.2621904761904762,0.32637687097090984,0.0,1.0,21,0.13747619047619047,0.24131755407504424,0.0,0.926,21,0.09495238095238097,0.14438714492311155,0.0,0.5,21,0.17285714285714285,0.21934249148632504,0.0,0.667,21
105,0.4574782608695652,0.28834399745714356,0.0,0.907,23,0.5150869565217391,0.2932200404045768,0.047,0.974,23,0.45239130434782604,0.4015352061016947,0.0,1.0,23,0.21056521739130435,0.29393580407462455,0.0,1.0,23,0.13860869565217393,0.24684476887499282,0.0,0.806,23,0.15965217391304348,0.17780801922186956,0.0,0.667,23,0.18382608695652172,0.3168110495338181,0.0,1.0,23,0.11343478260869565,0.1902600674882473,0.0,0.6,23,0.25273913043478263,0.2969097226417644,0.0,1.0,23
106,0.6667916666666667,0.21558353150918327,0.186,0.922,24,0.29833333333333334,0.2165451387158097,0.059,0.767,24,0.24125,0.2726971962994215,0.0,0.789,24,0.17579166666666668,0.2363532689717305,0.0,0.892,24,0.07104166666666667,0.22076969687430156,0.0,1.0,24,0.10916666666666668,0.15477772749183338,0.0,0.5,24,0.28395833333333337,0.3331508966332467,0.0,1.0,24,0.09808333333333334,0.22491542693946612,0.0,1.0,24,0.43683333333333335,0.2709939300887153,0.0,1.0,24
107,0.8033333333333333,0.13297049114428175,0.447,0.915,12,0.13991666666666666,0.12424715715301521,0.021,0.426,12,0.16633333333333333,0.1942184025235196,0.0,0.5,12,0.07916666666666666,0.15877132402714708,0.0,0.5,12,0.21975,0.2581656004829599,0.0,0.667,12,0.061,0.14528279632871507,0.0,0.5,12,0.04808333333333333,0.14402806439487179,0.0,0.5,12,0.03133333333333333,0.0698079616888469,0.0,0.231,12,0.5483333333333333,0.26993949939446304,0.0,1.0,12
108,0.3947222222222222,0.2109264732654083,0.02,0.796,18,0.575,0.22113237983561954,0.163,0.976,18,0.6413888888888889,0.3395166354564,0.0,1.0,18,0.21627777777777776,0.24418021444044768,0.0,0.8,18,0.06027777777777778,0.12398614986956054,0.0,0.5,18,0.21022222222222223,0.20509698008949345,0.0,0.667,18,0.205,0.27101834103335254,0.0,1.0,18,0.19355555555555556,0.2678336231192839,0.0,1.0,18,0.2936111111111111,0.20459260491749964,0.0,0.696,18
109,0.39293333333333336,0.23402489306634167,0.023,0.872,30,0.5803333333333334,0.23556539956297567,0.103,0.932,30,0.5229666666666667,0.3809083954799716,0.0,1.0,30,0.2638666666666667,0.26014753550607594,0.0,1.0,30,0.15776666666666667,0.20367463629834806,0.0,0.719,30,0.19253333333333333,0.25444621860212335,0.0,0.833,30,0.1076,0.18333436572332099,0.0,0.75,30,0.13116666666666668,0.2246405685922987,0.0,1.0,30,0.20636666666666667,0.24338836332556832,0.0,0.64,30
110,0.42766666666666664,0.22360205452517373,0.075,0.824,12,0.5393333333333333,0.23609718081306857,0.118,0.925,12,0.61725,0.3323073946596051,0.0,1.0,12,0.14666666666666664,0.2202846643171815,0.0,0.7,12,0.06458333333333334,0.15136978102005896,0.0,0.5,12,0.15866666666666665,0.1877775924928857,0.0,0.5,12,0.16291666666666668,0.24093056650991357,0.0,0.5,12,0.19308333333333336,0.2388576823638763,0.0,0.526,12,0.19091666666666665,0.19277893997262693,0.0,0.5,12
111,0.7258823529411764,0.22070367077626427,0.208,0.978,17,0.23852941176470588,0.2218549970270725,0.0,0.771,17,0.15864705882352942,0.22292065325370558,0.0,0.778,17,0.06611764705882353,0.11984358678760264,0.0,0.357,17,0.12488235294117649,0.20480200266139403,0.0,0.607,17,0.41400000000000003,0.3670621541374158,0.0,1.0,17,0.11470588235294117,0.19382684434369585,0.0,0.5,17,0.05452941176470588,0.1102860585290922,0.0,0.333,17,0.4115294117647059,0.3376035244275189,0.0,1.0,17
112,0.7526551724137932,0.17224241137380203,0.378,0.929,29,0.2063793103448276,0.16500030601553947,0.024,0.595,29,0.21468965517241378,0.30191059502634643,0.0,1.0,29,0.1773793103448276,0.24175569335785238,0.0,1.0,29,0.08824137931034483,0.14753974166121522,0.0,0.5,29,0.1333448275862069,0.24413656539235648,0.0,1.0,29,0.06896551724137931,0.1456540624607843,0.0,0.5,29,0.11027586206896552,0.2553325417892356,0.0,1.0,29,0.4572758620689655,0.2962703756165646,0.0,1.0,29
113,0.7439999999999999,0.2134352360787693,0.161,0.891,11,0.21772727272727274,0.21660013430701788,0.065,0.804,11,0.17772727272727273,0.1855575872386203,0.0,0.5,11,0.1989090909090909,0.359573484713613,0.0,1.0,11,0.10136363636363636,0.21216562998151833,0.0,0.593,11,0.15136363636363637,0.33318651615192135,0.0,1.0,11,0.149,0.3384467461802521,0.0,0.972,11,0.030272727272727274,0.10040327774439531,0.0,0.333,11,0.5393636363636364,0.40397333395343626,0.0,1.0,11
114,0.8178000000000001,0.11466937981286308,0.615,0.955,10,0.1424,0.10220915375401124,0.045,0.333,10,0.2475,0.25076959323029757,0.0,0.667,10,0.0765,0.1589949335321377,0.0,0.5,10,0.078,0.1724206741921887,0.0,0.5,10,0.154,0.2941499995278297,0.0,0.917,10,0.21669999999999998,0.34291237947907327,0.0,1.0,10,0.0916,0.17759892392066395,0.0,0.5,10,0.4074,0.31697991524174945,0.0,1.0,10
115,0.5009090909090909,0.25359039987564774,0.0,0.78,11,0.46727272727272723,0.27150325630057953,0.122,1.0,11,0.3897272727272727,0.3782882739153015,0.0,0.967,11,0.20909090909090908,0.3947238159892191,0.0,1.0,11,0.051909090909090905,0.14458247096066282,0.0,0.48,11,0.14345454545454545,0.2127121828369798,0.0,0.6,11,0.3759090909090909,0.3590563895951316,0.0,1.0,11,0.106,0.1865963558057874,0.0,0.5,11,0.3468181818181818,0.23472188572087527,0.0,0.824,11
116,0.7779499999999999,0.1646493802631903,0.35,0.93,20,0.18485000000000001,0.16658592693451502,0.059,0.65,20,0.14850000000000002,0.2988860899018924,0.0,1.0,20,0.15545,0.24537221457249497,0.0,0.826,20,0.040100000000000004,0.08708549942743807,0.0,0.333,20,0.20205,0.27050955328981013,0.0,1.0,20,0.17930000000000001,0.29595947446621096,0.0,1.0,20,0.0612,0.13483346453271433,0.0,0.5,20,0.5287,0.26308375692523234,0.0,1.0,20
117,0.46321428571428575,0.33503597477823843,0.05,0.881,14,0.48714285714285716,0.337178760427635,0.093,0.95,14,0.6272142857142857,0.3475802460907804,0.0,1.0,14,0.23464285714285715,0.2942243014443905,0.0,1.0,14,0.11278571428571428,0.21058313855045052,0.0,0.783,14,0.14307142857142857,0.20617261785127616,0.0,0.75,14,0.21964285714285717,0.28110622332351304,0.0,0.846,14,0.1362142857142857,0.21856214696948803,0.0,0.8,14,0.24892857142857144,0.2344120186882373,0.0,0.679,14
118,0.60232,0.2812965102283828,0.068,0.958,25,0.35747999999999996,0.29190168436193265,0.021,0.909,25,0.47892,0.3576998182834316,0.0,1.0,25,0.12836,0.18344887571200863,0.0,0.667,25,0.0676,0.14497586005952853,0.0,0.5,25,0.27143999999999996,0.306628586403812,0.0,1.0,25,0.15,0.29027788410418043,0.0,0.957,25,0.1616,0.22481770392920572,0.0,0.8,25,0.28184000000000003,0.2522012556141094,0.0,0.905,25
119,0.8365625,0.11148151939521934,0.562,0.977,16,0.1203125,0.1219583091333537,0.0,0.438,16,0.0048125,0.01925,0.0,0.077,16,0.21125,0.33065278868726733,0.0,0.917,16,0.104375,0.17593895721717426,0.0,0.591,16,0.048625,0.12971243836528037,0.0,0.5,16,0.112625,0.21643347707783098,0.0,0.75,16,0.03125,0.125,0.0,0.5,16,0.6378125,0.2995813120005986,0.0,1.0,16
120,0.37323809523809526,0.3251970025633546,0.0,0.884,21,0.6040952380952381,0.3356441426216022,0.047,0.981,21,0.6926190476190476,0.3432413838963006,0.057,1.0,21,0.29714285714285715,0.32335325662721964,0.0,0.962,21,0.10304761904761903,0.1954866942250741,0.0,0.714,21,0.19414285714285714,0.2618148746183619,0.0,1.0,21,0.22828571428571426,0.3416810124746681,0.0,1.0,21,0.16504761904761905,0.2104460681957437,0.0,0.667,21,0.42071428571428576,0.218962129798087,0.059,1.0,21
121,0.4148363636363636,0.28322094265237935,0.0,0.891,55,0.5545636363636364,0.2913541032283799,0.022,0.976,55,0.5972,0.3478889988998726,0.0,1.0,55,0.2133818181818182,0.25492217337476647,0.0,0.875,55,0.060945454545454546,0.13394006650043674,0.0,0.8,55,0.2299818181818182,0.2952453776041769,0.0,1.0,55,0.2366181818181818,0.31642783337970404,0.0,1.0,55,0.18752727272727274,0.23109120009412468,0.0,0.714,55,0.41405454545454545,0.23334368375311712,0.0,1.0,55
122,0.6706764705882353,0.24685042957447972,0.07,0.929,34,0.28958823529411765,0.2597717083584317,0.047,0.93,34,0.11420588235294117,0.1697541501098011,0.0,0.576,34,0.3015,0.339421455188714,0.0,1.0,34,0.03926470588235294,0.10101614297140812,0.0,0.472,34,0.02991176470588235,0.1036802683214877,0.0,0.5,34,0.3247058823529412,0.36364347586627616,0.0,1.0,34,0.06526470588235293,0.2043872303464645,0.0,1.0,34,0.6185,0.2532890611235481,0.0,1.0,34
123,0.8273076923076924,0.10416124088433328,0.561,0.917,13,0.14123076923076924,0.10407141285847413,0.0,0.386,13,0.0796923076923077,0.12803149652551948,0.0,0.4,13,0.0736923076923077,0.2102999384273902,0.0,0.762,13,0.12461538461538463,0.16454358007406347,0.0,0.5,13,0.08084615384615386,0.13298799830175537,0.0,0.371,13,0.027846153846153847,0.07079883020908155,0.0,0.25,13,0.11615384615384615,0.21139727456215632,0.0,0.5,13,0.4936153846153846,0.2451895655955267,0.0,1.0,13
124,0.5319,0.39064148098565604,0.0,0.932,10,0.4455,0.4048715159707391,0.045,1.0,10,0.4749,0.43349828911619326,0.0,1.0,10,0.2771,0.31178249184683576,0.0,0.9,10,0.2233,0.3235669430993634,0.0,1.0,10,0.4484,0.2932254347009406,0.0,1.0,10,0.1366,0.22567981251715402,0.0,0.533,10,0.136,0.16521164876875025,0.0,0.4,10,0.3407,0.2544864327315789,0.0,0.667,10
125,0.7168490566037736,0.25024790756263576,0.0,0.976,53,0.22347169811320752,0.2492918897577377,0.0,0.958,53,0.28552830188679246,0.3546103280511194,0.0,1.0,53,0.20184905660377359,0.30472935004350843,0.0,1.0,53,0.09354716981132076,0.1483780988967732,0.0,0.667,53,0.2039056603773585,0.26486326400841276,0.0,1.0,53,0.12564150943396227,0.22028627304029974,0.0,1.0,53,0.16862264150943398,0.20405252212407457,0.0,0.8,53,0.2713584905660377,0.2860519112611194,0.0,1.0,53
126,0.6746818181818182,0.28181611471103374,0.0,0.911,22,0.29636363636363633,0.28149727994195367,0.044,0.978,22,0.2665,0.29149822346922505,0.0,1.0,22,0.18436363636363637,0.31812644168700116,0.0,1.0,22,0.14813636363636365,0.23240918256069004,0.0,0.667,22,0.1245,0.2189809189339173,0.0,0.833,22,0.28290909090909094,0.33419610853664794,0.0,1.0,22,0.09918181818181818,0.18403328797326607,0.0,0.667,22,0.5751363636363637,0.22998473975349,0.3,1.0,22
127,0.747375,0.1921984651343501,0.25,0.939,16,0.21225,0.20431201628881254,0.044,0.729,16,0.1916875,0.24770512543479328,0.0,0.625,16,0.15337499999999998,0.2717832163078998,0.0,0.853,16,0.2025,0.24882014923769066,0.0,0.714,16,0.1320625,0.260386755615565,0.0,1.0,16,0.14756249999999999,0.3262696162685088,0.0,1.0,16,0.0849375,0.10404708469406211,0.0,0.333,16,0.6596875,0.3259758107078908,0.0,1.0,16
128,0.35819999999999996,0.2578590484913975,0.065,0.765,10,0.6265,0.2551850091382503,0.206,0.935,10,0.6665,0.22020053991254832,0.286,0.947,10,0.2833,0.26748626132943726,0.0,0.905,10,0.0755,0.20966388445424847,0.0,0.667,10,0.0962,0.11483301886749396,0.0,0.333,10,0.27880000000000005,0.30797756051014136,0.0,0.857,10,0.32439999999999997,0.3496919914566087,0.0,1.0,10,0.344,0.21290269034362985,0.042,0.615,10
129,0.7868999999999999,0.11434203076734295,0.628,0.936,10,0.1873,0.10864115242393188,0.064,0.372,10,0.2294,0.2278821332765399,0.0,0.667,10,0.07830000000000001,0.12999149544831343,0.0,0.333,10,0.0762,0.1721044902248502,0.0,0.512,10,0.0024000000000000002,0.0075894663844041105,0.0,0.024,10,0.25,0.4249182927993987,0.0,1.0,10,0.0274,0.07857650200070418,0.0,0.25,10,0.4345,0.29864406536507265,0.0,1.0,10
130,0.798,0.1500399946680884,0.429,0.92,10,0.1628,0.14191139645724174,0.06,0.524,10,0.2049,0.20300654067186,0.0,0.5,10,0.1089,0.1759144046909683,0.0,0.5,10,0.15,0.19826413358614986,0.0,0.6,10,0.08660000000000001,0.1440610981493616,0.0,0.333,10,0.0834,0.21166598425086847,0.0,0.667,10,0.21460000000000004,0.3210480061022373,0.0,1.0,10,0.5784,0.2916608380369988,0.0,1.0,10
131,0.5664,0.2803515140472251,0.103,0.923,15,0.3902,0.28895234406880516,0.049,0.872,15,0.532,0.32645607886601136,0.0,1.0,15,0.27453333333333335,0.3310286708917839,0.0,1.0,15,0.17506666666666665,0.2570454286326687,0.0,0.583,15,0.12533333333333332,0.16250963341408703,0.0,0.5,15,0.11586666666666666,0.21159795660188982,0.0,0.667,15,0.2112,0.3093408199011939,0.0,1.0,15,0.20566666666666666,0.2212621801866564,0.0,0.667,15
132,0.5063043478260869,0.2143150685710195,0.086,0.818,23,0.4668260869565217,0.22035563242876957,0.152,0.914,23,0.18465217391304348,0.27036147666271004,0.0,1.0,23,0.21617391304347824,0.3678115441578884,0.0,1.0,23,0.09065217391304348,0.19843240403808046,0.0,0.712,23,0.19178260869565217,0.2574694962553356,0.0,1.0,23,0.043478260869565216,0.20851441405707477,0.0,1.0,23,0.1453478260869565,0.2679906051093536,0.0,1.0,23,0.12321739130434783,0.2030922218916455,0.0,0.629,23
133,0.48334146341463413,0.2936861939005729,0.0,0.9,41,0.4903658536585366,0.29763104307998195,0.093,1.0,41,0.3826829268292683,0.3942332709846031,0.0,1.0,41,0.23670731707317072,0.2971849797602866,0.0,1.0,41,0.10512195121951219,0.23760715426118292,0.0,1.0,41,0.2050731707317073,0.26862859027325275,0.0,1.0,41,0.101,0.23591534498628952,0.0,1.0,41,0.13778048780487806,0.2553928848064411,0.0,1.0,41,0.2516341463414634,0.292165257696527,0.0,1.0,41
134,0.7914117647058824,0.15167854941599745,0.429,0.943,17,0.15452941176470586,0.16859126521229487,0.025,0.571,17,0.2937058823529412,0.3077390868710624,0.0,1.0,17,0.10129411764705883,0.14958641511927243,0.0,0.5,17,0.172,0.2499789991179259,0.0,0.769,17,0.25435294117647056,0.2902289917411057,0.0,1.0,17,0.08835294117647059,0.181792100067794,0.0,0.667,17,0.19217647058823528,0.30848870224331504,0.0,1.0,17,0.377,0.27215735338219327,0.0,0.8,17
135,0.559923076923077,0.29566745439723935,0.0,0.929,13,0.4016923076923077,0.30212452857924454,0.048,0.967,13,0.5502307692307693,0.3050606917336706,0.0,1.0,13,0.08123076923076923,0.11284218614666669,0.0,0.353,13,0.16038461538461538,0.19747976202704015,0.0,0.5,13,0.2060769230769231,0.27330552547727655,0.0,1.0,13,0.2203846153846154,0.3077524812955855,0.0,1.0,13,0.1633846153846154,0.21457692422592048,0.0,0.667,13,0.16884615384615384,0.14341655306242615,0.0,0.548,13
136,0.16799999999999998,0.23672828109410046,0.0,0.875,44,0.8109545454545455,0.2517968870030758,0.062,1.0,44,0.8854772727272727,0.1816561393397726,0.25,1.0,44,0.3155,0.3040331606760974,0.0,0.932,44,0.07013636363636364,0.18972533279124432,0.0,1.0,44,0.2965,0.24031070004920616,0.0,1.0,44,0.21188636363636365,0.2863153421641292,0.0,1.0,44,0.18827272727272729,0.24489896954746926,0.0,1.0,44,0.3821136363636363,0.18934884944585575,0.056,0.742,44
137,0.5048709677419355,0.31550612692788116,0.0,0.92,31,0.4640967741935484,0.32592794242886575,0.02,1.0,31,0.4464838709677419,0.3131178554439997,0.0,1.0,31,0.22822580645161292,0.2732901644379004,0.0,1.0,31,0.08509677419354839,0.1374429226597256,0.0,0.5,31,0.16158064516129034,0.2626211179873074,0.0,1.0,31,0.3323225806451613,0.3131993387707765,0.0,0.9,31,0.1235483870967742,0.17083204982470893,0.0,0.5,31,0.489258064516129,0.23281265254018238,0.0,1.0,31
138,0.4934210526315789,0.29780387203465036,0.027,0.898,19,0.4690526315789474,0.3158613397757191,0.061,0.973,19,0.533,0.31632033693007405,0.0,0.969,19,0.22089473684210525,0.25795647667707267,0.0,0.9,19,0.039842105263157894,0.0862388563866497,0.0,0.286,19,0.13510526315789476,0.18477821382428603,0.0,0.6,19,0.2971052631578947,0.39041102197795513,0.0,1.0,19,0.15657894736842107,0.17752975205721738,0.0,0.5,19,0.41642105263157897,0.16831891548468791,0.0,0.667,19
139,0.5620757575757576,0.2827734244180481,0.0,0.929,66,0.4036212121212121,0.2935992960142218,0.042,0.98,66,0.4572878787878788,0.34379514316842885,0.0,1.0,66,0.24586363636363637,0.28492967479786935,0.0,1.0,66,0.0659848484848485,0.1275660302533244,0.0,0.6,66,0.18315151515151518,0.2686957239603788,0.0,1.0,66,0.15337878787878786,0.2362939346304165,0.0,0.878,66,0.21236363636363637,0.2580796320973364,0.0,1.0,66,0.2968484848484848,0.24401199481388944,0.0,0.8,66
140,0.6096756756756757,0.29321835379628436,0.0,0.977,37,0.36502702702702705,0.2938892919381649,0.023,1.0,37,0.3030810810810811,0.32882833907158393,0.0,1.0,37,0.21800000000000003,0.2650011530373238,0.0,0.897,37,0.11381081081081082,0.2362928782767782,0.0,1.0,37,0.09989189189189189,0.157874736523715,0.0,0.5,37,0.27,0.387886438134783,0.0,1.0,37,0.18486486486486486,0.29804792326833035,0.0,1.0,37,0.5425675675675675,0.21781255199783095,0.0,1.0,37
141,0.6576470588235294,0.28135496734029564,0.0,0.959,17,0.30941176470588233,0.2873497561386492,0.041,0.972,17,0.2123529411764706,0.27654067087330725,0.0,1.0,17,0.21794117647058825,0.25551968382793805,0.0,0.75,17,0.1251764705882353,0.19782070015992945,0.0,0.667,17,0.1441764705882353,0.21648563326873382,0.0,0.538,17,0.2474705882352941,0.37314007384075265,0.0,1.0,17,0.11994117647058825,0.22528911163997564,0.0,0.8,17,0.5170588235294117,0.24966589439394682,0.0,1.0,17
142,0.6745185185185185,0.2752683125146152,0.125,0.977,27,0.29862962962962963,0.280696544078387,0.023,0.857,27,0.2875185185185185,0.2972234811060488,0.0,1.0,27,0.1888148148148148,0.3092462346063952,0.0,1.0,27,0.08011111111111112,0.14320247455246268,0.0,0.5,27,0.14225925925925928,0.23025464040969823,0.0,0.778,27,0.25933333333333336,0.3851236564653368,0.0,1.0,27,0.11155555555555556,0.22549540901574802,0.0,1.0,27,0.4361111111111111,0.3032695340063196,0.0,1.0,27
143,0.6700999999999999,0.27953073772544823,0.078,0.889,10,0.30100000000000005,0.2941216679463714,0.059,0.902,10,0.1694,0.30694813170233753,0.0,0.977,10,0.1367,0.2371169659799896,0.0,0.75,10,0.0794,0.15150812226118807,0.0,0.444,10,0.2667,0.43888749507514263,0.0,1.0,10,0.17570000000000002,0.28696885235548164,0.0,0.824,10,0.028300000000000002,0.06572679142565162,0.0,0.2,10,0.5928,0.32305754561343675,0.0,1.0,10
144,0.61116,0.35451159830580053,0.0,0.957,25,0.35988,0.36522975873642427,0.023,1.0,25,0.4,0.3623382397705216,0.0,1.0,25,0.24884,0.3691440188688781,0.0,1.0,25,0.08688000000000001,0.22394108600254664,0.0,1.0,25,0.15092,0.25862294303999145,0.0,1.0,25,0.252,0.3505632372815686,0.0,1.0,25,0.11428,0.25526987679708707,0.0,1.0,25,0.40668,0.3254662962581532,0.0,1.0,25
145,0.7771818181818181,0.1556950983055139,0.469,0.898,11,0.1823636363636364,0.14365324411740427,0.07,0.469,11,0.20227272727272727,0.2586206066457547,0.0,0.667,11,0.12118181818181818,0.3081158282795021,0.0,1.0,11,0.006090909090909091,0.020201260086710165,0.0,0.067,11,0.11063636363636364,0.17004250805447016,0.0,0.5,11,0.22918181818181818,0.2794232696758874,0.0,0.8,11,0.07727272727272728,0.14029190347920362,0.0,0.4,11,0.4882727272727273,0.3354993564551476,0.0,1.0,11
146,0.7920294117647059,0.2034024947396422,0.042,0.953,34,0.17108823529411765,0.21179040062474844,0.018,0.958,34,0.1814705882352941,0.2688360134711074,0.0,1.0,34,0.19994117647058823,0.29715733422451895,0.0,1.0,34,0.09641176470588235,0.18535324467605893,0.0,0.647,34,0.06652941176470588,0.16453372782983702,0.0,0.5,34,0.21129411764705883,0.34484696029536843,0.0,1.0,34,0.14470588235294118,0.3069564700569185,0.0,1.0,34,0.5613235294117648,0.27569204609142217,0.0,1.0,34
147,0.8136071428571429,0.1325947150742007,0.452,0.979,28,0.13975,0.1276368183848509,0.021,0.524,28,0.12178571428571429,0.22143895691637377,0.0,1.0,28,0.11542857142857144,0.2365324233621837,0.0,0.947,28,0.17657142857142857,0.2295280872946552,0.0,0.633,28,0.05489285714285714,0.12800414903163168,0.0,0.5,28,0.028321428571428574,0.06227302701956838,0.0,0.25,28,0.06932142857142858,0.2080486149688966,0.0,1.0,28,0.5001785714285714,0.2668564676724631,0.0,1.0,28
148,0.5768571428571428,0.3139289133503995,0.02,0.891,14,0.367,0.32215930125423253,0.043,0.94,14,0.4312142857142857,0.3045463659461216,0.0,0.978,14,0.13435714285714287,0.1352812495637015,0.0,0.37,14,0.09664285714285714,0.18876465083959287,0.0,0.605,14,0.24507142857142858,0.34319168545731543,0.0,1.0,14,0.2912142857142857,0.3536456676417205,0.0,1.0,14,0.11735714285714285,0.15313071698231054,0.0,0.375,14,0.4065714285714286,0.3059106743141545,0.0,1.0,14
149,0.4936666666666667,0.24536367565989334,0.086,0.794,12,0.47816666666666663,0.2572454905809671,0.176,0.914,12,0.5759166666666666,0.3216857468041904,0.0,1.0,12,0.2333333333333333,0.28565978917501694,0.0,0.968,12,0.15575,0.21489495319595317,0.0,0.621,12,0.047749999999999994,0.11510321455111495,0.0,0.385,12,0.28425,0.3759809291585267,0.0,1.0,12,0.1155,0.1941309305129355,0.0,0.538,12,0.4143333333333334,0.23547643515891672,0.0,0.75,12
150,0.5099333333333333,0.29495943223885324,0.0,0.956,15,0.45486666666666664,0.2934501336724537,0.022,0.975,15,0.2508666666666667,0.3198912464007253,0.0,1.0,15,0.1304,0.17053060052168267,0.0,0.579,15,0.12126666666666666,0.2745048702837962,0.0,1.0,15,0.04466666666666666,0.10148868104844196,0.0,0.381,15,0.4036666666666667,0.3824768278072853,0.0,1.0,15,0.07493333333333332,0.17395092356617084,0.0,0.5,15,0.3862,0.3121151802048175,0.0,1.0,15
151,0.5562,0.35995147821153156,0.024,0.955,10,0.40249999999999997,0.3702258319818684,0.023,0.976,10,0.4631,0.3354378399114275,0.0,0.936,10,0.1492,0.26583528734914036,0.0,0.677,10,0.08009999999999999,0.14395172802019432,0.0,0.357,10,0.2023,0.1995729050859471,0.0,0.5,10,0.3376,0.3133259573599921,0.0,1.0,10,0.1473,0.19704599011962215,0.0,0.5,10,0.4767,0.35262099578253514,0.0,1.0,10
152,0.561625,0.22030459974014766,0.211,0.894,16,0.4014375,0.2279499853769097,0.085,0.784,16,0.22787500000000002,0.3212465045205421,0.0,0.875,16,0.170375,0.28993812558314347,0.0,1.0,16,0.0339375,0.07394634879424407,0.0,0.2,16,0.2465,0.2907612995797985,0.0,1.0,16,0.09918750000000001,0.21449171506921502,0.0,0.778,16,0.1735,0.28881435790717425,0.0,1.0,16,0.292875,0.29927064117060775,0.0,1.0,16
153,0.5536190476190476,0.24683931538360665,0.023,0.894,21,0.4164761904761905,0.25256417383461555,0.085,0.977,21,0.16314285714285712,0.28429760563787476,0.0,1.0,21,0.13999999999999999,0.26255742229082,0.0,1.0,21,0.1068095238095238,0.20392906096180088,0.0,0.615,21,0.13866666666666666,0.24203126519797669,0.0,1.0,21,0.1310952380952381,0.2968777365788659,0.0,1.0,21,0.08876190476190476,0.18668339635915798,0.0,0.667,21,0.17119047619047617,0.2951556570773494,0.0,1.0,21
154,0.5992,0.21625951488380293,0.135,0.884,10,0.36760000000000004,0.2182573404645687,0.093,0.838,10,0.3027,0.345934499259293,0.0,0.966,10,0.1058,0.1572498366012223,0.0,0.444,10,0.0824,0.10486732358344783,0.0,0.261,10,0.2718,0.3103567123309707,0.0,1.0,10,0.15389999999999998,0.30496500710008606,0.0,0.969,10,0.2753,0.28953451147200626,0.0,0.824,10,0.4572,0.30793967663236327,0.0,0.786,10
155,0.7941538461538461,0.15547713988120898,0.375,0.93,13,0.16553846153846155,0.1692924567056545,0.023,0.625,13,0.14646153846153845,0.18297705474759005,0.0,0.5,13,0.10992307692307692,0.21783229846928173,0.0,0.6,13,0.17053846153846156,0.21175324294431927,0.0,0.611,13,0.0833076923076923,0.1666250204378005,0.0,0.5,13,0.13769230769230767,0.29273662355303404,0.0,0.941,13,0.1013076923076923,0.1382210696766745,0.0,0.444,13,0.5936153846153845,0.32801131547085854,0.0,1.0,13
156,0.8588800000000001,0.062150569855258235,0.738,0.976,25,0.10071999999999999,0.0610638463686438,0.0,0.238,25,0.09932,0.2360064829618034,0.0,1.0,25,0.0364,0.0692862420205724,0.0,0.2,25,0.13796,0.24024648453896955,0.0,1.0,25,0.08336,0.2230989840108347,0.0,1.0,25,0.105,0.2503146353425358,0.0,1.0,25,0.046439999999999995,0.130145136930531,0.0,0.6,25,0.55864,0.2830391433471114,0.0,1.0,25
157,0.6216363636363637,0.15876603712839385,0.41,0.864,11,0.3120909090909091,0.17802216409506685,0.0,0.545,11,0.38281818181818184,0.3686938616743757,0.0,1.0,11,0.19027272727272726,0.32453107429307626,0.0,1.0,11,0.1949090909090909,0.26025351276993536,0.0,0.714,11,0.18772727272727271,0.170187009439082,0.0,0.5,11,0.035727272727272726,0.08301095217992732,0.0,0.25,11,0.22299999999999998,0.250433224632835,0.0,0.786,11,0.09118181818181817,0.15973654446107077,0.0,0.471,11
158,0.7281,0.15401186822954765,0.385,0.861,10,0.23959999999999998,0.17253997926406633,0.095,0.615,10,0.44480000000000003,0.3582779181957307,0.0,0.913,10,0.12150000000000001,0.16192951141366008,0.0,0.5,10,0.0182,0.0575534534150645,0.0,0.182,10,0.2097,0.1978838323641199,0.0,0.5,10,0.23500000000000001,0.2740697397054666,0.0,0.667,10,0.24169999999999997,0.3435077388744927,0.0,1.0,10,0.154,0.11901353797876198,0.0,0.333,10
159,0.7705,0.2168933914236283,0.054,0.977,38,0.19339473684210526,0.22144092488696335,0.0,0.946,38,0.33252631578947367,0.2947503512449692,0.0,0.971,38,0.16247368421052633,0.2712809192084844,0.0,0.886,38,0.1507105263157895,0.28644379741127435,0.0,1.0,38,0.15305263157894736,0.28304129651594684,0.0,1.0,38,0.15323684210526317,0.29080786210147147,0.0,1.0,38,0.18010526315789474,0.24788508556834588,0.0,0.8,38,0.3549473684210526,0.30224635981251224,0.0,1.0,38
160,0.7008181818181818,0.25514486749509757,0.019,0.977,33,0.2564848484848485,0.2524829352169322,0.023,0.962,33,0.17312121212121212,0.25977980550551816,0.0,0.98,33,0.2300909090909091,0.3345230152430064,0.0,1.0,33,0.0676969696969697,0.15674012824746034,0.0,0.56,33,0.1139090909090909,0.2625206377168712,0.0,1.0,33,0.2173030303030303,0.32379637552485097,0.0,1.0,33,0.10357575757575758,0.2540599130007318,0.0,1.0,33,0.5012424242424243,0.2556358531073828,0.0,1.0,33
161,0.35681818181818187,0.346279603263553,0.019,0.905,11,0.6184545454545455,0.36815550074292347,0.069,0.944,11,0.7044545454545456,0.29353513031198286,0.0,1.0,11,0.27881818181818185,0.35262042430404344,0.0,1.0,11,0.11109090909090909,0.30224673845897976,0.0,1.0,11,0.28354545454545454,0.23347520794995075,0.0,0.667,11,0.112,0.16926015479137432,0.0,0.5,11,0.1700909090909091,0.22684552212704334,0.0,0.625,11,0.2480909090909091,0.22194839695093746,0.0,0.75,11
162,0.7594000000000001,0.19320064412130955,0.4,0.943,10,0.1903,0.20656505566581734,0.0,0.6,10,0.1815,0.24639951749592007,0.0,0.6,10,0.1759,0.33066816195898474,0.0,1.0,10,0.0873,0.19008539016861753,0.0,0.6,10,0.0333,0.10530384608360704,0.0,0.333,10,0.2197,0.3908259203277081,0.0,1.0,10,0.05,0.15811388300841897,0.0,0.5,10,0.4728,0.2984566970265536,0.0,1.0,10
163,0.7080588235294119,0.2660085690791359,0.023,0.952,17,0.25170588235294117,0.27659012200047073,0.022,0.977,17,0.25135294117647056,0.37145271253156686,0.0,1.0,17,0.23547058823529413,0.32610870841773354,0.0,1.0,17,0.0688235294117647,0.16769512339887735,0.0,0.533,17,0.12758823529411764,0.1624123066548258,0.0,0.5,17,0.23705882352941177,0.37956479528998655,0.0,1.0,17,0.07405882352941176,0.13255068397986264,0.0,0.5,17,0.4138823529411764,0.2904842685828574,0.0,1.0,17
164,0.7373333333333334,0.16415057649824408,0.5,0.955,18,0.22016666666666668,0.1686563683595591,0.0,0.487,18,0.20183333333333334,0.249583005171803,0.0,0.778,18,0.12772222222222224,0.1930433677443112,0.0,0.684,18,0.07605555555555556,0.12743278376887546,0.0,0.333,18,0.15083333333333332,0.17794686913597027,0.0,0.5,18,0.27366666666666667,0.3937568673537457,0.0,1.0,18,0.22277777777777777,0.29407873206608254,0.0,1.0,18,0.3734444444444444,0.3547964158951245,0.0,1.0,18
165,0.8457083333333334,0.07974714342255758,0.595,0.963,24,0.11804166666666667,0.0793234869361537,0.027,0.405,24,0.10316666666666667,0.17688701052579756,0.0,0.5,24,0.059541666666666666,0.12793849716942518,0.0,0.4,24,0.115375,0.20965516460006003,0.0,0.706,24,0.13016666666666665,0.21382513511230877,0.0,0.667,24,0.053625,0.20626635640018634,0.0,1.0,24,0.027375,0.07364179608371038,0.0,0.333,24,0.5526666666666666,0.26671751326836035,0.0,1.0,24
166,0.8431818181818181,0.10235155547958671,0.489,1.0,33,0.10827272727272727,0.0960619177689814,0.0,0.489,33,0.04033333333333333,0.11346934240871703,0.0,0.5,33,0.09863636363636363,0.2231494479857919,0.0,0.857,33,0.202969696969697,0.23031438904903506,0.0,1.0,33,0.05196969696969697,0.12015575434838859,0.0,0.5,33,0.06312121212121213,0.14584725691107409,0.0,0.5,33,0.07445454545454545,0.20254784788246497,0.0,1.0,33,0.6359696969696971,0.3036269797021179,0.0,1.0,33
167,0.7884074074074073,0.18276408906213568,0.174,0.975,27,0.1774074074074074,0.1867753194161904,0.0,0.783,27,0.10585185185185185,0.17423077174644502,0.0,0.714,27,0.09033333333333333,0.2063102592624106,0.0,0.955,27,0.1401111111111111,0.20996434373727754,0.0,0.688,27,0.04644444444444445,0.1156594248822921,0.0,0.5,27,0.1011851851851852,0.18619345544084742,0.0,0.667,27,0.07125925925925926,0.17807185079507665,0.0,0.765,27,0.4938148148148148,0.31139228746896847,0.0,1.0,27
168,0.6933846153846154,0.2509011083153005,0.0,0.933,26,0.2538076923076923,0.2672974402018499,0.023,0.971,26,0.23423076923076921,0.3245973884913195,0.0,0.972,26,0.2731538461538462,0.33402355513438775,0.0,1.0,26,0.033346153846153845,0.07213095995905908,0.0,0.25,26,0.0945,0.14460656969861363,0.0,0.462,26,0.1541923076923077,0.2865082224622211,0.0,1.0,26,0.10769230769230768,0.19459224429165087,0.0,0.667,26,0.4710769230769231,0.3200509863227324,0.0,1.0,26
169,0.7336666666666667,0.13966475011341414,0.41,0.9,12,0.23433333333333337,0.14570726152325442,0.075,0.564,12,0.07933333333333333,0.12898014881321385,0.0,0.4,12,0.32483333333333336,0.353816807590218,0.0,1.0,12,0.030583333333333334,0.08700309120248474,0.0,0.3,12,0.13833333333333334,0.2938281295195708,0.0,1.0,12,0.2663333333333333,0.40582359206777013,0.0,1.0,12,0.03283333333333333,0.07384361033886945,0.0,0.25,12,0.6430833333333333,0.19314217953401971,0.25,1.0,12
170,0.3962,0.3441441143308591,0.0,0.857,15,0.5665333333333333,0.3607586978788427,0.071,1.0,15,0.6279333333333333,0.3800839130407665,0.0,1.0,15,0.33313333333333334,0.31553579526772885,0.0,0.824,15,0.06506666666666666,0.12214538566026652,0.0,0.333,15,0.18713333333333332,0.22918391450245076,0.0,0.667,15,0.27886666666666665,0.3473248513725334,0.0,0.833,15,0.23146666666666665,0.2964190727106923,0.0,1.0,15,0.2919333333333333,0.1716347728116166,0.0,0.575,15
171,0.2743,0.26429139482644975,0.0,0.744,30,0.7045,0.28124706895024426,0.196,1.0,30,0.7285333333333334,0.299915129757522,0.0,1.0,30,0.2987,0.2729314869188312,0.0,0.846,30,0.0785,0.16760189900989825,0.0,0.625,30,0.23103333333333334,0.28312656891042304,0.0,1.0,30,0.1906,0.26026002912206997,0.0,0.938,30,0.23390000000000002,0.2525144379620903,0.0,1.0,30,0.2736666666666666,0.17455249844285722,0.0,0.667,30
172,0.7735,0.23237627954272283,0.118,0.93,18,0.17727777777777776,0.24381473331816217,0.049,0.882,18,0.271,0.3009701959057232,0.0,0.946,18,0.1135,0.1931543881123564,0.0,0.568,18,0.057388888888888885,0.11287845565755224,0.0,0.333,18,0.19533333333333333,0.22327587788889963,0.0,0.5,18,0.05088888888888889,0.137448124498316,0.0,0.5,18,0.3620555555555556,0.38164727667160114,0.0,1.0,18,0.2862222222222222,0.2873066727088087,0.0,0.75,18
173,0.7470000000000001,0.17716094377712038,0.317,0.932,10,0.19060000000000002,0.1935758249368965,0.024,0.683,10,0.22400000000000003,0.2889263650905616,0.0,0.929,10,0.151,0.24873636199353277,0.0,0.75,10,0.0583,0.11979153188398216,0.0,0.375,10,0.3559,0.35517709197901076,0.0,1.0,10,0.0435,0.0854988628904242,0.0,0.25,10,0.06670000000000001,0.12130223960559564,0.0,0.333,10,0.3284,0.3035911724671849,0.0,1.0,10
174,0.252,0.2852931506681887,0.018,0.882,12,0.72575,0.2819307216643512,0.088,0.945,12,0.7763333333333332,0.28666842846534024,0.0,1.0,12,0.23208333333333334,0.2121973602497677,0.0,0.622,12,0.011916666666666666,0.04128054424705824,0.0,0.143,12,0.20716666666666664,0.24326896201280565,0.0,0.7,12,0.4330833333333333,0.33443016891241717,0.0,1.0,12,0.17683333333333331,0.19516791527173505,0.0,0.562,12,0.399,0.23784945582524178,0.0,0.781,12
175,0.26141176470588234,0.28854810232081096,0.0,0.846,17,0.7154705882352941,0.29633893552127494,0.096,0.982,17,0.7408235294117647,0.3239645496219682,0.0,1.0,17,0.24347058823529413,0.2641791810606626,0.0,0.771,17,0.10970588235294118,0.24459935729317706,0.0,1.0,17,0.1776470588235294,0.21278302950907252,0.0,0.667,17,0.3042941176470588,0.2825023815620592,0.0,0.81,17,0.15023529411764708,0.24171484475817903,0.0,0.889,17,0.4457647058823529,0.2166461773871641,0.1,0.778,17
176,0.8483666666666666,0.1278629401377669,0.148,1.0,90,0.10844444444444444,0.1274050526498032,0.0,0.815,90,0.11103333333333333,0.23141064477861414,0.0,1.0,90,0.05737777777777778,0.1686158174153502,0.0,1.0,90,0.13093333333333335,0.22409331924521328,0.0,1.0,90,0.12923333333333334,0.24993995009138775,0.0,1.0,90,0.09923333333333333,0.22963469034803072,0.0,1.0,90,0.06906666666666667,0.16856758055297327,0.0,0.667,90,0.49552222222222225,0.35026600574638,0.0,1.0,90
177,0.4985,0.35147138337755657,0.0,0.943,16,0.48943749999999997,0.3567370588636211,0.057,1.0,16,0.54325,0.33833346469619785,0.0,1.0,16,0.15206250000000002,0.15328555868052282,0.0,0.4,16,0.032937499999999995,0.05180407802480419,0.0,0.143,16,0.17175,0.3413089509520663,0.0,1.0,16,0.29962500000000003,0.368602021155609,0.0,1.0,16,0.2635,0.3384135537080827,0.0,1.0,16,0.285375,0.227540142978479,0.0,0.647,16
178,0.20715384615384616,0.256684906111834,0.0,0.816,13,0.767,0.25856140469915456,0.184,0.981,13,0.7626153846153846,0.25180102543527577,0.2,1.0,13,0.45053846153846155,0.36583958583524356,0.0,0.969,13,0.07207692307692308,0.10567360245780522,0.0,0.32,13,0.17084615384615384,0.2015514186478834,0.0,0.571,13,0.4120769230769231,0.36480005060728393,0.0,1.0,13,0.08484615384615385,0.08025671950460612,0.0,0.2,13,0.3876153846153846,0.20108975544166777,0.0,0.711,13
179,0.4357142857142857,0.3157287036139006,0.0,0.865,21,0.5333809523809524,0.3298370015917675,0.054,1.0,21,0.5832857142857143,0.352706555490133,0.0,1.0,21,0.15133333333333332,0.20142997128861764,0.0,0.767,21,0.04833333333333334,0.10312144943382696,0.0,0.333,21,0.1846190476190476,0.2015791348801944,0.0,0.6,21,0.2652857142857143,0.31044148286869505,0.0,0.909,21,0.2558095238095238,0.3055623699095848,0.0,1.0,21,0.1944761904761905,0.19541945119348256,0.0,0.6,21
180,0.6697333333333333,0.2788426250124064,0.06,0.953,15,0.289,0.27778048887565876,0.023,0.9,15,0.3014,0.3071906806622139,0.0,1.0,15,0.15906666666666666,0.20924062247861455,0.0,0.591,15,0.030133333333333335,0.07044842760758363,0.0,0.25,15,0.041666666666666664,0.1308170296180709,0.0,0.5,15,0.20359999999999998,0.3532598800559481,0.0,0.963,15,0.075,0.2579105603554402,0.0,1.0,15,0.5534666666666667,0.3302654487933406,0.0,1.0,15
181,0.7682142857142857,0.21131171963983172,0.082,0.932,14,0.19942857142857146,0.2231062921174963,0.023,0.918,14,0.11678571428571428,0.23489676245318708,0.0,0.844,14,0.2322142857142857,0.32398176078088303,0.0,1.0,14,0.12328571428571429,0.14308869146922,0.0,0.444,14,0.13192857142857142,0.2652625591272264,0.0,1.0,14,0.1977857142857143,0.2687936522176955,0.0,0.714,14,0.11021428571428572,0.2787869819749145,0.0,1.0,14,0.5319285714285714,0.31090326575856464,0.0,1.0,14
182,0.27615,0.3105506611776808,0.0,0.818,20,0.69935,0.31062742533205445,0.136,1.0,20,0.69985,0.36328476216468625,0.0,1.0,20,0.28275,0.34345931728747575,0.0,0.882,20,0.09490000000000001,0.22870962974226097,0.0,1.0,20,0.10035000000000001,0.12751977142883827,0.0,0.333,20,0.26480000000000004,0.3420242527565614,0.0,1.0,20,0.17355,0.21182725708016248,0.0,0.643,20,0.22585000000000002,0.15888734009387048,0.0,0.6,20
183,0.2531818181818182,0.23971460303680062,0.0,0.857,33,0.7237878787878789,0.2429537967360972,0.143,1.0,33,0.7707272727272727,0.28233338811669895,0.0,1.0,33,0.3010909090909091,0.28598900368243657,0.0,0.944,33,0.078,0.12755831999520847,0.0,0.533,33,0.191,0.24507600861773476,0.0,1.0,33,0.2056969696969697,0.2791296164921062,0.0,1.0,33,0.19387878787878787,0.2276618596701803,0.0,0.75,33,0.35921212121212126,0.16708769358778297,0.0,0.667,33
184,0.6725714285714286,0.2507745145401684,0.122,0.886,21,0.27466666666666667,0.27379250050600973,0.028,0.857,21,0.12280952380952381,0.16976030721214516,0.0,0.524,21,0.2307142857142857,0.32051336054166957,0.0,0.976,21,0.05819047619047619,0.12743414732622457,0.0,0.444,21,0.07828571428571428,0.22743221910211908,0.0,1.0,21,0.23528571428571426,0.36693979654122316,0.0,1.0,21,0.009714285714285715,0.03692985629154662,0.0,0.167,21,0.5864285714285714,0.29466617916357,0.0,1.0,21
185,0.4499166666666667,0.3319245418994376,0.0,0.818,12,0.5164166666666666,0.33759913246693074,0.152,0.977,12,0.5453333333333333,0.39704232275741846,0.0,1.0,12,0.13833333333333334,0.1346175277884674,0.0,0.5,12,0.05241666666666667,0.08524132409420522,0.0,0.25,12,0.3033333333333333,0.37137369891044286,0.0,1.0,12,0.2744166666666667,0.28629179594295473,0.0,0.8,12,0.09575,0.15360109197055033,0.0,0.5,12,0.47574999999999995,0.21080974835144603,0.0,0.75,12
186,0.7622285714285715,0.17779814822602916,0.222,0.978,35,0.18385714285714286,0.18321975600790608,0.022,0.733,35,0.10614285714285714,0.20737180914215594,0.0,0.833,35,0.16594285714285714,0.3015186017924778,0.0,1.0,35,0.1466,0.2569783923166441,0.0,1.0,35,0.06814285714285714,0.20809586914761793,0.0,1.0,35,0.16817142857142858,0.31275497698718097,0.0,1.0,35,0.02697142857142857,0.08094096821841491,0.0,0.333,35,0.6262285714285714,0.2680429164182795,0.0,1.0,35
187,0.8415454545454545,0.04924096594577248,0.761,0.907,11,0.11654545454545455,0.040873863620567205,0.053,0.19,11,0.10909090909090909,0.16854996561581054,0.0,0.5,11,0.056818181818181816,0.15169496905422947,0.0,0.5,11,0.10736363636363637,0.20923253701433375,0.0,0.571,11,0.11772727272727272,0.1991401973028504,0.0,0.5,11,0.07272727272727274,0.1555050423035156,0.0,0.5,11,0.030272727272727274,0.1004032777443953,0.0,0.333,11,0.6938181818181818,0.1980791852678207,0.5,1.0,11
188,0.43746666666666667,0.26965000242819176,0.057,0.826,15,0.5327333333333333,0.27400377126358433,0.109,0.913,15,0.5441333333333332,0.3661587997941148,0.0,1.0,15,0.25753333333333334,0.24469160376355573,0.0,0.8,15,0.08286666666666666,0.16362451207683082,0.0,0.571,15,0.1484,0.20075137430591677,0.0,0.5,15,0.19499999999999998,0.32312558372425865,0.0,1.0,15,0.16426666666666667,0.22192484785448902,0.0,0.556,15,0.24800000000000003,0.19802452950509514,0.0,0.667,15
189,0.39633333333333337,0.24912340433655628,0.022,0.825,18,0.5710555555555555,0.26208002195607494,0.089,0.978,18,0.298,0.42411582768639705,0.0,1.0,18,0.10233333333333333,0.2460506882259641,0.0,1.0,18,0.06383333333333334,0.1331722679133177,0.0,0.385,18,0.11616666666666668,0.155611223699245,0.0,0.5,18,0.12016666666666669,0.21781650399307373,0.0,0.789,18,0.10233333333333333,0.24490478341832456,0.0,1.0,18,0.18322222222222223,0.29665419669760396,0.0,1.0,18
190,0.8627428571428571,0.07764335616330945,0.625,0.977,35,0.105,0.0700487225394708,0.023,0.312,35,0.10388571428571429,0.2133311112454301,0.0,0.9,35,0.10622857142857142,0.197854237153678,0.0,0.727,35,0.1004,0.16988217370041056,0.0,0.5,35,0.15234285714285714,0.24240825345795844,0.0,1.0,35,0.04285714285714286,0.13565898917704577,0.0,0.6,35,0.062371428571428564,0.13157978695884276,0.0,0.5,35,0.6511428571428571,0.2928274077956203,0.0,1.0,35
191,0.7485666666666667,0.20144250199298905,0.135,0.943,30,0.2102,0.21355099528264182,0.019,0.865,30,0.3378333333333333,0.3234054872685408,0.0,1.0,30,0.15773333333333334,0.2884308239940473,0.0,1.0,30,0.07183333333333333,0.13824118936403001,0.0,0.6,30,0.2452,0.31072122997732343,0.0,1.0,30,0.05910000000000001,0.1475878113834795,0.0,0.667,30,0.22860000000000003,0.260554660358403,0.0,1.0,30,0.07846666666666667,0.15289589276036328,0.0,0.714,30
192,0.38423255813953483,0.2888345907599894,0.0,0.943,43,0.5836976744186047,0.3023243712813332,0.029,1.0,43,0.7021162790697674,0.3265049557927928,0.0,1.0,43,0.19420930232558142,0.19521972457666098,0.0,0.765,43,0.019441860465116277,0.05155593463856763,0.0,0.2,43,0.16437209302325584,0.19802585488429988,0.0,0.667,43,0.24669767441860466,0.3220594099943231,0.0,1.0,43,0.22009302325581395,0.2968167475342872,0.0,1.0,43,0.2144418604651163,0.19261598884402362,0.0,0.833,43
193,0.5266,0.3113276155604034,0.023,0.977,20,0.42765,0.32543546130328854,0.023,0.971,20,0.50215,0.3470130097667354,0.0,1.0,20,0.23969999999999997,0.350296430860613,0.0,1.0,20,0.0974,0.20778262933323272,0.0,0.8,20,0.1137,0.17022619626466673,0.0,0.667,20,0.3395,0.28399990733875435,0.0,0.8,20,0.02055,0.07029073084059706,0.0,0.3,20,0.4265,0.28446653674257677,0.0,1.0,20
194,0.8446999999999999,0.06027907320676609,0.75,0.907,10,0.1121,0.06463134774326705,0.045,0.25,10,0.0,0.0,0.0,0.0,10,0.0,0.0,0.0,0.0,10,0.13879999999999998,0.2097690793865165,0.0,0.6,10,0.0809,0.14015027648920284,0.0,0.333,10,0.1367,0.24676126564398682,0.0,0.667,10,0.0395,0.10494998808956578,0.0,0.333,10,0.755,0.3218436473403403,0.2,1.0,10
195,0.8166111111111111,0.12999418036244767,0.342,0.914,18,0.13516666666666666,0.12478605219947225,0.029,0.605,18,0.06266666666666666,0.10640820401807814,0.0,0.25,18,0.0885,0.2403390374890781,0.0,1.0,18,0.06644444444444444,0.18315381585279056,0.0,0.72,18,0.07744444444444445,0.17166185030365133,0.0,0.533,18,0.07761111111111112,0.24079455213909903,0.0,1.0,18,0.10027777777777777,0.2475374732310136,0.0,1.0,18,0.6195555555555556,0.33742820102900883,0.0,1.0,18
196,0.5130666666666667,0.32766565421536165,0.037,0.949,15,0.4672,0.32557470066681427,0.051,0.93,15,0.6032,0.3546253959159883,0.0,1.0,15,0.13706666666666667,0.16771935175280445,0.0,0.579,15,0.10586666666666668,0.25726108657678226,0.0,1.0,15,0.12186666666666665,0.17703747249287838,0.0,0.6,15,0.3064,0.3494523879279858,0.0,1.0,15,0.219,0.294288488197745,0.0,1.0,15,0.14033333333333334,0.22335099432656813,0.0,0.739,15
197,0.4219090909090909,0.28700842361727424,0.066,0.891,33,0.5489090909090909,0.2914173728988591,0.087,0.921,33,0.24357575757575758,0.3552323210153313,0.0,1.0,33,0.16887878787878788,0.3184234363995289,0.0,1.0,33,0.09503030303030303,0.16010494309367937,0.0,0.533,33,0.11709090909090909,0.24965818678199345,0.0,1.0,33,0.12236363636363637,0.24058494058515725,0.0,1.0,33,0.07990909090909092,0.19335417044189332,0.0,1.0,33,0.21084848484848484,0.3078584416184776,0.0,1.0,33
198,0.5115000000000001,0.257112707668144,0.105,0.857,10,0.45199999999999996,0.24842526262663206,0.121,0.816,10,0.34809999999999997,0.274000587996125,0.0,0.844,10,0.21600000000000003,0.2583546227786743,0.0,0.818,10,0.0459,0.12579211245366523,0.0,0.4,10,0.139,0.18730367499509099,0.0,0.474,10,0.3019,0.31602793477089264,0.0,0.853,10,0.029200000000000004,0.06234990866962928,0.0,0.167,10,0.48319999999999996,0.21571833487211975,0.0,0.7,10
199,0.5201311475409837,0.31335259561766493,0.0,0.929,61,0.45368852459016396,0.3153418537071373,0.019,0.979,61,0.4702786885245902,0.35489153888418457,0.0,1.0,61,0.18537704918032788,0.25142508254179324,0.0,0.935,61,0.06485245901639344,0.16265841878668866,0.0,1.0,61,0.1429344262295082,0.2645058832901112,0.0,1.0,61,0.2885409836065574,0.35272097441511713,0.0,1.0,61,0.12462295081967213,0.21675824966495325,0.0,0.727,61,0.46037704918032785,0.24621665012304553,0.0,1.0,61
200,0.5635833333333333,0.32166115947554424,0.027,0.925,12,0.3894166666666667,0.33164862521358446,0.024,0.919,12,0.4836666666666667,0.4067546352942193,0.0,1.0,12,0.11766666666666666,0.17988144243732684,0.0,0.571,12,0.049749999999999996,0.08820855967535124,0.0,0.25,12,0.27325,0.26962638291464797,0.0,0.8,12,0.09025,0.19330951394542947,0.0,0.667,12,0.25925,0.3250236704666852,0.0,1.0,12,0.19083333333333333,0.16415670635835822,0.0,0.5,12
201,0.4197272727272727,0.20768249368162495,0.021,0.688,11,0.5641818181818181,0.2186022955880465,0.283,0.958,11,0.1330909090909091,0.30938728304358426,0.0,1.0,11,0.15254545454545454,0.19619957371837668,0.0,0.5,11,0.081,0.16752313273097538,0.0,0.531,11,0.23909090909090908,0.32266839155562,0.0,1.0,11,0.23763636363636362,0.3245255838072779,0.0,1.0,11,0.07036363636363636,0.15034910889478043,0.0,0.5,11,0.19663636363636366,0.2726852664620048,0.0,0.75,11
202,0.58425,0.25695317513221416,0.111,0.909,20,0.3966,0.2551596816855961,0.068,0.889,20,0.1222,0.30988564953781533,0.0,1.0,20,0.1822,0.36268539360834773,0.0,1.0,20,0.10055,0.18362847933001195,0.0,0.579,20,0.20385,0.2844145001485277,0.0,1.0,20,0.029300000000000003,0.08476847725919173,0.0,0.333,20,0.016800000000000002,0.048151733859584024,0.0,0.2,20,0.11610000000000001,0.27044795199232347,0.0,1.0,20
203,0.46559322033898304,0.24744676324999465,0.023,0.889,59,0.5064237288135593,0.2502540917981528,0.044,0.968,59,0.3791864406779661,0.369788964726727,0.0,1.0,59,0.18896610169491526,0.2470299413725818,0.0,1.0,59,0.10886440677966101,0.22847134111586068,0.0,1.0,59,0.14032203389830508,0.22375513407155184,0.0,1.0,59,0.17611864406779662,0.29134492443019017,0.0,1.0,59,0.13783050847457626,0.22359077093272145,0.0,1.0,59,0.23964406779661016,0.23358766815523935,0.0,1.0,59
204,0.5305833333333333,0.23365897049493656,0.043,0.914,24,0.42166666666666663,0.2331423649164617,0.057,0.915,24,0.25366666666666665,0.3105913947500053,0.0,0.889,24,0.20225,0.2929506932841296,0.0,1.0,24,0.10891666666666666,0.1884697915286176,0.0,0.684,24,0.069,0.11578916371916075,0.0,0.333,24,0.14125000000000001,0.2578449567843638,0.0,1.0,24,0.04466666666666667,0.09961389228532276,0.0,0.368,24,0.2619166666666667,0.2871737720654845,0.0,1.0,24
205,0.5442222222222222,0.23690667200783957,0.119,0.892,18,0.4178888888888889,0.24330346311427364,0.108,0.881,18,0.31577777777777777,0.3496422634898428,0.0,1.0,18,0.14600000000000002,0.20857076666177923,0.0,0.5,18,0.1882777777777778,0.2847776853360521,0.0,0.846,18,0.11566666666666665,0.15866205298943895,0.0,0.5,18,0.11211111111111112,0.19972212722824473,0.0,0.667,18,0.05483333333333333,0.11925960314027743,0.0,0.5,18,0.3412777777777778,0.34184151910352634,0.0,1.0,18
206,0.8016666666666667,0.1417060551303509,0.5,0.955,12,0.1575,0.15153787405374033,0.023,0.5,12,0.1545,0.24497291130393842,0.0,0.8,12,0.11333333333333334,0.1360423285287162,0.0,0.368,12,0.13849999999999998,0.24871615804512437,0.0,0.762,12,0.20266666666666666,0.19085231478975062,0.0,0.5,12,0.09566666666666668,0.1645535742178783,0.0,0.5,12,0.04858333333333333,0.0913857541447575,0.0,0.25,12,0.6666666666666666,0.25737250447669435,0.167,1.0,12
207,0.5196500000000001,0.28350165227403046,0.044,0.932,20,0.45830000000000004,0.2877030815926287,0.068,0.956,20,0.30905,0.2981595254751707,0.0,1.0,20,0.19119999999999998,0.24379383006743088,0.0,0.667,20,0.13425,0.22127403229575096,0.0,0.838,20,0.01975,0.039063881554516094,0.0,0.125,20,0.22385000000000002,0.3420125074659666,0.0,1.0,20,0.0796,0.1572665856034537,0.0,0.5,20,0.31635,0.2807893525871588,0.0,0.762,20
208,0.5106666666666667,0.24361288573316087,0.1,0.838,15,0.4558666666666667,0.2441094212106725,0.135,0.88,15,0.6253333333333333,0.23737753734946201,0.286,0.966,15,0.09126666666666666,0.10249492438072007,0.0,0.333,15,0.04493333333333333,0.12952797087152734,0.0,0.5,15,0.17593333333333336,0.1660027825354859,0.0,0.5,15,0.13540000000000002,0.17809941044259522,0.0,0.6,15,0.3110666666666667,0.27100961149710084,0.0,1.0,15,0.2740666666666666,0.2077654813439789,0.0,0.667,15
209,0.5407272727272727,0.2769430372611774,0.043,0.933,22,0.43000000000000005,0.2750726311012282,0.044,0.936,22,0.3312727272727273,0.3488172098498666,0.0,1.0,22,0.16272727272727272,0.22221014974422446,0.0,0.667,22,0.053,0.11750987800424026,0.0,0.333,22,0.12077272727272727,0.23252381994072532,0.0,1.0,22,0.2594090909090909,0.35807230702230664,0.0,1.0,22,0.12286363636363636,0.23069941182135384,0.0,1.0,22,0.2535909090909091,0.27769127412099887,0.0,1.0,22
210,0.5289285714285714,0.31172213077224215,0.023,0.85,14,0.44507142857142856,0.3051243036195915,0.125,0.977,14,0.4915,0.3221012143840695,0.0,0.952,14,0.32942857142857146,0.30582441274131705,0.0,1.0,14,0.1052142857142857,0.19350181019683138,0.0,0.515,14,0.2564285714285714,0.3212427106112746,0.0,1.0,14,0.288,0.33485657090301074,0.0,1.0,14,0.06357142857142857,0.12044003569329512,0.0,0.4,14,0.40099999999999997,0.23259373627388624,0.0,0.833,14
211,0.8511538461538461,0.09918232505461277,0.391,0.975,39,0.1123076923076923,0.10273756906393099,0.02,0.609,39,0.16612820512820514,0.26979204267138596,0.0,1.0,39,0.051897435897435895,0.1374919700759198,0.0,0.72,39,0.14756410256410257,0.2582779810970501,0.0,1.0,39,0.1051025641025641,0.21073215662389458,0.0,1.0,39,0.04607692307692308,0.13476771138662505,0.0,0.5,39,0.15412820512820513,0.2733672274169693,0.0,1.0,39,0.48848717948717946,0.31481154528040317,0.0,1.0,39
212,0.46584615384615385,0.376477720933091,0.0,0.88,13,0.49653846153846154,0.38785319718174627,0.02,0.976,13,0.6228461538461538,0.3432510854932693,0.0,1.0,13,0.20123076923076924,0.2040919538860502,0.0,0.694,13,0.133,0.25627719367903184,0.0,0.806,13,0.20615384615384613,0.31684771477631707,0.0,1.0,13,0.030692307692307692,0.07398128661513512,0.0,0.25,13,0.1912307692307692,0.32015599162651787,0.0,1.0,13,0.1633846153846154,0.20617005054951543,0.0,0.516,13
213,0.6040909090909091,0.24653154132037725,0.116,0.905,22,0.3511818181818182,0.2555478962400733,0.027,0.791,22,0.42509090909090913,0.3828652515778898,0.0,1.0,22,0.12990909090909092,0.25578709694008994,0.0,0.879,22,0.03195454545454546,0.08739700184065774,0.0,0.333,22,0.20772727272727273,0.28171805929876936,0.0,1.0,22,0.08681818181818182,0.16567743656579487,0.0,0.739,22,0.2400909090909091,0.2547314008521262,0.0,0.7,22,0.05818181818181818,0.08852367795365011,0.0,0.312,22
214,0.6495,0.22228786278021104,0.13,0.912,34,0.31614705882352945,0.22122320174675925,0.024,0.833,34,0.39997058823529413,0.2624017836799731,0.0,0.926,34,0.1698529411764706,0.2761754089455447,0.0,1.0,34,0.03782352941176471,0.06758225990474455,0.0,0.222,34,0.1546764705882353,0.16946792323430296,0.0,0.5,34,0.10655882352941178,0.20389200813271752,0.0,0.9,34,0.24191176470588235,0.23129482270235244,0.0,0.75,34,0.15655882352941178,0.20611561791889796,0.0,0.8,34
215,0.6271818181818182,0.2697609379364693,0.162,0.929,11,0.3416363636363636,0.2903240509249183,0.048,0.838,11,0.3186363636363636,0.34454383544834255,0.0,0.897,11,0.10727272727272727,0.15763127285478024,0.0,0.5,11,0.049363636363636366,0.12395343700541162,0.0,0.4,11,0.241,0.3406716894606888,0.0,1.0,11,0.12727272727272726,0.31333978072025614,0.0,1.0,11,0.16072727272727272,0.31652933226135327,0.0,1.0,11,0.23109090909090907,0.2802960772274398,0.0,0.696,11
216,0.23370833333333332,0.21437380582335241,0.0,0.657,24,0.7449166666666667,0.22222450783848746,0.286,1.0,24,0.7705416666666666,0.25474044406136165,0.25,1.0,24,0.20958333333333334,0.18237203176752323,0.0,0.667,24,0.044875,0.06921253499186401,0.0,0.2,24,0.19333333333333333,0.16356428510625062,0.0,0.5,24,0.09033333333333333,0.21081656288917572,0.0,0.833,24,0.33641666666666664,0.2559094467336762,0.0,1.0,24,0.15529166666666666,0.09338954376191144,0.0,0.361,24
217,0.5782941176470588,0.20269088679127953,0.065,0.93,17,0.37823529411764706,0.20747003681609202,0.023,0.871,17,0.2477058823529412,0.3248316419135231,0.0,0.905,17,0.13441176470588237,0.22175213043608213,0.0,0.75,17,0.10176470588235294,0.22502181266817356,0.0,0.8,17,0.20276470588235296,0.30102564870201776,0.0,1.0,17,0.13870588235294118,0.2656884370615991,0.0,1.0,17,0.10105882352941176,0.17434644769403654,0.0,0.5,17,0.4113529411764706,0.3195702076963039,0.0,1.0,17
218,0.464452380952381,0.26700974700222607,0.02,0.921,42,0.5083809523809524,0.27685092866289945,0.073,0.98,42,0.382,0.35992262041017486,0.0,1.0,42,0.2565476190476191,0.2944263709673814,0.0,1.0,42,0.07157142857142858,0.2036005346268728,0.0,1.0,42,0.17423809523809522,0.292388799752442,0.0,1.0,42,0.15971428571428573,0.28408554926841295,0.0,1.0,42,0.07026190476190476,0.18951903946103835,0.0,1.0,42,0.318547619047619,0.3034742888921284,0.0,1.0,42
219,0.6197647058823529,0.26967433320452433,0.064,0.92,34,0.353,0.2749229093047832,0.022,0.936,34,0.22755882352941176,0.24237914091375337,0.0,0.875,34,0.14976470588235294,0.23212667111697935,0.0,0.919,34,0.11302941176470588,0.20823071198016088,0.0,0.677,34,0.06911764705882353,0.13119930818042896,0.0,0.5,34,0.21861764705882353,0.29912893892665554,0.0,0.957,34,0.135,0.21759693068245298,0.0,0.75,34,0.4131176470588236,0.24423743597919184,0.0,1.0,34
220,0.46282352941176474,0.2917878585749666,0.068,0.907,17,0.5018823529411764,0.2983854223887582,0.093,0.93,17,0.4418235294117647,0.39725546492372477,0.0,1.0,17,0.22088235294117647,0.30964311762756436,0.0,0.917,17,0.11529411764705884,0.17129279199147668,0.0,0.64,17,0.11523529411764705,0.25200558758978064,0.0,1.0,17,0.244,0.3703866223286149,0.0,1.0,17,0.07805882352941176,0.16213631247666088,0.0,0.5,17,0.4211764705882353,0.287451786238605,0.0,0.917,17
221,0.37886363636363635,0.31812430865555646,0.0,0.902,22,0.577590909090909,0.33365003894027717,0.039,1.0,22,0.6938181818181818,0.281762249721224,0.0,1.0,22,0.17954545454545454,0.19745493211477452,0.0,0.814,22,0.12177272727272728,0.24958573902677442,0.0,1.0,22,0.2247727272727273,0.284909832322636,0.0,1.0,22,0.08154545454545455,0.1626719536434124,0.0,0.538,22,0.21345454545454545,0.2336887892399852,0.0,0.75,22,0.23081818181818184,0.21293384538589094,0.0,0.6,22
222,0.78988,0.15843014233408995,0.222,0.978,25,0.16716,0.16530115950389862,0.0,0.733,25,0.18708,0.2965032208931295,0.0,1.0,25,0.17896,0.29420124631505784,0.0,1.0,25,0.13048,0.3009460250609733,0.0,1.0,25,0.13836,0.2450780283909596,0.0,1.0,25,0.15004,0.2670706024006886,0.0,1.0,25,0.18188,0.2706444962184403,0.0,1.0,25,0.35988,0.3081573353553884,0.0,1.0,25
223,0.7425,0.24319671637820864,0.024,0.958,22,0.21472727272727274,0.25352039118104236,0.021,0.951,22,0.2154090909090909,0.31268798674761566,0.0,1.0,22,0.0765909090909091,0.1759352313429736,0.0,0.667,22,0.13163636363636363,0.27049364845188856,0.0,1.0,22,0.2325,0.3402502930267099,0.0,1.0,22,0.11699999999999999,0.2279174871579207,0.0,0.885,22,0.03959090909090909,0.11567633790674371,0.0,0.5,22,0.4952727272727273,0.31119465380065986,0.0,1.0,22
224,0.5361428571428571,0.2836004386301417,0.0,0.907,14,0.4279285714285714,0.28640006024003295,0.047,0.977,14,0.6398571428571429,0.3414563508860826,0.0,1.0,14,0.1960714285714286,0.2471612566993193,0.0,0.778,14,0.14871428571428572,0.16028936745361907,0.0,0.462,14,0.10821428571428572,0.14572428052341152,0.0,0.429,14,0.04378571428571428,0.08526445609119589,0.0,0.286,14,0.2992142857142857,0.328912234861761,0.0,1.0,14,0.2631428571428572,0.28772632754136274,0.0,1.0,14
225,0.5935833333333334,0.3495949496029352,0.047,0.905,12,0.3819166666666667,0.35866100944620355,0.048,0.953,12,0.38575000000000004,0.37256119082519973,0.0,0.949,12,0.22008333333333333,0.31879074308829586,0.0,0.976,12,0.019166666666666665,0.03581983537176862,0.0,0.1,12,0.21783333333333332,0.29519757123087254,0.0,1.0,12,0.16391666666666668,0.2827245554288206,0.0,0.867,12,0.18891666666666665,0.24716444961101336,0.0,0.667,12,0.19200000000000003,0.23692768363517017,0.0,0.714,12
226,0.5610666666666667,0.3101634285033495,0.0,0.879,15,0.40859999999999996,0.3050118967234838,0.067,0.917,15,0.4347333333333333,0.36119711015033384,0.0,1.0,15,0.21473333333333333,0.27874731687796866,0.0,0.795,15,0.07693333333333333,0.12791987819762507,0.0,0.4,15,0.16853333333333334,0.21516102497122164,0.0,0.778,15,0.1854,0.3010436133566981,0.0,1.0,15,0.1686,0.23008780932504877,0.0,0.625,15,0.28306666666666663,0.28867417784135274,0.0,1.0,15
227,0.5729375,0.31396124362729866,0.0,0.905,16,0.3914375,0.3295062910375663,0.068,1.0,16,0.4531875,0.3776254261831425,0.0,0.971,16,0.1665,0.2190439834066817,0.0,0.69,16,0.0835625,0.2449851611152534,0.0,0.967,16,0.2228125,0.3118628371041774,0.0,1.0,16,0.1484375,0.2930399219105365,0.0,1.0,16,0.2179375,0.32476257353129023,0.0,1.0,16,0.2215625,0.2091299336935453,0.0,0.571,16
228,0.4791,0.2966578463108262,0.0,0.933,10,0.4706,0.30653845145792435,0.044,1.0,10,0.5458000000000001,0.3802448918496839,0.0,0.957,10,0.3216,0.3324425430723999,0.0,0.935,10,0.058600000000000006,0.08498784226778165,0.0,0.2,10,0.1204,0.18663583078640963,0.0,0.6,10,0.1621,0.3130276700584506,0.0,1.0,10,0.22410000000000002,0.2814041972363281,0.0,0.75,10,0.11310000000000002,0.225187551461739,0.0,0.68,10
229,0.3190909090909091,0.2959876533051521,0.0,0.854,11,0.6577272727272727,0.31592343721512367,0.098,1.0,11,0.7040909090909091,0.3391764893224336,0.0,1.0,11,0.0950909090909091,0.15375399477441523,0.0,0.522,11,0.1789090909090909,0.21306264550383044,0.0,0.75,11,0.17881818181818182,0.19566901552459356,0.0,0.526,11,0.09963636363636365,0.2683476374881183,0.0,0.9,11,0.057272727272727274,0.09838911617561254,0.0,0.286,11,0.2569090909090909,0.22388186820082354,0.0,0.548,11
230,0.4373461538461539,0.25390075892878966,0.0,0.907,26,0.5251923076923076,0.2540001605087318,0.07,0.972,26,0.5716923076923077,0.3414349448115432,0.0,1.0,26,0.2253076923076923,0.2864781693924714,0.0,1.0,26,0.08257692307692309,0.14132718721517756,0.0,0.524,26,0.21423076923076925,0.2451628532534744,0.0,1.0,26,0.22180769230769232,0.2976694837205546,0.0,1.0,26,0.175,0.2042937101332295,0.0,0.844,26,0.1681923076923077,0.1353638117757532,0.0,0.435,26
231,0.8084375,0.13525234132292624,0.364,0.932,16,0.1465,0.14324012473232958,0.021,0.614,16,0.2018125,0.2222860675645987,0.0,0.6,16,0.1186875,0.219091067443046,0.0,0.846,16,0.2265625,0.3173080456485989,0.0,1.0,16,0.09225,0.22629140505109777,0.0,0.667,16,0.1026875,0.22906235504770314,0.0,0.667,16,0.1163125,0.2614285673627374,0.0,1.0,16,0.635875,0.335081656714698,0.0,1.0,16
232,0.7965714285714285,0.11236664868306673,0.579,0.933,14,0.16214285714285714,0.12728517778404713,0.0,0.421,14,0.1417857142857143,0.17106551986859328,0.0,0.556,14,0.11814285714285713,0.16680567097113896,0.0,0.5,14,0.10021428571428571,0.1900620054983792,0.0,0.63,14,0.20914285714285713,0.20781569391497515,0.0,0.5,14,0.10214285714285716,0.1488958630116298,0.0,0.364,14,0.17978571428571427,0.28927872600431803,0.0,1.0,14,0.558,0.35270558652965905,0.0,1.0,14
233,0.782,0.1501244937921978,0.277,0.953,23,0.16873913043478259,0.15868729037475626,0.044,0.723,23,0.11669565217391305,0.1850121457395331,0.0,0.576,23,0.12539130434782608,0.19004251656607477,0.0,0.5,23,0.07056521739130435,0.15213684811169084,0.0,0.594,23,0.1622173913043478,0.3015148053837699,0.0,1.0,23,0.10326086956521739,0.24899127720962883,0.0,1.0,23,0.14721739130434783,0.2650253772620376,0.0,1.0,23,0.5747391304347825,0.3017378780259003,0.0,1.0,23
234,0.8625384615384615,0.04084241134045058,0.771,0.933,13,0.0736923076923077,0.029850696852236173,0.041,0.13,13,0.08976923076923077,0.18777830627549155,0.0,0.5,13,0.07946153846153846,0.1629941795405669,0.0,0.5,13,0.14153846153846156,0.24170078450590357,0.0,0.8,13,0.09523076923076923,0.16002247438310752,0.0,0.5,13,0.11538461538461539,0.299572344757639,0.0,1.0,13,0.0796923076923077,0.1502322560878015,0.0,0.5,13,0.573076923076923,0.3695554675414012,0.0,1.0,13
235,0.4256428571428571,0.3449050275394344,0.0,0.905,14,0.546,0.34045151015854047,0.071,1.0,14,0.7121428571428572,0.3606687926921014,0.0,1.0,14,0.28657142857142853,0.32808552221960346,0.0,0.976,14,0.06399999999999999,0.13017798466832897,0.0,0.375,14,0.26921428571428574,0.1911576790028542,0.0,0.5,14,0.13114285714285714,0.21935389640517414,0.0,0.571,14,0.16135714285714284,0.1725138153410227,0.0,0.6,14,0.17507142857142857,0.1989145407090555,0.0,0.571,14
236,0.291,0.24993537626292986,0.0,0.769,14,0.6769285714285714,0.2659613807377982,0.154,1.0,14,0.7588571428571429,0.2183535795774498,0.4,1.0,14,0.21035714285714285,0.1731484943593247,0.0,0.605,14,0.15892857142857145,0.28604315550837217,0.0,0.846,14,0.31614285714285717,0.35711167336387545,0.0,1.0,14,0.14235714285714285,0.28563117884725103,0.0,1.0,14,0.2342857142857143,0.2423806378949722,0.0,0.667,14,0.29457142857142854,0.20528843284350107,0.0,0.6,14
237,0.4179230769230769,0.28889969512990815,0.0,0.909,26,0.5561538461538462,0.29305462866949467,0.087,1.0,26,0.5547692307692308,0.3780983266498076,0.0,1.0,26,0.19446153846153846,0.22493576518983915,0.0,0.771,26,0.1486923076923077,0.1866997095296657,0.0,0.7,26,0.2176153846153846,0.23829344546975298,0.0,1.0,26,0.09584615384615384,0.2027762692836994,0.0,0.75,26,0.2706923076923077,0.27812022856754154,0.0,1.0,26,0.15703846153846154,0.1640079219475037,0.0,0.6,26
238,0.76276,0.2450423908905015,0.045,0.958,25,0.19864,0.24424661034836628,0.0,0.909,25,0.20192,0.2688969629182648,0.0,0.903,25,0.21048000000000003,0.27863687839193146,0.0,0.897,25,0.0642,0.1779082160366219,0.0,0.8,25,0.15084,0.33058164397518097,0.0,1.0,25,0.17236,0.32013081701079643,0.0,1.0,25,0.023639999999999998,0.10089387163417476,0.0,0.5,25,0.615,0.22655223827335425,0.0,1.0,25
239,0.6445833333333334,0.17502958624360068,0.231,0.842,12,0.29333333333333333,0.20410128204725547,0.07,0.718,12,0.1829166666666667,0.203227797997193,0.0,0.5,12,0.19800000000000004,0.29536849096432993,0.0,1.0,12,0.15391666666666667,0.14955598424751324,0.0,0.435,12,0.15016666666666667,0.29295883463018957,0.0,1.0,12,0.03966666666666667,0.10111050060865752,0.0,0.333,12,0.06725,0.13190638898304152,0.0,0.357,12,0.44208333333333333,0.35298299169257774,0.0,1.0,12
240,0.6825294117647058,0.25396016361997087,0.222,0.977,17,0.28394117647058825,0.2597639482752166,0.0,0.75,17,0.17758823529411766,0.2739032810189414,0.0,0.9,17,0.19941176470588237,0.2939557914941313,0.0,0.895,17,0.09711764705882353,0.1793623714554356,0.0,0.667,17,0.15,0.22554157044766712,0.0,0.8,17,0.23852941176470588,0.36194787567532755,0.0,1.0,17,0.13152941176470587,0.26736097266781916,0.0,1.0,17,0.5760588235294117,0.29153054526675143,0.0,1.0,17
241,0.791,0.15373281295083938,0.535,0.955,10,0.1748,0.15751529026309374,0.023,0.465,10,0.21739999999999998,0.3292132709624231,0.0,1.0,10,0.21080000000000002,0.3552782321255022,0.0,0.941,10,0.09,0.19119507199599983,0.0,0.5,10,0.2,0.42163702135578396,0.0,1.0,10,0.2017,0.32492052019600803,0.0,1.0,10,0.05,0.15811388300841897,0.0,0.5,10,0.5338999999999999,0.4218558073823592,0.0,1.0,10
242,0.4471,0.27070913049495277,0.0,0.745,10,0.522,0.2681168899317361,0.205,0.947,10,0.48149999999999993,0.4035958512065147,0.0,1.0,10,0.17650000000000002,0.1081657678442368,0.0,0.389,10,0.0631,0.13571985034540002,0.0,0.429,10,0.0731,0.16664163145304756,0.0,0.5,10,0.19619999999999999,0.31417433235563835,0.0,1.0,10,0.28290000000000004,0.34724101460257,0.0,1.0,10,0.2495,0.21168858154268866,0.0,0.636,10
243,0.5462448979591836,0.2793741167482119,0.0,0.946,49,0.4154081632653061,0.2809896141591467,0.054,1.0,49,0.45740816326530614,0.35556263620536127,0.0,1.0,49,0.2216530612244898,0.24592805104850693,0.0,1.0,49,0.1573061224489796,0.26290937951456717,0.0,1.0,49,0.17008163265306123,0.2216858547523475,0.0,1.0,49,0.10653061224489797,0.22247294798476966,0.0,1.0,49,0.1553061224489796,0.20468086990092985,0.0,0.656,49,0.21877551020408165,0.22725428720801236,0.0,1.0,49
244,0.6515,0.29715998309926517,0.088,0.962,10,0.31120000000000003,0.3052812182598566,0.038,0.912,10,0.6271,0.3408591921730862,0.0,1.0,10,0.0871,0.13733046113501388,0.0,0.36,10,0.1276,0.225859444984904,0.0,0.632,10,0.29169999999999996,0.2862516569578438,0.0,1.0,10,0.075,0.12076147288491199,0.0,0.25,10,0.2344,0.2275312921092149,0.0,0.5,10,0.1489,0.20923482289311002,0.0,0.52,10
245,0.6334545454545455,0.2911165964476652,0.061,0.9,11,0.31936363636363635,0.3149521464372874,0.07,0.939,11,0.36327272727272725,0.3826857956363395,0.0,1.0,11,0.22045454545454543,0.3268049459957311,0.0,1.0,11,0.08627272727272728,0.20152919932808294,0.0,0.667,11,0.30963636363636365,0.32343106614154205,0.0,0.9,11,0.07627272727272727,0.10755472180159355,0.0,0.25,11,0.030999999999999996,0.07759510293826538,0.0,0.25,11,0.28663636363636363,0.33813319054102714,0.0,1.0,11
246,0.8672666666666667,0.06648680499238357,0.694,0.936,15,0.09626666666666667,0.06089506978245056,0.019,0.278,15,0.1022,0.18788605969728417,0.0,0.5,15,0.08886666666666666,0.18754613400694875,0.0,0.5,15,0.27299999999999996,0.2882853249324852,0.0,1.0,15,0.018933333333333333,0.04592302047474458,0.0,0.143,15,0.0,0.0,0.0,0.0,15,0.029133333333333334,0.0860497087790097,0.0,0.333,15,0.4822666666666667,0.36172591570861784,0.0,1.0,15
247,0.689,0.25027584781596485,0.071,0.9,10,0.25630000000000003,0.254696355163032,0.062,0.881,10,0.20129999999999998,0.2756596331226851,0.0,0.871,10,0.10899999999999999,0.15994026662754096,0.0,0.407,10,0.1361,0.12278658088099222,0.0,0.3,10,0.0876,0.10456279346774251,0.0,0.258,10,0.027500000000000004,0.05154340134510161,0.0,0.143,10,0.3219,0.2752043483183602,0.0,0.75,10,0.11950000000000001,0.2181545069185803,0.0,0.63,10
248,0.5297222222222222,0.23603060757541233,0.073,0.816,18,0.44738888888888895,0.25014987011057965,0.104,0.927,18,0.5472222222222222,0.3073780112988978,0.0,1.0,18,0.14072222222222222,0.2059196889582286,0.0,0.676,18,0.027166666666666665,0.054411558028224324,0.0,0.15,18,0.20055555555555554,0.16477122186703463,0.0,0.571,18,0.0641111111111111,0.11683013757482114,0.0,0.333,18,0.40166666666666667,0.2990549821570294,0.0,1.0,18,0.09961111111111111,0.16372758540399424,0.0,0.667,18
249,0.7764444444444444,0.17841445554864085,0.26,0.959,27,0.15385185185185185,0.14864896793962504,0.0,0.531,27,0.20051851851851854,0.26052157305776047,0.0,1.0,27,0.10700000000000001,0.21100200509437383,0.0,0.812,27,0.06407407407407407,0.20007708628386323,0.0,1.0,27,0.21940740740740738,0.25292645012688797,0.0,1.0,27,0.11185185185185186,0.27066395624090256,0.0,1.0,27,0.24651851851851855,0.29060088548363827,0.0,1.0,27,0.12062962962962963,0.22750437834301598,0.0,0.857,27
250,0.7113,0.2015302844625481,0.261,0.915,10,0.24130000000000001,0.19969535130626684,0.041,0.652,10,0.30310000000000004,0.32807094422463634,0.0,0.867,10,0.187,0.1908035639080151,0.0,0.5,10,0.0333,0.10530384608360704,0.0,0.333,10,0.0905,0.16106468679798602,0.0,0.429,10,0.0571,0.10942216919395774,0.0,0.333,10,0.2681,0.3299796121648191,0.0,1.0,10,0.2051,0.2553870483099025,0.0,0.625,10
251,0.7903125,0.1013802865452648,0.596,0.957,16,0.16775,0.09975269419920446,0.043,0.385,16,0.15625,0.2649720740002614,0.0,0.8,16,0.083,0.1396390585282881,0.0,0.5,16,0.215625,0.3359323096498261,0.0,1.0,16,0.20375,0.32778173632261254,0.0,1.0,16,0.14500000000000002,0.3031345135964121,0.0,1.0,16,0.119,0.2187360662228949,0.0,0.75,16,0.36893750000000003,0.2994422523626217,0.0,1.0,16
252,0.7992564102564103,0.13702388036230692,0.343,0.977,78,0.15107692307692308,0.1413859752804146,0.022,0.629,78,0.1793076923076923,0.2529398731330817,0.0,1.0,78,0.13276923076923078,0.23716660389270242,0.0,1.0,78,0.07705128205128205,0.182194194772294,0.0,1.0,78,0.16171794871794873,0.286506267805508,0.0,1.0,78,0.11125641025641027,0.2415284896694619,0.0,1.0,78,0.1559871794871795,0.2837013013803927,0.0,1.0,78,0.4360512820512821,0.32021639994001366,0.0,1.0,78
253,0.427,0.2518101738142517,0.039,0.854,12,0.51375,0.2543190998439845,0.146,0.941,12,0.44716666666666666,0.2924721690981378,0.0,0.979,12,0.20966666666666667,0.21668717851625033,0.0,0.667,12,0.05858333333333333,0.0971235935509103,0.0,0.308,12,0.1225,0.10663574362371099,0.0,0.4,12,0.023583333333333335,0.06046405142852665,0.0,0.2,12,0.6102500000000001,0.24396204063896348,0.125,0.909,12,0.07141666666666667,0.09144045089896517,0.0,0.273,12
254,0.8270645161290322,0.13708900648456365,0.222,0.951,31,0.1420967741935484,0.13553999528766644,0.049,0.75,31,0.1391935483870968,0.19885512638683112,0.0,0.8,31,0.14583870967741935,0.24016107050258217,0.0,1.0,31,0.09474193548387097,0.21973938620434522,0.0,1.0,31,0.21251612903225806,0.31767539732329936,0.0,1.0,31,0.1255483870967742,0.22699189981284612,0.0,1.0,31,0.15158064516129033,0.2799041233700745,0.0,1.0,31,0.5851290322580645,0.24239152101995148,0.0,1.0,31
255,0.7081666666666666,0.25261112871950275,0.095,0.905,18,0.2544444444444445,0.25944289232716505,0.056,0.881,18,0.3238333333333333,0.3888611199235985,0.0,1.0,18,0.23433333333333334,0.29926694752737554,0.0,0.912,18,0.020833333333333332,0.08838834764831845,0.0,0.375,18,0.24211111111111114,0.3340036788964156,0.0,1.0,18,0.30894444444444447,0.42962917967259134,0.0,1.0,18,0.09177777777777779,0.20756814771951987,0.0,0.8,18,0.4413888888888889,0.29795876913521974,0.0,1.0,18
256,0.5998888888888888,0.27723155183588555,0.023,0.907,27,0.36074074074074075,0.2790015980920033,0.023,0.925,27,0.339,0.3805956869475493,0.0,1.0,27,0.36444444444444446,0.34050283330271935,0.0,0.947,27,0.045925925925925926,0.08904187689203234,0.0,0.25,27,0.11429629629629631,0.14927383582757583,0.0,0.5,27,0.1464814814814815,0.2763625503921601,0.0,1.0,27,0.15322222222222223,0.21444693324803496,0.0,0.667,27,0.2800740740740741,0.24249122520618,0.0,0.7,27
257,0.7442272727272727,0.22496622642144093,0.122,0.966,22,0.21872727272727274,0.2359132572261782,0.023,0.878,22,0.2285909090909091,0.2933196954228333,0.0,0.852,22,0.1302727272727273,0.19090515765892555,0.0,0.5,22,0.1289090909090909,0.20673975107686637,0.0,0.773,22,0.0995,0.15283160667872336,0.0,0.5,22,0.16236363636363638,0.27648948063250595,0.0,1.0,22,0.11968181818181818,0.21437470230186442,0.0,0.571,22,0.2129090909090909,0.25203682820286955,0.0,0.75,22
258,0.8105,0.11747847593364628,0.524,0.932,14,0.13807142857142857,0.11405158366398835,0.0,0.381,14,0.1622857142857143,0.28339926403775795,0.0,0.833,14,0.1335,0.2781357582188957,0.0,1.0,14,0.06957142857142858,0.1360654335156516,0.0,0.4,14,0.27685714285714286,0.32763836939360613,0.0,1.0,14,0.15085714285714286,0.2743416895722607,0.0,1.0,14,0.17135714285714285,0.17754245738927962,0.0,0.5,14,0.3380714285714285,0.3022160369123931,0.0,1.0,14
259,0.6046111111111112,0.18938014644962406,0.182,0.905,18,0.3331111111111111,0.1826352484788413,0.0,0.773,18,0.10766666666666667,0.13562534901012294,0.0,0.5,18,0.036222222222222225,0.08475123150627409,0.0,0.333,18,0.08433333333333333,0.1321848082398721,0.0,0.458,18,0.14816666666666667,0.18052741359367985,0.0,0.667,18,0.020888888888888887,0.0785470176832202,0.0,0.333,18,0.42288888888888887,0.2514657943968403,0.0,0.828,18,0.03950000000000001,0.07561220723106118,0.0,0.267,18
260,0.5867,0.32404322414010006,0.071,0.921,10,0.38489999999999996,0.31669629685937983,0.026,0.857,10,0.3792,0.3011754010908298,0.0,1.0,10,0.21989999999999998,0.3117311697957428,0.0,0.909,10,0.041999999999999996,0.09085152722987105,0.0,0.286,10,0.2273,0.2864832940640305,0.0,0.75,10,0.2552,0.3928179674550994,0.0,1.0,10,0.1038,0.17405924917171806,0.0,0.455,10,0.48860000000000003,0.24684056932900364,0.0,1.0,10
261,0.48407692307692307,0.31141932156845026,0.0,0.878,26,0.4661538461538462,0.31233273184956994,0.026,0.964,26,0.5626538461538462,0.33160638622411265,0.0,1.0,26,0.2413076923076923,0.29344434146608034,0.0,1.0,26,0.09734615384615385,0.1980238252953805,0.0,0.824,26,0.27392307692307694,0.20674311075862684,0.0,0.8,26,0.15326923076923077,0.2596678736682392,0.0,1.0,26,0.21576923076923077,0.20066874349381028,0.0,0.75,26,0.19003846153846154,0.151339745148254,0.0,0.556,26
262,0.5601666666666666,0.30644614930562014,0.0,0.839,12,0.41158333333333336,0.3143438934245953,0.135,1.0,12,0.5645,0.3660619669350582,0.0,1.0,12,0.13575,0.15894774727449382,0.0,0.375,12,0.052833333333333336,0.10675275881751962,0.0,0.364,12,0.22566666666666668,0.29558826810687916,0.0,0.875,12,0.03291666666666667,0.07399687749349886,0.0,0.25,12,0.08925,0.1383514135683609,0.0,0.438,12,0.16383333333333336,0.20678967502505946,0.0,0.75,12
263,0.4301818181818182,0.1990792898228332,0.098,0.733,11,0.5271818181818181,0.20162679295263225,0.244,0.848,11,0.6924545454545454,0.23849417755423866,0.25,0.939,11,0.09981818181818182,0.10712965806145204,0.0,0.348,11,0.11390909090909092,0.15511186579076053,0.0,0.371,11,0.10145454545454546,0.11334404583952669,0.0,0.333,11,0.08399999999999999,0.17074952415746286,0.0,0.5,11,0.35545454545454547,0.2801647242735472,0.0,0.917,11,0.13163636363636363,0.1477986960208193,0.0,0.5,11
264,0.4835,0.3120506547198886,0.0,0.915,10,0.472,0.32041500866497774,0.043,1.0,10,0.49779999999999996,0.377800888182004,0.0,1.0,10,0.2549,0.2551493897917671,0.0,0.711,10,0.0629,0.1338643177084751,0.0,0.4,10,0.2532,0.26541573259908896,0.0,0.75,10,0.0,0.0,0.0,0.0,10,0.3215,0.2720499341420003,0.0,0.735,10,0.21509999999999999,0.18667705328245948,0.0,0.5,10
265,0.6387368421052632,0.31027082114846116,0.0,0.935,19,0.32105263157894737,0.31557821247217704,0.022,0.957,19,0.31236842105263163,0.37713764220717966,0.0,1.0,19,0.15257894736842106,0.21920318220253854,0.0,0.667,19,0.11005263157894737,0.22159760169285092,0.0,0.667,19,0.12989473684210526,0.2254885793453954,0.0,0.8,19,0.10189473684210526,0.1945664395912221,0.0,0.75,19,0.16857894736842108,0.2557393021091495,0.0,1.0,19,0.4006842105263158,0.29686642200595853,0.0,1.0,19
266,0.6723684210526316,0.25054811259545784,0.073,0.957,19,0.29400000000000004,0.2656352971860312,0.024,0.927,19,0.1631578947368421,0.2971719037036933,0.0,0.974,19,0.20326315789473684,0.24601577232754435,0.0,0.632,19,0.08421052631578947,0.16013070319355735,0.0,0.462,19,0.3166842105263158,0.39009714639526777,0.0,1.0,19,0.04668421052631579,0.12084381684709995,0.0,0.5,19,0.2556842105263158,0.35407187792430245,0.0,1.0,19,0.35257894736842105,0.34701301861417144,0.0,1.0,19
267,0.7022,0.2771003829340952,0.121,0.929,10,0.27359999999999995,0.29196887200902466,0.067,0.879,10,0.1755,0.3167856793901307,0.0,1.0,10,0.1688,0.2887574145272195,0.0,0.714,10,0.025,0.07905694150420949,0.0,0.25,10,0.22000000000000003,0.3216278042154385,0.0,1.0,10,0.2,0.34960294939005054,0.0,1.0,10,0.125,0.21245914639969937,0.0,0.5,10,0.5413,0.2880439974108894,0.0,1.0,10
268,0.6150649350649351,0.2936259855873911,0.0,0.953,77,0.3570649350649351,0.3004671510928457,0.023,1.0,77,0.3838831168831169,0.3645306634285118,0.0,1.0,77,0.2496103896103896,0.29980955164746964,0.0,1.0,77,0.09342857142857143,0.18237341886847008,0.0,1.0,77,0.1684155844155844,0.26070190431185003,0.0,1.0,77,0.20444155844155845,0.2959410722596153,0.0,1.0,77,0.11223376623376623,0.22276668796274726,0.0,1.0,77,0.40266233766233767,0.2915431993985043,0.0,1.0,77
269,0.713125,0.23635337244614615,0.077,0.917,16,0.2576875,0.23278107561970468,0.042,0.897,16,0.1610625,0.1571918016310011,0.0,0.5,16,0.17575,0.25870717036835295,0.0,0.944,16,0.090875,0.19149477799668585,0.0,0.611,16,0.21668749999999998,0.3284033533629034,0.0,1.0,16,0.216625,0.3351445210651668,0.0,0.944,16,0.1425625,0.21633214239528376,0.0,0.667,16,0.6066875,0.28705323983540054,0.0,1.0,16
270,0.6054545454545455,0.2850271438429553,0.0,0.902,11,0.36936363636363634,0.28843067545851386,0.073,0.971,11,0.5313636363636364,0.33872947103175793,0.0,0.97,11,0.18136363636363637,0.18709370525342253,0.0,0.515,11,0.028181818181818183,0.06292983105303586,0.0,0.167,11,0.2810909090909091,0.371513782932869,0.0,1.0,11,0.15154545454545454,0.2034799074288976,0.0,0.5,11,0.22545454545454546,0.3034934475854013,0.0,1.0,11,0.3794545454545455,0.2686318535231306,0.0,1.0,11
271,0.6294000000000001,0.2760431528261881,0.113,0.932,10,0.33209999999999995,0.24802932174330608,0.045,0.736,10,0.3215,0.31689824865404354,0.0,0.923,10,0.1591,0.3231698727707561,0.0,1.0,10,0.06,0.18973665961010278,0.0,0.6,10,0.11410000000000001,0.0922803096849786,0.0,0.25,10,0.16419999999999998,0.2519068610948631,0.0,0.714,10,0.2089,0.21269250104317267,0.0,0.684,10,0.2332,0.25101562589696375,0.0,0.542,10
272,0.4689090909090909,0.3062056350054501,0.0,0.857,11,0.49827272727272726,0.31309011191958486,0.119,0.978,11,0.6460909090909092,0.3069835352410466,0.091,1.0,11,0.13463636363636364,0.18104876289401856,0.0,0.5,11,0.06063636363636364,0.11234880749458157,0.0,0.333,11,0.18636363636363634,0.18316728568566645,0.0,0.462,11,0.1439090909090909,0.3029618637866669,0.0,1.0,11,0.3542727272727273,0.2599361809787514,0.0,0.737,11,0.11881818181818181,0.08442371489317227,0.0,0.231,11
273,0.4364166666666667,0.34987230354499166,0.0,0.927,12,0.5275833333333333,0.346519960945013,0.049,0.973,12,0.6111666666666666,0.344982959614301,0.0,1.0,12,0.09591666666666666,0.08408486874292634,0.0,0.217,12,0.02408333333333333,0.04650993702881399,0.0,0.125,12,0.17575,0.16780352418013372,0.0,0.5,12,0.07425,0.11838390937961121,0.0,0.333,12,0.24041666666666664,0.28735168770035513,0.0,0.75,12,0.07891666666666668,0.07100506810763368,0.0,0.2,12
274,0.8626666666666666,0.051595496296626873,0.789,0.979,15,0.09040000000000001,0.03184740402069127,0.021,0.136,15,0.16000000000000003,0.1918995272829732,0.0,0.667,15,0.08553333333333334,0.13159128643898377,0.0,0.333,15,0.10126666666666667,0.17905724011638074,0.0,0.5,15,0.229,0.3563052463428353,0.0,1.0,15,0.1222,0.19121722875156563,0.0,0.5,15,0.07886666666666667,0.17499994557822282,0.0,0.5,15,0.5688666666666666,0.2993213434866726,0.0,1.0,15
275,0.46395,0.22918651569051565,0.033,0.814,40,0.472825,0.2405065047896914,0.13,0.9,40,0.3672,0.2332845956425382,0.0,0.815,40,0.167425,0.21506813321149398,0.0,0.8,40,0.07375,0.13863635331881194,0.0,0.692,40,0.151,0.16277544702394814,0.0,1.0,40,0.029849999999999998,0.0626428828298217,0.0,0.25,40,0.527575,0.18147993991001757,0.0,0.875,40,0.071475,0.10349333869310699,0.0,0.429,40
276,0.5455344827586207,0.25088301708916616,0.044,0.881,58,0.4010344827586207,0.25810530732100734,0.041,0.953,58,0.3690172413793103,0.34713365095787563,0.0,1.0,58,0.16922413793103447,0.21790872409960435,0.0,0.756,58,0.06629310344827587,0.11476872375173972,0.0,0.515,58,0.17358620689655171,0.17559193468297693,0.0,1.0,58,0.05753448275862069,0.14444840219033855,0.0,0.875,58,0.4124137931034483,0.2792365553460011,0.0,1.0,58,0.08503448275862067,0.12313649045391344,0.0,0.6,58
277,0.7340434782608696,0.19524983488780573,0.111,0.927,23,0.21669565217391304,0.2086226333887465,0.024,0.867,23,0.2604347826086957,0.21803332232543898,0.0,0.737,23,0.15169565217391306,0.2556143108069814,0.0,0.933,23,0.17678260869565215,0.25329662032015476,0.0,1.0,23,0.12734782608695652,0.23321402746982367,0.0,1.0,23,0.2034782608695652,0.3299247668464072,0.0,1.0,23,0.10369565217391304,0.20298061590896457,0.0,0.833,23,0.5862608695652174,0.29810693892556933,0.0,1.0,23
278,0.6530666666666668,0.2557279432373024,0.143,0.902,15,0.3286,0.2672082654837929,0.047,0.857,15,0.33053333333333335,0.30147799414282456,0.0,1.0,15,0.2406,0.3221288118572622,0.0,1.0,15,0.021666666666666667,0.0589087268173239,0.0,0.2,15,0.027800000000000002,0.07502209198439008,0.0,0.25,15,0.24146666666666666,0.309767162943549,0.0,0.913,15,0.06939999999999999,0.17650528118363568,0.0,0.625,15,0.4408,0.3166183371641185,0.0,1.0,15
279,0.4840666666666667,0.3236714530566598,0.068,0.961,15,0.4537333333333333,0.3441950167039167,0.024,0.927,15,0.7468,0.3486044012507997,0.0,1.0,15,0.2824666666666667,0.32831275739250015,0.0,1.0,15,0.1186,0.26237318024959355,0.0,1.0,15,0.17266666666666666,0.2633264314948454,0.0,0.667,15,0.13213333333333332,0.1792121116230177,0.0,0.5,15,0.11926666666666666,0.15603958594200507,0.0,0.462,15,0.08593333333333335,0.13558364137875856,0.0,0.5,15
280,0.50135,0.29650086979547574,0.027,0.909,20,0.43335,0.30972981009770095,0.021,0.952,20,0.4704,0.370962106165207,0.0,1.0,20,0.23149999999999998,0.25555955120191914,0.0,0.824,20,0.05605,0.1163427219355316,0.0,0.464,20,0.18855,0.14251887224984774,0.0,0.5,20,0.02395,0.06377301442162706,0.0,0.25,20,0.48369999999999996,0.20505611555453737,0.2,0.875,20,0.15455000000000002,0.2331916932257101,0.0,1.0,20
281,0.7301538461538463,0.1706027775046693,0.349,0.932,13,0.23961538461538462,0.18643208703687003,0.023,0.651,13,0.1573846153846154,0.17472050941505524,0.0,0.5,13,0.09730769230769232,0.1053528868576024,0.0,0.333,13,0.05623076923076923,0.14783332610643754,0.0,0.5,13,0.17076923076923078,0.2420482575321685,0.0,0.667,13,0.19692307692307692,0.3455086736823601,0.0,0.943,13,0.21869230769230769,0.37513406150676865,0.0,1.0,13,0.6202307692307693,0.25890736884265314,0.25,1.0,13
282,0.6767636363636363,0.18167318679801597,0.229,0.957,55,0.27130909090909094,0.17224636455092485,0.043,0.644,55,0.19223636363636365,0.21580572226961398,0.0,0.7,55,0.14985454545454546,0.20176199933858796,0.0,0.667,55,0.08994545454545455,0.12177900721933398,0.0,0.429,55,0.11123636363636365,0.16407303744418708,0.0,1.0,55,0.06116363636363637,0.13481383098024116,0.0,0.5,55,0.30652727272727276,0.2646483938938084,0.0,1.0,55,0.1799818181818182,0.22500464940950055,0.0,1.0,55
283,0.6326976744186047,0.25654767105538073,0.024,0.978,86,0.3251627906976744,0.2609944268264618,0.0,0.976,86,0.35924418604651165,0.3655225087153526,0.0,1.0,86,0.18815116279069768,0.275797390144281,0.0,1.0,86,0.08597674418604652,0.17869388723500676,0.0,1.0,86,0.16188372093023257,0.22392800411291086,0.0,1.0,86,0.10793023255813954,0.23207725846960708,0.0,1.0,86,0.24522093023255812,0.25722704098829713,0.0,1.0,86,0.11796511627906976,0.15863939483097902,0.0,0.545,86
284,0.8221818181818182,0.05892506797928736,0.684,0.92,11,0.11572727272727273,0.059351648518117694,0.06,0.263,11,0.018181818181818184,0.06030226891555272,0.0,0.2,11,0.04090909090909091,0.09170109546287279,0.0,0.25,11,0.13854545454545455,0.1967904284442532,0.0,0.615,11,0.26736363636363636,0.3277142879788041,0.0,1.0,11,0.018181818181818184,0.06030226891555273,0.0,0.2,11,0.09890909090909092,0.180238982767577,0.0,0.5,11,0.5648181818181818,0.31350943149507265,0.0,1.0,11
285,0.8186666666666667,0.10526157893552612,0.574,0.959,18,0.11855555555555555,0.0965877974403552,0.0,0.362,18,0.1495,0.19098791153615244,0.0,0.5,18,0.04766666666666667,0.10957565208298678,0.0,0.4,18,0.20222222222222222,0.2731912830311081,0.0,1.0,18,0.08511111111111111,0.17533158129296847,0.0,0.5,18,0.051500000000000004,0.12989011192723868,0.0,0.5,18,0.06294444444444444,0.11620796379626143,0.0,0.333,18,0.5202222222222223,0.34973629654953314,0.0,1.0,18
286,0.8144545454545454,0.2424439579104266,0.1,0.976,11,0.1467272727272727,0.247897596159822,0.0,0.883,11,0.12863636363636363,0.2732750529145581,0.0,0.882,11,0.06018181818181818,0.1387096378640058,0.0,0.412,11,0.06309090909090909,0.11090667657580816,0.0,0.333,11,0.1941818181818182,0.3136405006314772,0.0,1.0,11,0.03945454545454546,0.0905840644223515,0.0,0.267,11,0.15681818181818183,0.30794344226880954,0.0,1.0,11,0.48327272727272724,0.34551616196904333,0.0,1.0,11
287,0.6068399999999999,0.29429149508885344,0.0,0.955,50,0.34503999999999996,0.30134609298131276,0.0,0.967,50,0.37488,0.3311601523894628,0.0,1.0,50,0.21608,0.23540688527027634,0.0,0.897,50,0.10544,0.15265128461260175,0.0,0.805,50,0.13577999999999998,0.1513764452061988,0.0,0.625,50,0.045720000000000004,0.12921142932955954,0.0,0.6,50,0.39372,0.27291368449323583,0.0,1.0,50,0.14212,0.18145586296419752,0.0,0.5,50
288,0.46161538461538465,0.24365225850979313,0.095,0.854,13,0.47161538461538466,0.25191815418952324,0.083,0.881,13,0.39453846153846156,0.27673080041339077,0.0,0.857,13,0.19123076923076926,0.21950708183190573,0.0,0.622,13,0.057846153846153846,0.0694620353788626,0.0,0.2,13,0.12561538461538463,0.06355121092675112,0.0,0.267,13,0.016692307692307694,0.02816139383205495,0.0,0.083,13,0.5726153846153846,0.19124527813845862,0.0,0.75,13,0.03246153846153846,0.06411008161048123,0.0,0.217,13
289,0.7797999999999999,0.14879477717408535,0.375,0.929,15,0.1686,0.14110168572446508,0.043,0.575,15,0.3092666666666667,0.36390569160285524,0.0,1.0,15,0.12406666666666667,0.18303647827947406,0.0,0.5,15,0.0074,0.028660076761934883,0.0,0.111,15,0.21939999999999998,0.25133921301699025,0.0,1.0,15,0.038533333333333336,0.08507884298584181,0.0,0.267,15,0.3704,0.29193193923046024,0.0,1.0,15,0.09566666666666666,0.18296786082598795,0.0,0.667,15
290,0.7199803921568627,0.23269520753088824,0.023,0.932,51,0.22545098039215686,0.2463256636021095,0.0,0.932,51,0.34649019607843135,0.35490428977678024,0.0,1.0,51,0.18374509803921568,0.29359065674079315,0.0,1.0,51,0.06980392156862746,0.14281400766141158,0.0,0.733,51,0.2052549019607843,0.1887049382647158,0.0,0.5,51,0.07182352941176472,0.18846715426114471,0.0,1.0,51,0.37049019607843137,0.31098619728528276,0.0,1.0,51,0.15856862745098038,0.2431917971397852,0.0,1.0,51
291,0.5988888888888889,0.22776866356582962,0.093,0.929,27,0.31348148148148147,0.2191217382697029,0.024,0.884,27,0.1454814814814815,0.20471751087598553,0.0,0.711,27,0.1071111111111111,0.21270878129740117,0.0,1.0,27,0.05722222222222222,0.061543813869803565,0.0,0.2,27,0.10444444444444445,0.09330402470226579,0.0,0.294,27,0.01977777777777778,0.0606181829368392,0.0,0.25,27,0.5346296296296297,0.20634943256303934,0.118,0.905,27,0.08981481481481482,0.14361728978756674,0.0,0.5,27
292,0.4852631578947369,0.23872853995589569,0.089,0.956,19,0.42231578947368426,0.21127603130385794,0.044,0.75,19,0.2732631578947369,0.20362133759212717,0.0,0.667,19,0.10557894736842106,0.13993066369911514,0.0,0.5,19,0.068,0.08713399642695917,0.0,0.286,19,0.1206842105263158,0.10013216412520834,0.0,0.333,19,0.009736842105263158,0.019756411351095224,0.0,0.059,19,0.6086315789473684,0.2105712364356421,0.143,1.0,19,0.06352631578947368,0.0701002206535223,0.0,0.214,19
293,0.7463333333333333,0.18218520597282953,0.103,0.957,24,0.22166666666666668,0.19117978487519946,0.021,0.897,24,0.13983333333333334,0.20240546191862696,0.0,0.6,24,0.19162500000000002,0.28481203756009055,0.0,1.0,24,0.1145,0.16378777360538452,0.0,0.429,24,0.1035,0.22728606759266862,0.0,1.0,24,0.199375,0.3692491573685596,0.0,1.0,24,0.04883333333333333,0.1223948232304912,0.0,0.5,24,0.46541666666666665,0.31158443850558487,0.0,1.0,24
294,0.6951904761904762,0.2260990090751437,0.043,0.977,21,0.2664761904761905,0.2302797470572736,0.0,0.957,21,0.2631904761904762,0.256190674898135,0.0,0.955,21,0.23504761904761903,0.3224694522261723,0.0,1.0,21,0.059000000000000004,0.1379503533884564,0.0,0.5,21,0.16947619047619047,0.23941295266706417,0.0,0.75,21,0.2439047619047619,0.34074828022484643,0.0,1.0,21,0.09266666666666666,0.24035688742645456,0.0,1.0,21,0.4771904761904762,0.2806548804221332,0.0,1.0,21
295,0.43873333333333336,0.2668976440153648,0.0,0.956,15,0.5146000000000001,0.28599695303072226,0.022,1.0,15,0.5158,0.33208350929074626,0.0,1.0,15,0.1627333333333333,0.15637065246516352,0.0,0.444,15,0.11573333333333333,0.17491037160568296,0.0,0.667,15,0.19926666666666665,0.18237734299549177,0.0,0.55,15,0.04006666666666667,0.12847482614263758,0.0,0.5,15,0.39546666666666663,0.22656215377641856,0.1,0.864,15,0.06306666666666667,0.07538137953733921,0.0,0.273,15
296,0.50348,0.30226300909417725,0.0,0.943,25,0.46004,0.3067443941351387,0.019,1.0,25,0.48792,0.3481046202891692,0.0,1.0,25,0.23892,0.23191448136471918,0.0,0.872,25,0.08108,0.15678114257354633,0.0,0.72,25,0.18176000000000003,0.20919255085526667,0.0,0.75,25,0.07172,0.11400128654244801,0.0,0.333,25,0.36424,0.24268863453679354,0.0,0.864,25,0.055999999999999994,0.06847262226612912,0.0,0.261,25
297,0.4946315789473684,0.2572677400267658,0.089,0.907,19,0.4489473684210526,0.2589696407955982,0.093,0.911,19,0.3809473684210526,0.30834819309854,0.0,0.975,19,0.1542105263157895,0.16171634252170217,0.0,0.667,19,0.05136842105263158,0.123419884282304,0.0,0.447,19,0.15094736842105264,0.17704941986920883,0.0,0.625,19,0.047947368421052634,0.11087454055232905,0.0,0.412,19,0.4952105263157895,0.22048824079185123,0.0,0.824,19,0.06621052631578947,0.12812258840976762,0.0,0.556,19
298,0.7169090909090909,0.14513335560473656,0.413,0.891,11,0.2021818181818182,0.14998787829809326,0.044,0.543,11,0.18790909090909091,0.2246906560342261,0.0,0.5,11,0.04772727272727273,0.06793098101616214,0.0,0.167,11,0.05609090909090909,0.09129562371269999,0.0,0.25,11,0.11227272727272729,0.11730225139279375,0.0,0.4,11,0.017636363636363638,0.03973480269806993,0.0,0.111,11,0.31827272727272726,0.3315804852246558,0.0,0.778,11,0.28709090909090906,0.32644431517349315,0.0,1.0,11
299,0.5539999999999999,0.3187190270156744,0.0,0.889,12,0.38458333333333333,0.3437706577814854,0.071,1.0,12,0.42616666666666664,0.34992930021865154,0.0,1.0,12,0.14625000000000002,0.17179169468759647,0.0,0.462,12,0.03858333333333333,0.061343234543366106,0.0,0.158,12,0.15866666666666665,0.1546646420975121,0.0,0.429,12,0.027083333333333334,0.06524284472552364,0.0,0.2,12,0.45675,0.258683423582501,0.188,1.0,12,0.0835,0.14812126481673416,0.0,0.5,12
300,0.21975,0.22931127118157335,0.0,0.745,12,0.7544166666666667,0.27326226441189266,0.043,1.0,12,0.8272499999999999,0.208743481117593,0.357,1.0,12,0.124,0.1456989424058453,0.0,0.5,12,0.027583333333333335,0.07021455214792255,0.0,0.231,12,0.18166666666666664,0.21053150631559914,0.0,0.6,12,0.0675,0.14883273100424455,0.0,0.5,12,0.31375000000000003,0.3183908761255574,0.0,1.0,12,0.2125,0.14582648468767131,0.0,0.5,12
301,0.28425,0.267874843570989,0.0,0.875,12,0.6910833333333333,0.26405042849402605,0.125,1.0,12,0.8055833333333333,0.18995619510983597,0.4,1.0,12,0.17716666666666667,0.14436370315241567,0.0,0.562,12,0.041666666666666664,0.10354826132892056,0.0,0.333,12,0.23516666666666666,0.2911731235515872,0.0,1.0,12,0.13041666666666668,0.22398801036635602,0.0,0.667,12,0.21583333333333332,0.24138646242576292,0.0,0.75,12,0.21058333333333334,0.1597881883980013,0.0,0.5,12
302,0.21950000000000003,0.210722698244768,0.042,0.732,10,0.7495,0.22231771559339722,0.195,0.958,10,0.8137000000000001,0.13700450114260238,0.565,1.0,10,0.4206,0.2974066426815499,0.091,0.886,10,0.0727,0.08193093297270439,0.0,0.22,10,0.2887,0.13259550017503108,0.091,0.533,10,0.0405,0.07041346146551493,0.0,0.2,10,0.37970000000000004,0.16037043922674085,0.1,0.696,10,0.10959999999999999,0.0839460143981436,0.0,0.212,10
303,0.4729,0.2507342690662976,0.028,0.846,20,0.4894,0.25384960321543065,0.096,0.938,20,0.6508499999999999,0.29171855127484564,0.0,1.0,20,0.18760000000000002,0.1778113725567809,0.0,0.556,20,0.0449,0.10086254325357331,0.0,0.333,20,0.23735,0.2991092521752581,0.0,1.0,20,0.144,0.28588127826627246,0.0,1.0,20,0.30575,0.29143165218407013,0.0,1.0,20,0.24395000000000003,0.20686595583664927,0.0,0.842,20
304,0.7800769230769231,0.17153884960287255,0.294,0.911,13,0.18261538461538462,0.17170737630318356,0.067,0.676,13,0.22576923076923078,0.31057558227860144,0.0,0.909,13,0.16607692307692307,0.29411490428585374,0.0,1.0,13,0.14376923076923076,0.23659675746092895,0.0,0.59,13,0.11946153846153845,0.23160333020943927,0.0,0.727,13,0.0923076923076923,0.21490904456513094,0.0,0.75,13,0.084,0.15565078434324278,0.0,0.4,13,0.6356923076923077,0.19780941358429863,0.333,1.0,13
305,0.8480000000000001,0.08138113349474119,0.667,0.95,10,0.09559999999999999,0.08311865681729409,0.043,0.315,10,0.0688,0.21756470301958447,0.0,0.688,10,0.0125,0.03952847075210474,0.0,0.125,10,0.19290000000000002,0.34350107552799436,0.0,1.0,10,0.0643,0.15954940022172165,0.0,0.5,10,0.1143,0.31443142689976494,0.0,1.0,10,0.181,0.3284184322882421,0.0,1.0,10,0.4875,0.22063506823108003,0.0,0.75,10
306,0.5315,0.2518738346304129,0.022,0.911,36,0.4251111111111111,0.2629448369935932,0.054,0.956,36,0.5062222222222222,0.30274761871056993,0.0,1.0,36,0.17366666666666666,0.19824818500340136,0.0,0.727,36,0.10980555555555556,0.17000097805507636,0.0,0.63,36,0.22458333333333336,0.20540460072744232,0.0,0.714,36,0.07800000000000001,0.1923655745857722,0.0,0.909,36,0.2862222222222222,0.287441533047392,0.0,1.0,36,0.06863888888888889,0.08172327969706335,0.0,0.273,36
307,0.37548148148148147,0.26441857411343545,0.0,0.946,27,0.6005185185185185,0.2661161357768404,0.027,1.0,27,0.6384814814814815,0.3382746233428112,0.0,1.0,27,0.2207777777777778,0.22382931913081475,0.0,0.833,27,0.0822962962962963,0.11043265083466197,0.0,0.389,27,0.2922222222222222,0.2224218675838488,0.0,1.0,27,0.14233333333333334,0.2827638318727921,0.0,1.0,27,0.2642962962962963,0.23771748177111657,0.0,0.667,27,0.1231111111111111,0.1568944606889351,0.0,0.583,27
308,0.43790000000000007,0.28551802823017053,0.047,0.81,10,0.5276,0.2873840635804289,0.143,0.93,10,0.6617999999999999,0.24530833205942632,0.182,1.0,10,0.2572,0.2184545719365928,0.0,0.721,10,0.0216,0.05043631848402719,0.0,0.154,10,0.21739999999999998,0.1853130684364525,0.0,0.571,10,0.0901,0.11342295476078318,0.0,0.333,10,0.47590000000000005,0.27264443674663325,0.0,1.0,10,0.15889999999999999,0.09914237797789152,0.0,0.333,10
309,0.32383333333333336,0.2013250801037662,0.0,0.651,12,0.6293333333333334,0.21114894929380726,0.302,0.978,12,0.7190833333333333,0.281368880599289,0.1,1.0,12,0.37333333333333335,0.22907614190019615,0.048,0.913,12,0.04766666666666667,0.09269631093310057,0.0,0.25,12,0.2285,0.19792124237134878,0.0,0.667,12,0.2020833333333333,0.2863327556702114,0.0,1.0,12,0.36433333333333334,0.21799346667997077,0.0,0.727,12,0.13833333333333334,0.14360319908650637,0.0,0.524,12
310,0.6679999999999999,0.2978526854373186,0.079,0.891,10,0.282,0.31088583113419627,0.0,0.921,10,0.333,0.3016819517306264,0.0,0.853,10,0.2621,0.3917645126007885,0.0,1.0,10,0.0382,0.08064434952996466,0.0,0.2,10,0.05450000000000001,0.15717028981331047,0.0,0.5,10,0.3727,0.46097434250123337,0.0,1.0,10,0.13999999999999999,0.2270584848790187,0.0,0.5,10,0.47919999999999996,0.32129245936443085,0.0,1.0,10
311,0.4647647058823529,0.26093833788171217,0.048,0.844,17,0.4861176470588235,0.2783039890014472,0.111,0.952,17,0.568,0.3020451125246028,0.0,1.0,17,0.18464705882352941,0.181336683125778,0.0,0.531,17,0.07958823529411764,0.14840403415318998,0.0,0.5,17,0.18223529411764705,0.1804212187534232,0.0,0.667,17,0.05935294117647058,0.13112586566752887,0.0,0.5,17,0.4001764705882353,0.32204138617849215,0.0,1.0,17,0.13323529411764706,0.162399403251584,0.0,0.6,17
312,0.333,0.28033500367544956,0.0,0.833,15,0.6304,0.2941333031127213,0.114,1.0,15,0.6835333333333333,0.2903718961870072,0.2,1.0,15,0.19506666666666667,0.18004779788658765,0.0,0.595,15,0.05233333333333333,0.10271087483574372,0.0,0.367,15,0.2815333333333333,0.26339103647474055,0.0,1.0,15,0.09186666666666668,0.2159245459039095,0.0,0.818,15,0.27753333333333335,0.20635471079349427,0.0,0.692,15,0.15373333333333333,0.10934576003711913,0.0,0.308,15
313,0.79668,0.13524228875121372,0.286,0.923,25,0.1618,0.14046381503196234,0.0,0.714,25,0.1286,0.17255192455219576,0.0,0.571,25,0.07612000000000001,0.1474837053146324,0.0,0.625,25,0.10236,0.19478896272633112,0.0,0.7,25,0.17404,0.2792156394855656,0.0,0.9,25,0.17128,0.30993823578255075,0.0,1.0,25,0.10164000000000001,0.21831397115164208,0.0,1.0,25,0.506,0.2931289534203903,0.0,1.0,25
314,0.853095238095238,0.061687036532730895,0.743,0.977,21,0.10285714285714287,0.05967267860108655,0.0,0.257,21,0.10714285714285714,0.15932334597110548,0.0,0.5,21,0.08480952380952382,0.1648810538077735,0.0,0.556,21,0.11604761904761907,0.19494549909922934,0.0,0.667,21,0.06476190476190477,0.09943887809197405,0.0,0.25,21,0.10080952380952381,0.15790459747823019,0.0,0.5,21,0.10871428571428571,0.17377748497925238,0.0,0.5,21,0.48357142857142854,0.3362589138489226,0.0,1.0,21
315,0.71053125,0.23971325255892914,0.023,0.955,64,0.254390625,0.24538946156512553,0.0,0.975,64,0.22025,0.291612756922601,0.0,1.0,64,0.13715625,0.25204473140096406,0.0,1.0,64,0.123078125,0.2262254322143193,0.0,1.0,64,0.111203125,0.1729816193270256,0.0,0.667,64,0.137578125,0.23310463654200647,0.0,0.889,64,0.06571875,0.17454361975853686,0.0,1.0,64,0.536234375,0.3033980957651002,0.0,1.0,64
316,0.4319583333333334,0.27839828822041623,0.0,0.917,24,0.5285833333333333,0.292678324187623,0.056,0.973,24,0.5027916666666666,0.4014053550439643,0.0,1.0,24,0.210375,0.30345285609063766,0.0,1.0,24,0.08395833333333334,0.2244032626219198,0.0,1.0,24,0.13408333333333333,0.15418281544877216,0.0,0.5,24,0.08883333333333333,0.21770296210696108,0.0,1.0,24,0.378625,0.3082033225704717,0.0,1.0,24,0.10545833333333333,0.16540437383593568,0.0,0.75,24
317,0.3894444444444444,0.27744172090140307,0.0,0.81,18,0.5858888888888889,0.2855452758761093,0.119,1.0,18,0.7163888888888889,0.2902828516928413,0.0,1.0,18,0.14661111111111114,0.14164626150623535,0.0,0.5,18,0.05583333333333334,0.12889268221823832,0.0,0.5,18,0.18105555555555555,0.2414757257858248,0.0,0.667,18,0.13316666666666668,0.1969939533261334,0.0,0.636,18,0.27244444444444443,0.35501354112073663,0.0,1.0,18,0.1902777777777778,0.14851809378997072,0.0,0.464,18
318,0.5446923076923077,0.3212562281148244,0.07,0.938,13,0.42330769230769233,0.3289795800692865,0.0,0.93,13,0.5426153846153846,0.32688543825565214,0.0,1.0,13,0.22176923076923077,0.2312787473469168,0.0,0.75,13,0.1126923076923077,0.16581836680304982,0.0,0.5,13,0.2389230769230769,0.19974377818364436,0.0,0.667,13,0.13276923076923078,0.1716236938994506,0.0,0.5,13,0.3215384615384615,0.2533060123594304,0.0,0.733,13,0.07392307692307692,0.11621636541272314,0.0,0.4,13
319,0.4838181818181818,0.3107477492056276,0.111,0.875,11,0.46236363636363637,0.33622708776280136,0.064,0.867,11,0.5799090909090908,0.3646459802453483,0.0,0.949,11,0.12981818181818183,0.16793797556349083,0.0,0.48,11,0.07481818181818181,0.1205651841800262,0.0,0.333,11,0.09918181818181818,0.10145030131233537,0.0,0.3,11,0.06063636363636364,0.10664546190745551,0.0,0.286,11,0.3795454545454545,0.26767456496139624,0.0,0.857,11,0.116,0.16233422313240053,0.0,0.545,11
320,0.4064,0.2979161662368512,0.0,0.938,20,0.55785,0.303848520951165,0.021,1.0,20,0.59365,0.3391239914529012,0.0,1.0,20,0.16394999999999998,0.15713838185698484,0.0,0.606,20,0.0371,0.07564244144240997,0.0,0.25,20,0.1653,0.17458434848760668,0.0,0.583,20,0.07170000000000001,0.15263513425986272,0.0,0.667,20,0.3286,0.3023562555383267,0.0,1.0,20,0.15,0.13516656391282572,0.0,0.5,20
321,0.41627272727272724,0.256795857743291,0.0,0.911,22,0.5531363636363636,0.2710431867634918,0.022,1.0,22,0.6044090909090909,0.3175213017362411,0.0,1.0,22,0.26481818181818184,0.2542298615639448,0.0,0.923,22,0.05609090909090909,0.080701040939123,0.0,0.333,22,0.20209090909090907,0.16908265352467036,0.0,0.667,22,0.032818181818181816,0.08607562365160643,0.0,0.3,22,0.4362727272727273,0.21815878485922913,0.0,0.75,22,0.11004545454545454,0.11382086061741192,0.0,0.346,22
322,0.8036363636363636,0.1378411264331645,0.439,0.947,33,0.1547272727272727,0.12521113986165347,0.024,0.512,33,0.08996969696969698,0.15166976561935575,0.0,0.5,33,0.08003030303030303,0.19631774067320126,0.0,1.0,33,0.19572727272727272,0.23205417911654713,0.0,0.684,33,0.10896969696969697,0.19824850012807235,0.0,1.0,33,0.069,0.199454882116232,0.0,1.0,33,0.04224242424242425,0.09669540782239557,0.0,0.333,33,0.6076363636363636,0.2526352135715915,0.0,1.0,33
323,0.7937857142857142,0.20222918398970724,0.235,0.955,14,0.17107142857142857,0.20929900006586613,0.0,0.735,14,0.2267142857142857,0.34358728116771114,0.0,1.0,14,0.08114285714285716,0.12773160390977104,0.0,0.333,14,0.17557142857142857,0.23849228798552677,0.0,0.684,14,0.05292857142857143,0.17013590236844564,0.0,0.636,14,0.09842857142857143,0.26576557463174316,0.0,0.968,14,0.1772142857142857,0.3007928442713277,0.0,1.0,14,0.5471428571428572,0.2721382163372296,0.0,1.0,14
324,0.36479999999999996,0.264858924712761,0.0,0.92,25,0.59408,0.2608115411556782,0.071,1.0,25,0.6127600000000001,0.3026257699976436,0.0,1.0,25,0.22628,0.2438670266080814,0.0,0.857,25,0.041280000000000004,0.0787329452431869,0.0,0.29,25,0.25248000000000004,0.19166596811466907,0.0,0.75,25,0.06408,0.13365874456989338,0.0,0.571,25,0.44484,0.22720469478717495,0.0,0.8,25,0.06576,0.07405700507041857,0.0,0.231,25
325,0.440625,0.24904213164308833,0.021,0.886,16,0.5171250000000001,0.280105664586301,0.0,0.979,16,0.616,0.2950055366712067,0.0,1.0,16,0.130375,0.128931958799981,0.0,0.5,16,0.030875,0.06205038275466156,0.0,0.188,16,0.2464375,0.1179694699205406,0.0,0.4,16,0.0658125,0.1269126832379911,0.0,0.4,16,0.43624999999999997,0.26042567717744985,0.0,0.826,16,0.0915,0.09919811826172242,0.0,0.303,16
326,0.4837619047619048,0.28870900657269155,0.034,0.922,21,0.47314285714285714,0.2876762565305461,0.059,0.841,21,0.561142857142857,0.30743003849888934,0.0,0.97,21,0.204,0.28624814409878707,0.0,0.794,21,0.06166666666666666,0.10874434851215642,0.0,0.368,21,0.18423809523809526,0.19031471429238067,0.0,0.667,21,0.09161904761904761,0.21464097376560615,0.0,0.778,21,0.4132380952380953,0.2581873166446998,0.0,1.0,21,0.0740952380952381,0.11177428360848696,0.0,0.357,21
327,0.3898039215686274,0.26702621741003957,0.0,0.946,51,0.5789411764705882,0.28072466309640165,0.0,1.0,51,0.679235294117647,0.2725547716137286,0.0,1.0,51,0.12464705882352942,0.13175186124368973,0.0,0.538,51,0.05074509803921569,0.09053459960418557,0.0,0.333,51,0.20198039215686275,0.2127976964345318,0.0,0.769,51,0.10337254901960785,0.19062297456333152,0.0,1.0,51,0.3427450980392157,0.2769863421280735,0.0,1.0,51,0.16558823529411765,0.17575336997856836,0.0,0.737,51
328,0.8885,0.03394849039353593,0.822,0.93,10,0.08020000000000001,0.0431581072594967,0.026,0.178,10,0.04,0.0843274042711568,0.0,0.2,10,0.02,0.06324555320336758,0.0,0.2,10,0.0915,0.1956477844381468,0.0,0.615,10,0.10769999999999999,0.1855730164771927,0.0,0.5,10,0.08499999999999999,0.16674997917707685,0.0,0.5,10,0.1,0.18856180831641267,0.0,0.5,10,0.5333,0.35383613596001057,0.0,1.0,10
329,0.82768,0.11243024504109204,0.447,0.939,25,0.12624000000000002,0.11101399311197967,0.0,0.5,25,0.24600000000000002,0.3249080639196263,0.0,1.0,25,0.10052,0.2286691788005837,0.0,1.0,25,0.1534,0.2527394903848625,0.0,1.0,25,0.1286,0.19798905693665664,0.0,0.636,25,0.08268,0.21347515858603625,0.0,1.0,25,0.11084,0.2495074614782759,0.0,1.0,25,0.59512,0.35000503805897804,0.0,1.0,25
330,0.8802500000000001,0.04550749189069662,0.804,0.974,12,0.07991666666666666,0.046044362666165045,0.023,0.196,12,0.14583333333333334,0.23607966041276418,0.0,0.667,12,0.0,0.0,0.0,0.0,12,0.09025,0.17205925247901188,0.0,0.5,12,0.020833333333333332,0.07216878364870323,0.0,0.25,12,0.0555,0.1296200742028936,0.0,0.333,12,0.10833333333333334,0.21514618004482158,0.0,0.6,12,0.7083333333333334,0.3417793901263672,0.0,1.0,12
331,0.3907586206896552,0.25557325692484417,0.032,0.907,29,0.5793793103448276,0.2672020922973449,0.07,0.968,29,0.5758275862068964,0.2885338639404292,0.0,0.983,29,0.20406896551724138,0.18966943631985525,0.0,0.667,29,0.028310344827586206,0.06096316419906828,0.0,0.25,29,0.24351724137931036,0.2364874839167204,0.0,1.0,29,0.06662068965517241,0.12438460337457466,0.0,0.4,29,0.43431034482758624,0.28089831706868534,0.0,1.0,29,0.09841379310344828,0.08992557130418598,0.0,0.333,29
332,0.3525,0.2788767884889216,0.0,0.944,20,0.60985,0.27624003197067204,0.028,0.973,20,0.6481,0.31552477590599176,0.0,1.0,20,0.1894,0.2059564082646208,0.0,0.618,20,0.033,0.05576359876629575,0.0,0.167,20,0.21030000000000001,0.1587305230488718,0.0,0.5,20,0.030199999999999998,0.07873580072488928,0.0,0.333,20,0.42735,0.21053547644543247,0.0,0.833,20,0.1399,0.13054214886992993,0.0,0.455,20
333,0.7675882352941176,0.19627979354213,0.195,0.927,17,0.19052941176470586,0.19937123590398478,0.025,0.756,17,0.12241176470588234,0.25959248323659373,0.0,0.905,17,0.07623529411764707,0.1747020783404439,0.0,0.667,17,0.06876470588235295,0.10543749891035252,0.0,0.286,17,0.18523529411764705,0.2700329909038349,0.0,0.833,17,0.10823529411764707,0.1921283846194273,0.0,0.636,17,0.1228235294117647,0.25673508605518786,0.0,1.0,17,0.6111176470588235,0.33546607174812426,0.0,1.0,17
334,0.7947500000000001,0.16799357401130233,0.356,0.976,12,0.16666666666666666,0.17305613032315337,0.024,0.622,12,0.05833333333333334,0.11198403565876809,0.0,0.333,12,0.15558333333333332,0.3295196113168748,0.0,1.0,12,0.051166666666666666,0.12590749369952917,0.0,0.4,12,0.16749999999999998,0.24655130389950375,0.0,0.667,12,0.21666666666666667,0.38573031873042957,0.0,1.0,12,0.09616666666666668,0.15129551656719156,0.0,0.5,12,0.6138333333333333,0.3523017387858242,0.0,1.0,12
335,0.369,0.3358993355699943,0.0,0.946,23,0.6172173913043478,0.3402593872222857,0.027,1.0,23,0.7624347826086957,0.3105837357573574,0.0,1.0,23,0.17369565217391306,0.1530610201498999,0.0,0.435,23,0.08182608695652173,0.17347927625090429,0.0,0.625,23,0.19082608695652176,0.18900953611678703,0.0,0.667,23,0.2112173913043478,0.309407051180412,0.0,1.0,23,0.28878260869565214,0.32040499322544036,0.0,1.0,23,0.1738695652173913,0.17177371593513954,0.0,0.667,23
336,0.49485,0.2764872272675634,0.067,0.905,20,0.46105,0.2778629868724588,0.047,0.833,20,0.60995,0.30969075832106074,0.0,1.0,20,0.1621,0.20779212790924642,0.0,0.714,20,0.12304999999999999,0.1761973997657472,0.0,0.5,20,0.1535,0.1595798760561784,0.0,0.5,20,0.09609999999999999,0.17486894340740167,0.0,0.75,20,0.35564999999999997,0.3524054595132386,0.0,1.0,20,0.11915,0.1236388096964618,0.0,0.5,20
337,0.5093953488372093,0.3015273137382956,0.0,0.955,43,0.45358139534883724,0.3101033800400963,0.023,0.972,43,0.5828604651162791,0.32312820553040916,0.0,1.0,43,0.14518604651162792,0.20491673754106562,0.0,0.871,43,0.09195348837209302,0.16321647230834155,0.0,0.625,43,0.16704651162790699,0.19189368999878828,0.0,0.8,43,0.21962790697674417,0.3191080592657793,0.0,1.0,43,0.21067441860465114,0.22652170304202354,0.0,0.75,43,0.12790697674418605,0.15051559228729322,0.0,0.647,43
338,0.8337096774193548,0.09183833388020751,0.513,0.977,31,0.111,0.06841296173484475,0.0,0.273,31,0.11719354838709678,0.19206290972054593,0.0,0.714,31,0.0925483870967742,0.18738513614294977,0.0,0.769,31,0.16029032258064518,0.24451614718983108,0.0,1.0,31,0.045,0.1389038036436248,0.0,0.667,31,0.13425806451612904,0.3223759676466734,0.0,1.0,31,0.03764516129032258,0.1811037544957948,0.0,1.0,31,0.6559999999999999,0.29201757937950706,0.0,1.0,31
339,0.7235882352941176,0.25857302131688287,0.0,0.978,17,0.21476470588235294,0.2626584115852195,0.022,0.957,17,0.2652941176470588,0.33751291914271264,0.0,1.0,17,0.08376470588235294,0.17765645548774914,0.0,0.641,17,0.16194117647058826,0.2295439692597682,0.0,0.857,17,0.1315294117647059,0.15412378046843503,0.0,0.5,17,0.1323529411764706,0.33210558207753577,0.0,1.0,17,0.08370588235294119,0.2286257216243074,0.0,0.75,17,0.4577058823529412,0.41302614395245646,0.0,1.0,17
340,0.8369166666666666,0.13966483147705852,0.516,0.945,12,0.11608333333333333,0.14380634600571407,0.018,0.452,12,0.08633333333333333,0.23176294053636057,0.0,0.786,12,0.11558333333333333,0.1907499354620805,0.0,0.5,12,0.13958333333333334,0.25837304191397137,0.0,0.8,12,0.11875000000000001,0.20134417615795913,0.0,0.5,12,0.041666666666666664,0.10354826132892056,0.0,0.333,12,0.07158333333333335,0.19251042868248763,0.0,0.667,12,0.2574166666666667,0.32988137215818913,0.0,1.0,12
341,0.7316800000000001,0.1666777629639499,0.333,0.969,25,0.239,0.1671291915455426,0.031,0.615,25,0.1784,0.2835160195356399,0.0,1.0,25,0.06119999999999999,0.1299955127430687,0.0,0.5,25,0.13708,0.18828611207415163,0.0,0.5,25,0.16936,0.2918349819104397,0.0,1.0,25,0.12808,0.2849319977351321,0.0,1.0,25,0.13048,0.2825371833936199,0.0,1.0,25,0.38212,0.32618135548597293,0.0,1.0,25
342,0.70959375,0.19715326596903757,0.265,0.974,32,0.25075,0.19835094346686014,0.0,0.714,32,0.19359375,0.27538346980809936,0.0,0.9,32,0.0825,0.12457618474833627,0.0,0.5,32,0.20334375000000002,0.24263268526659265,0.0,0.778,32,0.1528125,0.23103210746002242,0.0,1.0,32,0.11196875,0.1805047554328444,0.0,0.667,32,0.10475,0.1767892859109489,0.0,0.741,32,0.4090625,0.2888743378434923,0.0,1.0,32
343,0.8705918367346939,0.04118551442727719,0.75,0.981,49,0.08291836734693878,0.039396402508506345,0.019,0.171,49,0.03775510204081633,0.1242838704023047,0.0,0.6,49,0.02789795918367347,0.07819986277107503,0.0,0.333,49,0.15675510204081633,0.20351203185277164,0.0,0.667,49,0.061795918367346936,0.13179766367299484,0.0,0.5,49,0.062122448979591835,0.13968873622168282,0.0,0.667,49,0.035816326530612244,0.15411936303146495,0.0,1.0,49,0.5940204081632653,0.28403106416053026,0.0,1.0,49
344,0.8577499999999999,0.04682486713081185,0.769,0.925,12,0.08816666666666667,0.03994276207805668,0.0,0.14,12,0.07225,0.1523298603808077,0.0,0.5,12,0.030583333333333334,0.07177294797210201,0.0,0.2,12,0.2304166666666667,0.21057646347514,0.0,0.5,12,0.07916666666666666,0.18022502769055304,0.0,0.6,12,0.02316666666666667,0.05540730725247075,0.0,0.167,12,0.0,0.0,0.0,0.0,12,0.44449999999999995,0.3102513643659107,0.0,1.0,12
345,0.8325384615384616,0.14539808308262722,0.418,0.943,13,0.12446153846153846,0.1437854972894319,0.019,0.564,13,0.12438461538461539,0.22290862794036576,0.0,0.667,13,0.12176923076923077,0.2858653977679454,0.0,1.0,13,0.04561538461538461,0.1644686081807804,0.0,0.593,13,0.19738461538461538,0.30622555370770377,0.0,1.0,13,0.057692307692307696,0.14978617237881953,0.0,0.5,13,0.1759230769230769,0.34296901257948004,0.0,1.0,13,0.5782307692307692,0.3718877863563492,0.0,1.0,13
346,0.84125,0.05782595359430666,0.741,0.907,12,0.09083333333333334,0.03314385541114901,0.049,0.171,12,0.09583333333333333,0.16019637570144585,0.0,0.5,12,0.020833333333333332,0.07216878364870323,0.0,0.25,12,0.14741666666666667,0.16079487685943986,0.0,0.4,12,0.013916666666666667,0.048208747477333745,0.0,0.167,12,0.0625,0.14706306624895815,0.0,0.5,12,0.041666666666666664,0.14433756729740643,0.0,0.5,12,0.63375,0.17086684076416722,0.4,1.0,12
347,0.8241666666666667,0.09150740986721273,0.641,0.909,12,0.11083333333333334,0.08279090127141589,0.022,0.256,12,0.030083333333333333,0.0762537132727239,0.0,0.25,12,0.030083333333333333,0.0762537132727239,0.0,0.25,12,0.12833333333333333,0.2352145377902454,0.0,0.6,12,0.028666666666666663,0.06002474237320554,0.0,0.167,12,0.041666666666666664,0.14433756729740643,0.0,0.5,12,0.09725,0.288317730353795,0.0,1.0,12,0.7094166666666667,0.3158041563240027,0.0,1.0,12
348,0.8600000000000001,0.09902452798603557,0.409,0.974,29,0.09458620689655171,0.10309202450840403,0.022,0.591,29,0.14024137931034483,0.2858275772924766,0.0,1.0,29,0.07010344827586207,0.20119009220627748,0.0,1.0,29,0.12379310344827586,0.20582957223849485,0.0,0.667,29,0.10996551724137932,0.231159419751611,0.0,1.0,29,0.09193103448275862,0.2656992030519908,0.0,1.0,29,0.08217241379310344,0.20967475986896558,0.0,1.0,29,0.5310344827586208,0.33346797691175045,0.0,1.0,29
349,0.8386666666666667,0.06657508861610642,0.705,0.938,12,0.09399999999999999,0.03938619970589607,0.042,0.175,12,0.11608333333333333,0.20824437494676706,0.0,0.667,12,0.166,0.1609471963098457,0.0,0.4,12,0.14408333333333334,0.20281763341544648,0.0,0.524,12,0.075,0.16598192672697834,0.0,0.545,12,0.04608333333333334,0.14375639643212929,0.0,0.5,12,0.09491666666666666,0.18217447098533832,0.0,0.5,12,0.6734166666666667,0.23244958723572856,0.333,1.0,12
350,0.8747,0.06894127936149717,0.756,0.977,10,0.0776,0.051782021762169325,0.0,0.143,10,0.125,0.3173238794109962,0.0,1.0,10,0.0,0.0,0.0,0.0,10,0.128,0.2207084552576594,0.0,0.545,10,0.0261,0.05533825279336367,0.0,0.143,10,0.0111,0.03510128202786901,0.0,0.111,10,0.0059,0.018657438194993436,0.0,0.059,10,0.5101,0.3059860018584728,0.0,1.0,10
351,0.8235172413793104,0.10176675737392805,0.615,0.974,29,0.13727586206896553,0.09820164988129716,0.0,0.365,29,0.11989655172413792,0.16767173388746112,0.0,0.5,29,0.08537931034482758,0.1941921753964914,0.0,0.833,29,0.14631034482758623,0.2631933161667994,0.0,0.973,29,0.18275862068965518,0.3310619984202801,0.0,1.0,29,0.09999999999999999,0.2751622897751175,0.0,1.0,29,0.04517241379310345,0.11683201278683279,0.0,0.5,29,0.5300689655172414,0.3312713530621172,0.0,1.0,29
352,0.8184848484848485,0.13404199929782298,0.352,0.957,33,0.1423030303030303,0.13442736999223895,0.021,0.648,33,0.18745454545454546,0.28076336688004394,0.0,1.0,33,0.048,0.11783993380853537,0.0,0.5,33,0.1509090909090909,0.22165194613915015,0.0,0.744,33,0.11857575757575758,0.22255659818109053,0.0,1.0,33,0.10745454545454547,0.21637656569466618,0.0,1.0,33,0.14557575757575758,0.2635634447224034,0.0,1.0,33,0.5547878787878788,0.3173461002572504,0.0,1.0,33
353,0.8089000000000001,0.21421870963003103,0.212,0.976,10,0.153,0.20551939621899978,0.024,0.727,10,0.1078,0.19197962854891082,0.0,0.545,10,0.0,0.0,0.0,0.0,10,0.2515,0.25227377104161175,0.0,0.622,10,0.1061,0.24485843982912975,0.0,0.778,10,0.014499999999999999,0.03734300469967568,0.0,0.118,10,0.0449,0.07087618311769711,0.0,0.2,10,0.6493,0.33072346622383947,0.2,1.0,10
354,0.8596875,0.07181431496110881,0.703,0.955,16,0.07943750000000001,0.03989648063008399,0.021,0.185,16,0.028125,0.0773923984208613,0.0,0.25,16,0.040625,0.08797490172391974,0.0,0.25,16,0.2035625,0.2905204453505238,0.0,1.0,16,0.10325,0.16094864605415812,0.0,0.5,16,0.0529375,0.13418170205608015,0.0,0.5,16,0.0540625,0.10384184689549135,0.0,0.333,16,0.664625,0.32732814829566165,0.0,1.0,16
355,0.8329090909090909,0.09000524275254035,0.6,0.935,22,0.09818181818181819,0.058350040897391604,0.022,0.24,22,0.08181818181818182,0.19244384124890054,0.0,0.75,22,0.009590909090909093,0.031089209720399153,0.0,0.111,22,0.13922727272727273,0.18361292926209688,0.0,0.568,22,0.10872727272727273,0.2392315439103539,0.0,1.0,22,0.08222727272727273,0.13767384916747533,0.0,0.333,22,0.018863636363636364,0.07130103549274487,0.0,0.333,22,0.5035,0.3203074044310142,0.0,1.0,22
356,0.8551,0.08370908619206824,0.667,0.952,10,0.0962,0.05606702338372451,0.023,0.19,10,0.06939999999999999,0.15328709447743258,0.0,0.444,10,0.07780000000000001,0.24602520196109992,0.0,0.778,10,0.0881,0.2260945967215198,0.0,0.714,10,0.2298,0.2919272359871739,0.0,0.714,10,0.1166,0.19316728501482855,0.0,0.5,10,0.0,0.0,0.0,0.0,10,0.6178,0.34536865971177977,0.0,1.0,10
357,0.8760625,0.04726445986855943,0.795,0.956,16,0.07806249999999999,0.04067344547326507,0.022,0.157,16,0.0828125,0.2511172949705642,0.0,1.0,16,0.04375,0.13149778198382917,0.0,0.5,16,0.1360625,0.211394565918805,0.0,0.667,16,0.1683125,0.2636282025251977,0.0,0.857,16,0.0381875,0.12622425480073157,0.0,0.5,16,0.1225625,0.27968743715083094,0.0,1.0,16,0.763,0.3029642443149576,0.0,1.0,16
358,0.8350000000000001,0.16178777986697793,0.271,0.949,15,0.12506666666666666,0.16705365548087778,0.0,0.708,15,0.1554,0.18300148321022663,0.0,0.5,15,0.20506666666666667,0.2515470608246573,0.0,0.667,15,0.08806666666666667,0.19313299143583,0.0,0.571,15,0.17886666666666665,0.2857933485846689,0.0,1.0,15,0.22333333333333333,0.3211956828269438,0.0,1.0,15,0.11713333333333334,0.20756853142539514,0.0,0.667,15,0.4839333333333334,0.32989878678741685,0.0,1.0,15
359,0.8285789473684211,0.12075655758107058,0.489,0.977,19,0.09747368421052632,0.0850943061295673,0.023,0.378,19,0.084,0.20342429659321537,0.0,0.667,19,0.15494736842105264,0.2585370108222656,0.0,0.786,19,0.18831578947368421,0.2651852712165128,0.0,1.0,19,0.10178947368421054,0.18510795017063494,0.0,0.667,19,0.07078947368421053,0.14397282882056772,0.0,0.429,19,0.068,0.185989545703814,0.0,0.667,19,0.5434210526315789,0.24959507558120206,0.0,1.0,19
360,0.8514545454545455,0.10408396959797762,0.633,0.977,11,0.09836363636363638,0.0702257399067788,0.023,0.245,11,0.24072727272727273,0.31862331707177083,0.0,1.0,11,0.05372727272727273,0.1505085319236693,0.0,0.5,11,0.18445454545454545,0.2466091497233481,0.0,0.667,11,0.08454545454545455,0.23872467976158798,0.0,0.8,11,0.07190909090909091,0.15029068803186346,0.0,0.5,11,0.01518181818181818,0.04299957716494007,0.0,0.143,11,0.5413636363636364,0.36853826740985063,0.0,1.0,11
361,0.8342352941176471,0.07273284111369907,0.68,0.933,17,0.08776470588235294,0.06140798951659782,0.019,0.239,17,0.01958823529411765,0.0807643631370989,0.0,0.333,17,0.020058823529411764,0.06321636515594212,0.0,0.25,17,0.25611764705882356,0.28840680521464407,0.0,1.0,17,0.03394117647058823,0.12153830187858232,0.0,0.5,17,0.009235294117647059,0.02379477204073593,0.0,0.091,17,0.058823529411764705,0.16808377200599914,0.0,0.667,17,0.5337058823529413,0.27123830958814665,0.0,1.0,17
362,0.8059,0.16861425404356145,0.481,0.95,10,0.1624,0.1738237932824822,0.021,0.481,10,0.1165,0.17094134796603322,0.0,0.467,10,0.1337,0.15027903675792206,0.0,0.333,10,0.05920000000000001,0.11514416084968346,0.0,0.333,10,0.0202,0.04696286949400676,0.0,0.143,10,0.42060000000000003,0.4246656724216514,0.0,1.0,10,0.0629,0.14316924716339516,0.0,0.429,10,0.5938,0.29433571157967076,0.0,1.0,10
363,0.425375,0.3445108367913362,0.0,0.929,16,0.5436875,0.3512210545606096,0.07,0.974,16,0.668875,0.31502801462727087,0.0,1.0,16,0.1464375,0.15983114788217387,0.0,0.528,16,0.050749999999999997,0.08866604009803679,0.0,0.286,16,0.3979375,0.28968338319620607,0.0,1.0,16,0.16443750000000001,0.223339194574829,0.0,0.857,16,0.13975,0.18343336664849172,0.0,0.5,16,0.1865625,0.24632389754142814,0.0,1.0,16
364,0.41625,0.25961078727503833,0.0,0.881,24,0.5488333333333334,0.26100385915298957,0.119,1.0,24,0.6207083333333333,0.33613926709633013,0.0,1.0,24,0.16674999999999998,0.2048068549294358,0.0,0.828,24,0.12633333333333333,0.20044530136817806,0.0,0.647,24,0.2313333333333333,0.2176973700519513,0.0,0.75,24,0.16266666666666665,0.2240115809635678,0.0,0.8,24,0.2685416666666667,0.25772786105176687,0.0,1.0,24,0.11091666666666666,0.11722624601011153,0.0,0.391,24
365,0.3665555555555555,0.31165841448653603,0.0,0.898,18,0.612,0.31908177082150624,0.082,1.0,18,0.6841666666666666,0.3368695418634551,0.0,1.0,18,0.13583333333333333,0.164994563190285,0.0,0.533,18,0.07172222222222223,0.16653344675736728,0.0,0.643,18,0.31594444444444447,0.24931540907576166,0.0,1.0,18,0.03827777777777778,0.07782318235858966,0.0,0.25,18,0.23555555555555557,0.18711972330482216,0.0,0.632,18,0.13527777777777777,0.1273581358659188,0.0,0.5,18
366,0.8420327868852459,0.09846166211832823,0.341,0.957,61,0.11208196721311475,0.0970909015788756,0.019,0.585,61,0.11047540983606557,0.23701410693299654,0.0,1.0,61,0.09881967213114753,0.2325920253861341,0.0,1.0,61,0.11745901639344263,0.1939290741285322,0.0,0.667,61,0.14955737704918032,0.2854189041035512,0.0,1.0,61,0.13657377049180328,0.26825786468846186,0.0,1.0,61,0.044442622950819674,0.1428105416965853,0.0,0.667,61,0.5818196721311475,0.3198286264129964,0.0,1.0,61
367,0.7848205128205128,0.18039349079667902,0.108,0.977,78,0.17715384615384616,0.18120972114366002,0.018,0.865,78,0.19482051282051283,0.24235691955641883,0.0,1.0,78,0.16697435897435897,0.26989045273380174,0.0,1.0,78,0.11805128205128206,0.2160019178267371,0.0,1.0,78,0.13665384615384615,0.24980890498737035,0.0,1.0,78,0.24956410256410258,0.3656803866604623,0.0,1.0,78,0.0595,0.17421577530073554,0.0,1.0,78,0.5791794871794872,0.2745360073178367,0.0,1.0,78
368,0.7893157894736842,0.20366613546891418,0.029,0.953,19,0.13989473684210527,0.20345212233317048,0.0,0.914,19,0.12000000000000001,0.24356815153965525,0.0,0.935,19,0.07342105263157894,0.16685033739168553,0.0,0.645,19,0.05842105263157894,0.1419339892694541,0.0,0.571,19,0.22636842105263158,0.3652132117797487,0.0,1.0,19,0.18610526315789475,0.3368156262436043,0.0,1.0,19,0.008789473684210528,0.03831242755638381,0.0,0.167,19,0.6740526315789473,0.25716109816485994,0.0,1.0,19
369,0.8355151515151515,0.06054653231818959,0.725,0.953,33,0.11103030303030303,0.04518053013224063,0.022,0.2,33,0.08033333333333334,0.12503466186088824,0.0,0.4,33,0.022727272727272728,0.1305582419667734,0.0,0.75,33,0.16112121212121214,0.21682420263541813,0.0,0.667,33,0.065,0.18935647599171251,0.0,1.0,33,0.028454545454545455,0.06774312276399858,0.0,0.25,33,0.08136363636363636,0.19646116317573717,0.0,1.0,33,0.5271818181818181,0.305593015151019,0.0,1.0,33
370,0.8544999999999999,0.07314448294037897,0.714,0.976,14,0.1012857142857143,0.06104150992616364,0.0,0.227,14,0.1282142857142857,0.1892646411657613,0.0,0.5,14,0.031714285714285716,0.09162165394996685,0.0,0.333,14,0.1777142857142857,0.28931442266993046,0.0,1.0,14,0.13714285714285715,0.20850377496780284,0.0,0.5,14,0.014285714285714287,0.05345224838248488,0.0,0.2,14,0.10642857142857143,0.17326800685008817,0.0,0.5,14,0.4764285714285714,0.3079954331044322,0.0,1.0,14
371,0.8420769230769231,0.07652391950501658,0.696,0.939,13,0.10353846153846155,0.06479276629456844,0.022,0.244,13,0.025615384615384616,0.09235758267150065,0.0,0.333,13,0.012846153846153847,0.04631746638480663,0.0,0.167,13,0.127,0.19519263988856408,0.0,0.5,13,0.0526923076923077,0.14379695442728996,0.0,0.5,13,0.07507692307692307,0.1602245619635462,0.0,0.5,13,0.13107692307692306,0.29663430391040463,0.0,1.0,13,0.5140769230769231,0.37121320503148,0.0,1.0,13
372,0.846325,0.11363061782676494,0.275,0.953,40,0.0982,0.10402519418699024,0.024,0.686,40,0.06915,0.1585599538797832,0.0,0.5,40,0.046650000000000004,0.13153230080039716,0.0,0.5,40,0.08549999999999999,0.17645294280810686,0.0,0.579,40,0.133825,0.23182662481768346,0.0,1.0,40,0.027075,0.10052002925810995,0.0,0.5,40,0.08937500000000001,0.21141558144309772,0.0,1.0,40,0.586275,0.30382130270005586,0.0,1.0,40
373,0.8404999999999999,0.0882575146312703,0.667,0.932,10,0.1095,0.05942922962089727,0.045,0.255,10,0.125,0.31732387941099616,0.0,1.0,10,0.025,0.07905694150420949,0.0,0.25,10,0.1162,0.18821370832115286,0.0,0.5,10,0.1395,0.31036367556644107,0.0,1.0,10,0.0,0.0,0.0,0.0,10,0.136,0.17037670680648284,0.0,0.4,10,0.6734,0.27806482058046184,0.25,1.0,10
374,0.7869387755102041,0.20517374833736096,0.059,0.977,49,0.16220408163265307,0.21138580246315794,0.0,0.882,49,0.17320408163265305,0.2694246168219598,0.0,0.931,49,0.14724489795918366,0.27549784713407505,0.0,1.0,49,0.09459183673469387,0.16254306075203412,0.0,0.708,49,0.20546938775510204,0.32521294959615926,0.0,1.0,49,0.16648979591836732,0.3026746825146996,0.0,1.0,49,0.09179591836734695,0.19996999562349313,0.0,1.0,49,0.5143061224489796,0.3267203955016196,0.0,1.0,49
375,0.8758,0.05602703429085436,0.775,0.951,15,0.08813333333333334,0.05266045774130538,0.0,0.19,15,0.1578,0.3118351670812185,0.0,1.0,15,0.0328,0.06937290537378409,0.0,0.2,15,0.23866666666666667,0.3316374239321928,0.0,1.0,15,0.0061333333333333335,0.01625628083746915,0.0,0.05,15,0.11113333333333333,0.2793653180915286,0.0,1.0,15,0.11573333333333334,0.2148356403880706,0.0,0.667,15,0.5944666666666667,0.3396750267675323,0.0,1.0,15
376,0.8542307692307692,0.06094143889307978,0.73,0.933,13,0.08438461538461538,0.04666108025170881,0.024,0.189,13,0.06407692307692309,0.12789674320746766,0.0,0.333,13,0.08969230769230771,0.14605215085451762,0.0,0.333,13,0.2373076923076923,0.21447975219718082,0.0,0.667,13,0.091,0.16220768580228662,0.0,0.5,13,0.0,0.0,0.0,0.0,13,0.08461538461538462,0.27642405179408036,0.0,1.0,13,0.3452307692307692,0.3181734730840379,0.0,1.0,13
377,0.8430909090909092,0.09987637813362535,0.583,0.933,11,0.08636363636363636,0.05517295121211612,0.024,0.19,11,0.030272727272727274,0.10040327774439531,0.0,0.333,11,0.022727272727272728,0.07537783614444091,0.0,0.25,11,0.17,0.13791229096784668,0.0,0.303,11,0.07727272727272727,0.1148120994574099,0.0,0.25,11,0.009090909090909092,0.03015113445777636,0.0,0.1,11,0.045454545454545456,0.15075567228888181,0.0,0.5,11,0.5568181818181818,0.30518709611706,0.167,1.0,11
378,0.8785454545454545,0.045616583906214724,0.787,0.933,11,0.07681818181818181,0.04549905093915297,0.023,0.17,11,0.14936363636363637,0.3022949793586631,0.0,1.0,11,0.015181818181818183,0.05035239454448653,0.0,0.167,11,0.11963636363636362,0.2224137013438123,0.0,0.594,11,0.04845454545454546,0.11183144784573225,0.0,0.333,11,0.055545454545454544,0.15112336922948988,0.0,0.5,11,0.08763636363636364,0.1695194813154363,0.0,0.5,11,0.6342727272727273,0.3514123193370121,0.0,1.0,11
379,0.8866923076923078,0.04080928124700844,0.804,0.951,13,0.08576923076923076,0.045596333635783054,0.034,0.196,13,0.025615384615384616,0.09235758267150065,0.0,0.333,13,0.037384615384615384,0.09292787387856101,0.0,0.286,13,0.09023076923076924,0.11853350710956084,0.0,0.312,13,0.09023076923076924,0.15211955487168302,0.0,0.5,13,0.025615384615384616,0.09235758267150065,0.0,0.333,13,0.13092307692307692,0.24772749192693627,0.0,0.667,13,0.6894615384615383,0.2838590070747023,0.0,1.0,13
380,0.830375,0.07878314117457702,0.657,0.926,16,0.0985625,0.044282379866789755,0.025,0.2,16,0.05725,0.12432135777894321,0.0,0.333,16,0.017375,0.048565934563230634,0.0,0.167,16,0.1770625,0.23140483105011733,0.0,0.75,16,0.046875,0.13098186897429734,0.0,0.5,16,0.0035,0.014000000000000002,0.0,0.056,16,0.0625,0.25,0.0,1.0,16,0.599875,0.2200045075295807,0.25,1.0,16
381,0.8681052631578947,0.07769305326936111,0.68,1.0,19,0.0751578947368421,0.06448278250638757,0.0,0.26,19,0.09294736842105263,0.24354248401555695,0.0,1.0,19,0.05789473684210527,0.2292882452617331,0.0,1.0,19,0.1552105263157895,0.26921378925955,0.0,1.0,19,0.11178947368421054,0.25348122414520574,0.0,1.0,19,0.13747368421052633,0.2786085203333509,0.0,1.0,19,0.14289473684210527,0.23785544039671613,0.0,0.632,19,0.3437368421052631,0.3323333069383579,0.0,1.0,19
382,0.812095238095238,0.10068858165745743,0.5,0.956,21,0.11666666666666667,0.07596402657398654,0.041,0.333,21,0.10476190476190476,0.16930767990906517,0.0,0.5,21,0.05838095238095238,0.12055474946698541,0.0,0.5,21,0.20661904761904765,0.23755093689364312,0.0,0.75,21,0.06380952380952382,0.21951460521970267,0.0,1.0,21,0.012761904761904763,0.04040656476601885,0.0,0.143,21,0.04485714285714285,0.09557315821625113,0.0,0.4,21,0.5377619047619048,0.30183818591455663,0.0,1.0,21
383,0.8348571428571429,0.07957969949320348,0.632,0.96,21,0.09985714285714285,0.06531024859414158,0.02,0.267,21,0.05871428571428572,0.13573766715880412,0.0,0.5,21,0.035666666666666666,0.1004869809146107,0.0,0.333,21,0.13766666666666666,0.21358495577482356,0.0,0.649,21,0.1829047619047619,0.3141364201683569,0.0,1.0,21,0.04123809523809524,0.10631693409890298,0.0,0.333,21,0.0370952380952381,0.09158324342471431,0.0,0.333,21,0.5699047619047619,0.3082041376688355,0.0,1.0,21
384,0.8687692307692308,0.05008351998770629,0.762,0.933,13,0.08346153846153846,0.04705248024744176,0.0,0.167,13,0.06484615384615385,0.10975795047424898,0.0,0.333,13,0.04746153846153846,0.09179017320735318,0.0,0.25,13,0.223,0.33025217637435794,0.0,1.0,13,0.09092307692307691,0.15828584983001562,0.0,0.5,13,0.11538461538461539,0.29957234475763905,0.0,1.0,13,0.0023846153846153848,0.008597853041491051,0.0,0.031,13,0.4853846153846154,0.34004424674384615,0.0,1.0,13
385,0.8561,0.06797622133265917,0.703,0.96,10,0.0893,0.04191008894712054,0.04,0.163,10,0.1,0.31622776601683794,0.0,1.0,10,0.0,0.0,0.0,0.0,10,0.151,0.2086570817819941,0.0,0.5,10,0.06,0.18973665961010278,0.0,0.6,10,0.06999999999999999,0.1636391694484477,0.0,0.5,10,0.05,0.15811388300841897,0.0,0.5,10,0.6467,0.337915193173935,0.0,1.0,10
386,0.84172,0.11621657942536999,0.522,1.0,25,0.10368000000000001,0.10712326233518718,0.0,0.413,25,0.04064,0.13334819083887114,0.0,0.647,25,0.02772,0.08229242573489576,0.0,0.333,25,0.13064,0.21824353369573177,0.0,0.72,25,0.07556,0.13852408936114086,0.0,0.5,25,0.07668,0.22299041832927857,0.0,1.0,25,0.06448000000000001,0.132246335803051,0.0,0.429,25,0.53044,0.3669012219476336,0.0,1.0,25
387,0.8407692307692307,0.061237452927319254,0.714,0.933,13,0.08984615384615384,0.048613863169961025,0.0,0.184,13,0.07307692307692308,0.11967139837799001,0.0,0.333,13,0.009615384615384616,0.03466876226407682,0.0,0.125,13,0.12515384615384614,0.19327736811546514,0.0,0.615,13,0.05223076923076923,0.13909837876251102,0.0,0.5,13,0.10253846153846154,0.2849276561353236,0.0,1.0,13,0.015307692307692309,0.03177888349041602,0.0,0.1,13,0.44846153846153847,0.3159234124975586,0.0,1.0,13
388,0.8665454545454545,0.05003020732539141,0.732,0.969,22,0.08090909090909092,0.03304385122675782,0.031,0.171,22,0.10604545454545455,0.18752586545980857,0.0,0.5,22,0.06059090909090909,0.13889381318831787,0.0,0.5,22,0.1410909090909091,0.17212451447963037,0.0,0.5,22,0.19840909090909092,0.358821969265687,0.0,1.0,22,0.16836363636363635,0.31619788039627905,0.0,1.0,22,0.04368181818181818,0.12494280076580427,0.0,0.5,22,0.5892727272727273,0.3103393199491381,0.0,1.0,22
389,0.8749473684210526,0.047339757409380026,0.744,0.935,19,0.08757894736842105,0.041022102158434985,0.025,0.182,19,0.07410526315789473,0.14427477439357095,0.0,0.5,19,0.07105263157894737,0.15212913874008877,0.0,0.5,19,0.13889473684210527,0.2144929148627427,0.0,0.8,19,0.19005263157894736,0.32291149005471564,0.0,1.0,19,0.03857894736842106,0.11609637557242102,0.0,0.4,19,0.05484210526315789,0.1021019442397835,0.0,0.333,19,0.5753157894736842,0.2634373323395442,0.0,1.0,19
390,0.8627272727272728,0.04586521755991336,0.8,0.93,11,0.0870909090909091,0.034517979504758226,0.023,0.135,11,0.09845454545454545,0.17797829285413636,0.0,0.5,11,0.06818181818181818,0.1225322962992355,0.0,0.333,11,0.09954545454545456,0.17562651487538183,0.0,0.562,11,0.22727272727272727,0.35179485240949476,0.0,1.0,11,0.03590909090909091,0.10027407894910284,0.0,0.333,11,0.12163636363636364,0.1715553978907529,0.0,0.5,11,0.620090909090909,0.33218321888543817,0.0,1.0,11
391,0.8278181818181818,0.08217520085989226,0.6,0.907,11,0.11318181818181819,0.07515426558994265,0.057,0.333,11,0.05154545454545454,0.10678985311008124,0.0,0.333,11,0.030272727272727274,0.1004032777443953,0.0,0.333,11,0.12954545454545455,0.2014236151181701,0.0,0.5,11,0.12245454545454545,0.2008160171083789,0.0,0.5,11,0.10909090909090909,0.20225995873897262,0.0,0.5,11,0.15,0.2266675980373022,0.0,0.5,11,0.6788181818181819,0.29989225337838193,0.25,1.0,11
392,0.8479047619047619,0.08834812095449725,0.568,0.953,21,0.08714285714285715,0.0528557335719463,0.022,0.19,21,0.09247619047619048,0.22432401098581023,0.0,1.0,21,0.05952380952380952,0.1827696963524367,0.0,0.8,21,0.14600000000000002,0.19974208369795285,0.0,0.524,21,0.121,0.24112154611315842,0.0,1.0,21,0.08333333333333333,0.241522945769824,0.0,1.0,21,0.11395238095238094,0.30085386422488847,0.0,1.0,21,0.6212857142857143,0.34783403267321944,0.0,1.0,21
393,0.8380666666666666,0.055575517048769764,0.705,0.923,15,0.10186666666666667,0.047689272029112245,0.023,0.227,15,0.11220000000000001,0.14869825630642558,0.0,0.4,15,0.0574,0.14025476818989077,0.0,0.5,15,0.14913333333333334,0.2158186628586491,0.0,0.6,15,0.2,0.35744909727520247,0.0,1.0,15,0.10233333333333335,0.25752410890374255,0.0,1.0,15,0.0436,0.1291022850301264,0.0,0.5,15,0.3922,0.3481434843771828,0.0,1.0,15
394,0.7758421052631579,0.1916116625880744,0.25,0.944,19,0.17226315789473684,0.195985782393991,0.024,0.727,19,0.17389473684210527,0.2627292427019883,0.0,1.0,19,0.1354736842105263,0.27576406349169263,0.0,0.81,19,0.1158421052631579,0.16582630241641227,0.0,0.5,19,0.061684210526315786,0.22891290256135483,0.0,1.0,19,0.19000000000000003,0.3409811008122167,0.0,1.0,19,0.06468421052631579,0.22911061196422108,0.0,1.0,19,0.4930526315789474,0.32094729122192334,0.0,1.0,19
395,0.8474,0.041724493206428966,0.762,0.911,10,0.0865,0.04201653113821855,0.044,0.182,10,0.0125,0.03952847075210474,0.0,0.125,10,0.0333,0.10530384608360704,0.0,0.333,10,0.22970000000000002,0.2547766123925472,0.0,0.75,10,0.0513,0.10872498435144622,0.0,0.333,10,0.0193,0.04621700023920971,0.0,0.143,10,0.025,0.07905694150420949,0.0,0.25,10,0.4734,0.2332095862333088,0.0,0.75,10
396,0.8398571428571429,0.07912033793257242,0.617,0.955,42,0.08285714285714285,0.0516085507325172,0.0,0.271,42,0.09357142857142857,0.21169031025638846,0.0,1.0,42,0.04754761904761905,0.11076126873925464,0.0,0.5,42,0.20052380952380955,0.21535294208155678,0.0,0.75,42,0.05342857142857142,0.13606833700201815,0.0,0.556,42,0.017690476190476194,0.06176489179383622,0.0,0.333,42,0.05195238095238095,0.0985972226346461,0.0,0.429,42,0.5242857142857142,0.35516786039735276,0.0,1.0,42
397,0.711,0.25291065616141994,0.182,0.978,11,0.23463636363636364,0.24128086236884713,0.022,0.727,11,0.5184545454545455,0.3482485789307298,0.0,1.0,11,0.36909090909090914,0.3056692508400067,0.0,1.0,11,0.10309090909090908,0.19612111285909764,0.0,0.5,11,0.21354545454545457,0.15570700924259231,0.0,0.5,11,0.051727272727272726,0.10459549790415543,0.0,0.333,11,0.2,0.22604291627918802,0.0,0.5,11,0.3578181818181818,0.38553231205226324,0.0,1.0,11
398,0.3042,0.2699019575080304,0.0,0.765,10,0.6687000000000001,0.29028264004433874,0.179,1.0,10,0.6917,0.3095785845306487,0.0,1.0,10,0.2138,0.25426530326500396,0.0,0.692,10,0.030100000000000005,0.05175250933261326,0.0,0.139,10,0.17550000000000002,0.21470819991586512,0.0,0.571,10,0.185,0.3419759575694694,0.0,1.0,10,0.3259,0.2704434424340061,0.0,0.75,10,0.0649,0.08521665199817333,0.0,0.263,10
399,0.43429411764705883,0.28795784515834133,0.027,0.896,17,0.5301764705882352,0.2888388900611632,0.042,0.919,17,0.5638235294117647,0.36147462485182097,0.0,0.968,17,0.24282352941176472,0.21497884642858403,0.0,0.647,17,0.02676470588235294,0.06520882744284388,0.0,0.25,17,0.2991764705882353,0.1774215443844538,0.053,0.667,17,0.1456470588235294,0.21247586368116927,0.0,0.647,17,0.37400000000000005,0.27090704125216086,0.0,0.727,17,0.16594117647058823,0.1807081454266227,0.0,0.524,17
400,0.38283333333333336,0.2966591759353933,0.0,0.894,24,0.5775833333333333,0.3008804351098357,0.053,1.0,24,0.6436666666666667,0.3141060007547531,0.0,1.0,24,0.11566666666666668,0.09547577278244883,0.0,0.31,24,0.022208333333333333,0.05418404960764799,0.0,0.167,24,0.1709166666666667,0.20986494967347283,0.0,0.667,24,0.13816666666666666,0.20500045952581938,0.0,0.636,24,0.38645833333333335,0.33185957993871656,0.0,1.0,24,0.09329166666666666,0.10874800514578833,0.0,0.41,24
401,0.7784545454545455,0.18066287036154588,0.395,0.932,11,0.16963636363636364,0.1915412606867109,0.039,0.605,11,0.17627272727272728,0.2940479861890201,0.0,0.895,11,0.19436363636363635,0.2227924023512798,0.0,0.5,11,0.10145454545454546,0.1452772271461454,0.0,0.333,11,0.09090909090909091,0.13147962164948188,0.0,0.333,11,0.16218181818181818,0.3114073917497201,0.0,0.867,11,0.08936363636363637,0.14174715004350014,0.0,0.333,11,0.44536363636363635,0.3767809105374827,0.0,1.0,11
402,0.7506875,0.28085125808275574,0.022,0.955,16,0.2138125,0.2876157665474316,0.045,0.978,16,0.1426875,0.25402853350230825,0.0,1.0,16,0.231875,0.3882419992736489,0.0,1.0,16,0.1073125,0.16250814082172418,0.0,0.5,16,0.084375,0.25279685520195855,0.0,1.0,16,0.2144375,0.3208883437687737,0.0,0.895,16,0.0625,0.1707825127659933,0.0,0.5,16,0.639625,0.2050648271482297,0.25,1.0,16
403,0.7502222222222222,0.2363962657159466,0.162,0.919,9,0.17655555555555555,0.23654867950968947,0.0,0.784,9,0.19766666666666666,0.2678399708781346,0.0,0.821,9,0.041666666666666664,0.08838834764831845,0.0,0.25,9,0.13344444444444445,0.20195860411920502,0.0,0.462,9,0.23888888888888887,0.21317917607287798,0.0,0.538,9,0.10111111111111111,0.18533985300283132,0.0,0.5,9,0.05088888888888889,0.1135819576830366,0.0,0.333,9,0.5364444444444445,0.3804366278078095,0.0,1.0,9
404,0.8153076923076923,0.15615077362140764,0.367,1.0,13,0.12523076923076923,0.1600292441223134,0.0,0.633,13,0.09569230769230769,0.16327246380176128,0.0,0.5,13,0.13723076923076924,0.2815300913005434,0.0,0.941,13,0.07176923076923078,0.12210934570167964,0.0,0.333,13,0.28076923076923077,0.38209622563043677,0.0,1.0,13,0.05123076923076923,0.1103623983717234,0.0,0.333,13,0.05123076923076923,0.10253385932311486,0.0,0.333,13,0.464,0.3496986798183068,0.0,1.0,13
405,0.7793030303030303,0.1971196471766077,0.167,0.953,33,0.18018181818181817,0.18982861588572703,0.02,0.792,33,0.17663636363636362,0.2605791408312715,0.0,0.842,33,0.10024242424242424,0.23061426537389093,0.0,1.0,33,0.10478787878787879,0.17554695909780052,0.0,0.5,33,0.15254545454545454,0.2715992096487363,0.0,1.0,33,0.18666666666666668,0.36159625850756066,0.0,1.0,33,0.14663636363636365,0.2700919771788189,0.0,1.0,33,0.5103333333333334,0.30724518575018656,0.0,1.0,33
406,0.800344827586207,0.14663981038636048,0.278,0.953,29,0.14979310344827587,0.14817903729474033,0.018,0.722,29,0.15286206896551724,0.24747939656492202,0.0,1.0,29,0.2137241379310345,0.34650983252919226,0.0,1.0,29,0.14958620689655172,0.19824236919945445,0.0,0.55,29,0.13562068965517243,0.2813946661329579,0.0,1.0,29,0.166,0.31712154046764374,0.0,1.0,29,0.05562068965517241,0.20419780567470489,0.0,1.0,29,0.47906896551724143,0.31763702679029304,0.0,1.0,29
407,0.7115555555555555,0.24947300009776163,0.304,0.978,9,0.22677777777777777,0.2533997719897247,0.022,0.652,9,0.22599999999999998,0.24495764940087095,0.0,0.667,9,0.2515555555555556,0.27862569475512805,0.0,0.769,9,0.10433333333333333,0.1923525409242103,0.0,0.526,9,0.23811111111111108,0.3550821892338605,0.0,1.0,9,0.17822222222222223,0.28479544315954997,0.0,0.76,9,0.06266666666666668,0.1321864213903985,0.0,0.4,9,0.6007777777777777,0.35717249956350844,0.0,1.0,9
408,0.798904761904762,0.2086410565449439,0.021,0.956,21,0.1554761904761905,0.21608762552437358,0.0,0.957,21,0.17928571428571427,0.27921445930630867,0.0,1.0,21,0.07757142857142857,0.15121129965335642,0.0,0.5,21,0.08352380952380953,0.17221574232561293,0.0,0.625,21,0.10561904761904761,0.2402406036019882,0.0,1.0,21,0.14304761904761903,0.3198605127536808,0.0,1.0,21,0.14647619047619048,0.2684005624151371,0.0,1.0,21,0.36552380952380953,0.24706145370081894,0.0,0.667,21
409,0.86375,0.097731044928708,0.644,0.955,8,0.108125,0.09782847598877188,0.022,0.333,8,0.1125,0.1295751298888575,0.0,0.333,8,0.108375,0.30653078964436836,0.0,0.867,8,0.0845,0.1277363355845604,0.0,0.333,8,0.178125,0.21035509943222877,0.0,0.5,8,0.0625,0.1767766952966369,0.0,0.5,8,0.0,0.0,0.0,0.0,8,0.308375,0.275967357024082,0.0,0.667,8
410,0.8055652173913043,0.12176546713049333,0.385,0.977,46,0.15517391304347825,0.13180563204082427,0.0,0.615,46,0.13341304347826086,0.2543228548376131,0.0,1.0,46,0.13141304347826085,0.2667470358962219,0.0,1.0,46,0.13004347826086957,0.21421380353093122,0.0,0.727,46,0.11647826086956523,0.26239823332149464,0.0,1.0,46,0.1676304347826087,0.31192409038779156,0.0,1.0,46,0.049891304347826085,0.11895045247886844,0.0,0.5,46,0.5621739130434783,0.31175134709485847,0.0,1.0,46
411,0.730125,0.21407971646094823,0.244,0.872,8,0.240125,0.2258820409607002,0.091,0.756,8,0.157,0.2920660394988973,0.0,0.839,8,0.12387500000000001,0.175129696837189,0.0,0.4,8,0.128,0.251073694360839,0.0,0.667,8,0.179,0.20652983181267406,0.0,0.5,8,0.07050000000000001,0.13335666462535722,0.0,0.333,8,0.041625,0.11773327906756018,0.0,0.333,8,0.565875,0.0993643188329838,0.5,0.75,8
412,0.8605,0.057302229053898555,0.744,0.933,12,0.103,0.05332064242946543,0.022,0.209,12,0.1465,0.21720685574313298,0.0,0.6,12,0.06941666666666667,0.1659860116413611,0.0,0.5,12,0.13433333333333333,0.17603839112964864,0.0,0.429,12,0.08133333333333333,0.16568224425268407,0.0,0.5,12,0.12433333333333334,0.22663720842444265,0.0,0.667,12,0.016666666666666666,0.05773502691896258,0.0,0.2,12,0.47983333333333333,0.32951916300555084,0.0,1.0,12
413,0.23625000000000002,0.19192465039325046,0.058,0.574,8,0.739625,0.18977651329919618,0.404,0.893,8,0.8085,0.24413988964174968,0.39,0.977,8,0.27375,0.16385337522135018,0.051,0.542,8,0.0125,0.03535533905932738,0.0,0.1,8,0.2565,0.23985412233272124,0.0,0.667,8,0.026375000000000003,0.04892541699946388,0.0,0.111,8,0.450875,0.26069436812372565,0.0,0.8,8,0.043375,0.04024190246851799,0.0,0.121,8
414,0.5988181818181818,0.21139798538564228,0.176,0.932,22,0.35604545454545455,0.2158874215601242,0.023,0.735,22,0.3068181818181818,0.2958589812673207,0.0,0.84,22,0.27399999999999997,0.3607861785970558,0.0,1.0,22,0.034272727272727274,0.09413474730061504,0.0,0.4,22,0.24104545454545453,0.332058152863496,0.0,1.0,22,0.056818181818181816,0.1486054656315992,0.0,0.5,22,0.3200454545454546,0.28314971259081256,0.0,0.778,22,0.062136363636363635,0.11909591790795208,0.0,0.444,22
415,0.6658888888888889,0.21086421685226242,0.229,0.975,27,0.2751851851851852,0.21011188174161605,0.024,0.708,27,0.361,0.39161401719236055,0.0,1.0,27,0.09255555555555556,0.20612959577996134,0.0,1.0,27,0.060333333333333336,0.10920622692868753,0.0,0.375,27,0.16274074074074074,0.2299377160805797,0.0,1.0,27,0.057,0.13424776176332157,0.0,0.5,27,0.2777777777777778,0.2240606602846191,0.0,0.771,27,0.16225925925925927,0.24878405721128338,0.0,1.0,27
416,0.3965714285714285,0.315160695100553,0.0,0.955,14,0.5690714285714286,0.31209378873510596,0.023,0.98,14,0.6084285714285714,0.3003346119262299,0.0,1.0,14,0.30642857142857144,0.3189178129684377,0.0,0.833,14,0.12264285714285715,0.20473908617211664,0.0,0.677,14,0.2125,0.19674729985440714,0.0,0.5,14,0.11407142857142857,0.2618065828301244,0.0,0.9,14,0.3427857142857143,0.28298034141327494,0.0,0.844,14,0.08321428571428571,0.10381061052292707,0.0,0.348,14
417,0.8671666666666668,0.034151622704248416,0.82,0.927,12,0.09216666666666667,0.03716017744681513,0.048,0.143,12,0.09308333333333334,0.2007746173441677,0.0,0.667,12,0.14591666666666667,0.2566686786619291,0.0,0.667,12,0.18225000000000002,0.30540944945790693,0.0,1.0,12,0.0375,0.0882274951990076,0.0,0.25,12,0.1545,0.30559524627430734,0.0,1.0,12,0.18333333333333335,0.3563280749108846,0.0,1.0,12,0.69875,0.24325935467390278,0.167,1.0,12
418,0.5382368421052631,0.2395126170812501,0.0,0.932,38,0.41178947368421054,0.23558370956101,0.039,0.955,38,0.4378157894736842,0.3254636489240872,0.0,1.0,38,0.1716842105263158,0.19243378717537413,0.0,0.737,38,0.09686842105263158,0.13217334462694047,0.0,0.565,38,0.21486842105263157,0.2216083922516439,0.0,1.0,38,0.07113157894736843,0.12591420739720588,0.0,0.5,38,0.31157894736842107,0.22122980977706677,0.0,0.714,38,0.09223684210526316,0.12715928173082264,0.0,0.667,38
419,0.5297727272727273,0.304187274994202,0.0,0.976,22,0.4307727272727273,0.30900592255353326,0.0,0.969,22,0.40890909090909094,0.3595887742687285,0.0,1.0,22,0.13586363636363635,0.16614144732570651,0.0,0.5,22,0.05240909090909091,0.08635566493172793,0.0,0.333,22,0.14754545454545454,0.16793585149231896,0.0,0.6,22,0.11995454545454544,0.2940099572775639,0.0,1.0,22,0.3770909090909091,0.3237741583692337,0.0,1.0,22,0.04577272727272728,0.05451337259982905,0.0,0.154,22
420,0.7907777777777778,0.2341109660918182,0.175,0.956,9,0.15755555555555556,0.23430381511571208,0.022,0.775,9,0.026666666666666665,0.08,0.0,0.24,9,0.013333333333333332,0.04,0.0,0.12,9,0.11377777777777778,0.14980385323630513,0.0,0.407,9,0.037222222222222226,0.08193256034351938,0.0,0.25,9,0.1468888888888889,0.3210091293267391,0.0,0.952,9,0.022222222222222223,0.06666666666666668,0.0,0.2,9,0.467,0.3104408156154729,0.0,1.0,9
421,0.7416666666666667,0.23705000713426047,0.023,0.955,18,0.22205555555555556,0.23478487580867882,0.023,0.953,18,0.3068333333333333,0.37187019398772814,0.0,1.0,18,0.2028888888888889,0.31783493475644553,0.0,1.0,18,0.12566666666666668,0.2781624578212819,0.0,1.0,18,0.2226111111111111,0.31317935828773313,0.0,1.0,18,0.10255555555555557,0.2900852252502646,0.0,0.923,18,0.08944444444444445,0.1736820022584284,0.0,0.5,18,0.40016666666666667,0.31896122759025486,0.0,1.0,18
422,0.3362307692307692,0.22013486542199298,0.0,0.738,13,0.6292307692307693,0.21963687981383948,0.238,1.0,13,0.6694615384615384,0.2575796366772211,0.2,1.0,13,0.26792307692307693,0.25390794314031134,0.0,0.765,13,0.025,0.06291528696058958,0.0,0.2,13,0.13330769230769232,0.2717297630046515,0.0,1.0,13,0.04238461538461539,0.06832098074717906,0.0,0.2,13,0.39392307692307693,0.31162730452108484,0.0,0.875,13,0.08184615384615385,0.09386146365241892,0.0,0.286,13
423,0.7235,0.303994243366548,0.056,0.932,10,0.2399,0.30788000909445223,0.023,0.926,10,0.24420000000000003,0.3705091991660486,0.0,0.939,10,0.2592,0.34610011396832696,0.0,1.0,10,0.0856,0.1693597092318923,0.0,0.5,10,0.28480000000000005,0.31663010315227796,0.0,1.0,10,0.1008,0.21449257951422626,0.0,0.667,10,0.1333,0.24904263356568757,0.0,0.75,10,0.3186,0.3213869941363527,0.0,1.0,10
424,0.5124736842105263,0.27365856975851494,0.024,0.911,38,0.4327105263157895,0.2726977247345331,0.024,0.929,38,0.34160526315789475,0.3116848321079245,0.0,1.0,38,0.22294736842105262,0.25784302236453255,0.0,0.872,38,0.07952631578947368,0.12353503427840967,0.0,0.471,38,0.15786842105263157,0.1403316864398813,0.0,0.5,38,0.01576315789473684,0.039568916418256085,0.0,0.167,38,0.46444736842105266,0.23661894299078592,0.0,0.833,38,0.09960526315789474,0.1350516496739622,0.0,0.5,38
425,0.8151999999999999,0.11945291959596466,0.333,0.932,25,0.14715999999999999,0.12486715607663477,0.043,0.667,25,0.09596,0.16862914931885292,0.0,0.5,25,0.044640000000000006,0.09852236632697504,0.0,0.333,25,0.15404,0.24946033084774555,0.0,0.667,25,0.09504,0.23040028211788285,0.0,1.0,25,0.13332,0.24412355478322859,0.0,1.0,25,0.13464,0.27848801290779707,0.0,1.0,25,0.44832,0.25945820472669584,0.0,0.8,25
426,0.859625,0.0885259243708547,0.698,0.958,8,0.098,0.08721402246362517,0.0,0.279,8,0.05,0.14142135623730953,0.0,0.4,8,0.05,0.14142135623730953,0.0,0.4,8,0.1125,0.23413976290119665,0.0,0.65,8,0.03125,0.08838834764831845,0.0,0.25,8,0.03125,0.08838834764831845,0.0,0.25,8,0.10625,0.1821253492986159,0.0,0.5,8,0.19587500000000002,0.2797838132252421,0.0,0.667,8
427,0.7800833333333334,0.1779302510604204,0.34,0.943,12,0.18333333333333335,0.1669808553715247,0.044,0.574,12,0.17475,0.30194193451420726,0.0,0.947,12,0.19799999999999998,0.26006817288060174,0.0,0.8,12,0.15983333333333336,0.17945160569880333,0.0,0.5,12,0.0515,0.1452574516943185,0.0,0.5,12,0.14583333333333334,0.21064180424827758,0.0,0.667,12,0.2515833333333333,0.3934152232422989,0.0,1.0,12,0.41675,0.18288701181579053,0.0,0.667,12
428,0.7115384615384616,0.23381745564457448,0.103,0.927,13,0.23676923076923076,0.23450449670392032,0.02,0.846,13,0.16746153846153847,0.25310097306036294,0.0,0.833,13,0.17307692307692307,0.3733939969028385,0.0,1.0,13,0.09415384615384616,0.1875125978673816,0.0,0.5,13,0.20284615384615384,0.306618885631073,0.0,1.0,13,0.23053846153846153,0.337182595286445,0.0,0.889,13,0.12815384615384615,0.20580607626025288,0.0,0.5,13,0.46653846153846157,0.3399199943576467,0.0,1.0,13
429,0.8466956521739131,0.06579889110878881,0.698,0.977,23,0.1227391304347826,0.06776176006039257,0.023,0.302,23,0.09273913043478262,0.1373076232377849,0.0,0.5,23,0.10321739130434783,0.18173806238693674,0.0,0.75,23,0.15717391304347827,0.19425350170563513,0.0,0.531,23,0.056826086956521735,0.14303357907527522,0.0,0.5,23,0.1233478260869565,0.2904714989454297,0.0,1.0,23,0.05382608695652174,0.12142811273039214,0.0,0.5,23,0.5373478260869565,0.24036385462189536,0.0,1.0,23
430,0.867,0.06638105486088967,0.744,0.965,10,0.1002,0.06056364879658057,0.018,0.179,10,0.1343,0.20550320354356197,0.0,0.5,10,0.1333,0.18505257511192746,0.0,0.5,10,0.0167,0.05281003692481193,0.0,0.167,10,0.22490000000000002,0.3143541703945479,0.0,1.0,10,0.1167,0.3147662448371631,0.0,1.0,10,0.1167,0.2229793463280599,0.0,0.667,10,0.6612,0.34889915766912105,0.0,1.0,10
431,0.8168461538461538,0.12476367403605247,0.5,1.0,13,0.14823076923076922,0.10866704026992563,0.0,0.425,13,0.12238461538461538,0.18046169420938912,0.0,0.588,13,0.04953846153846154,0.11539902901426813,0.0,0.385,13,0.15346153846153848,0.23136717405623736,0.0,0.6,13,0.066,0.14931398684204591,0.0,0.5,13,0.07900000000000001,0.18699286973928536,0.0,0.5,13,0.0,0.0,0.0,0.0,13,0.624,0.2522459117607261,0.0,1.0,13
432,0.85712,0.05228871771233255,0.717,0.976,25,0.09584,0.05859655848824797,0.0,0.283,25,0.10636000000000001,0.180010851524753,0.0,0.667,25,0.0524,0.09006802984411283,0.0,0.25,25,0.1558,0.22932146287108265,0.0,0.75,25,0.11928000000000001,0.19164757586083195,0.0,0.583,25,0.08468,0.1549356640673799,0.0,0.5,25,0.12032,0.21380398343654247,0.0,0.8,25,0.57052,0.3178831179327815,0.0,1.0,25
433,0.47525,0.32309651366558745,0.091,0.86,8,0.465375,0.34848977746843596,0.023,0.894,8,0.547125,0.2611810742979448,0.0,0.789,8,0.2235,0.24984280772403392,0.0,0.683,8,0.0,0.0,0.0,0.0,8,0.311375,0.3053746820359727,0.0,1.0,8,0.0,0.0,0.0,0.0,8,0.37825000000000003,0.3417913941907507,0.0,0.882,8,0.12975,0.16640891974719557,0.0,0.5,8
434,0.47655172413793107,0.2589251941345907,0.0,0.956,29,0.4641379310344828,0.2533478303690588,0.044,1.0,29,0.32210344827586207,0.3583345747868669,0.0,1.0,29,0.22737931034482756,0.291720195416418,0.0,1.0,29,0.05293103448275863,0.07145574606230207,0.0,0.25,29,0.11858620689655172,0.09914510190386155,0.0,0.421,29,0.008758620689655173,0.026342056504508136,0.0,0.125,29,0.4854827586206897,0.24301640460348337,0.0,0.857,29,0.09113793103448276,0.13157717022393334,0.0,0.5,29
435,0.4113125,0.2658214234531646,0.033,0.975,16,0.5383125,0.26838969646144517,0.025,0.967,16,0.5158125,0.3168186060929293,0.0,1.0,16,0.244,0.27433142972203045,0.0,1.0,16,0.0454375,0.10373104244471211,0.0,0.4,16,0.1876875,0.10820333867307423,0.0,0.375,16,0.0475625,0.09300392016827391,0.0,0.333,16,0.546875,0.2492331906735805,0.0,0.824,16,0.1166875,0.13931342062653787,0.0,0.5,16
436,0.4765,0.33196170174972206,0.062,0.838,8,0.48475,0.32729137302584504,0.162,0.897,8,0.537125,0.38693906404718853,0.0,0.967,8,0.228375,0.32326324412156726,0.0,1.0,8,0.05925,0.11358036802194295,0.0,0.292,8,0.14049999999999999,0.11523020437367974,0.0,0.333,8,0.124875,0.14323650522325457,0.0,0.333,8,0.479375,0.3009650845909823,0.0,0.833,8,0.2215,0.32251954536563693,0.0,1.0,8
437,0.5815,0.2617899921692959,0.261,0.93,8,0.387875,0.2562484494726609,0.047,0.676,8,0.351125,0.4022232633394401,0.0,1.0,8,0.2225,0.3793995255663876,0.0,1.0,8,0.011375,0.03217335854398791,0.0,0.091,8,0.205875,0.19726156493346594,0.0,0.5,8,0.305375,0.4414938723082284,0.0,1.0,8,0.084875,0.1642780200061556,0.0,0.429,8,0.26637500000000003,0.24953496033335976,0.0,0.667,8
438,0.7256296296296296,0.15932312308593988,0.321,0.932,27,0.2517407407407407,0.16400248417269422,0.048,0.679,27,0.2174074074074074,0.268338657907569,0.0,1.0,27,0.13248148148148148,0.24415574637929063,0.0,1.0,27,0.06974074074074074,0.17323629762499204,0.0,0.667,27,0.1613703703703704,0.2226420286793869,0.0,0.545,27,0.27388888888888885,0.39332823768972225,0.0,1.0,27,0.09303703703703704,0.18978134817194264,0.0,0.667,27,0.386037037037037,0.3104862788348775,0.0,1.0,27
439,0.5983333333333333,0.29697322309948293,0.122,0.927,15,0.3636666666666667,0.3050336437338082,0.018,0.878,15,0.31306666666666666,0.3763893247815669,0.0,0.97,15,0.33913333333333334,0.3256342967779887,0.0,0.857,15,0.06079999999999999,0.16131034861852037,0.0,0.5,15,0.10106666666666667,0.1216478915715744,0.0,0.4,15,0.20386666666666667,0.30757945934266123,0.0,0.818,15,0.1812,0.30131525967711253,0.0,1.0,15,0.3547333333333333,0.29862194605665987,0.0,1.0,15
440,0.7824666666666666,0.19411545326274854,0.162,0.978,30,0.17936666666666667,0.19359279755292505,0.022,0.811,30,0.1664,0.272727045558944,0.0,0.9,30,0.0967,0.23134511464253038,0.0,1.0,30,0.13596666666666665,0.2254313081908626,0.0,0.688,30,0.11763333333333333,0.2653939795244347,0.0,1.0,30,0.0605,0.1368083860103562,0.0,0.583,30,0.19843333333333332,0.3141276572628893,0.0,1.0,30,0.5881333333333333,0.3335427112528245,0.0,1.0,30
441,0.8135,0.11854699021438245,0.524,0.929,10,0.135,0.11508161355219945,0.023,0.429,10,0.0417,0.09006176892678837,0.0,0.25,10,0.0477,0.07708155853812679,0.0,0.167,10,0.1379,0.3254871391895197,0.0,1.0,10,0.2824,0.37591967227055306,0.0,0.857,10,0.1833,0.3374578327567592,0.0,1.0,10,0.0,0.0,0.0,0.0,10,0.7764,0.23335818915230813,0.333,1.0,10
442,0.831076923076923,0.08294187028367425,0.632,0.976,26,0.1236923076923077,0.07977607121475422,0.018,0.316,26,0.17607692307692308,0.2368992905142475,0.0,0.778,26,0.14184615384615384,0.2588912810131222,0.0,1.0,26,0.14873076923076922,0.23204836697418196,0.0,0.706,26,0.14557692307692308,0.3186000845043106,0.0,1.0,26,0.12476923076923077,0.2752060039595514,0.0,1.0,26,0.05557692307692308,0.13487925654508126,0.0,0.5,26,0.44734615384615384,0.28058238609117175,0.0,1.0,26
443,0.7009000000000001,0.2126198746851082,0.217,0.886,10,0.2557,0.2203426876481269,0.091,0.761,10,0.1755,0.32337156131401945,0.0,0.97,10,0.25220000000000004,0.30013211905574,0.0,1.0,10,0.039400000000000004,0.0842578054412633,0.0,0.227,10,0.1333,0.21939312761443655,0.0,0.5,10,0.27999999999999997,0.3718987317357599,0.0,1.0,10,0.1758,0.3294968554899694,0.0,1.0,10,0.4243,0.30792028189127135,0.0,1.0,10
444,0.4368333333333333,0.29472105455837394,0.032,0.933,18,0.5009444444444444,0.2995523075646727,0.0,0.943,18,0.4478333333333333,0.31637696242448055,0.0,1.0,18,0.18616666666666667,0.22244212730505883,0.0,0.762,18,0.09100000000000001,0.14714738509799105,0.0,0.543,18,0.20105555555555554,0.1677899499977917,0.0,0.667,18,0.017888888888888888,0.03310036233832048,0.0,0.125,18,0.4408888888888889,0.2517313901968873,0.0,0.788,18,0.06561111111111112,0.10239837940404703,0.0,0.379,18
445,0.3528888888888889,0.298614067168831,0.026,0.905,9,0.6078888888888889,0.3132867873229114,0.048,0.972,9,0.5514444444444444,0.32769120796533097,0.0,0.939,9,0.25366666666666665,0.1805685465411958,0.0,0.591,9,0.06377777777777777,0.09761759290437581,0.0,0.283,9,0.18255555555555555,0.11729461956022441,0.0,0.375,9,0.03155555555555556,0.05158515074881315,0.0,0.125,9,0.4532222222222222,0.11902077316352991,0.222,0.619,9,0.12977777777777777,0.14283800070164956,0.0,0.409,9
446,0.7496666666666667,0.225386334989502,0.333,0.93,9,0.2202222222222222,0.22613700370448983,0.053,0.641,9,0.1542222222222222,0.2571481954913245,0.0,0.722,9,0.13322222222222224,0.1919803230657883,0.0,0.556,9,0.12033333333333333,0.1913987983243364,0.0,0.5,9,0.2222222222222222,0.36324157862838946,0.0,1.0,9,0.12033333333333333,0.1913987983243364,0.0,0.5,9,0.37966666666666665,0.3889196575129624,0.0,1.0,9,0.2976666666666667,0.22182425476038461,0.0,0.667,9
447,0.7655263157894737,0.21856104370303828,0.128,0.958,19,0.21057894736842106,0.22587467414708676,0.0,0.872,19,0.22973684210526316,0.31661435394310067,0.0,1.0,19,0.19326315789473683,0.2924818782810433,0.0,1.0,19,0.1105263157894737,0.24795527563141362,0.0,1.0,19,0.22110526315789478,0.3322318291556267,0.0,1.0,19,0.1355263157894737,0.3189953619344214,0.0,1.0,19,0.1131578947368421,0.2613225472174388,0.0,1.0,19,0.4578421052631579,0.37143120540805025,0.0,1.0,19
448,0.7639,0.193075373882844,0.333,0.947,10,0.17570000000000002,0.20513196294634886,0.02,0.667,10,0.1105,0.2004967442240508,0.0,0.5,10,0.2412,0.3771288609716549,0.0,1.0,10,0.0987,0.17413535603725688,0.0,0.5,10,0.2745,0.39905562129719324,0.0,1.0,10,0.05,0.15811388300841897,0.0,0.5,10,0.0841,0.16668429906729532,0.0,0.5,10,0.6900000000000001,0.2518712192988931,0.333,1.0,10
449,0.662875,0.17528298548347468,0.426,0.85,8,0.27725,0.17812656014354353,0.075,0.556,8,0.29612499999999997,0.3063086387009957,0.0,0.741,8,0.142125,0.19289778011016243,0.0,0.519,8,0.08125,0.09346160403380326,0.0,0.222,8,0.20249999999999999,0.2502284670342,0.0,0.714,8,0.3695,0.3485389914649845,0.0,1.0,8,0.00625,0.01767766952966369,0.0,0.05,8,0.3695,0.29402672376114775,0.0,0.8,8
450,0.616625,0.25895169847455557,0.071,0.884,8,0.346375,0.26854631816504204,0.073,0.929,8,0.140625,0.2373472064899257,0.0,0.649,8,0.207125,0.3530800951220963,0.0,1.0,8,0.03125,0.062066208887882675,0.0,0.167,8,0.183375,0.34306972948034087,0.0,1.0,8,0.17912499999999998,0.32131490450513317,0.0,0.85,8,0.19375,0.3688180929866181,0.0,1.0,8,0.501375,0.297823983251853,0.0,1.0,8
451,0.7543333333333333,0.22717967792169716,0.103,0.951,12,0.17683333333333331,0.24320654646292775,0.019,0.897,12,0.05916666666666667,0.10651916885393603,0.0,0.333,12,0.154,0.28590494288073504,0.0,1.0,12,0.09966666666666667,0.17131063403459032,0.0,0.457,12,0.09983333333333333,0.1400057358132375,0.0,0.333,12,0.2295,0.3769590042817533,0.0,1.0,12,0.07625,0.1574998556997896,0.0,0.5,12,0.6206666666666667,0.362991192814104,0.0,1.0,12
452,0.74125,0.17832614582756584,0.359,0.875,8,0.1935,0.18449003070239708,0.042,0.564,8,0.169625,0.2625218018157186,0.0,0.619,8,0.15187499999999998,0.25109044329541036,0.0,0.692,8,0.025,0.07071067811865477,0.0,0.2,8,0.28962499999999997,0.34420257220753847,0.0,1.0,8,0.12575,0.2018243578673581,0.0,0.556,8,0.28812499999999996,0.40382897281610974,0.0,1.0,8,0.596875,0.24275939734642618,0.25,1.0,8
453,0.7643636363636364,0.21675482588734798,0.149,0.952,11,0.20336363636363639,0.22477467505360685,0.024,0.83,11,0.33654545454545454,0.3143336964553319,0.0,1.0,11,0.052636363636363634,0.10284189100485534,0.0,0.3,11,0.039818181818181815,0.0896680747889885,0.0,0.25,11,0.23863636363636365,0.3281317639995472,0.0,1.0,11,0.2761818181818182,0.4021665869218422,0.0,1.0,11,0.04163636363636364,0.10365546076041796,0.0,0.333,11,0.41118181818181815,0.3615834117273132,0.0,1.0,11
454,0.69305,0.21098278178687077,0.268,0.905,20,0.2647,0.2218501390816024,0.048,0.707,20,0.2464,0.24673028103365702,0.0,1.0,20,0.15635,0.30083415172168415,0.0,1.0,20,0.1189,0.23462913625325257,0.0,0.762,20,0.15875,0.2996952618911417,0.0,1.0,20,0.1784,0.3236288322332106,0.0,1.0,20,0.06665,0.2319306327785371,0.0,1.0,20,0.56515,0.2694345492244628,0.0,1.0,20
455,0.814875,0.10227614929339937,0.628,0.935,8,0.1495,0.09807577245608183,0.043,0.302,8,0.0875,0.18077215335491092,0.0,0.5,8,0.11662499999999999,0.22743221125048607,0.0,0.6,8,0.0,0.0,0.0,0.0,8,0.21587499999999998,0.4063272563903562,0.0,1.0,8,0.073875,0.17510032838347278,0.0,0.5,8,0.03125,0.08838834764831845,0.0,0.25,8,0.5875,0.38335921237696335,0.0,1.0,8
456,0.82475,0.0902864489120203,0.62,0.905,8,0.13774999999999998,0.09923097154762575,0.071,0.36,8,0.048625,0.11656382371902528,0.0,0.333,8,0.1145,0.16008747608729426,0.0,0.333,8,0.1555,0.26922534374439144,0.0,0.667,8,0.17625000000000002,0.35219830047452366,0.0,1.0,8,0.139375,0.2598960987449737,0.0,0.615,8,0.0,0.0,0.0,0.0,8,0.50075,0.2894352876106949,0.0,0.75,8
457,0.7466,0.253000790512599,0.1,0.94,15,0.20953333333333335,0.24684114807088461,0.024,0.88,15,0.11746666666666666,0.21958300307194828,0.0,0.667,15,0.16873333333333335,0.28232566470723297,0.0,0.977,15,0.08386666666666667,0.15150146942553142,0.0,0.5,15,0.17666666666666667,0.3425537844457352,0.0,1.0,15,0.1836,0.3400982631114552,0.0,1.0,15,0.04793333333333334,0.11653415603937554,0.0,0.333,15,0.5734666666666667,0.22779654665219723,0.0,1.0,15
458,0.7700666666666667,0.11578888835577732,0.488,0.905,15,0.18339999999999998,0.11221713645555972,0.048,0.442,15,0.222,0.24556610980694032,0.0,0.647,15,0.1486,0.24478906371463105,0.0,0.75,15,0.06586666666666667,0.1192373782878187,0.0,0.333,15,0.19106666666666666,0.28068270511804067,0.0,1.0,15,0.1966,0.2809923232301654,0.0,1.0,15,0.1032,0.1943524780245565,0.0,0.667,15,0.45180000000000003,0.28611516162951883,0.0,0.917,15
459,0.7196923076923076,0.18754083316057887,0.316,0.95,13,0.2621538461538462,0.19076942721247125,0.0,0.632,13,0.1763846153846154,0.2544260005258695,0.0,0.75,13,0.07446153846153845,0.1513388116030911,0.0,0.5,13,0.002923076923076923,0.010539303728279352,0.0,0.038,13,0.17853846153846156,0.32967373148428014,0.0,1.0,13,0.13015384615384615,0.31770160165209693,0.0,0.846,13,0.21792307692307694,0.32191004476884055,0.0,1.0,13,0.17007692307692307,0.2701901989150302,0.0,0.818,13
460,0.7516153846153847,0.13852108050253487,0.5,0.923,13,0.20507692307692307,0.148575716689315,0.047,0.475,13,0.23500000000000001,0.2587460144620589,0.0,0.667,13,0.22638461538461538,0.2628968550786723,0.0,0.733,13,0.15707692307692306,0.17372797775951418,0.0,0.583,13,0.11746153846153848,0.16523751359009217,0.0,0.5,13,0.0946923076923077,0.1669522809145299,0.0,0.5,13,0.12476923076923077,0.27124348036593554,0.0,1.0,13,0.6135384615384616,0.31106580637774367,0.0,1.0,13
461,0.6675,0.2948500829719596,0.191,0.909,8,0.27649999999999997,0.30293988088162216,0.041,0.773,8,0.379,0.3212702467216213,0.0,0.97,8,0.07212500000000001,0.12032864223806874,0.0,0.333,8,0.076375,0.17552202751466026,0.0,0.5,8,0.396875,0.4234624076754461,0.0,1.0,8,0.03525,0.054160475836694255,0.0,0.143,8,0.16775,0.19376403174996126,0.0,0.5,8,0.256625,0.25171862834749215,0.0,0.667,8
462,0.5559999999999999,0.2685233695602675,0.103,0.917,11,0.41245454545454546,0.27635063366540835,0.056,0.897,11,0.5612727272727273,0.33051205451816457,0.0,1.0,11,0.20045454545454547,0.2365309128365101,0.0,0.65,11,0.061000000000000006,0.12211060560000511,0.0,0.35,11,0.222,0.21853832615813643,0.0,0.5,11,0.18890909090909094,0.20125777229486297,0.0,0.5,11,0.14763636363636365,0.22667257122434234,0.0,0.545,11,0.20427272727272727,0.16566779464282783,0.0,0.444,11
463,0.788,0.16123430156142335,0.382,0.952,13,0.182,0.1460171222836555,0.0,0.529,13,0.13038461538461538,0.21325475315591386,0.0,0.562,13,0.11923076923076924,0.17504578155735614,0.0,0.5,13,0.13353846153846155,0.22566997119119747,0.0,0.625,13,0.29223076923076924,0.360864968708554,0.0,1.0,13,0.09907692307692308,0.18856053914612392,0.0,0.444,13,0.031230769230769232,0.06094690837955312,0.0,0.2,13,0.5192307692307693,0.3320005406235944,0.0,1.0,13
464,0.3285,0.24545060602899313,0.028,0.69,8,0.6475,0.2226765752001255,0.31,0.917,8,0.6585,0.3420864552377701,0.167,1.0,8,0.42675,0.30494812205169775,0.048,0.929,8,0.058875000000000004,0.11507070807613404,0.0,0.333,8,0.186375,0.20422042538114826,0.0,0.5,8,0.18262499999999998,0.323222584739548,0.0,0.944,8,0.41125,0.34713634620584294,0.0,1.0,8,0.33125000000000004,0.18554610516757594,0.111,0.667,8
465,0.114875,0.1641666727096929,0.0,0.444,8,0.86275,0.16749392313070433,0.511,1.0,8,0.9678749999999999,0.03448162036298675,0.906,1.0,8,0.240625,0.19604368135698738,0.0,0.6,8,0.139375,0.1913134581928681,0.0,0.462,8,0.25525,0.1348711024857226,0.077,0.444,8,0.10250000000000001,0.13322161986704714,0.0,0.4,8,0.29875,0.18551453543359578,0.0,0.556,8,0.15575,0.10045716926702074,0.054,0.359,8
466,0.64375,0.1670526862998617,0.308,0.884,16,0.31925,0.1793185247913147,0.023,0.692,16,0.4310625,0.3031759596340053,0.0,0.926,16,0.20850000000000002,0.30647196717916414,0.0,1.0,16,0.05625,0.101447851956888,0.0,0.25,16,0.22918750000000002,0.29658707968037534,0.0,1.0,16,0.2333125,0.31036896725241936,0.0,1.0,16,0.1864375,0.29065970222925636,0.0,0.8,16,0.1706875,0.18617830834981827,0.0,0.692,16
467,0.8264444444444444,0.10348698254155235,0.482,0.918,18,0.13611111111111113,0.10535089205847448,0.021,0.482,18,0.11327777777777778,0.16141499513240637,0.0,0.48,18,0.13822222222222222,0.2841814986641575,0.0,0.92,18,0.09322222222222222,0.18263997228735057,0.0,0.622,18,0.2296111111111111,0.31224107181487926,0.0,1.0,18,0.0753888888888889,0.1693857896980558,0.0,0.6,18,0.13661111111111113,0.19856844690074799,0.0,0.583,18,0.5665,0.2808219553173065,0.0,1.0,18
468,0.8487,0.05515644416868565,0.75,0.923,10,0.0992,0.038697688705026184,0.057,0.182,10,0.16660000000000003,0.19235395614451098,0.0,0.5,10,0.0867,0.21336460708270139,0.0,0.667,10,0.2258,0.41181355004419173,0.0,1.0,10,0.1857,0.19299225660919953,0.0,0.5,10,0.16670000000000001,0.3333333499999996,0.0,1.0,10,0.20659999999999998,0.2971984746483961,0.0,0.8,10,0.6716,0.318645117820925,0.25,1.0,10
469,0.83475,0.214407866771099,0.067,0.958,16,0.1334375,0.21377962757631205,0.023,0.911,16,0.1468125,0.3348570279487451,0.0,1.0,16,0.09675,0.2389648509718532,0.0,0.923,16,0.1636875,0.28082562056669025,0.0,1.0,16,0.1815,0.2960801693235578,0.0,1.0,16,0.046875,0.10523679647981184,0.0,0.333,16,0.1354375,0.2932773360376375,0.0,1.0,16,0.6136874999999999,0.3114702166071956,0.0,1.0,16
470,0.8035833333333334,0.10979780494624877,0.591,0.977,24,0.15062499999999998,0.11152492897378907,0.02,0.391,24,0.16920833333333332,0.25241855839693805,0.0,1.0,24,0.06416666666666666,0.16138548683917908,0.0,0.75,24,0.11345833333333333,0.18944632810346065,0.0,0.6,24,0.15575,0.1745865301841443,0.0,0.5,24,0.07554166666666666,0.19154406444259348,0.0,0.875,24,0.08404166666666667,0.17099541798251347,0.0,0.714,24,0.6190416666666666,0.3026694967705902,0.0,1.0,24
471,0.7155833333333333,0.21237336690295458,0.222,0.913,12,0.22224999999999998,0.23402024970657406,0.023,0.75,12,0.21716666666666665,0.29300661901717995,0.0,0.923,12,0.3104166666666666,0.38120036686363473,0.0,1.0,12,0.10916666666666668,0.2868844662398035,0.0,1.0,12,0.2728333333333333,0.3400494170861142,0.0,1.0,12,0.123,0.17183237074650293,0.0,0.5,12,0.16566666666666666,0.275859757957927,0.0,0.75,12,0.5816666666666667,0.34895436881510955,0.0,1.0,12
472,0.6782,0.28091034552366034,0.184,0.952,10,0.2428,0.2741154663438181,0.048,0.816,10,0.1634,0.19670406424090198,0.0,0.5,10,0.1945,0.3537454357773869,0.0,0.9,10,0.06870000000000001,0.13345581873996937,0.0,0.409,10,0.15089999999999998,0.17345985766805594,0.0,0.5,10,0.1706,0.304792169628202,0.0,0.962,10,0.15940000000000001,0.2358192339719369,0.0,0.5,10,0.45759999999999995,0.2282952279639483,0.0,0.75,10
473,0.7025652173913043,0.2836630244893588,0.0,0.94,23,0.2579130434782609,0.2839918233527601,0.02,0.949,23,0.21078260869565216,0.3091938133747974,0.0,1.0,23,0.1063478260869565,0.1953445926597993,0.0,0.818,23,0.050956521739130435,0.11630151967305014,0.0,0.353,23,0.19999999999999998,0.326154313728389,0.0,1.0,23,0.27604347826086956,0.3945303857707828,0.0,1.0,23,0.09430434782608696,0.23352446529074436,0.0,1.0,23,0.4607391304347826,0.37519343100850894,0.0,1.0,23
474,0.19374999999999998,0.21699950625355283,0.0,0.585,8,0.779875,0.22482592472526702,0.39,1.0,8,0.79125,0.33113862008875633,0.037,1.0,8,0.47200000000000003,0.3832582121010027,0.0,0.953,8,0.0475,0.10579630023236702,0.0,0.3,8,0.282875,0.30464097721744526,0.0,0.75,8,0.1375,0.350255009141299,0.0,1.0,8,0.099625,0.11915648474649988,0.0,0.28,8,0.33187500000000003,0.13010373608339287,0.154,0.519,8
475,0.47300000000000003,0.28150633772939854,0.022,0.927,12,0.48666666666666664,0.28556398211046835,0.049,0.935,12,0.482,0.30486479864777016,0.0,0.976,12,0.10283333333333333,0.09274778442179368,0.0,0.25,12,0.17466666666666666,0.3408108868655176,0.0,1.0,12,0.19633333333333333,0.3013473783264796,0.0,1.0,12,0.12616666666666668,0.22241232525254173,0.0,0.667,12,0.15766666666666665,0.2919808005311101,0.0,1.0,12,0.22424999999999998,0.218337988615649,0.0,0.6,12
476,0.5210769230769231,0.29667587856628475,0.0,0.863,13,0.43415384615384617,0.3045969594272203,0.114,0.972,13,0.37523076923076926,0.3347367507575054,0.0,1.0,13,0.3243076923076923,0.3280778323851889,0.0,1.0,13,0.07161538461538462,0.10315161855374065,0.0,0.333,13,0.116,0.1541757654972618,0.0,0.5,13,0.17869230769230768,0.3352763498507325,0.0,1.0,13,0.05415384615384615,0.10616249035782063,0.0,0.368,13,0.3330769230769231,0.3100571080565809,0.0,0.9,13
477,0.6378,0.2901814757852212,0.024,0.905,10,0.3097,0.32174836613588437,0.019,0.976,10,0.33740000000000003,0.4003784876005869,0.0,1.0,10,0.0392,0.0802880923784952,0.0,0.25,10,0.0807,0.13453793351897284,0.0,0.333,10,0.1943,0.16293628611617897,0.0,0.429,10,0.0536,0.11331686154809932,0.0,0.286,10,0.2351,0.25695717325828615,0.0,0.75,10,0.1983,0.15063941493956132,0.0,0.375,10
478,0.6378823529411765,0.25989273805575563,0.118,0.95,17,0.33852941176470586,0.25731331039392885,0.048,0.863,17,0.12223529411764705,0.27921844705619037,0.0,1.0,17,0.22129411764705884,0.38235499942884926,0.0,1.0,17,0.017705882352941175,0.05005217865623128,0.0,0.158,17,0.27699999999999997,0.38318207160565326,0.0,1.0,17,0.18141176470588236,0.32928389324857843,0.0,1.0,17,0.1415294117647059,0.2829892042214373,0.0,1.0,17,0.22588235294117645,0.31571860143823904,0.0,1.0,17
479,0.41088888888888886,0.2568295354051209,0.0,0.841,27,0.5643703703703703,0.2698362962624316,0.109,1.0,27,0.6195555555555556,0.3131565513302023,0.0,1.0,27,0.2437037037037037,0.3029093307873871,0.0,0.941,27,0.058555555555555555,0.0965474508022364,0.0,0.368,27,0.11692592592592593,0.12161412048768967,0.0,0.429,27,0.2982222222222222,0.30739817993221924,0.0,0.944,27,0.17537037037037034,0.22855148353659974,0.0,0.667,27,0.3927407407407407,0.2364621603478097,0.0,1.0,27
480,0.5688124999999999,0.2229927409132414,0.146,0.852,16,0.39325,0.23798921544193274,0.074,0.812,16,0.3795,0.36272285104011115,0.0,1.0,16,0.0695625,0.15773055875976177,0.0,0.636,16,0.168,0.2869924505394988,0.0,1.0,16,0.1743125,0.2677201819686617,0.0,1.0,16,0.146875,0.29067091931139816,0.0,1.0,16,0.2813125,0.3302309734615052,0.0,1.0,16,0.2509375,0.29577637245053906,0.0,1.0,16
481,0.5952777777777778,0.31942352588513095,0.07,0.953,18,0.36877777777777776,0.32642331872361074,0.0,0.892,18,0.5515555555555556,0.37457131924723547,0.0,1.0,18,0.21755555555555556,0.2625773213230774,0.0,0.857,18,0.09766666666666667,0.14943343983585625,0.0,0.5,18,0.17572222222222222,0.26497920130490055,0.0,1.0,18,0.13077777777777777,0.261284058980115,0.0,1.0,18,0.1731111111111111,0.21124167617123754,0.0,0.5,18,0.2821666666666667,0.28593052426399385,0.0,1.0,18
482,0.8209090909090908,0.2258528080611151,0.167,0.969,11,0.14818181818181816,0.23142031811481817,0.022,0.833,11,0.039818181818181815,0.09351985690944803,0.0,0.286,11,0.079,0.1365774505546212,0.0,0.333,11,0.13290909090909092,0.21611777092384354,0.0,0.667,11,0.13390909090909092,0.22376972741881535,0.0,0.5,11,0.05881818181818182,0.19507783994181307,0.0,0.647,11,0.07463636363636364,0.20001963539976408,0.0,0.667,11,0.722909090909091,0.31538340303365825,0.0,1.0,11
483,0.42244444444444446,0.26401804441700155,0.0,0.804,9,0.5595555555555555,0.2670384387644928,0.174,1.0,9,0.6407777777777778,0.36506806823446564,0.0,1.0,9,0.21611111111111111,0.2161824717943412,0.0,0.625,9,0.05555555555555555,0.16666666666666669,0.0,0.5,9,0.2777777777777778,0.3929942040850532,0.0,1.0,9,0.2222222222222222,0.2916666666666667,0.0,0.75,9,0.08888888888888889,0.20275875100994065,0.0,0.6,9,0.24877777777777776,0.20952552217914755,0.0,0.524,9
484,0.6069677419354839,0.2882223081663374,0.026,0.95,31,0.35538709677419356,0.29521355856615106,0.0,0.949,31,0.44803225806451613,0.3827694244033404,0.0,1.0,31,0.09067741935483871,0.15434536751428038,0.0,0.594,31,0.1166774193548387,0.19263806946305193,0.0,0.6,31,0.21129032258064515,0.3017568771432158,0.0,1.0,31,0.1814516129032258,0.2981604533032147,0.0,1.0,31,0.16399999999999998,0.26981660438156874,0.0,1.0,31,0.3736129032258065,0.29991361838806796,0.0,1.0,31
485,0.5094000000000001,0.3049904187930427,0.07,0.897,10,0.4575,0.30491647308001507,0.103,0.93,10,0.40659999999999996,0.3323566357594404,0.0,0.941,10,0.38849999999999996,0.3865161344914624,0.0,1.0,10,0.0628,0.10474073812143116,0.0,0.25,10,0.2606,0.3643933161967833,0.0,1.0,10,0.091,0.1463002999920977,0.0,0.375,10,0.31179999999999997,0.3081733999624959,0.0,1.0,10,0.189,0.18805613819046457,0.0,0.625,10
486,0.6433,0.2637822267665029,0.08,0.936,20,0.2965,0.26515705375851256,0.048,0.92,20,0.32915,0.33787139798886107,0.0,1.0,20,0.19755,0.23774100791008954,0.0,0.714,20,0.09675,0.16840861179380281,0.0,0.481,20,0.20395,0.2537641829067211,0.0,1.0,20,0.13115,0.25000384733881703,0.0,1.0,20,0.16299999999999998,0.2592832225071345,0.0,1.0,20,0.18065,0.2503215353353194,0.0,1.0,20
487,0.8442000000000001,0.09678934743956993,0.614,0.935,10,0.1112,0.08053405076943126,0.037,0.295,10,0.1,0.1657568500344204,0.0,0.417,10,0.0333,0.10530384608360704,0.0,0.333,10,0.2173,0.2528315425117857,0.0,0.667,10,0.0658,0.1604395351665058,0.0,0.5,10,0.0917,0.21687172347829134,0.0,0.667,10,0.054400000000000004,0.11823535850159207,0.0,0.333,10,0.5570999999999999,0.19832434153286488,0.333,1.0,10
488,0.860125,0.08294996340307466,0.771,1.0,8,0.097875,0.07098780076282725,0.0,0.229,8,0.15837500000000002,0.25191491619195555,0.0,0.667,8,0.10625000000000001,0.15683817866104632,0.0,0.4,8,0.10125,0.17579431975221171,0.0,0.5,8,0.0625,0.1767766952966369,0.0,0.5,8,0.083375,0.1781964706240198,0.0,0.5,8,0.22325,0.36509714949781324,0.0,1.0,8,0.422875,0.307711106396893,0.0,1.0,8
489,0.6567727272727273,0.31011333286522724,0.047,0.955,22,0.28290909090909094,0.3105138458826731,0.0,0.93,22,0.44222727272727275,0.3919980480780098,0.0,1.0,22,0.10622727272727271,0.1633252471715147,0.0,0.5,22,0.024545454545454547,0.07393866652115393,0.0,0.333,22,0.17500000000000002,0.2538901149635221,0.0,1.0,22,0.08381818181818182,0.22346292679923366,0.0,1.0,22,0.43759090909090914,0.37668967385582847,0.0,1.0,22,0.08418181818181819,0.1086736645557026,0.0,0.333,22
490,0.6648181818181819,0.2846840852753994,0.022,0.951,33,0.2949090909090909,0.2891282548061893,0.0,0.978,33,0.40569696969696967,0.399658094879899,0.0,1.0,33,0.23112121212121212,0.32523325836772116,0.0,1.0,33,0.042151515151515155,0.10119354018788737,0.0,0.438,33,0.21160606060606063,0.28637332926116077,0.0,1.0,33,0.09390909090909091,0.14626054740521358,0.0,0.556,33,0.22987878787878788,0.2870245805649489,0.0,1.0,33,0.251,0.31026833144876387,0.0,1.0,33
491,0.6538181818181819,0.25528173384784825,0.161,0.9,11,0.3024545454545455,0.2624535629921467,0.02,0.839,11,0.295,0.33251105244788487,0.0,0.933,11,0.2006363636363636,0.2889056152888942,0.0,0.72,11,0.13018181818181818,0.24422031782053605,0.0,0.722,11,0.22918181818181818,0.3880770073533907,0.0,1.0,11,0.10381818181818181,0.17489243447434666,0.0,0.545,11,0.12145454545454547,0.2307229349832234,0.0,0.75,11,0.4178181818181818,0.21063561815695758,0.0,0.692,11
492,0.644875,0.24411769702338257,0.171,0.977,16,0.32,0.2565148468737563,0.0,0.829,16,0.341125,0.26734743312775605,0.0,0.708,16,0.2165625,0.2319051440424152,0.0,0.667,16,0.147875,0.2027980522588913,0.0,0.6,16,0.14900000000000002,0.1794376400498699,0.0,0.667,16,0.2106875,0.2772610607952969,0.0,0.875,16,0.099625,0.1846231747822214,0.0,0.667,16,0.264875,0.23085778450523747,0.0,0.586,16
493,0.46199999999999997,0.38476063987887327,0.0,0.956,9,0.5186666666666667,0.3969420612633537,0.022,1.0,9,0.4778888888888889,0.4164034835482421,0.0,1.0,9,0.3204444444444444,0.44009149932460384,0.0,1.0,9,0.07944444444444446,0.13363019036796206,0.0,0.4,9,0.1678888888888889,0.17373215336002462,0.0,0.5,9,0.14600000000000002,0.29110822729699687,0.0,0.714,9,0.1248888888888889,0.17140554574199493,0.0,0.4,9,0.28244444444444444,0.23845340798105144,0.0,0.588,9
494,0.6136363636363636,0.2479351821453634,0.19,0.95,11,0.36,0.24500571421907696,0.0,0.762,11,0.38045454545454543,0.38827988967660004,0.0,1.0,11,0.17254545454545456,0.2461996602907338,0.0,0.625,11,0.03781818181818182,0.10101764022369379,0.0,0.333,11,0.2802727272727273,0.3190310614686573,0.0,1.0,11,0.053000000000000005,0.08559672890946242,0.0,0.25,11,0.16663636363636364,0.23858385223114859,0.0,0.583,11,0.19136363636363637,0.1993114511147178,0.0,0.667,11
495,0.5659285714285714,0.3281433702340662,0.0,0.895,14,0.3937857142857143,0.32356408913879764,0.078,1.0,14,0.5065714285714286,0.3312609276654918,0.0,1.0,14,0.2327857142857143,0.3510338968010022,0.0,1.0,14,0.0635,0.14430776406427606,0.0,0.5,14,0.07835714285714286,0.1366436168358333,0.0,0.375,14,0.23514285714285713,0.3399028949891101,0.0,1.0,14,0.2072142857142857,0.2610983247070635,0.0,0.6,14,0.34299999999999997,0.30358093585629614,0.0,0.778,14
496,0.4127027027027027,0.2870425699037286,0.0,0.935,37,0.5589189189189189,0.2894828126138041,0.019,0.938,37,0.635054054054054,0.3204349427770831,0.0,1.0,37,0.1524864864864865,0.2006340811889509,0.0,0.826,37,0.054189189189189184,0.08411824938668112,0.0,0.267,37,0.21467567567567566,0.2100723491844938,0.0,1.0,37,0.08224324324324325,0.16612686006071878,0.0,0.75,37,0.376972972972973,0.2761665647240293,0.0,1.0,37,0.10091891891891892,0.12638090097847907,0.0,0.556,37
497,0.8674166666666667,0.086077616490038,0.647,0.975,12,0.09308333333333334,0.09315525489821558,0.0,0.353,12,0.072,0.17063730808088512,0.0,0.5,12,0.007583333333333333,0.02626943724812797,0.0,0.091,12,0.023250000000000003,0.05465116650173169,0.0,0.154,12,0.19725,0.33951814116747603,0.0,1.0,12,0.12025000000000001,0.17688883257828655,0.0,0.5,12,0.006416666666666667,0.022227985363800596,0.0,0.077,12,0.44250000000000006,0.3816522691475246,0.0,1.0,12
498,0.7903333333333334,0.1292413762435751,0.5,0.936,21,0.15814285714285714,0.1226777427711668,0.025,0.469,21,0.17142857142857143,0.2385727502101972,0.0,0.867,21,0.06557142857142857,0.12079758748773563,0.0,0.409,21,0.25857142857142856,0.24930294250741833,0.0,0.667,21,0.07519047619047618,0.13733849389287006,0.0,0.5,21,0.1890952380952381,0.3221136297584914,0.0,1.0,21,0.05928571428571429,0.14516650538507253,0.0,0.5,21,0.5854285714285714,0.3158975421602029,0.0,1.0,21
499,0.8656842105263158,0.061515176656369346,0.75,0.956,19,0.09405263157894736,0.05921286804985939,0.022,0.25,19,0.12426315789473685,0.2156661107940449,0.0,0.667,19,0.06436842105263159,0.14592662179111948,0.0,0.556,19,0.07873684210526316,0.12093609060861818,0.0,0.333,19,0.1696315789473684,0.2966150162015695,0.0,1.0,19,0.1798421052631579,0.3699426777155099,0.0,1.0,19,0.05305263157894737,0.134907982501741,0.0,0.5,19,0.49268421052631584,0.36745627897624006,0.0,1.0,19
500,0.3991818181818182,0.211165725524678,0.089,0.705,11,0.5675454545454546,0.2083892337124755,0.273,0.889,11,0.7110909090909091,0.3557402014238634,0.0,1.0,11,0.27954545454545454,0.2698004312955647,0.0,0.905,11,0.05227272727272727,0.1371379531049599,0.0,0.45,11,0.17127272727272727,0.2907920531613926,0.0,1.0,11,0.22118181818181817,0.32214183776151095,0.0,1.0,11,0.05909090909090909,0.13568010505999364,0.0,0.4,11,0.25372727272727275,0.18191541490983712,0.0,0.625,11
501,0.5368181818181819,0.2661002886814737,0.034,0.902,11,0.4313636363636364,0.26445009840318556,0.049,0.966,11,0.4940909090909091,0.3718132473555654,0.0,0.982,11,0.18963636363636363,0.19761086646602852,0.0,0.529,11,0.09090909090909091,0.1725887913773398,0.0,0.5,11,0.06209090909090909,0.1282501107566419,0.0,0.4,11,0.23636363636363636,0.227207514280348,0.0,0.667,11,0.16963636363636364,0.2009319649668876,0.0,0.5,11,0.3885454545454545,0.24426230312365585,0.0,0.857,11
502,0.3649,0.3171657295484491,0.0,0.865,10,0.6107,0.32183710510477537,0.1,1.0,10,0.6085,0.4362973629176423,0.0,1.0,10,0.3628,0.27875748121500404,0.0,0.842,10,0.0758,0.11501574771405097,0.0,0.333,10,0.28700000000000003,0.30002925783255796,0.0,1.0,10,0.1256,0.2470808234835989,0.0,0.778,10,0.1429,0.14831232060905947,0.0,0.375,10,0.2629,0.30801603493613405,0.0,0.763,10
503,0.4858125,0.28357696633071827,0.047,0.845,16,0.49375,0.283395953864318,0.138,0.926,16,0.4840625,0.38249400322096555,0.0,1.0,16,0.2080625,0.2520882038096983,0.0,0.812,16,0.046375,0.11271194849408529,0.0,0.409,16,0.1466875,0.16969058852315097,0.0,0.6,16,0.14100000000000001,0.26541765829223446,0.0,1.0,16,0.19,0.28026392323427335,0.0,1.0,16,0.1854375,0.26332412694877266,0.0,1.0,16
504,0.83375,0.08238285143478778,0.681,0.952,20,0.12415000000000001,0.07689656415567193,0.024,0.319,20,0.17845,0.2901905861942966,0.0,1.0,20,0.1827,0.2701235779572399,0.0,1.0,20,0.0886,0.1622533431656219,0.0,0.5,20,0.20605,0.2863570599609405,0.0,1.0,20,0.18265,0.2802037369674543,0.0,1.0,20,0.04215,0.12028837061521433,0.0,0.5,20,0.57375,0.3358276304421973,0.0,1.0,20
505,0.29464285714285715,0.29048807923187514,0.0,0.778,14,0.684142857142857,0.28293811694781956,0.194,0.976,14,0.6482857142857144,0.3930246476067037,0.0,1.0,14,0.144,0.1679954211830237,0.0,0.647,14,0.06328571428571429,0.1681859907142312,0.0,0.6,14,0.11192857142857142,0.27090971084213916,0.0,1.0,14,0.3237857142857143,0.40085124395493615,0.0,1.0,14,0.12528571428571428,0.2280662618192787,0.0,0.667,14,0.4762857142857143,0.21903369202421402,0.128,0.774,14
506,0.492375,0.2719132936906805,0.154,0.854,8,0.472375,0.2812603966332368,0.114,0.846,8,0.104,0.22452998527081922,0.0,0.632,8,0.034,0.06509992319503918,0.0,0.167,8,0.10400000000000001,0.1554238444659359,0.0,0.4,8,0.173375,0.27683307889670367,0.0,0.833,8,0.1205,0.1907159443480577,0.0,0.5,8,0.061375,0.07664563634955725,0.0,0.182,8,0.06575,0.185969083452062,0.0,0.526,8
507,0.5303125,0.2264608041876857,0.171,0.902,16,0.442125,0.23310509074950148,0.073,0.829,16,0.2151875,0.27758727606526445,0.0,0.853,16,0.061125,0.11049939668010259,0.0,0.333,16,0.1555625,0.2659882124581213,0.0,0.8,16,0.2081875,0.24807665985873537,0.0,0.667,16,0.12175,0.25896627837101366,0.0,1.0,16,0.0821875,0.14395657620731792,0.0,0.471,16,0.2313125,0.3206201737778416,0.0,0.857,16
508,0.7144615384615385,0.22351666260379444,0.125,0.977,26,0.253,0.23383737939003674,0.023,0.875,26,0.1854230769230769,0.25995448418166184,0.0,0.8,26,0.172,0.3295178295631361,0.0,1.0,26,0.09996153846153846,0.16555179993445696,0.0,0.52,26,0.08484615384615385,0.15873970953928127,0.0,0.5,26,0.15153846153846154,0.2970671615334459,0.0,1.0,26,0.2174230769230769,0.3149511928000176,0.0,1.0,26,0.4560384615384615,0.3467061557883541,0.0,1.0,26
509,0.5598666666666666,0.24133049853636304,0.1,0.85,15,0.4162,0.24951873677140965,0.122,0.875,15,0.32733333333333337,0.28320781533472317,0.0,0.875,15,0.25579999999999997,0.31352265810122426,0.0,1.0,15,0.1666,0.22393072908507092,0.0,0.6,15,0.2554,0.27560732936553045,0.0,1.0,15,0.07633333333333334,0.2045502616077758,0.0,0.778,15,0.07073333333333333,0.13681346355356921,0.0,0.417,15,0.22046666666666667,0.28376470803080767,0.0,1.0,15
510,0.5310833333333334,0.2624096236917781,0.14,1.0,12,0.4434166666666666,0.2632307865157436,0.0,0.86,12,0.2925,0.3286378222022203,0.0,0.857,12,0.18100000000000002,0.3018759528499925,0.0,1.0,12,0.17133333333333334,0.21056475287073842,0.0,0.522,12,0.11925000000000001,0.13458361713076372,0.0,0.375,12,0.16949999999999998,0.30669632597022806,0.0,1.0,12,0.08800000000000001,0.12080337141592758,0.0,0.353,12,0.21841666666666668,0.2321956300322222,0.0,0.545,12
511,0.421,0.27232305476005175,0.022,0.841,14,0.5154285714285715,0.31397175627158525,0.023,0.933,14,0.5484285714285714,0.34641320686444665,0.0,1.0,14,0.22242857142857142,0.21198683351193673,0.0,0.523,14,0.0735,0.1690456242466012,0.0,0.591,14,0.2524285714285714,0.1969743108145809,0.0,0.636,14,0.15992857142857142,0.19771987343625413,0.0,0.6,14,0.23321428571428574,0.21923825416179563,0.0,0.611,14,0.26092857142857145,0.33510835544657774,0.0,1.0,14
512,0.5204545454545454,0.20083344524075847,0.213,0.786,11,0.45827272727272733,0.20737506644198622,0.167,0.787,11,0.34954545454545455,0.3827062486127875,0.0,1.0,11,0.4611818181818182,0.39993294892564635,0.0,1.0,11,0.09090909090909091,0.20225995873897262,0.0,0.5,11,0.11363636363636363,0.30338993810845893,0.0,1.0,11,0.09090909090909091,0.30151134457776363,0.0,1.0,11,0.09845454545454545,0.17797829285413636,0.0,0.5,11,0.15027272727272728,0.23838711832189713,0.0,0.667,11
513,0.39475,0.2294569676431727,0.102,0.725,8,0.591875,0.23289018718210153,0.25,0.878,8,0.477625,0.43129437659876146,0.0,1.0,8,0.142875,0.21110893430373132,0.0,0.5,8,0.040625,0.07784772223477612,0.0,0.2,8,0.184375,0.21336483677360846,0.0,0.5,8,0.165625,0.2566743002884617,0.0,0.75,8,0.05,0.09258200997725514,0.0,0.2,8,0.28875,0.40553765018094895,0.0,1.0,8
514,0.5682857142857143,0.22976222778925456,0.04,0.946,14,0.3945714285714286,0.2367055016375718,0.027,0.92,14,0.6414285714285715,0.23954723776507864,0.25,1.0,14,0.06942857142857142,0.09797936539882285,0.0,0.278,14,0.03214285714285715,0.12026755886059097,0.0,0.45,14,0.19592857142857142,0.20972416473722164,0.0,0.6,14,0.18685714285714286,0.2889583033915121,0.0,1.0,14,0.18807142857142858,0.22966479395505437,0.0,0.5,14,0.17471428571428568,0.2658537563778623,0.0,1.0,14
515,0.5483571428571429,0.2560497569262232,0.021,0.898,14,0.42642857142857143,0.26098031587597803,0.061,0.958,14,0.5646428571428571,0.39772093176049905,0.0,1.0,14,0.31185714285714283,0.34015875414573415,0.0,1.0,14,0.010357142857142858,0.026647577874797677,0.0,0.083,14,0.46471428571428575,0.38878655970980924,0.0,1.0,14,0.11342857142857143,0.18319922500915783,0.0,0.571,14,0.10035714285714285,0.11995807417777078,0.0,0.333,14,0.2287142857142857,0.25877921345943017,0.0,0.714,14
516,0.6318235294117647,0.30516537223571866,0.0,0.933,17,0.3135294117647059,0.30686359299513255,0.0,0.952,17,0.3168823529411765,0.3749634786137413,0.0,1.0,17,0.16,0.22285926052107416,0.0,0.562,17,0.1355294117647059,0.242572699836322,0.0,0.767,17,0.1791764705882353,0.20441875993109024,0.0,0.778,17,0.07335294117647059,0.14727692503260253,0.0,0.5,17,0.2334705882352941,0.28734346121998733,0.0,1.0,17,0.21664705882352941,0.2975863196571019,0.0,1.0,17
517,0.36893333333333334,0.25440054657024247,0.0,0.837,15,0.6087333333333333,0.2516081041922896,0.159,0.955,15,0.27580000000000005,0.4149931496852861,0.0,1.0,15,0.1174,0.24471260111170642,0.0,0.636,15,0.0232,0.05343915097700241,0.0,0.182,15,0.14493333333333333,0.22241899542037666,0.0,0.75,15,0.03779999999999999,0.07593154812065932,0.0,0.25,15,0.12886666666666666,0.1736938466985874,0.0,0.5,15,0.10753333333333333,0.17249673564889223,0.0,0.444,15
518,0.5165882352941177,0.29274072547724067,0.029,0.902,17,0.4473529411764706,0.2928992875495924,0.065,0.971,17,0.2031764705882353,0.2928257236169061,0.0,1.0,17,0.25435294117647056,0.35924120399400017,0.0,1.0,17,0.12447058823529412,0.17722130150149093,0.0,0.63,17,0.14723529411764708,0.24906061747388042,0.0,1.0,17,0.08694117647058824,0.14671250397811844,0.0,0.4,17,0.136,0.21285587847179605,0.0,0.778,17,0.16494117647058826,0.2527111667962645,0.0,0.667,17
519,0.8615185185185185,0.0733093395090916,0.644,0.976,27,0.0917037037037037,0.06104274341980809,0.023,0.289,27,0.05748148148148148,0.1262419442579545,0.0,0.4,27,0.06740740740740742,0.12595397793799354,0.0,0.5,27,0.14703703703703705,0.2048287242254032,0.0,0.526,27,0.14666666666666667,0.3261906002513066,0.0,1.0,27,0.09670370370370371,0.24538867361718458,0.0,1.0,27,0.03085185185185185,0.11354250430962091,0.0,0.5,27,0.6122592592592592,0.3980558129200354,0.0,1.0,27
520,0.39087500000000003,0.30911737830705766,0.042,0.81,8,0.57975,0.3024508224488735,0.152,0.917,8,0.560625,0.4243997231384582,0.0,1.0,8,0.242875,0.19754597114161987,0.0,0.619,8,0.104125,0.19790072366864006,0.0,0.5,8,0.146625,0.1428865059109102,0.0,0.333,8,0.15625,0.28521558262379104,0.0,0.818,8,0.161375,0.22433771576417041,0.0,0.667,8,0.318625,0.3189930306000878,0.0,0.778,8
521,0.44281818181818183,0.36427210109527136,0.0,0.878,11,0.5310909090909091,0.37819715877977045,0.095,1.0,11,0.5998181818181818,0.4156628003999921,0.0,1.0,11,0.17636363636363636,0.18575320870836806,0.0,0.5,11,0.03636363636363637,0.08090398349558905,0.0,0.2,11,0.21081818181818182,0.2947537338802745,0.0,1.0,11,0.16,0.23156813252259043,0.0,0.667,11,0.1888181818181818,0.30725423290227205,0.0,1.0,11,0.225,0.2565887760600608,0.0,0.667,11
522,0.7192000000000001,0.24459272270449914,0.158,0.975,15,0.24100000000000002,0.2525441969805908,0.0,0.808,15,0.1206,0.24318211870354045,0.0,0.727,15,0.1262,0.22345443766970866,0.0,0.773,15,0.112,0.19674639223412171,0.0,0.6,15,0.0494,0.09449096706639666,0.0,0.25,15,0.19519999999999998,0.3343627627934324,0.0,0.909,15,0.081,0.2579836650421329,0.0,1.0,15,0.45766666666666667,0.3120576106762218,0.0,1.0,15
523,0.7589230769230769,0.23414755374138957,0.024,0.923,13,0.17115384615384616,0.23340160173466615,0.0,0.902,13,0.17453846153846156,0.2875385815806914,0.0,0.972,13,0.037153846153846155,0.07579780796505722,0.0,0.2,13,0.1563846153846154,0.1919993656506615,0.0,0.562,13,0.08953846153846155,0.12561357104536608,0.0,0.333,13,0.13892307692307693,0.26458850489595526,0.0,0.8,13,0.11692307692307692,0.2817556451781288,0.0,1.0,13,0.45223076923076927,0.33610939534774337,0.0,1.0,13
524,0.87140625,0.06567704925152389,0.658,0.976,32,0.08325,0.05876360515082937,0.02,0.289,32,0.10625,0.2598852103922906,0.0,1.0,32,0.05053125,0.13303891848119168,0.0,0.5,32,0.09828125,0.1846264291665042,0.0,0.7,32,0.131,0.2835115062806947,0.0,1.0,32,0.109375,0.2769225756474647,0.0,1.0,32,0.0820625,0.20603772556218605,0.0,1.0,32,0.53909375,0.3052253910055913,0.0,1.0,32
525,0.5141,0.2874804147918409,0.0,0.895,10,0.44539999999999996,0.2871043944862797,0.053,0.969,10,0.5511999999999999,0.30074160189623106,0.0,1.0,10,0.19229999999999997,0.2996309025747808,0.0,0.968,10,0.2,0.33801479257570965,0.0,1.0,10,0.2233,0.30622397395080325,0.0,1.0,10,0.0746,0.16472482104002018,0.0,0.5,10,0.1461,0.18770748519971173,0.0,0.429,10,0.2012,0.15132510990872894,0.0,0.5,10
526,0.6306666666666667,0.24318460066377562,0.263,0.917,9,0.33466666666666667,0.2515149100948093,0.053,0.711,9,0.5581111111111111,0.3505568585994448,0.0,1.0,9,0.13955555555555554,0.18417322763577168,0.0,0.533,9,0.10433333333333333,0.26677612336939005,0.0,0.806,9,0.08833333333333333,0.1677229859023503,0.0,0.5,9,0.17411111111111113,0.2697352611563997,0.0,0.667,9,0.20055555555555557,0.20183415909547564,0.0,0.5,9,0.23588888888888887,0.19091191977221095,0.0,0.5,9
527,0.7302222222222222,0.19464825826203644,0.37,0.956,9,0.21855555555555556,0.20918061042500516,0.0,0.609,9,0.19177777777777777,0.30737386753666035,0.0,0.75,9,0.17777777777777778,0.3318699963004255,0.0,1.0,9,0.16755555555555557,0.1764880386252218,0.0,0.5,9,0.21733333333333332,0.19542773600489774,0.0,0.5,9,0.037000000000000005,0.111,0.0,0.333,9,0.12344444444444444,0.21944709562392886,0.0,0.571,9,0.3175555555555556,0.3106006725327197,0.0,1.0,9
528,0.330625,0.23278925938649805,0.106,0.711,8,0.6407499999999999,0.22827474048360483,0.263,0.872,8,0.625375,0.2279391757841176,0.25,1.0,8,0.291875,0.3205907215037356,0.0,0.923,8,0.020875,0.05904341622907672,0.0,0.167,8,0.19462500000000002,0.2722120693765905,0.0,0.8,8,0.371875,0.26154837711488205,0.111,0.7,8,0.18825,0.2547344555751005,0.0,0.667,8,0.437625,0.22638585108488682,0.105,0.75,8
529,0.3637727272727273,0.2899037495147036,0.0,0.842,22,0.6065454545454545,0.30587808453271476,0.105,0.984,22,0.6055909090909091,0.3476159154517018,0.0,1.0,22,0.18077272727272728,0.18763463276073372,0.0,0.68,22,0.10577272727272727,0.20236057676905111,0.0,0.643,22,0.14963636363636362,0.2172945215391062,0.0,0.667,22,0.29145454545454547,0.3760627768354801,0.0,1.0,22,0.12604545454545454,0.20436766058415576,0.0,0.783,22,0.3055,0.20867809568578974,0.0,0.75,22
530,0.7065238095238096,0.23240258583923265,0.044,0.935,21,0.24471428571428572,0.23365148038417027,0.022,0.933,21,0.3779047619047619,0.3173716913591861,0.0,0.976,21,0.15219047619047618,0.23423783192465283,0.0,0.714,21,0.08828571428571429,0.22903976573013315,0.0,0.829,21,0.23914285714285716,0.24020497199564492,0.0,0.75,21,0.07023809523809524,0.1709566918145952,0.0,0.6,21,0.3097142857142857,0.30163225007567457,0.0,1.0,21,0.21266666666666667,0.23643949190719668,0.0,0.667,21
531,0.42991304347826087,0.3047774020857426,0.024,0.86,23,0.5441739130434783,0.3043003379100554,0.07,0.976,23,0.6373913043478261,0.2967986368399281,0.0,1.0,23,0.23743478260869566,0.29200324190089466,0.0,1.0,23,0.06347826086956522,0.12793068775538266,0.0,0.417,23,0.247,0.3219792483431756,0.0,1.0,23,0.23621739130434782,0.28182956753743904,0.0,1.0,23,0.16,0.19040387696587577,0.0,0.667,23,0.317,0.2425658298651766,0.0,0.75,23
532,0.67235,0.26334413646505656,0.0,0.909,20,0.2925,0.27251373697871684,0.044,1.0,20,0.43505000000000005,0.31220817532031747,0.0,1.0,20,0.1227,0.13814298465910715,0.0,0.4,20,0.05715,0.13181457271086292,0.0,0.5,20,0.13815,0.18101912518905433,0.0,0.5,20,0.2057,0.323757072672186,0.0,1.0,20,0.20164999999999997,0.28527332692109786,0.0,1.0,20,0.21675,0.23152989462543092,0.0,0.706,20
533,0.62925,0.375310442928822,0.0,0.929,8,0.301375,0.37088694369039193,0.0,0.882,8,0.267,0.42359718061924284,0.0,0.976,8,0.354,0.48405548678401966,0.0,1.0,8,0.12275,0.12410335554344554,0.0,0.333,8,0.111625,0.16988141872662657,0.0,0.375,8,0.116125,0.14288400640279614,0.0,0.375,8,0.06175,0.1179015933492237,0.0,0.333,8,0.20350000000000001,0.1796448878044842,0.0,0.439,8
534,0.6911538461538461,0.2097219771323637,0.189,0.915,13,0.26269230769230767,0.22333285495547694,0.043,0.784,13,0.21184615384615385,0.3212815084817483,0.0,0.966,13,0.3194615384615385,0.3252008649498069,0.0,1.0,13,0.17776923076923076,0.29400599592699744,0.0,1.0,13,0.09061538461538463,0.22174780662633342,0.0,0.8,13,0.12823076923076923,0.24683467944022572,0.0,0.667,13,0.11538461538461539,0.17246329970051524,0.0,0.5,13,0.19346153846153846,0.21719408194232465,0.0,0.667,13
535,0.5244,0.3215179967314772,0.026,0.9,10,0.4452,0.3275127817692345,0.075,0.949,10,0.6026,0.310466387516874,0.0,1.0,10,0.2765,0.31926138716314156,0.0,0.875,10,0.051000000000000004,0.10046668878566446,0.0,0.3,10,0.2604,0.21557324096979713,0.0,0.611,10,0.07730000000000001,0.11754152930394904,0.0,0.333,10,0.264,0.2530643308638251,0.0,0.778,10,0.1631,0.1893905136659877,0.0,0.514,10
536,0.7908333333333334,0.12003547455446309,0.591,0.976,12,0.15725,0.13435646278057892,0.0,0.372,12,0.08833333333333333,0.155856771855872,0.0,0.5,12,0.08133333333333333,0.16568224425268407,0.0,0.5,12,0.027916666666666663,0.06853062796806235,0.0,0.217,12,0.26633333333333337,0.2817433820577394,0.0,0.667,12,0.07033333333333334,0.15673041900800316,0.0,0.5,12,0.14633333333333334,0.2042317459666985,0.0,0.667,12,0.3761666666666667,0.3875071455841658,0.0,1.0,12
537,0.6597142857142858,0.26500230146211895,0.0,0.949,14,0.304,0.26081145562381913,0.0,0.98,14,0.2107857142857143,0.3152847744674471,0.0,0.958,14,0.1762142857142857,0.22105348415517648,0.0,0.583,14,0.0982857142857143,0.18101696842324716,0.0,0.5,14,0.044642857142857144,0.11609784145800814,0.0,0.375,14,0.19814285714285715,0.300758747463518,0.0,0.963,14,0.07735714285714286,0.19731100290691309,0.0,0.583,14,0.5094285714285715,0.2590971645142815,0.0,0.941,14
538,0.788125,0.20178579096354285,0.143,0.952,24,0.1855416666666667,0.21184530434025317,0.0,0.857,24,0.159125,0.2366669486117937,0.0,1.0,24,0.18279166666666669,0.3049443255197032,0.0,1.0,24,0.09825,0.17539675521266188,0.0,0.583,24,0.12741666666666665,0.18733529964412374,0.0,0.5,24,0.128,0.2453458960236592,0.0,0.905,24,0.11925000000000001,0.2445688753349631,0.0,1.0,24,0.559625,0.326893921432573,0.0,1.0,24
539,0.5812666666666666,0.2363769588320035,0.0,0.896,15,0.38793333333333335,0.23361031859141188,0.095,0.975,15,0.296,0.3712088361017286,0.0,1.0,15,0.07246666666666667,0.18932016218439018,0.0,0.714,15,0.07273333333333333,0.14046019602245566,0.0,0.417,15,0.1222,0.21566746890260743,0.0,0.667,15,0.26006666666666667,0.3852636326811378,0.0,1.0,15,0.05553333333333333,0.13967557648589343,0.0,0.5,15,0.23180000000000003,0.317345057806618,0.0,1.0,15
540,0.41812499999999997,0.32912890982974174,0.038,0.872,8,0.53525,0.3334802414365376,0.026,0.962,8,0.66775,0.4302918444829874,0.0,1.0,8,0.08625,0.0849129806667643,0.0,0.231,8,0.1305,0.24669935433351142,0.0,0.615,8,0.11750000000000001,0.16155759698280098,0.0,0.455,8,0.0245,0.058466107398096163,0.0,0.167,8,0.3215,0.3489138248090166,0.0,1.0,8,0.12737500000000002,0.13747408846760906,0.0,0.367,8
541,0.842952380952381,0.06819345730381776,0.718,0.977,21,0.10642857142857143,0.061178894586753886,0.022,0.231,21,0.05895238095238095,0.12497738843105828,0.0,0.333,21,0.09233333333333334,0.1841940100365192,0.0,0.667,21,0.12952380952380954,0.20478418372706889,0.0,0.6,21,0.35061904761904766,0.35781021173109023,0.0,1.0,21,0.03738095238095238,0.09099421750335358,0.0,0.333,21,0.04928571428571428,0.10217834548334735,0.0,0.333,21,0.5442380952380953,0.38901374072928385,0.0,1.0,21
542,0.5188181818181818,0.2953570295282895,0.0,0.933,22,0.46099999999999997,0.29541947577413824,0.067,1.0,22,0.47595454545454546,0.35159073573481064,0.0,1.0,22,0.17713636363636365,0.20903162108809906,0.0,0.632,22,0.09377272727272729,0.16340861194831335,0.0,0.5,22,0.16827272727272727,0.21483752040358353,0.0,0.667,22,0.20722727272727273,0.2872476833705219,0.0,0.857,22,0.1774090909090909,0.26060509425472705,0.0,1.0,22,0.49222727272727274,0.21591266572570314,0.138,1.0,22
543,0.7680588235294118,0.20844167966970856,0.227,0.959,17,0.18705882352941178,0.21718554008849075,0.023,0.773,17,0.1477058823529412,0.31239913666371627,0.0,0.941,17,0.15011764705882352,0.25738028342147273,0.0,0.783,17,0.13505882352941176,0.22997349591535415,0.0,0.684,17,0.22899999999999998,0.38162727234829535,0.0,1.0,17,0.11135294117647059,0.2928478575080563,0.0,1.0,17,0.08111764705882353,0.16291864624442975,0.0,0.5,17,0.6099411764705882,0.34259952396862636,0.0,1.0,17
544,0.3221428571428571,0.28708611871778045,0.0,0.831,14,0.6479999999999999,0.29125986282408994,0.153,1.0,14,0.7057857142857143,0.2971133372382249,0.2,1.0,14,0.25921428571428573,0.329776656022137,0.0,1.0,14,0.03835714285714286,0.05757484378930296,0.0,0.167,14,0.24814285714285716,0.1854432764788435,0.0,0.5,14,0.12257142857142857,0.2079588399681031,0.0,0.75,14,0.24221428571428572,0.20359242035590033,0.0,0.706,14,0.25707142857142856,0.21454297195011263,0.0,0.625,14
545,0.695578947368421,0.22920619435818862,0.138,0.907,19,0.27857894736842104,0.2367596802642511,0.068,0.862,19,0.17757894736842106,0.22697193066531712,0.0,0.842,19,0.1371578947368421,0.2913940179279776,0.0,0.958,19,0.0786842105263158,0.16623178350710557,0.0,0.6,19,0.07184210526315789,0.1181756052838763,0.0,0.333,19,0.25494736842105264,0.36425303684911287,0.0,1.0,19,0.04310526315789474,0.11267746237076777,0.0,0.375,19,0.4898421052631579,0.28969088183362596,0.0,1.0,19
546,0.6011111111111112,0.32397002201345526,0.0,0.925,18,0.3644444444444444,0.3226242072209823,0.05,0.978,18,0.40561111111111114,0.3756082344033927,0.0,1.0,18,0.3288888888888889,0.32556139547283897,0.0,1.0,18,0.09205555555555556,0.17956302259921814,0.0,0.5,18,0.2146111111111111,0.3859858483978379,0.0,1.0,18,0.0863888888888889,0.2272293836863039,0.0,0.889,18,0.06816666666666667,0.15182391116026486,0.0,0.5,18,0.3181666666666667,0.32487124146253965,0.0,1.0,18
547,0.797625,0.09586439455218573,0.628,0.958,8,0.165125,0.1115135321705077,0.021,0.372,8,0.08325,0.12931108669737928,0.0,0.333,8,0.104125,0.11944447305278358,0.0,0.25,8,0.10137499999999999,0.15820686051586294,0.0,0.4,8,0.13075,0.1645424391630144,0.0,0.5,8,0.15975,0.3455946221473113,0.0,1.0,8,0.0335,0.062216212861738396,0.0,0.143,8,0.378625,0.3226687542976543,0.0,0.75,8
548,0.743,0.13807606599262595,0.474,0.905,9,0.23233333333333336,0.1399678534521409,0.071,0.5,9,0.07677777777777778,0.16402269490666357,0.0,0.5,9,0.18688888888888888,0.3257255149832618,0.0,1.0,9,0.06688888888888889,0.10408823714095225,0.0,0.273,9,0.15844444444444447,0.16600987253105695,0.0,0.5,9,0.2688888888888889,0.4018664095332068,0.0,1.0,9,0.16333333333333333,0.229829284470017,0.0,0.615,9,0.4898888888888889,0.3174474147179515,0.0,1.0,9
549,0.41224999999999995,0.24885080607506685,0.023,0.793,20,0.55675,0.26003195653813904,0.179,0.932,20,0.4213,0.4058197811059019,0.0,1.0,20,0.1416,0.17812130697926065,0.0,0.639,20,0.08209999999999999,0.15504766669436987,0.0,0.4,20,0.24820000000000003,0.32199323301160093,0.0,1.0,20,0.1206,0.19829706582748388,0.0,0.692,20,0.11425,0.14408691638620144,0.0,0.5,20,0.18765,0.20823702967127578,0.0,0.6,20
550,0.48,0.34157325087641993,0.0,0.841,8,0.504625,0.33440648383153615,0.159,0.981,8,0.6565,0.365155935379472,0.0,1.0,8,0.056875,0.0654903209860598,0.0,0.154,8,0.028875,0.08167083322704624,0.0,0.231,8,0.07275000000000001,0.14676682186379864,0.0,0.4,8,0.10175000000000001,0.1474407871461819,0.0,0.364,8,0.15625,0.2053378748724717,0.0,0.5,8,0.27737500000000004,0.2634083942148715,0.0,0.667,8
551,0.4930769230769231,0.354193558556726,0.0,0.857,13,0.4662307692307692,0.37520753231737275,0.079,1.0,13,0.6037692307692308,0.30373923954771737,0.143,1.0,13,0.16599999999999998,0.2546972058477805,0.0,0.923,13,0.07823076923076924,0.17183526696914975,0.0,0.5,13,0.21307692307692308,0.1775976076877452,0.0,0.5,13,0.020153846153846154,0.03877466130057565,0.0,0.1,13,0.237,0.2198298584511819,0.0,0.545,13,0.19623076923076924,0.1656462867307695,0.0,0.476,13
552,0.684923076923077,0.19828987328190478,0.024,0.911,26,0.2425,0.21785632880409975,0.024,0.976,26,0.20957692307692308,0.30982823280997784,0.0,1.0,26,0.19823076923076924,0.26453133012062036,0.0,1.0,26,0.05080769230769232,0.13587818639671911,0.0,0.65,26,0.1185,0.2357040941519684,0.0,1.0,26,0.19946153846153847,0.3303879211798435,0.0,1.0,26,0.1943846153846154,0.32793646664231496,0.0,1.0,26,0.43153846153846154,0.33782578122686024,0.0,1.0,26
553,0.2619772727272727,0.2693236566467905,0.0,0.846,44,0.7115681818181818,0.27713881986413796,0.115,1.0,44,0.7903636363636363,0.2564224431375087,0.0,1.0,44,0.18070454545454548,0.17130519202892733,0.0,0.833,44,0.03602272727272727,0.0897322862318185,0.0,0.455,44,0.19325,0.20010858970673548,0.0,0.625,44,0.16327272727272726,0.19000812267048242,0.0,0.6,44,0.31275,0.2570073861032557,0.0,1.0,44,0.26540909090909093,0.17101982996429038,0.0,0.75,44
554,0.713923076923077,0.20354461490398182,0.286,0.955,13,0.2510769230769231,0.19607288676172677,0.02,0.629,13,0.14646153846153845,0.24077673454351006,0.0,0.667,13,0.27561538461538465,0.38693637256047203,0.0,1.0,13,0.07215384615384615,0.15246958502919314,0.0,0.5,13,0.19792307692307692,0.20821321665481177,0.0,0.5,13,0.12053846153846154,0.26124784381394595,0.0,0.9,13,0.16538461538461538,0.2367666004252354,0.0,0.667,13,0.2839230769230769,0.3135690943366022,0.0,1.0,13
555,0.7382,0.18743046117901374,0.276,0.932,10,0.2129,0.1923777822699677,0.064,0.69,10,0.181,0.25114670347561135,0.0,0.684,10,0.1955,0.26843590172205606,0.0,0.75,10,0.0737,0.15796908980345914,0.0,0.429,10,0.0,0.0,0.0,0.0,10,0.3071,0.4259547315541094,0.0,1.0,10,0.1143,0.31443142689976494,0.0,1.0,10,0.2931,0.259359660188961,0.0,0.889,10
556,0.4436666666666667,0.31253839764099395,0.051,0.927,9,0.5065555555555555,0.309508122313095,0.049,0.923,9,0.6721111111111111,0.2903448141625937,0.125,0.972,9,0.1638888888888889,0.18554072628700985,0.0,0.464,9,0.07866666666666666,0.12909202144207055,0.0,0.333,9,0.2353333333333333,0.22463247761621646,0.0,0.5,9,0.14355555555555555,0.22934423423704764,0.0,0.542,9,0.30888888888888894,0.24430178286519136,0.0,0.68,9,0.16066666666666668,0.24932909978580517,0.0,0.679,9
557,0.784923076923077,0.11126953876245851,0.533,0.957,13,0.15784615384615386,0.10962044072909498,0.022,0.433,13,0.20515384615384613,0.35622367649035863,0.0,1.0,13,0.14107692307692307,0.16995512228157053,0.0,0.4,13,0.10992307692307693,0.17342359582751013,0.0,0.471,13,0.287,0.40893010812770114,0.0,1.0,13,0.06407692307692309,0.12789674320746766,0.0,0.333,13,0.13846153846153847,0.292424809533612,0.0,1.0,13,0.3807692307692308,0.3627726914212613,0.0,1.0,13
558,0.7067,0.22886518670215122,0.149,0.911,20,0.24314999999999998,0.233902425675413,0.0,0.83,20,0.20855,0.28830657567760637,0.0,0.921,20,0.13505,0.25052880389078486,0.0,0.857,20,0.08149999999999999,0.12489764230213307,0.0,0.391,20,0.16345,0.29477511053254424,0.0,1.0,20,0.07715,0.16249802427948729,0.0,0.6,20,0.07055,0.16455441429253093,0.0,0.667,20,0.3888,0.3000934240497361,0.0,1.0,20
559,0.54784375,0.24126750103661204,0.024,0.865,32,0.42459375,0.24819371458535652,0.038,0.976,32,0.23024999999999998,0.30117661735053347,0.0,1.0,32,0.18834375,0.294670577071983,0.0,1.0,32,0.0385,0.08947805641968963,0.0,0.375,32,0.20659375,0.28143088985775716,0.0,1.0,32,0.14471875,0.2592878876256175,0.0,1.0,32,0.12315625,0.227249913499398,0.0,1.0,32,0.2639375,0.2948750350408162,0.0,1.0,32
560,0.528,0.30550327330488625,0.118,0.953,9,0.44333333333333336,0.3115236748627622,0.023,0.863,9,0.45799999999999996,0.3812309011609631,0.0,1.0,9,0.25277777777777777,0.3410816536321537,0.0,1.0,9,0.11577777777777779,0.2336935909357474,0.0,0.667,9,0.18977777777777777,0.20225156227936644,0.0,0.5,9,0.24722222222222223,0.25275916292875406,0.0,0.833,9,0.20044444444444445,0.2523935969429054,0.0,0.6,9,0.3353333333333333,0.3223453117388246,0.0,1.0,9
561,0.634375,0.2829937278456892,0.0,0.919,16,0.29275,0.2833860735227945,0.047,0.946,16,0.3135625,0.3307067117048982,0.0,0.97,16,0.1719375,0.2512683741208458,0.0,0.8,16,0.017875,0.0715,0.0,0.286,16,0.12075,0.16121889880945514,0.0,0.5,16,0.07943750000000001,0.15377601405941044,0.0,0.462,16,0.1733125,0.24161752661317157,0.0,0.75,16,0.3268125,0.31392955021787927,0.0,1.0,16
562,0.5786585365853659,0.3108198521455875,0.0,0.949,41,0.3790731707317073,0.3105746601257017,0.0,0.979,41,0.49975609756097555,0.36109062439281114,0.0,1.0,41,0.19282926829268293,0.24866472432162792,0.0,1.0,41,0.09607317073170732,0.1808631236935687,0.0,0.667,41,0.23929268292682926,0.26153137898753553,0.0,1.0,41,0.13531707317073172,0.20986036298267355,0.0,0.714,41,0.22617073170731705,0.2732658872269849,0.0,1.0,41,0.1731951219512195,0.20153054601129267,0.0,1.0,41
563,0.5608888888888889,0.314783727139436,0.02,0.907,27,0.402037037037037,0.32219099465540163,0.067,0.959,27,0.472,0.3617142943943891,0.0,1.0,27,0.13096296296296298,0.2561253421338679,0.0,1.0,27,0.09822222222222222,0.14922371778212049,0.0,0.538,27,0.18829629629629632,0.1995841474386979,0.0,0.833,27,0.1434074074074074,0.20754967139667094,0.0,0.692,27,0.27214814814814814,0.25518329817900637,0.0,1.0,27,0.18625925925925926,0.22699400069886505,0.0,1.0,27
564,0.816125,0.1433342123450345,0.568,0.978,8,0.117875,0.10653294259121379,0.0,0.282,8,0.103875,0.20441584891028947,0.0,0.545,8,0.196,0.3417584777922226,0.0,1.0,8,0.033625,0.06351588665163116,0.0,0.158,8,0.1885,0.2622305419718633,0.0,0.667,8,0.053,0.11753297409663385,0.0,0.333,8,0.135375,0.17339956953316152,0.0,0.364,8,0.257375,0.2402438864986995,0.0,0.571,8
565,0.6998148148148148,0.26867593400271117,0.0,0.978,54,0.2607037037037037,0.2724832437035924,0.0,1.0,54,0.2664814814814815,0.33553886487152756,0.0,1.0,54,0.1806111111111111,0.28714820423427434,0.0,1.0,54,0.11396296296296296,0.22720192689215474,0.0,1.0,54,0.1501296296296296,0.26797493872518363,0.0,1.0,54,0.13592592592592592,0.29313721765031475,0.0,1.0,54,0.13305555555555557,0.20952879899923754,0.0,0.833,54,0.33985185185185185,0.3243281245205178,0.0,1.0,54
566,0.8073125,0.1412287594649192,0.41,0.944,16,0.1365625,0.1494786355971983,0.019,0.59,16,0.104625,0.17891035930506277,0.0,0.5,16,0.1484375,0.2930399219105365,0.0,1.0,16,0.1015,0.1758184669860744,0.0,0.517,16,0.1745625,0.23332522902592426,0.0,0.667,16,0.09025,0.13768829531469504,0.0,0.333,16,0.2341875,0.2975885792499437,0.0,1.0,16,0.503,0.35231690280200867,0.0,1.0,16
567,0.8614,0.0914138331374901,0.667,0.955,10,0.0786,0.05987987975939831,0.019,0.178,10,0.0,0.0,0.0,0.0,10,0.12,0.17788198334851119,0.0,0.5,10,0.1111,0.31426968249153997,0.0,1.0,10,0.0422,0.08911640327870808,0.0,0.222,10,0.07220000000000001,0.12289724705351758,0.0,0.333,10,0.2872,0.3195871642534405,0.0,1.0,10,0.545,0.36332232399222475,0.0,1.0,10
568,0.8496,0.06695139198619314,0.714,0.915,10,0.11499999999999999,0.05182449013524183,0.048,0.214,10,0.1631,0.2555740597165526,0.0,0.667,10,0.0893,0.16773129966970654,0.0,0.5,10,0.0666,0.14040512811147607,0.0,0.333,10,0.25,0.3622120312131495,0.0,1.0,10,0.0666,0.14040512811147607,0.0,0.333,10,0.15,0.3374742788552764,0.0,1.0,10,0.5048,0.27649343974536217,0.143,1.0,10
569,0.8811111111111111,0.08501094700749488,0.689,0.957,9,0.0811111111111111,0.050725842635791774,0.023,0.178,9,0.15555555555555556,0.32829526005987014,0.0,1.0,9,0.13333333333333333,0.21794494717703367,0.0,0.5,9,0.037000000000000005,0.11100000000000002,0.0,0.333,9,0.1481111111111111,0.33790843598689735,0.0,1.0,9,0.1111111111111111,0.33333333333333337,0.0,1.0,9,0.20377777777777778,0.37064969235714257,0.0,1.0,9,0.47777777777777775,0.40858835573770874,0.0,1.0,9
570,0.886875,0.049749192383968834,0.81,0.955,8,0.07975,0.05051096062100921,0.0,0.156,8,0.0875,0.18077215335491092,0.0,0.5,8,0.075,0.21213203435596426,0.0,0.6,8,0.13025,0.25348809495854885,0.0,0.667,8,0.22325,0.32050663019663106,0.0,0.786,8,0.125,0.3535533905932738,0.0,1.0,8,0.145875,0.2737707265473899,0.0,0.667,8,0.325625,0.3064930376743608,0.0,0.667,8
571,0.6193684210526316,0.25351051052642454,0.105,0.977,19,0.3400526315789474,0.25531972846352874,0.0,0.895,19,0.46515789473684205,0.327292133041534,0.0,1.0,19,0.1041578947368421,0.13292197509060835,0.0,0.5,19,0.05263157894736842,0.12486624422704648,0.0,0.519,19,0.21000000000000002,0.26654580594461935,0.0,1.0,19,0.15352631578947368,0.2295322219987262,0.0,0.667,19,0.22931578947368422,0.2713415339939233,0.0,1.0,19,0.08631578947368422,0.11273570499751422,0.0,0.385,19
572,0.5293333333333333,0.24388265620990765,0.161,0.889,9,0.4208888888888889,0.22982517510297062,0.089,0.71,9,0.49622222222222223,0.29034366610009676,0.0,0.909,9,0.08511111111111111,0.08517694001965034,0.0,0.227,9,0.08933333333333333,0.14764484413619056,0.0,0.4,9,0.2928888888888889,0.15852085386822487,0.19,0.688,9,0.059222222222222225,0.12212880268161334,0.0,0.333,9,0.299,0.2834475260079015,0.0,0.75,9,0.12166666666666666,0.16446048157536206,0.0,0.5,9
573,0.5482727272727272,0.2621259586187873,0.079,0.864,11,0.42963636363636365,0.27372770145795355,0.091,0.921,11,0.44572727272727275,0.3515030841711324,0.0,1.0,11,0.19063636363636363,0.23239590044889896,0.0,0.788,11,0.03936363636363637,0.10190414390717656,0.0,0.333,11,0.1368181818181818,0.17514612081448916,0.0,0.5,11,0.3060909090909091,0.34702750742425437,0.0,1.0,11,0.09245454545454544,0.2057578011334509,0.0,0.667,11,0.49163636363636365,0.20553650416764066,0.0,0.75,11
574,0.845,0.12391843195335302,0.512,0.93,10,0.11479999999999999,0.13598022732082124,0.023,0.488,10,0.1083,0.18442104603927995,0.0,0.5,10,0.2,0.4216370213557839,0.0,1.0,10,0.0617,0.13704018064462378,0.0,0.4,10,0.24430000000000002,0.33082793446476405,0.0,1.0,10,0.0533,0.11665719009130986,0.0,0.333,10,0.1663,0.20849516381281688,0.0,0.5,10,0.5083,0.4202776991995226,0.0,1.0,10
575,0.857,0.04123105625617663,0.796,0.93,9,0.09588888888888888,0.03195874076228772,0.047,0.143,9,0.1111111111111111,0.18162078931419473,0.0,0.5,9,0.07777777777777778,0.1715938356831167,0.0,0.5,9,0.05555555555555555,0.16666666666666669,0.0,0.5,9,0.12033333333333333,0.1913987983243364,0.0,0.5,9,0.05555555555555555,0.16666666666666669,0.0,0.5,9,0.027777777777777776,0.08333333333333334,0.0,0.25,9,0.5666666666666667,0.27271780286589287,0.25,1.0,9
576,0.5518,0.3226562670500399,0.0,0.828,10,0.4248,0.3253513656204798,0.086,1.0,10,0.3801,0.3656241087358558,0.0,1.0,10,0.2091,0.19721192774384733,0.0,0.5,10,0.08,0.10882095386459356,0.0,0.25,10,0.2151,0.24383211437380434,0.0,0.75,10,0.1834,0.26592028880850743,0.0,0.667,10,0.0884,0.09758779522961762,0.0,0.25,10,0.3983,0.2514001016529451,0.0,0.75,10
577,0.39616,0.2730664876301496,0.0,0.938,25,0.57648,0.2710587451703659,0.031,0.981,25,0.71224,0.32053474590648257,0.0,1.0,25,0.15336,0.21925439562298404,0.0,0.727,25,0.11452,0.18296792068556716,0.0,0.643,25,0.22432000000000002,0.2546966692623469,0.0,1.0,25,0.10332000000000001,0.2217088405995575,0.0,1.0,25,0.1646,0.25149884028891,0.0,1.0,25,0.15628,0.19399624566813997,0.0,0.698,25
578,0.8438125,0.10565492179733041,0.564,0.957,16,0.115125,0.09515942762893577,0.023,0.41,16,0.125,0.1875377295372854,0.0,0.5,16,0.151125,0.2282416482590327,0.0,0.667,16,0.13425,0.2003671629783683,0.0,0.714,16,0.249,0.29283237525929406,0.0,1.0,16,0.0503125,0.08177914872794084,0.0,0.2,16,0.1926875,0.2849691723093336,0.0,1.0,16,0.6125,0.3175777070261702,0.167,1.0,16
579,0.8465714285714286,0.06007394710587213,0.721,0.923,14,0.10578571428571429,0.05286001625691501,0.045,0.209,14,0.09050000000000001,0.13980137008242471,0.0,0.333,14,0.0635,0.16723394484282283,0.0,0.556,14,0.17500000000000002,0.2951604518015452,0.0,1.0,14,0.20214285714285715,0.290086421378409,0.0,1.0,14,0.008928571428571428,0.025299632973057703,0.0,0.091,14,0.058857142857142865,0.1332065239467573,0.0,0.4,14,0.45421428571428574,0.25448263612260874,0.0,0.833,14
580,0.8605454545454545,0.06616549499000766,0.778,1.0,11,0.07972727272727273,0.05023761719884993,0.0,0.156,11,0.07118181818181818,0.12556019925264392,0.0,0.333,11,0.07427272727272728,0.13773459326479381,0.0,0.4,11,0.145,0.17956670069921093,0.0,0.429,11,0.14327272727272727,0.2132187097367822,0.0,0.6,11,0.043272727272727275,0.10523316103690027,0.0,0.333,11,0.054909090909090914,0.11079932720504629,0.0,0.333,11,0.264,0.29172795546536157,0.0,0.75,11
581,0.7832285714285714,0.17321137812685705,0.05,0.932,35,0.17474285714285717,0.17595710420727095,0.023,0.9,35,0.1435142857142857,0.2209706357160143,0.0,0.971,35,0.10185714285714285,0.17713954998268236,0.0,0.667,35,0.21391428571428572,0.26029681829297374,0.0,1.0,35,0.11768571428571428,0.24985863902574654,0.0,1.0,35,0.10954285714285715,0.2584258162819814,0.0,1.0,35,0.07191428571428571,0.12560427386616022,0.0,0.5,35,0.48645714285714287,0.3031622884021753,0.0,1.0,35
582,0.7279285714285715,0.2255780933301729,0.114,0.976,28,0.22628571428571428,0.22923897560517045,0.024,0.829,28,0.15924999999999997,0.26382227814277637,0.0,0.857,28,0.14485714285714285,0.2485763485494971,0.0,1.0,28,0.10439285714285715,0.1914870345259292,0.0,0.667,28,0.13717857142857143,0.27215165347058334,0.0,1.0,28,0.24335714285714286,0.3985187587281194,0.0,1.0,28,0.16960714285714285,0.3177747093036447,0.0,1.0,28,0.49542857142857144,0.2974401189124028,0.0,1.0,28
583,0.7804878048780488,0.14567311384590148,0.303,0.953,41,0.17221951219512194,0.14224635534788263,0.021,0.636,41,0.10431707317073172,0.19054165411064197,0.0,0.867,41,0.11570731707317072,0.1809751701066252,0.0,0.733,41,0.08390243902439025,0.1421039768757456,0.0,0.5,41,0.13421951219512196,0.1763185345043342,0.0,0.667,41,0.0625609756097561,0.15189618967908444,0.0,0.667,41,0.10497560975609757,0.2109101097393008,0.0,1.0,41,0.5062439024390244,0.30111233622087,0.0,1.0,41
584,0.7845555555555556,0.1244860545514146,0.533,0.927,9,0.16655555555555557,0.11133071354203106,0.024,0.356,9,0.15544444444444444,0.15620508243260775,0.0,0.333,9,0.10655555555555557,0.1436298289972448,0.0,0.333,9,0.10344444444444445,0.2267118827449893,0.0,0.658,9,0.166,0.238155936310645,0.0,0.625,9,0.013888888888888888,0.041666666666666664,0.0,0.125,9,0.06566666666666666,0.16563212248836276,0.0,0.5,9,0.49300000000000005,0.3300988488316795,0.0,1.0,9
585,0.7844411764705882,0.17992510077663726,0.125,0.977,34,0.1716764705882353,0.190004421095012,0.023,0.875,34,0.14397058823529413,0.23653656073275411,0.0,1.0,34,0.10488235294117647,0.24970962102141664,0.0,1.0,34,0.1501470588235294,0.2632620692623597,0.0,1.0,34,0.17173529411764704,0.3360698257914367,0.0,1.0,34,0.10908823529411765,0.2364062204543669,0.0,1.0,34,0.16973529411764707,0.2984261046368074,0.0,1.0,34,0.4551470588235294,0.3164128615124254,0.0,1.0,34
586,0.49863636363636366,0.26458278845769984,0.0,0.951,22,0.47040909090909094,0.26611394965152463,0.049,1.0,22,0.5271363636363636,0.2778777215584728,0.0,1.0,22,0.10895454545454544,0.12761903025457014,0.0,0.455,22,0.03145454545454545,0.06410387944038456,0.0,0.2,22,0.2651818181818182,0.2613834323389658,0.0,1.0,22,0.10581818181818181,0.24093758060733853,0.0,1.0,22,0.36836363636363634,0.35579174559532184,0.0,1.0,22,0.09090909090909091,0.12057991189047679,0.0,0.5,22
587,0.725,0.225127265595009,0.222,0.909,8,0.23550000000000001,0.23278009242323844,0.045,0.75,8,0.319625,0.31808396802461725,0.0,0.889,8,0.10575,0.29910616844190957,0.0,0.846,8,0.147625,0.19796315494123073,0.0,0.538,8,0.124125,0.2042305682311049,0.0,0.6,8,0.102125,0.17604904957750514,0.0,0.5,8,0.066625,0.12838439769469098,0.0,0.333,8,0.653875,0.335624551077114,0.0,1.0,8
588,0.8196666666666667,0.1377438286052794,0.423,0.932,24,0.13395833333333332,0.13185745899551388,0.023,0.577,24,0.167875,0.2535343750812226,0.0,1.0,24,0.176125,0.3319407113771452,0.0,1.0,24,0.19995833333333335,0.21525808153624956,0.0,0.588,24,0.095375,0.21393676686673402,0.0,1.0,24,0.08495833333333334,0.1845823674198563,0.0,0.714,24,0.03816666666666667,0.10411476388087818,0.0,0.333,24,0.7238333333333333,0.25813169316163553,0.167,1.0,24
589,0.44725000000000004,0.3017822062348938,0.0,0.833,8,0.516875,0.3238114255021189,0.104,1.0,8,0.457875,0.4336461485391713,0.0,1.0,8,0.268,0.3407391126025054,0.0,0.826,8,0.20137500000000003,0.22418228393111583,0.0,0.667,8,0.146625,0.22735870808670855,0.0,0.667,8,0.27375,0.3669031596640026,0.0,1.0,8,0.058499999999999996,0.08805193272803759,0.0,0.25,8,0.633,0.2024316463119624,0.348,1.0,8
590,0.7971111111111111,0.09869706738860637,0.559,0.884,9,0.17433333333333334,0.08926645506571884,0.1,0.382,9,0.21666666666666667,0.20327628981265866,0.0,0.6,9,0.13077777777777777,0.21774456237629553,0.0,0.667,9,0.06477777777777777,0.1943333333333333,0.0,0.583,9,0.063,0.16536626016210199,0.0,0.5,9,0.27955555555555556,0.42190286533487514,0.0,1.0,9,0.08333333333333333,0.1767766952966369,0.0,0.5,9,0.4341111111111111,0.2854077979157386,0.0,1.0,9
591,0.5725,0.34084184993434513,0.043,0.907,10,0.4023,0.3475773455090408,0.047,0.935,10,0.30469999999999997,0.3961744985903728,0.0,0.976,10,0.2763,0.31764132462749733,0.0,0.878,10,0.0893,0.16773129966970654,0.0,0.5,10,0.1804,0.3332040415921352,0.0,1.0,10,0.131,0.2891035954271218,0.0,0.917,10,0.0786,0.1732103409794641,0.0,0.5,10,0.5206,0.28645620181025155,0.0,1.0,10
592,0.34136363636363637,0.3078721399306123,0.024,0.737,11,0.633,0.3252558992547253,0.229,0.976,11,0.598909090909091,0.3801782357120025,0.0,1.0,11,0.143,0.17556537244001166,0.0,0.486,11,0.006727272727272727,0.022311839498754506,0.0,0.074,11,0.18581818181818183,0.24986028823397213,0.0,0.714,11,0.3779090909090909,0.40748434437299663,0.0,1.0,11,0.05790909090909091,0.18013353632539086,0.0,0.6,11,0.39436363636363636,0.19197878670690297,0.0,0.649,11
593,0.783076923076923,0.13589730285431317,0.548,1.0,13,0.16523076923076924,0.14437921933006487,0.0,0.452,13,0.1196923076923077,0.2345152392402196,0.0,0.667,13,0.03661538461538461,0.09742906689958124,0.0,0.333,13,0.10769230769230768,0.2139374459257443,0.0,0.6,13,0.18207692307692308,0.3078030922355127,0.0,1.0,13,0.13946153846153847,0.24837391683528803,0.0,0.667,13,0.25,0.3818813079129867,0.0,1.0,13,0.5145384615384615,0.323599962758706,0.0,1.0,13
594,0.3549090909090909,0.29122996224477127,0.0,0.724,11,0.6133636363636363,0.300581527285784,0.241,1.0,11,0.7756363636363637,0.23659724120423412,0.32,1.0,11,0.17163636363636364,0.21662837890141393,0.0,0.561,11,0.13318181818181818,0.19517316320735195,0.0,0.6,11,0.21890909090909091,0.3065679221789046,0.0,1.0,11,0.2322727272727273,0.35699890501487286,0.0,1.0,11,0.09445454545454544,0.11665878761273292,0.0,0.3,11,0.32027272727272726,0.24070317443236633,0.0,0.615,11
595,0.834,0.12559370118671473,0.545,0.974,10,0.1165,0.10224724935175518,0.0,0.364,10,0.0333,0.10530384608360704,0.0,0.333,10,0.05,0.15811388300841897,0.0,0.5,10,0.2507,0.26023026128582527,0.0,0.818,10,0.040400000000000005,0.10520266156328936,0.0,0.333,10,0.0399,0.08986465131271336,0.0,0.286,10,0.031,0.06559810295360004,0.0,0.167,10,0.3367,0.36911607629278054,0.0,1.0,10
596,0.7992857142857143,0.12733506893318816,0.462,0.949,14,0.14914285714285716,0.13113578232730153,0.022,0.487,14,0.19792857142857143,0.25267201734986083,0.0,0.789,14,0.12028571428571429,0.26707343518257254,0.0,1.0,14,0.07142857142857142,0.18156825980064073,0.0,0.5,14,0.20792857142857143,0.2898674668734806,0.0,0.833,14,0.1095,0.19275841795446366,0.0,0.5,14,0.2017142857142857,0.2888343759030367,0.0,1.0,14,0.71,0.3303531909475535,0.0,1.0,14
597,0.8202765957446808,0.10337115528367116,0.511,1.0,47,0.12329787234042552,0.09052357725395585,0.0,0.489,47,0.09740425531914894,0.21124410561104817,0.0,1.0,47,0.07738297872340426,0.2131709411218152,0.0,1.0,47,0.1622127659574468,0.24241268586497305,0.0,1.0,47,0.155468085106383,0.2998864169810493,0.0,1.0,47,0.03427659574468085,0.09935481041890475,0.0,0.5,47,0.10021276595744681,0.2548499930624333,0.0,1.0,47,0.5095106382978724,0.3231165405815831,0.0,1.0,47
598,0.8647692307692307,0.06973739753808292,0.698,1.0,26,0.09711538461538462,0.051239302823576305,0.0,0.19,26,0.09265384615384614,0.18751254727248357,0.0,0.6,26,0.09296153846153846,0.2731813289036029,0.0,1.0,26,0.14123076923076924,0.20841311046905042,0.0,0.688,26,0.12065384615384615,0.2138395552385372,0.0,0.75,26,0.06976923076923078,0.2085942104071554,0.0,1.0,26,0.058038461538461546,0.11587389033573725,0.0,0.4,26,0.5456538461538462,0.3459746744844417,0.0,1.0,26
599,0.8575833333333334,0.051657012783328564,0.795,0.943,12,0.10325000000000001,0.04002527610489061,0.057,0.191,12,0.08191666666666668,0.1516170165151976,0.0,0.4,12,0.06525,0.12146763504586877,0.0,0.333,12,0.008333333333333333,0.02886751345948129,0.0,0.1,12,0.28750000000000003,0.38264925786607057,0.0,1.0,12,0.0555,0.1296200742028936,0.0,0.333,12,0.05833333333333333,0.15050420310248866,0.0,0.5,12,0.6694166666666667,0.3186926300124344,0.2,1.0,12
600,0.40534615384615386,0.2778619718216499,0.0,0.927,26,0.5688846153846154,0.2835297976471718,0.049,1.0,26,0.6163076923076923,0.30161270122204986,0.0,1.0,26,0.14292307692307693,0.15811841716306752,0.0,0.72,26,0.06769230769230769,0.12867999665239946,0.0,0.5,26,0.23080769230769232,0.28547084183583715,0.0,1.0,26,0.15065384615384614,0.280098688652081,0.0,1.0,26,0.2690769230769231,0.2984821499623618,0.0,1.0,26,0.20673076923076922,0.20208246983690747,0.0,0.625,26
601,0.8365454545454546,0.0638221961959374,0.714,0.918,11,0.12400000000000001,0.060852280154485586,0.061,0.262,11,0.15954545454545455,0.21816249156826373,0.0,0.667,11,0.020181818181818183,0.06693551849626353,0.0,0.222,11,0.0,0.0,0.0,0.0,11,0.12590909090909091,0.31206424163798535,0.0,1.0,11,0.10272727272727272,0.19815554037628666,0.0,0.5,11,0.12590909090909091,0.21767887106720052,0.0,0.5,11,0.6358181818181818,0.36626515482142663,0.0,1.0,11
602,0.8493636363636363,0.13447324843794972,0.479,0.956,11,0.12436363636363637,0.12713714856584812,0.022,0.479,11,0.1871818181818182,0.27304461839846544,0.0,0.8,11,0.04409090909090909,0.07859956048917137,0.0,0.217,11,0.044909090909090905,0.09062279464401277,0.0,0.286,11,0.14936363636363637,0.3201631686272713,0.0,1.0,11,0.15618181818181817,0.27400613795381235,0.0,0.885,11,0.05645454545454545,0.118226362234794,0.0,0.333,11,0.6377272727272727,0.35005459314486675,0.0,1.0,11
603,0.86348,0.07274562988019737,0.698,1.0,25,0.08724,0.049840813262492685,0.0,0.188,25,0.08256000000000001,0.22375602040317633,0.0,1.0,25,0.02468,0.06927043621440053,0.0,0.25,25,0.26252,0.2925050028062198,0.0,1.0,25,0.0652,0.1334815842479154,0.0,0.5,25,0.023319999999999997,0.10068379545223088,0.0,0.5,25,0.05776,0.16607560527261872,0.0,0.75,25,0.63948,0.2935935569229452,0.0,1.0,25
604,0.45899999999999996,0.20137810918057325,0.161,0.844,15,0.5081333333333333,0.20744667702695027,0.089,0.839,15,0.29133333333333333,0.32294751158368634,0.0,0.822,15,0.2748,0.3392277363996894,0.0,1.0,15,0.07926666666666667,0.12604957452564147,0.0,0.333,15,0.16566666666666666,0.15698847394755117,0.0,0.5,15,0.0648,0.127810238802911,0.0,0.429,15,0.11939999999999999,0.15848334748033127,0.0,0.5,15,0.3161333333333333,0.24490956542792533,0.0,0.667,15
605,0.632235294117647,0.22168432776466312,0.178,0.951,17,0.33558823529411763,0.2296527429684679,0.0,0.8,17,0.30470588235294116,0.31165501052964845,0.0,0.833,17,0.2737647058823529,0.37027903826232267,0.0,1.0,17,0.0893529411764706,0.17341638517469685,0.0,0.667,17,0.23835294117647057,0.3348493954706486,0.0,1.0,17,0.14111764705882354,0.20116407555554658,0.0,0.5,17,0.1246470588235294,0.2351948503838016,0.0,0.667,17,0.40188235294117647,0.3101835912715527,0.0,1.0,17
606,0.8565555555555555,0.09042830186273418,0.674,0.952,9,0.11066666666666666,0.08483808107212232,0.024,0.302,9,0.07777777777777778,0.17159383568311667,0.0,0.5,9,0.07411111111111111,0.1689884940198921,0.0,0.5,9,0.20566666666666666,0.25573814733042854,0.0,0.595,9,0.13577777777777778,0.1818452486166313,0.0,0.5,9,0.03066666666666667,0.0826982466561414,0.0,0.25,9,0.009000000000000001,0.027000000000000003,0.0,0.081,9,0.5722222222222223,0.354318634063246,0.0,1.0,9
607,0.8616666666666667,0.07111620878193066,0.711,0.958,12,0.08766666666666667,0.05317951302955497,0.021,0.163,12,0.06824999999999999,0.1267740473871095,0.0,0.333,12,0.0655,0.15963395628750168,0.0,0.5,12,0.11425,0.19128661265707586,0.0,0.588,12,0.075,0.12536419671573626,0.0,0.333,12,0.0,0.0,0.0,0.0,12,0.24166666666666667,0.3890015969430491,0.0,1.0,12,0.6511666666666667,0.37314141441485044,0.0,1.0,12
608,0.8235454545454547,0.16400631916872208,0.487,0.977,11,0.14581818181818182,0.1736731517430476,0.0,0.513,11,0.12681818181818183,0.22356691087091501,0.0,0.562,11,0.18745454545454543,0.3198925956118283,0.0,1.0,11,0.05890909090909091,0.10275062485985627,0.0,0.25,11,0.2340909090909091,0.38927379941256113,0.0,1.0,11,0.06063636363636364,0.15409235719351738,0.0,0.5,11,0.033363636363636366,0.07459527160252549,0.0,0.2,11,0.375,0.31903071952399825,0.0,1.0,11
609,0.42273333333333335,0.325043176619148,0.0,0.976,15,0.5472,0.3222967133381466,0.024,0.975,15,0.5378000000000001,0.40257389738673177,0.0,1.0,15,0.17833333333333332,0.19569826142255203,0.0,0.571,15,0.1152,0.20316327002121787,0.0,0.783,15,0.18146666666666667,0.27245231998767544,0.0,1.0,15,0.13206666666666667,0.3007187738608632,0.0,1.0,15,0.1448,0.1876719021514485,0.0,0.5,15,0.17726666666666666,0.20434301227755908,0.0,0.667,15
610,0.2234736842105263,0.2390986241005657,0.0,0.718,19,0.7547894736842105,0.25595671920319485,0.231,1.0,19,0.8072105263157895,0.2430074482048667,0.3,1.0,19,0.2612105263157895,0.2841688815060056,0.0,0.97,19,0.045052631578947365,0.1201223791177659,0.0,0.5,19,0.20557894736842106,0.16814950880077384,0.0,0.636,19,0.1271578947368421,0.18599529956960822,0.0,0.565,19,0.25642105263157894,0.257676652628719,0.0,0.75,19,0.18621052631578947,0.14406618037376218,0.0,0.467,19
611,0.5901176470588235,0.2789515823473988,0.043,0.927,17,0.3887058823529412,0.2871960925713219,0.04,0.935,17,0.24758823529411764,0.33926686745531337,0.0,0.941,17,0.19876470588235295,0.2516248520644783,0.0,0.762,17,0.12241176470588234,0.22995001055216582,0.0,0.867,17,0.1751764705882353,0.26847933702943455,0.0,1.0,17,0.30782352941176466,0.3357680068317479,0.0,1.0,17,0.08452941176470588,0.14327470015980617,0.0,0.5,17,0.46358823529411763,0.33139120741646294,0.0,1.0,17
612,0.6305238095238095,0.29018883835316944,0.024,0.93,21,0.32461904761904764,0.31053348872391784,0.023,0.976,21,0.30242857142857144,0.3416548801683611,0.0,0.933,21,0.22057142857142856,0.2684916332827844,0.0,0.976,21,0.12885714285714286,0.21420604233174323,0.0,0.75,21,0.157,0.3205568592309327,0.0,1.0,21,0.28485714285714286,0.3934821832960529,0.0,1.0,21,0.045714285714285714,0.09409736598712147,0.0,0.333,21,0.4175714285714286,0.30518085972560133,0.0,1.0,21
613,0.3967619047619048,0.2512604037173197,0.0,0.763,21,0.5675714285714286,0.263921687518963,0.217,1.0,21,0.7284761904761905,0.19221644545865968,0.375,1.0,21,0.15176190476190476,0.12955805832209155,0.0,0.517,21,0.04528571428571429,0.07677443771017985,0.0,0.286,21,0.11823809523809524,0.1254882085145472,0.0,0.455,21,0.08028571428571428,0.1958042754531021,0.0,0.875,21,0.4175238095238096,0.34385267470933234,0.0,1.0,21,0.17057142857142857,0.14479142634443912,0.0,0.5,21
614,0.7822222222222223,0.14980802530053067,0.421,0.938,9,0.17966666666666667,0.14500000000000002,0.042,0.526,9,0.05555555555555555,0.16666666666666669,0.0,0.5,9,0.26899999999999996,0.32735531155000375,0.0,1.0,9,0.2187777777777778,0.24325643762179133,0.0,0.636,9,0.0,0.0,0.0,0.0,9,0.012333333333333333,0.037,0.0,0.111,9,0.1302222222222222,0.21313773585276832,0.0,0.5,9,0.45155555555555554,0.2777530877916171,0.0,0.75,9
615,0.8336666666666667,0.047340801800893874,0.765,0.913,12,0.10016666666666667,0.050841703235422676,0.022,0.182,12,0.0,0.0,0.0,0.0,12,0.03475,0.08306528100892038,0.0,0.25,12,0.06949999999999999,0.16231702985767754,0.0,0.417,12,0.16216666666666665,0.3135743592640807,0.0,1.0,12,0.024333333333333335,0.07208496670070969,0.0,0.25,12,0.17016666666666666,0.38780075327727803,0.0,1.0,12,0.48633333333333334,0.3555547095949532,0.0,1.0,12
616,0.243875,0.2983418161869273,0.0,0.773,8,0.723625,0.34240282771696184,0.174,1.0,8,0.74675,0.36360958261771453,0.125,1.0,8,0.18887500000000002,0.24245968000591653,0.0,0.647,8,0.149375,0.2208340925413724,0.0,0.667,8,0.2145,0.17230288945425642,0.0,0.6,8,0.16925,0.20090633923014262,0.0,0.571,8,0.203125,0.22309218946435574,0.0,0.667,8,0.365625,0.2777891993683597,0.049,0.75,8
617,0.7320416666666666,0.21603833781483578,0.07,0.977,24,0.23483333333333334,0.21951243733539919,0.023,0.93,24,0.26137499999999997,0.3391230137844686,0.0,1.0,24,0.22316666666666665,0.2834363154705766,0.0,1.0,24,0.14254166666666665,0.25145264558364566,0.0,0.774,24,0.08850000000000001,0.18379738371606266,0.0,0.667,24,0.20829166666666665,0.3428491212290565,0.0,1.0,24,0.07116666666666667,0.1512756386222835,0.0,0.5,24,0.5412916666666666,0.3106585542341311,0.0,1.0,24
618,0.751,0.24933461452433758,0.184,0.939,9,0.2306666666666667,0.24769335881286764,0.061,0.816,9,0.23299999999999998,0.23525996259457327,0.0,0.571,9,0.019,0.03839270764090493,0.0,0.1,9,0.03177777777777777,0.09533333333333333,0.0,0.286,9,0.10200000000000001,0.1030400407608615,0.0,0.25,9,0.23822222222222222,0.4213649777146226,0.0,1.0,9,0.041666666666666664,0.08838834764831845,0.0,0.25,9,0.5343333333333333,0.21389424957207243,0.333,1.0,9
619,0.44306249999999997,0.3099054627355467,0.0,0.881,16,0.5345625,0.32160451256162437,0.071,1.0,16,0.451125,0.3761705065525473,0.0,1.0,16,0.2260625,0.3006598230004579,0.0,0.931,16,0.075375,0.14591498666461006,0.0,0.444,16,0.1609375,0.3093969335659292,0.0,1.0,16,0.2895,0.363077034984772,0.0,1.0,16,0.059812500000000005,0.1348091088663275,0.0,0.444,16,0.36,0.16740768600435685,0.0,0.677,16
620,0.6583913043478261,0.29285037121531643,0.019,0.933,23,0.30830434782608696,0.29480847939923926,0.067,0.981,23,0.3104782608695652,0.3400545236449346,0.0,0.98,23,0.23578260869565218,0.2820330342549737,0.0,0.922,23,0.08673913043478261,0.15425929098033267,0.0,0.5,23,0.15369565217391304,0.2937761106047518,0.0,1.0,23,0.26517391304347826,0.3657845431614221,0.0,1.0,23,0.10865217391304348,0.23591631965894794,0.0,1.0,23,0.5793478260869566,0.2872491172065954,0.0,1.0,23
621,0.76125,0.16733098664296786,0.366,0.917,12,0.19116666666666668,0.17083848477081467,0.047,0.61,12,0.12833333333333333,0.16660041107301318,0.0,0.444,12,0.09758333333333334,0.13699001843753125,0.0,0.36,12,0.03258333333333333,0.08818416507342444,0.0,0.3,12,0.052833333333333336,0.0970153065086623,0.0,0.292,12,0.15925,0.26553449527663664,0.0,0.875,12,0.0655,0.11194194924156002,0.0,0.286,12,0.41225,0.3086504716282864,0.0,1.0,12
622,0.3224736842105263,0.33429401038624207,0.0,0.889,19,0.6602631578947369,0.34055442412259695,0.111,1.0,19,0.6957368421052631,0.29789312813402336,0.0,1.0,19,0.3696315789473684,0.32102357312652907,0.0,0.882,19,0.09063157894736842,0.16145973372341196,0.0,0.5,19,0.23210526315789473,0.273194455518987,0.0,1.0,19,0.304421052631579,0.342422791912356,0.0,1.0,19,0.1113157894736842,0.14454989628021145,0.0,0.5,19,0.3867894736842105,0.15683309562410905,0.128,0.614,19
623,0.4423636363636364,0.36890412649556326,0.023,0.897,11,0.5241818181818182,0.3540942863650353,0.077,0.955,11,0.48963636363636365,0.43004447972907933,0.0,1.0,11,0.2746363636363636,0.2130419079558164,0.0,0.615,11,0.0,0.0,0.0,0.0,11,0.2521818181818182,0.285226162257889,0.0,1.0,11,0.22545454545454546,0.3747066488965371,0.0,1.0,11,0.165,0.23410852184403713,0.0,0.667,11,0.15372727272727274,0.18219609815201362,0.0,0.5,11
624,0.6181764705882353,0.2527242161166292,0.103,0.9,17,0.34047058823529414,0.2563784111540641,0.044,0.821,17,0.27347058823529413,0.30610988991844473,0.0,0.969,17,0.14911764705882355,0.1887580734541377,0.0,0.5,17,0.08394117647058824,0.1695551055660944,0.0,0.511,17,0.19876470588235295,0.27570829907072186,0.0,1.0,17,0.28194117647058825,0.33522389357492016,0.0,0.968,17,0.1383529411764706,0.18894507838803004,0.0,0.625,17,0.3957058823529412,0.29945028066147356,0.0,1.0,17
625,0.305125,0.2761388237825315,0.0,0.75,16,0.6730625,0.2837960461904523,0.159,1.0,16,0.6041875,0.3653937088949398,0.0,1.0,16,0.28425,0.3489887295219336,0.0,0.976,16,0.10275,0.1569052792823322,0.0,0.5,16,0.09406250000000001,0.1280908369088125,0.0,0.333,16,0.3358125,0.32510249024986976,0.0,0.971,16,0.0815625,0.1562549065896279,0.0,0.5,16,0.413625,0.21958563249903212,0.0,0.69,16
626,0.695875,0.25766891131283737,0.171,0.911,8,0.26525,0.2714704666915248,0.061,0.829,8,0.108125,0.16437364882660307,0.0,0.389,8,0.065,0.12074057194781593,0.0,0.278,8,0.21375,0.2518529899989845,0.0,0.565,8,0.0955,0.17498408090860315,0.0,0.5,8,0.316375,0.45134970208412517,0.0,1.0,8,0.035250000000000004,0.08749163225295156,0.0,0.25,8,0.599,0.3137901937828614,0.0,1.0,8
627,0.8694000000000001,0.07528290502812496,0.688,0.977,20,0.09555,0.07175578098845525,0.0,0.312,20,0.10794999999999999,0.18185288299235616,0.0,0.5,20,0.041249999999999995,0.11955922337794285,0.0,0.5,20,0.08530000000000001,0.1748485359570271,0.0,0.679,20,0.1326,0.25241661468378235,0.0,1.0,20,0.1,0.3077935056255462,0.0,1.0,20,0.0375,0.12234012123239822,0.0,0.5,20,0.5821,0.3537010185542526,0.0,1.0,20
628,0.8219090909090909,0.08141308806998364,0.681,0.913,11,0.10354545454545455,0.06234478909478103,0.022,0.213,11,0.08736363636363637,0.13815373518459262,0.0,0.4,11,0.17018181818181818,0.29550019227804847,0.0,1.0,11,0.15454545454545457,0.20784482848334893,0.0,0.531,11,0.11545454545454546,0.22935185355098553,0.0,0.6,11,0.09372727272727274,0.3007204984396943,0.0,1.0,11,0.00818181818181818,0.019727230833637966,0.0,0.062,11,0.45254545454545453,0.2794009175490888,0.0,0.8,11
629,0.53,0.33682207634166605,0.05,0.867,10,0.41950000000000004,0.36102331411327626,0.061,0.95,10,0.5333,0.397629098532791,0.0,1.0,10,0.3133,0.3405554449882003,0.0,1.0,10,0.1417,0.2486854550542825,0.0,0.667,10,0.25329999999999997,0.40950920488908293,0.0,1.0,10,0.26,0.36270588023294514,0.0,1.0,10,0.185,0.33002525155912943,0.0,1.0,10,0.40330000000000005,0.205474004844084,0.0,0.75,10
630,0.5595,0.26076919187007397,0.138,0.932,8,0.412625,0.2589632833875435,0.045,0.828,8,0.163,0.32450269644488317,0.0,0.875,8,0.229125,0.34823655240162743,0.0,1.0,8,0.073125,0.13580178570254517,0.0,0.312,8,0.194625,0.3456542192505601,0.0,1.0,8,0.08275,0.21012360308025504,0.0,0.6,8,0.04775,0.0885465979018957,0.0,0.2,8,0.1465,0.23210034775624838,0.0,0.636,8
631,0.4494444444444444,0.2848355275905339,0.0,0.815,9,0.5327777777777778,0.30131494228538425,0.167,1.0,9,0.40522222222222226,0.44595985743612,0.0,1.0,9,0.1547777777777778,0.25237708779610807,0.0,0.784,9,0.05555555555555555,0.16666666666666669,0.0,0.5,9,0.25,0.25124689052802224,0.0,0.75,9,0.21111111111111114,0.23443199677328844,0.0,0.667,9,0.15366666666666667,0.18057823789150232,0.0,0.5,9,0.26566666666666666,0.22859352571759334,0.0,0.667,9
632,0.3082,0.2922271286804874,0.0,0.829,20,0.6697,0.294961032216657,0.146,0.978,20,0.76595,0.2591844445868414,0.25,1.0,20,0.2003,0.21173943769096068,0.0,0.75,20,0.07345,0.13808787248095244,0.0,0.5,20,0.18334999999999999,0.18576450145278026,0.0,0.556,20,0.24125000000000002,0.24783247206636647,0.0,1.0,20,0.2259,0.19974296641328562,0.0,0.625,20,0.2853,0.1839433837381835,0.0,0.778,20
633,0.4402,0.35310605448545584,0.0,0.913,15,0.5407333333333334,0.3556652653161129,0.087,1.0,15,0.6180666666666667,0.38208478241403565,0.0,1.0,15,0.09286666666666667,0.06910950592736001,0.0,0.192,15,0.16326666666666664,0.17165974096061856,0.0,0.5,15,0.2763333333333334,0.2790659590917701,0.0,1.0,15,0.038066666666666665,0.07586780482868745,0.0,0.25,15,0.22226666666666667,0.25062022112769594,0.0,0.8,15,0.24593333333333334,0.2066133264498364,0.0,0.654,15
634,0.5163333333333333,0.3818717062051076,0.0,0.907,9,0.4592222222222222,0.3754216888306327,0.093,0.972,9,0.4728888888888889,0.43134251020634534,0.0,1.0,9,0.17122222222222222,0.31866745118452944,0.0,1.0,9,0.04677777777777778,0.09876712228492053,0.0,0.278,9,0.18722222222222223,0.16533660951055104,0.0,0.5,9,0.05044444444444444,0.07895269329020878,0.0,0.2,9,0.21044444444444443,0.23029715104138343,0.0,0.6,9,0.10688888888888888,0.1325966104812303,0.0,0.406,9
635,0.8536428571428571,0.054333170408079515,0.767,0.952,14,0.08357142857142856,0.038058081696501496,0.021,0.146,14,0.0,0.0,0.0,0.0,14,0.03571428571428571,0.13363062095621217,0.0,0.5,14,0.08207142857142857,0.17003731006219433,0.0,0.6,14,0.1125,0.2599463702085786,0.0,0.875,14,0.08928571428571429,0.186236585917123,0.0,0.5,14,0.03735714285714286,0.07292103963862571,0.0,0.25,14,0.6392857142857142,0.29308319337989724,0.0,1.0,14
636,0.8661764705882353,0.05070408673632443,0.773,0.933,17,0.09735294117647059,0.040664697798690495,0.044,0.184,17,0.11176470588235295,0.14500540050794863,0.0,0.4,17,0.058823529411764705,0.24253562503633297,0.0,1.0,17,0.06905882352941176,0.1378393406235296,0.0,0.5,17,0.09799999999999999,0.1646036907241147,0.0,0.5,17,0.05241176470588236,0.16154722948085856,0.0,0.667,17,0.05529411764705883,0.1370313671691095,0.0,0.5,17,0.6884705882352942,0.2917694118749982,0.0,1.0,17
637,0.6751153846153847,0.27681377522414985,0.045,0.953,26,0.29246153846153844,0.27364242810927264,0.023,0.909,26,0.19603846153846155,0.277074644205381,0.0,0.933,26,0.2843846153846154,0.35121675095850163,0.0,1.0,26,0.042,0.1103177229641729,0.0,0.5,26,0.12507692307692306,0.2280336682293951,0.0,1.0,26,0.3161923076923077,0.3588496085248826,0.0,1.0,26,0.02580769230769231,0.09954376694932505,0.0,0.5,26,0.6361153846153846,0.2958955662963643,0.0,1.0,26
638,0.7812222222222222,0.16772505610207572,0.438,0.953,9,0.18766666666666668,0.1667955335133408,0.023,0.5,9,0.1611111111111111,0.23687784005919826,0.0,0.6,9,0.13333333333333333,0.32787192621510003,0.0,1.0,9,0.0468888888888889,0.09320467322570854,0.0,0.222,9,0.09366666666666666,0.17010584939971934,0.0,0.5,9,0.03177777777777777,0.09533333333333333,0.0,0.286,9,0.022222222222222223,0.06666666666666667,0.0,0.2,9,0.6666666666666666,0.21650635094610965,0.5,1.0,9
639,0.4403333333333333,0.26350619566058625,0.068,0.85,12,0.5374166666666667,0.26054434566999546,0.1,0.886,12,0.33266666666666667,0.30477423338158577,0.0,0.87,12,0.16341666666666665,0.2552714983674987,0.0,0.767,12,0.13033333333333333,0.20016871671546269,0.0,0.5,12,0.09333333333333334,0.1258688591231751,0.0,0.333,12,0.48900000000000005,0.4085735718770411,0.0,1.0,12,0.02775,0.09612881982007271,0.0,0.333,12,0.5335,0.21454497303489883,0.222,0.867,12
640,0.6045294117647059,0.27055686039330507,0.0,0.909,17,0.36929411764705883,0.26878982605045765,0.068,1.0,17,0.482764705882353,0.30595312741737185,0.0,1.0,17,0.2117058823529412,0.24418941538943756,0.0,0.881,17,0.13447058823529412,0.27989933852348126,0.0,1.0,17,0.14405882352941177,0.2293900800460417,0.0,0.667,17,0.1511764705882353,0.23731894027187272,0.0,0.875,17,0.083,0.16572001991310525,0.0,0.5,17,0.39294117647058824,0.23359218485114056,0.0,1.0,17
641,0.2823,0.30363503311267187,0.0,0.763,10,0.6773,0.3184671795404425,0.184,1.0,10,0.8148,0.24644124835118184,0.286,1.0,10,0.1842,0.13293925095487955,0.0,0.465,10,0.0617,0.13976969151667562,0.0,0.417,10,0.3608,0.3346084942801728,0.0,1.0,10,0.0917,0.12696373060401497,0.0,0.333,10,0.08149999999999999,0.0931477321248349,0.0,0.222,10,0.2544,0.15748664846406646,0.028,0.462,10
642,0.23272727272727273,0.160415143243455,0.0,0.5,11,0.7378181818181818,0.17547354112903638,0.385,0.974,11,0.7414545454545455,0.26104496303754404,0.318,1.0,11,0.32099999999999995,0.2921780279213343,0.0,0.838,11,0.029727272727272727,0.0766212645537659,0.0,0.25,11,0.26563636363636367,0.3051439898563538,0.0,1.0,11,0.38127272727272726,0.26194583062499427,0.0,0.769,11,0.12763636363636363,0.14429086785190026,0.0,0.381,11,0.3221818181818182,0.1308593276628137,0.086,0.562,11
643,0.33749999999999997,0.34010471076672,0.0,0.972,22,0.6435,0.3415581593088886,0.028,1.0,22,0.6982727272727273,0.3425417849823207,0.0,1.0,22,0.184,0.1859016637134498,0.0,0.722,22,0.07463636363636363,0.14916259758894157,0.0,0.6,22,0.14372727272727273,0.17984310141215074,0.0,0.5,22,0.3015909090909091,0.2658634914836862,0.0,0.875,22,0.1912727272727273,0.1926793986116592,0.0,0.667,22,0.30613636363636365,0.2334915712671741,0.0,1.0,22
644,0.2494705882352941,0.19087467015264847,0.0,0.6,17,0.7125882352941177,0.20791706845023852,0.3,1.0,17,0.7655882352941177,0.2359115456117847,0.333,1.0,17,0.20676470588235296,0.1510378799390093,0.0,0.476,17,0.034999999999999996,0.06896285231920155,0.0,0.19,17,0.24794117647058822,0.2294595472485933,0.0,0.8,17,0.16876470588235296,0.21479336855794823,0.0,0.667,17,0.20658823529411766,0.22878266401312225,0.0,0.619,17,0.25188235294117645,0.1748863496506164,0.0,0.538,17
645,0.515375,0.32304707197912463,0.0,0.904,8,0.443875,0.3383655831451285,0.038,0.971,8,0.598125,0.357937519487889,0.0,1.0,8,0.15812500000000002,0.23975191791278155,0.0,0.633,8,0.0,0.0,0.0,0.0,8,0.326375,0.3093278138618825,0.0,0.778,8,0.104125,0.1979007236686401,0.0,0.5,8,0.53825,0.3652508922449257,0.0,1.0,8,0.1285,0.0950698990968525,0.0,0.25,8
646,0.493625,0.27256849292119834,0.062,0.83,16,0.478125,0.277157205691403,0.143,0.938,16,0.610125,0.32388946159659676,0.0,1.0,16,0.19062500000000002,0.15677196815757594,0.0,0.636,16,0.03125,0.08539125638299665,0.0,0.25,16,0.3373125,0.31666422148178763,0.0,1.0,16,0.103875,0.18183834395784992,0.0,0.667,16,0.3075625,0.2037105687816254,0.0,0.667,16,0.1276875,0.16560383198062378,0.0,0.548,16
647,0.3063636363636364,0.2720269371688299,0.0,0.761,11,0.6646363636363636,0.2800458079412269,0.239,1.0,11,0.6758181818181819,0.36767834262621946,0.0,1.0,11,0.19863636363636364,0.25374525521761887,0.0,0.824,11,0.063,0.09365148156863297,0.0,0.25,11,0.3417272727272727,0.23757865683141277,0.0,0.8,11,0.2131818181818182,0.3070217641086111,0.0,1.0,11,0.18418181818181817,0.18154658806037538,0.0,0.5,11,0.10763636363636363,0.08433655521453638,0.0,0.235,11
648,0.7590769230769231,0.15077713218437203,0.371,0.909,13,0.20076923076923076,0.15198528100123923,0.023,0.581,13,0.31369230769230766,0.34102086559216693,0.0,1.0,13,0.11846153846153847,0.18997395233058287,0.0,0.5,13,0.10023076923076922,0.17022052062259016,0.0,0.5,13,0.05500000000000001,0.10543560435956476,0.0,0.265,13,0.2576923076923077,0.38829013735766044,0.0,1.0,13,0.11953846153846154,0.1850340578490959,0.0,0.5,13,0.40176923076923077,0.382967177411275,0.0,1.0,13
649,0.6634,0.2503216597366943,0.211,0.911,10,0.3157,0.25501592542863327,0.06,0.789,10,0.1739,0.21720673715763666,0.0,0.625,10,0.1548,0.19982314402713436,0.0,0.5,10,0.131,0.21717632365328307,0.0,0.5,10,0.0034000000000000002,0.01075174404457249,0.0,0.034,10,0.08449999999999999,0.18184929658007112,0.0,0.5,10,0.1,0.31622776601683794,0.0,1.0,10,0.4345,0.3379688512931989,0.0,1.0,10
650,0.7225,0.23491214163110913,0.174,0.889,8,0.21075,0.2545577397313679,0.056,0.826,8,0.184,0.25799667771947316,0.0,0.75,8,0.15275,0.14083095236082566,0.0,0.333,8,0.181375,0.340316213248796,0.0,1.0,8,0.08,0.15417985786550906,0.0,0.4,8,0.138125,0.31766938676195144,0.0,0.905,8,0.05,0.14142135623730953,0.0,0.4,8,0.515375,0.29870288032472286,0.0,1.0,8
651,0.8435454545454545,0.06587012014011157,0.706,0.932,11,0.08454545454545455,0.0532228590670656,0.02,0.196,11,0.09081818181818183,0.1555440890434723,0.0,0.333,11,0.2,0.33996735137362827,0.0,1.0,11,0.14845454545454545,0.18301112733184483,0.0,0.444,11,0.13345454545454546,0.30461036214691173,0.0,1.0,11,0.08336363636363636,0.20759203873331597,0.0,0.667,11,0.007545454545454546,0.02502544159995438,0.0,0.083,11,0.6701818181818182,0.3687990830199604,0.0,1.0,11
652,0.261,0.2738842821338968,0.0,0.81,11,0.7238181818181818,0.2735861174043077,0.167,1.0,11,0.7613636363636364,0.28215147446975103,0.143,1.0,11,0.15754545454545454,0.1714994831691126,0.0,0.559,11,0.066,0.1207981787942186,0.0,0.333,11,0.28663636363636363,0.2698189291829885,0.0,0.818,11,0.23999999999999996,0.2583845970641439,0.0,0.6,11,0.23754545454545453,0.3213983085320654,0.0,1.0,11,0.3159090909090909,0.2290045652581863,0.0,0.681,11
653,0.35254545454545455,0.21891567492363975,0.095,0.706,11,0.6245454545454545,0.22141109440873266,0.265,0.905,11,0.7158181818181818,0.24521452574503744,0.25,0.973,11,0.24581818181818182,0.22708140310550232,0.0,0.676,11,0.02572727272727273,0.05771324095749763,0.0,0.158,11,0.2322727272727273,0.12529093415653897,0.0,0.5,11,0.053909090909090907,0.07547112632716507,0.0,0.167,11,0.374,0.2782577941406134,0.0,0.842,11,0.1880909090909091,0.15781600333645163,0.0,0.556,11
654,0.42233333333333334,0.31961461168100563,0.033,0.921,9,0.5383333333333333,0.33290389003434606,0.053,0.967,9,0.6263333333333333,0.4176664338919277,0.0,1.0,9,0.16866666666666666,0.197589220353743,0.0,0.545,9,0.027777777777777776,0.08333333333333334,0.0,0.25,9,0.4161111111111111,0.3329532416287775,0.0,1.0,9,0.12033333333333333,0.14494309228107424,0.0,0.333,9,0.23744444444444446,0.14922140522652164,0.0,0.429,9,0.15233333333333332,0.1566365219225708,0.0,0.5,9
655,0.625,0.28477447217052304,0.163,0.932,9,0.34055555555555556,0.29384907312730757,0.068,0.837,9,0.11644444444444445,0.17863028236493883,0.0,0.5,9,0.11777777777777779,0.22444196230750713,0.0,0.667,9,0.014777777777777779,0.04433333333333334,0.0,0.133,9,0.24444444444444446,0.3636619691111208,0.0,1.0,9,0.22677777777777777,0.37554952329146213,0.0,0.958,9,0.15555555555555556,0.3349627259528704,0.0,1.0,9,0.5873333333333333,0.3007087461315351,0.0,1.0,9
656,0.8382499999999999,0.05807814932116406,0.717,0.915,8,0.0955,0.04025632159762524,0.042,0.156,8,0.08750000000000001,0.1295751298888575,0.0,0.333,8,0.03125,0.08838834764831845,0.0,0.25,8,0.175625,0.23285184590820224,0.0,0.562,8,0.015625,0.04419417382415922,0.0,0.125,8,0.017875,0.05055813485483814,0.0,0.143,8,0.125,0.3535533905932738,0.0,1.0,8,0.512375,0.34691330226111866,0.0,1.0,8
657,0.3525,0.3067614242837117,0.041,0.84,8,0.62725,0.31423046592315923,0.14,0.959,8,0.908625,0.11207897406994512,0.714,1.0,8,0.364,0.33342079804869484,0.0,0.851,8,0.074125,0.1062294517945538,0.0,0.25,8,0.16475,0.12547708954227463,0.0,0.333,8,0.145875,0.35003119758917817,0.0,1.0,8,0.254,0.20679389325053651,0.0,0.556,8,0.149125,0.11415583021216469,0.0,0.286,8
658,0.14554545454545453,0.13999025940140525,0.0,0.375,11,0.8282727272727274,0.1402911906778832,0.562,1.0,11,0.8370909090909091,0.21883941808799187,0.379,1.0,11,0.14827272727272728,0.08649172319833952,0.034,0.269,11,0.10772727272727273,0.12005256424507633,0.0,0.364,11,0.2569090909090909,0.14041043732248296,0.059,0.5,11,0.23027272727272727,0.282321480199113,0.0,0.765,11,0.23336363636363638,0.1990659552647176,0.0,0.609,11,0.1889090909090909,0.11664772140548185,0.071,0.379,11
659,0.28175,0.26391021200400716,0.0,0.744,16,0.6930625,0.2735842268235994,0.205,1.0,16,0.7475625,0.2712836077490369,0.167,1.0,16,0.15512499999999999,0.12303867955511659,0.0,0.409,16,0.07037500000000001,0.13998803520301295,0.0,0.467,16,0.1934375,0.17686528536337104,0.0,0.625,16,0.1395625,0.2536795797195089,0.0,1.0,16,0.33475,0.26901189564775757,0.0,0.824,16,0.1796875,0.17114661112625046,0.0,0.658,16
660,0.85,0.0606937668408654,0.733,0.955,16,0.0685625,0.04525920716642452,0.0,0.152,16,0.0125,0.05,0.0,0.2,16,0.0625,0.1707825127659933,0.0,0.5,16,0.233125,0.28605637556258035,0.0,1.0,16,0.023375,0.055634371869675445,0.0,0.2,16,0.0338125,0.07852321843463457,0.0,0.25,16,0.025374999999999998,0.09090572039206334,0.0,0.364,16,0.400875,0.33352498657022184,0.0,1.0,16
661,0.319,0.2962473628574607,0.0,0.825,9,0.6549999999999999,0.2905331306408961,0.175,0.949,9,0.7267777777777779,0.23739249028653883,0.316,0.974,9,0.35,0.3368597631062517,0.0,0.917,9,0.030888888888888893,0.09266666666666666,0.0,0.278,9,0.11711111111111111,0.14374582119529983,0.0,0.4,9,0.4158888888888889,0.2291590301757954,0.056,0.692,9,0.1461111111111111,0.17781060460813664,0.0,0.5,9,0.3188888888888889,0.1840614329812498,0.0,0.579,9
662,0.55,0.20405391444419782,0.293,0.778,9,0.415,0.21058964836857486,0.154,0.683,9,0.5321111111111111,0.25177740389302433,0.2,0.889,9,0.3237777777777778,0.26192402418343463,0.0,0.889,9,0.05,0.09999999999999999,0.0,0.25,9,0.24300000000000002,0.2089000957395664,0.0,0.5,9,0.13622222222222222,0.2715302827392268,0.0,0.833,9,0.08333333333333333,0.11456439237389601,0.0,0.25,9,0.39322222222222225,0.16618873140031018,0.1,0.611,9
663,0.6438333333333334,0.2669272317670558,0.1,0.927,18,0.32266666666666666,0.2601881672039318,0.024,0.85,18,0.29583333333333334,0.3374728311504585,0.0,1.0,18,0.2178888888888889,0.27780439349612823,0.0,1.0,18,0.20033333333333334,0.2738007003815216,0.0,1.0,18,0.14922222222222223,0.25473482303242223,0.0,1.0,18,0.131,0.2634711726613168,0.0,1.0,18,0.13983333333333334,0.24175735282935829,0.0,1.0,18,0.5193333333333334,0.2759192123878036,0.0,1.0,18
664,0.5641111111111111,0.3212153188217393,0.0,0.927,18,0.4071666666666667,0.3298267370462683,0.024,1.0,18,0.4068333333333334,0.36685198970830346,0.0,1.0,18,0.24355555555555553,0.2969627075462551,0.0,0.85,18,0.1483888888888889,0.3056582364608222,0.0,1.0,18,0.04738888888888889,0.1762588800896497,0.0,0.75,18,0.38861111111111113,0.4445410242286107,0.0,1.0,18,0.0017777777777777779,0.007542472332656507,0.0,0.032,18,0.4905555555555556,0.1837665469851618,0.0,0.75,18
665,0.7906666666666666,0.12144309055036537,0.455,0.927,12,0.1655,0.1184494522033459,0.049,0.485,12,0.20125,0.2626802844108819,0.0,0.812,12,0.13058333333333333,0.2004007159909789,0.0,0.5,12,0.11916666666666668,0.1548799143813938,0.0,0.364,12,0.14083333333333334,0.23827136299656831,0.0,0.667,12,0.2784166666666667,0.32978903954810357,0.0,1.0,12,0.05833333333333333,0.15050420310248863,0.0,0.5,12,0.4779166666666667,0.26106267388688426,0.0,1.0,12
666,0.33336363636363636,0.28575418552569715,0.0,0.8,11,0.6266363636363637,0.2754284926173298,0.2,0.98,11,0.7070909090909091,0.3590435780084235,0.0,1.0,11,0.10009090909090909,0.11211106506090694,0.0,0.4,11,0.07463636363636364,0.12662090880046056,0.0,0.4,11,0.26245454545454544,0.2991856826909883,0.0,1.0,11,0.09927272727272728,0.17183834898478914,0.0,0.545,11,0.21118181818181817,0.29931048033165103,0.0,1.0,11,0.242,0.2183506354467511,0.0,0.75,11
667,0.22799999999999998,0.266936113871632,0.0,0.718,10,0.7433,0.27314589101390074,0.256,0.979,10,0.7564,0.2800953012418769,0.273,1.0,10,0.24630000000000002,0.24443406291086175,0.0,0.71,10,0.1552,0.19341481041763292,0.0,0.5,10,0.18930000000000002,0.28022413648125793,0.0,0.8,10,0.19820000000000002,0.33510688178881415,0.0,0.933,10,0.12810000000000002,0.13615958773928974,0.0,0.4,10,0.23679999999999998,0.18283252810518522,0.043,0.649,10
668,0.8282222222222222,0.06379611621756016,0.738,0.958,9,0.08966666666666667,0.04325216757574122,0.021,0.14,9,0.022222222222222223,0.06666666666666668,0.0,0.2,9,0.059222222222222225,0.12212880268161334,0.0,0.333,9,0.2376666666666667,0.22299215232828262,0.0,0.571,9,0.022222222222222223,0.06666666666666668,0.0,0.2,9,0.0898888888888889,0.1455622241899014,0.0,0.333,9,0.022222222222222223,0.06666666666666668,0.0,0.2,9,0.48888888888888893,0.38155387707519245,0.0,1.0,9
669,0.343,0.335437454250842,0.0,0.884,8,0.62975,0.3486515862167109,0.093,1.0,8,0.65925,0.3290048848964317,0.25,1.0,8,0.07400000000000001,0.07430247063763859,0.0,0.2,8,0.0625,0.1767766952966369,0.0,0.5,8,0.145375,0.12898940986430962,0.0,0.4,8,0.08175,0.10712175982764394,0.0,0.25,8,0.418875,0.2627537888812045,0.0,0.778,8,0.207125,0.13185862288288705,0.081,0.48,8
670,0.7595000000000001,0.18194600250098092,0.257,0.955,24,0.20358333333333334,0.18174538249422187,0.023,0.714,24,0.07145833333333333,0.19600775920015684,0.0,0.875,24,0.12354166666666666,0.17972998568303286,0.0,0.667,24,0.10675,0.182365674211006,0.0,0.533,24,0.059458333333333335,0.14188665996266991,0.0,0.538,24,0.19970833333333335,0.33277142947579247,0.0,1.0,24,0.04175,0.10511825638816007,0.0,0.4,24,0.5945833333333334,0.25987487234313805,0.0,1.0,24
671,0.8366153846153845,0.0547197990699565,0.756,0.918,13,0.09338461538461539,0.04208035658423547,0.02,0.159,13,0.07053846153846154,0.15157650179838528,0.0,0.5,13,0.06669230769230769,0.1472149135421774,0.0,0.5,13,0.12707692307692306,0.1959683059146987,0.0,0.625,13,0.12084615384615384,0.2222554259382082,0.0,0.692,13,0.016923076923076923,0.04345008925664315,0.0,0.143,13,0.03799999999999999,0.09411340676722595,0.0,0.286,13,0.5822307692307692,0.33838566602969306,0.0,1.0,13
672,0.8566666666666667,0.0737529660420515,0.744,0.932,9,0.08600000000000001,0.04897958758503383,0.024,0.184,9,0.12377777777777776,0.257853532929926,0.0,0.714,9,0.022222222222222223,0.06666666666666667,0.0,0.2,9,0.107,0.2028632544350997,0.0,0.6,9,0.13333333333333333,0.33166247903554,0.0,1.0,9,0.07411111111111111,0.22233333333333333,0.0,0.667,9,0.0661111111111111,0.1657139436230733,0.0,0.5,9,0.6228888888888888,0.3906246422220584,0.0,1.0,9
673,0.8361176470588235,0.05064568386464584,0.689,0.9,17,0.111,0.0413415650405255,0.045,0.2,17,0.061294117647058825,0.10633776651893388,0.0,0.333,17,0.014705882352941176,0.041513197759691964,0.0,0.125,17,0.16611764705882354,0.20257279011288176,0.0,0.5,17,0.054294117647058826,0.12635503784272034,0.0,0.5,17,0.058823529411764705,0.1436041587551165,0.0,0.5,17,0.0841764705882353,0.14585747979368321,0.0,0.5,17,0.561235294117647,0.29758770333545465,0.0,1.0,17
674,0.84675,0.06857453365985558,0.647,0.932,16,0.0791875,0.038709548778908115,0.038,0.206,16,0.08331250000000001,0.19245976852319033,0.0,0.667,16,0.0208125,0.08325000000000002,0.0,0.333,16,0.093625,0.15832450852600174,0.0,0.5,16,0.056875,0.1125645740601071,0.0,0.333,16,0.0104375,0.04175,0.0,0.167,16,0.0625,0.25,0.0,1.0,16,0.5705625,0.29639050114109033,0.0,1.0,16
675,0.6805,0.25306048903594397,0.243,0.919,10,0.30369999999999997,0.25548300661035495,0.06,0.73,10,0.294,0.33673167689159006,0.0,0.875,10,0.2686,0.3565106200693357,0.0,0.935,10,0.0723,0.11773609849527412,0.0,0.273,10,0.1165,0.16013553287415286,0.0,0.4,10,0.1516,0.31341849906403985,0.0,1.0,10,0.145,0.22311631246703792,0.0,0.667,10,0.4276,0.24296465220731642,0.0,0.75,10
676,0.60375,0.3048187986328927,0.0,0.953,8,0.358,0.29832197371296665,0.047,0.978,8,0.2765,0.3472981428110436,0.0,1.0,8,0.22699999999999998,0.2917983648245578,0.0,0.773,8,0.203,0.2938668308702333,0.0,0.724,8,0.012875,0.03641599923110719,0.0,0.103,8,0.20850000000000002,0.3532089628372579,0.0,0.9,8,0.102125,0.24984820391589768,0.0,0.714,8,0.66075,0.2965933965164142,0.0,0.917,8
677,0.7193076923076924,0.22823685964927776,0.143,0.929,13,0.2517692307692308,0.21927423995465656,0.071,0.829,13,0.18830769230769231,0.2824347666911732,0.0,0.966,13,0.22061538461538463,0.2894073076886445,0.0,0.759,13,0.06415384615384616,0.18379193224669674,0.0,0.667,13,0.13953846153846156,0.21890927168754007,0.0,0.667,13,0.24223076923076922,0.3130639321944092,0.0,0.75,13,0.11130769230769232,0.16335716728250432,0.0,0.5,13,0.5853076923076923,0.13965993497026066,0.345,0.833,13
678,0.21118181818181817,0.24236081291405923,0.021,0.822,11,0.7715454545454545,0.2495389202655023,0.133,0.979,11,0.7901818181818182,0.25887364415166647,0.333,1.0,11,0.24127272727272728,0.13764962107400872,0.034,0.485,11,0.051545454545454554,0.1259613937969596,0.0,0.4,11,0.15772727272727274,0.13082208598634323,0.0,0.357,11,0.077,0.15313001012211813,0.0,0.5,11,0.27472727272727276,0.22906596906091958,0.0,0.704,11,0.16527272727272727,0.1372604028182133,0.0,0.5,11
679,0.39137500000000003,0.34908530987629455,0.023,0.93,8,0.5856250000000001,0.35054363392552756,0.047,0.955,8,0.784125,0.212111451499307,0.429,1.0,8,0.110625,0.09012679560327375,0.0,0.286,8,0.13425,0.2580602089214287,0.0,0.75,8,0.248875,0.17991461268374745,0.0,0.5,8,0.053750000000000006,0.10277958385371512,0.0,0.263,8,0.340125,0.25971986969480354,0.0,0.667,8,0.22125,0.17074772535611044,0.0,0.5,8
680,0.796,0.19693789207090984,0.104,0.956,16,0.15831250000000002,0.1872316635436788,0.023,0.812,16,0.04975,0.13076314465475355,0.0,0.429,16,0.160875,0.3101743327012515,0.0,1.0,16,0.1054375,0.20337353769193606,0.0,0.64,16,0.0816875,0.21262853955509672,0.0,0.727,16,0.186875,0.3459618235200718,0.0,1.0,16,0.0883125,0.2572292670621547,0.0,1.0,16,0.7420625,0.23083514138882755,0.429,1.0,16
681,0.7781538461538461,0.2336057384261804,0.022,0.93,13,0.17423076923076924,0.24112553917207868,0.023,0.956,13,0.16669230769230767,0.29901459959211146,0.0,1.0,13,0.11023076923076923,0.2522852730033186,0.0,0.905,13,0.19746153846153847,0.32243930058865744,0.0,1.0,13,0.11276923076923076,0.1964811924189157,0.0,0.5,13,0.13976923076923076,0.2976334865361966,0.0,1.0,13,0.15384615384615385,0.3152125859780576,0.0,1.0,13,0.6562307692307693,0.25056873769026394,0.0,1.0,13
682,0.7351,0.1694969354033019,0.365,0.922,10,0.2169,0.1771242188095374,0.059,0.615,10,0.2292,0.2752763459991916,0.0,0.727,10,0.1699,0.19371253042703365,0.0,0.5,10,0.1699,0.2652652550854626,0.0,0.711,10,0.2238,0.3364298837301269,0.0,1.0,10,0.1477,0.2462271083550487,0.0,0.8,10,0.0189,0.05249433831905643,0.0,0.167,10,0.5942000000000001,0.1957031766051163,0.333,1.0,10
683,0.45436363636363636,0.33150784990020155,0.0,0.892,11,0.5002727272727273,0.3510732376325746,0.022,1.0,11,0.5480909090909091,0.39248425561936995,0.0,1.0,11,0.28690909090909095,0.3809014188856362,0.0,1.0,11,0.1729090909090909,0.2768481369073863,0.0,0.853,11,0.14072727272727273,0.2620794119762523,0.0,0.769,11,0.2701818181818182,0.35185417950674347,0.0,1.0,11,0.025272727272727277,0.05760571310050924,0.0,0.167,11,0.5710909090909091,0.3143811236526311,0.0,1.0,11
684,0.5961538461538461,0.3001440893287328,0.025,0.93,13,0.372,0.3099077819825332,0.023,0.975,13,0.3213846153846154,0.3768148392472397,0.0,1.0,13,0.291,0.34304542945019206,0.0,0.824,13,0.042769230769230775,0.09459664709187975,0.0,0.312,13,0.11346153846153847,0.22774203805497986,0.0,0.667,13,0.25384615384615383,0.35966508637755534,0.0,1.0,13,0.19292307692307692,0.3709237256585378,0.0,1.0,13,0.36161538461538456,0.301945783892169,0.0,0.8,13
