,smooth,smooth,smooth,smooth,smooth,disk,disk,disk,disk,disk,spiral,spiral,spiral,spiral,spiral,bar,bar,bar,bar,bar,merger,merger,merger,merger,merger,disturbed,disturbed,disturbed,disturbed,disturbed,ring,ring,ring,ring,ring,irregular,irregular,irregular,irregular,irregular,bulge,bulge,bulge,bulge,bulge
,mean,std,min,max,count,mean,std,min,max,count,mean,std,min,max,count,mean,std,min,max,count,mean,std,min,max,count,mean,std,min,max,count,mean,std,min,max,count,mean,std,min,max,count,mean,std,min,max,count
cluster,,,,,,,,,,,,,,,,,,,,,,,,,,,,,,,,,,,,,,,,,,,,,
-1,0.6467343594836147,0.28030775692143206,0.0,1.0,2014,0.31213853028798416,0.28825586342144954,0.0,1.0,2014,0.30555064548162864,0.35109995939534416,0.0,1.0,2014,0.1620575968222443,0.24870622139332563,0.0,1.0,2014,0.10178848063555114,0.18531292782333186,0.0,1.0,2014,0.16457795431976166,0.25094456953720756,0.0,1.0,2014,0.14637785501489572,0.2707197298082805,0.0,1.0,2014,0.1497408142999007,0.24465335301628,0.0,1.0,2014,0.38918023833167825,0.31524125675740733,0.0,1.0,2014
0,0.5000909090909091,0.2900639427938104,0.062,0.927,11,0.4703636363636364,0.296371143240118,0.049,0.906,11,0.5203636363636364,0.37368871343065013,0.0,1.0,11,0.27036363636363636,0.2534463543739672,0.0,0.75,11,0.02045454545454545,0.03716009589967076,0.0,0.091,11,0.21309090909090908,0.17228723373799615,0.0,0.5,11,0.25663636363636366,0.29297142274538407,0.0,0.8,11,0.20863636363636362,0.2531494707587882,0.0,0.667,11,0.3743636363636364,0.2584330755639737,0.0,0.833,11
1,0.7573846153846154,0.21509166203487085,0.2,0.958,13,0.1930769230769231,0.22743843912088302,0.021,0.8,13,0.22115384615384615,0.23629425375783975,0.0,0.667,13,0.1300769230769231,0.2099204061616615,0.0,0.641,13,0.13,0.18898765391774497,0.0,0.5,13,0.020615384615384615,0.050455489396659406,0.0,0.143,13,0.19692307692307692,0.3099073682942646,0.0,0.857,13,0.14376923076923076,0.2477364708200207,0.0,0.75,13,0.5856923076923077,0.3312744040357341,0.0,1.0,13
2,0.4298048780487805,0.25838704048763794,0.0,0.9,82,0.4415731707317074,0.3114315425435531,0.023,0.975,82,0.28073170731707314,0.3560393600373624,0.0,1.0,82,0.18697560975609756,0.2967821238339691,0.0,1.0,82,0.12642682926829268,0.21820253534685993,0.0,0.841,82,0.119,0.2147998781524817,0.0,1.0,82,0.1384512195121951,0.2734499368466875,0.0,1.0,82,0.14241463414634148,0.23321314106609403,0.0,0.867,82,0.3144512195121951,0.3255642832519541,0.0,1.0,82
3,0.7087499999999999,0.28102931746123444,0.088,0.956,12,0.24525,0.2920682127673104,0.0,0.882,12,0.34,0.38845100311130853,0.0,1.0,12,0.39516666666666667,0.40639542618519026,0.0,1.0,12,0.10066666666666667,0.11793166999529342,0.0,0.333,12,0.18258333333333332,0.2802529566248494,0.0,0.818,12,0.07008333333333333,0.12361631131951165,0.0,0.375,12,0.09000000000000001,0.120074976577137,0.0,0.333,12,0.2795,0.2673698493915056,0.0,1.0,12
4,0.6895384615384615,0.24386116794350274,0.179,0.911,13,0.26469230769230767,0.2471707859677139,0.061,0.757,13,0.1614615384615385,0.21031865323227011,0.0,0.571,13,0.11553846153846153,0.2091441350618497,0.0,0.571,13,0.21923076923076923,0.23108661934656805,0.0,0.636,13,0.08976923076923077,0.27735781758291755,0.0,1.0,13,0.29830769230769233,0.4128228806270684,0.0,1.0,13,0.015615384615384616,0.03395226664386945,0.0,0.111,13,0.5702307692307692,0.3165523005355655,0.0,1.0,13
5,0.7014363636363636,0.20594549473427867,0.167,0.953,55,0.2536909090909091,0.21268668250698003,0.0,0.829,55,0.14525454545454544,0.23520127063950508,0.0,1.0,55,0.1841090909090909,0.2926393731089559,0.0,1.0,55,0.1416181818181818,0.22486691462491612,0.0,1.0,55,0.0747090909090909,0.15139030654511837,0.0,0.5,55,0.21485454545454546,0.3407863139630343,0.0,1.0,55,0.10761818181818181,0.20163998821782558,0.0,1.0,55,0.5196545454545455,0.29481979544208314,0.0,1.0,55
6,0.6817692307692307,0.23931922678233006,0.128,0.925,13,0.27838461538461534,0.2369442756084007,0.065,0.872,13,0.15553846153846151,0.20258562608792338,0.0,0.5,13,0.11976923076923077,0.17943343884114513,0.0,0.571,13,0.18876923076923077,0.3053779499369467,0.0,1.0,13,0.1893846153846154,0.32591449248270077,0.0,1.0,13,0.05607692307692307,0.10093105034169081,0.0,0.333,13,0.056615384615384616,0.10902105183674271,0.0,0.286,13,0.2956153846153846,0.28472019553166533,0.0,0.75,13
7,0.5805833333333333,0.24833425360821956,0.075,0.915,12,0.37883333333333336,0.2530382052839716,0.043,0.925,12,0.2594166666666667,0.2679550363683271,0.0,0.857,12,0.28175,0.30797110992015886,0.0,0.8,12,0.10533333333333332,0.20777012355587662,0.0,0.714,12,0.16425,0.2246775972972667,0.0,0.667,12,0.13425,0.277742891243617,0.0,1.0,12,0.17658333333333334,0.2995164157994238,0.0,1.0,12,0.3681666666666667,0.24114380218727027,0.0,0.75,12
8,0.6101860465116279,0.2937415656997015,0.018,0.976,43,0.3557674418604651,0.29739038294321096,0.02,0.982,43,0.43986046511627913,0.3570809286285879,0.0,1.0,43,0.2176279069767442,0.25155014867396897,0.0,0.9,43,0.07162790697674419,0.1383907551371106,0.0,0.531,43,0.25616279069767445,0.32869843830539797,0.0,1.0,43,0.18358139534883722,0.27774073492396084,0.0,0.962,43,0.13404651162790698,0.21539918130988822,0.0,1.0,43,0.236046511627907,0.2235769765692059,0.0,0.714,43
9,0.5700000000000001,0.3299611809779765,0.0,0.955,43,0.38525581395348835,0.3377035959467905,0.023,1.0,43,0.45409302325581397,0.3921702627050732,0.0,1.0,43,0.2583720930232558,0.2956279855990033,0.0,1.0,43,0.19593023255813954,0.27726696739259704,0.0,1.0,43,0.20169767441860464,0.25647960420940946,0.0,1.0,43,0.09748837209302326,0.17142294841276332,0.0,0.688,43,0.16951162790697674,0.26745906425479155,0.0,1.0,43,0.3524186046511628,0.19690585526109144,0.0,0.714,43
10,0.7430000000000001,0.19063009556031107,0.171,0.977,13,0.2226923076923077,0.2009317399082686,0.0,0.829,13,0.2366923076923077,0.24538961694123101,0.0,0.69,13,0.07038461538461539,0.10583362608479599,0.0,0.333,13,0.1516153846153846,0.2280166435670645,0.0,0.6,13,0.25453846153846155,0.30468743967783757,0.0,1.0,13,0.18361538461538462,0.2617978031679979,0.0,0.875,13,0.08461538461538462,0.1984735660239328,0.0,0.667,13,0.306,0.31574620610019477,0.0,0.889,13
11,0.6756153846153846,0.22109181292754765,0.132,0.905,13,0.286,0.2344696142360455,0.068,0.842,13,0.3575384615384615,0.3476891848055807,0.0,0.933,13,0.2785384615384615,0.35135395623801163,0.0,1.0,13,0.0826923076923077,0.11832468368531888,0.0,0.333,13,0.264,0.311555773498101,0.0,0.9,13,0.21346153846153845,0.3023584008492282,0.0,1.0,13,0.025615384615384616,0.09235758267150065,0.0,0.333,13,0.3951538461538462,0.31415968502070357,0.0,1.0,13
12,0.7526875,0.24598628830131586,0.114,1.0,32,0.21484375,0.2473292319802402,0.0,0.829,32,0.1758125,0.29942627263140337,0.0,1.0,32,0.147875,0.28094825031460635,0.0,1.0,32,0.18106250000000002,0.269349986676407,0.0,1.0,32,0.15765625,0.2519721706823734,0.0,1.0,32,0.20878125,0.35321096084762604,0.0,1.0,32,0.025875000000000002,0.07085730777073124,0.0,0.333,32,0.60421875,0.2859478561054276,0.0,1.0,32
13,0.46316666666666667,0.33925127006751826,0.0,0.878,12,0.5194166666666666,0.3387652601952442,0.122,0.98,12,0.6583333333333333,0.32444983737042765,0.0,1.0,12,0.21458333333333335,0.3096541937338645,0.0,0.824,12,0.11358333333333333,0.22577964250502522,0.0,0.667,12,0.124,0.1734494948759646,0.0,0.5,12,0.12483333333333334,0.14641897128280593,0.0,0.5,12,0.22583333333333333,0.2355086693379531,0.0,0.75,12,0.32958333333333334,0.24971709750811774,0.0,0.6,12
14,0.7580701754385966,0.17161791652733394,0.031,1.0,57,0.19889473684210526,0.17662456998335344,0.0,0.938,57,0.1268421052631579,0.21956033904419758,0.0,1.0,57,0.14528070175438598,0.25392544985726234,0.0,1.0,57,0.07833333333333332,0.18566418738192478,0.0,1.0,57,0.21142105263157895,0.3295837714542617,0.0,1.0,57,0.16087719298245615,0.3174356554695905,0.0,1.0,57,0.13094736842105265,0.2347867133205789,0.0,1.0,57,0.43863157894736843,0.31322815917354585,0.0,1.0,57
15,0.3610769230769231,0.3399964366329108,0.0,0.894,13,0.614,0.3542515584534056,0.07,1.0,13,0.6862307692307692,0.3276029491742898,0.0,1.0,13,0.24753846153846154,0.30682693693802254,0.0,1.0,13,0.062461538461538464,0.14080223446653548,0.0,0.417,13,0.2290769230769231,0.2831143648594038,0.0,0.667,13,0.2380769230769231,0.2241173284756824,0.0,0.722,13,0.19784615384615384,0.19014855865605285,0.0,0.667,13,0.3261538461538462,0.23588798406370984,0.0,0.704,13
16,0.7786571428571428,0.17817373260836358,0.162,0.933,35,0.18111428571428573,0.18024244643201642,0.0,0.784,35,0.1403714285714286,0.22363876935733631,0.0,0.821,35,0.11919999999999999,0.1977273523879611,0.0,1.0,35,0.12234285714285714,0.2142230754387122,0.0,1.0,35,0.22271428571428573,0.29228688278597026,0.0,1.0,35,0.14194285714285715,0.2892747465500517,0.0,1.0,35,0.18180000000000002,0.260866294352896,0.0,1.0,35,0.4399714285714286,0.3614110813850333,0.0,1.0,35
17,0.7033333333333333,0.21972310398372408,0.261,0.956,12,0.23916666666666667,0.2316776103802764,0.0,0.674,12,0.211,0.3305947807980475,0.0,0.806,12,0.19516666666666668,0.33831530031058665,0.0,1.0,12,0.12875,0.1663261445583236,0.0,0.5,12,0.17408333333333334,0.18700241045278404,0.0,0.5,12,0.05308333333333334,0.11667083325893124,0.0,0.333,12,0.14008333333333334,0.22811100102335877,0.0,0.571,12,0.3665833333333333,0.3402273192850315,0.0,1.0,12
18,0.7050483870967742,0.2338695466139648,0.0,0.952,62,0.24912903225806451,0.24403214541483967,0.022,1.0,62,0.33262903225806456,0.37583678153744493,0.0,1.0,62,0.17237096774193547,0.2541561565852688,0.0,1.0,62,0.06466129032258065,0.13121212253426556,0.0,0.5,62,0.24938709677419355,0.26812557339699233,0.0,1.0,62,0.0905,0.16562111115137584,0.0,0.636,62,0.17556451612903226,0.2791655376452803,0.0,1.0,62,0.3021451612903226,0.3067796692546726,0.0,1.0,62
19,0.6465,0.28382555283914174,0.0,0.958,10,0.2999,0.3109077926903016,0.021,1.0,10,0.3533,0.4597922356891208,0.0,1.0,10,0.1266,0.2917629174518242,0.0,0.925,10,0.0125,0.03952847075210474,0.0,0.125,10,0.14730000000000001,0.258102499019285,0.0,0.667,10,0.2536,0.36701746855186906,0.0,1.0,10,0.085,0.1453921899170959,0.0,0.4,10,0.3772,0.3164405508499538,0.0,1.0,10
20,0.8039090909090909,0.18176603343059147,0.324,0.979,11,0.127,0.18928391373806705,0.0,0.676,11,0.08836363636363637,0.1545381976905857,0.0,0.389,11,0.045454545454545456,0.10772684311383458,0.0,0.333,11,0.08427272727272728,0.19936102473105966,0.0,0.615,11,0.09981818181818182,0.164485147160355,0.0,0.5,11,0.1679090909090909,0.33889244740638724,0.0,1.0,11,0.05518181818181819,0.1635156372839113,0.0,0.545,11,0.3851818181818182,0.3762716620161073,0.0,1.0,11
21,0.5497678571428571,0.24663767986637838,0.0,0.955,56,0.4185892857142857,0.24775668245538546,0.043,0.983,56,0.36657142857142855,0.376957574518689,0.0,1.0,56,0.22728571428571429,0.27522022350941333,0.0,1.0,56,0.12185714285714286,0.21978720523364317,0.0,0.808,56,0.12796428571428572,0.19610145465926687,0.0,1.0,56,0.14294642857142859,0.2777866034889409,0.0,1.0,56,0.10282142857142858,0.17617523375041394,0.0,0.667,56,0.30562500000000004,0.3267690628785801,0.0,1.0,56
22,0.6980000000000001,0.26300190113381317,0.145,0.975,14,0.25542857142857145,0.2607980988267521,0.025,0.806,14,0.42128571428571426,0.39681703370918725,0.0,1.0,14,0.4217142857142857,0.38212753178677217,0.0,1.0,14,0.11307142857142857,0.1537357694656218,0.0,0.444,14,0.12085714285714287,0.1712833267483383,0.0,0.5,14,0.104,0.27896953238660316,0.0,1.0,14,0.2095,0.23919922497944937,0.0,0.8,14,0.20464285714285715,0.283963596567983,0.0,1.0,14
23,0.7608181818181818,0.18521815147647822,0.432,0.939,11,0.1889090909090909,0.16331714823952476,0.02,0.5,11,0.1060909090909091,0.19041557422934424,0.0,0.5,11,0.18936363636363637,0.4015525551474608,0.0,1.0,11,0.028181818181818183,0.06292983105303586,0.0,0.167,11,0.09918181818181818,0.3000122724762499,0.0,1.0,11,0.24318181818181817,0.3890629301750086,0.0,1.0,11,0.2510909090909091,0.3982462691715905,0.0,1.0,11,0.4571818181818182,0.42754551060251306,0.0,1.0,11
24,0.5660499999999999,0.22110285175146788,0.171,0.902,20,0.41305,0.2281634859388975,0.073,0.829,20,0.30765000000000003,0.3771126140613842,0.0,1.0,20,0.13374999999999998,0.24371421464709978,0.0,1.0,20,0.12985,0.27278780552309384,0.0,0.8,20,0.22480000000000003,0.3000593976286415,0.0,1.0,20,0.14905,0.28402121399641966,0.0,1.0,20,0.07554999999999999,0.22618610758213664,0.0,1.0,20,0.20475,0.29479928497378116,0.0,0.857,20
25,0.5702,0.22991244710396463,0.163,0.898,10,0.3943,0.2451081620654667,0.061,0.816,10,0.5593,0.3188144880299165,0.143,1.0,10,0.2218,0.19695504281152307,0.0,0.5,10,0.08009999999999999,0.1421082920404952,0.0,0.368,10,0.1346,0.3124886486827251,0.0,1.0,10,0.0458,0.10828850354492853,0.0,0.333,10,0.054900000000000004,0.10970105843711,0.0,0.333,10,0.26749999999999996,0.27265250574474625,0.0,0.714,10
26,0.46335714285714286,0.28737207378450813,0.024,0.848,14,0.5132142857142857,0.29226678502076425,0.109,0.976,14,0.47235714285714286,0.3992413203416348,0.0,1.0,14,0.224,0.2940384590229914,0.0,0.926,14,0.10835714285714286,0.21944181185728664,0.0,0.75,14,0.12942857142857142,0.17325379972998897,0.0,0.5,14,0.16071428571428573,0.2744153024919679,0.0,0.667,14,0.16585714285714287,0.22398140621415505,0.0,0.667,14,0.18285714285714286,0.18469636502310288,0.0,0.5,14
27,0.6672380952380953,0.26412052030287964,0.068,0.977,42,0.30300000000000005,0.2685241507056584,0.0,0.932,42,0.5168571428571428,0.36207926442731153,0.0,1.0,42,0.1460952380952381,0.21920541758524678,0.0,0.76,42,0.08119047619047619,0.15151724333895464,0.0,0.667,42,0.1915952380952381,0.2775703874277139,0.0,1.0,42,0.15095238095238095,0.26634645990046474,0.0,1.0,42,0.1696904761904762,0.2618639088082836,0.0,1.0,42,0.2224761904761905,0.2681959820450962,0.0,1.0,42
28,0.4875238095238095,0.32525276617541915,0.026,0.949,21,0.4785714285714286,0.3274711546729836,0.041,0.947,21,0.5611428571428572,0.4140160969955499,0.0,1.0,21,0.21733333333333332,0.28354617495803636,0.0,0.8,21,0.10385714285714286,0.209221960060192,0.0,0.852,21,0.13842857142857143,0.257768805604668,0.0,1.0,21,0.19857142857142857,0.3641037724919328,0.0,1.0,21,0.1384761904761905,0.2690681361751367,0.0,1.0,21,0.2895238095238095,0.26121420693515485,0.0,1.0,21
29,0.47989999999999994,0.2732757866250787,0.021,0.762,10,0.4963,0.26455163327159154,0.226,0.936,10,0.4083,0.32163991253159696,0.0,0.769,10,0.1199,0.18647338207428485,0.0,0.615,10,0.1998,0.37640840703800565,0.0,1.0,10,0.2056,0.32334646021463315,0.0,1.0,10,0.14179999999999998,0.3119183653885527,0.0,1.0,10,0.1392,0.18193759613914023,0.0,0.444,10,0.2522,0.23425570074884697,0.0,0.6,10
30,0.45170000000000005,0.2401384091634563,0.108,0.829,10,0.5245,0.24988008235062584,0.146,0.892,10,0.4807,0.41147054707610736,0.0,1.0,10,0.34290000000000004,0.2993969679947418,0.0,1.0,10,0.028599999999999997,0.06029409405387709,0.0,0.143,10,0.21989999999999998,0.34897069281595045,0.0,1.0,10,0.0611,0.15810998281786848,0.0,0.5,10,0.0397,0.09330719872192784,0.0,0.286,10,0.2237,0.16580782048303191,0.0,0.412,10
31,0.6880666666666666,0.1947916347084262,0.2,0.93,15,0.2794,0.20343788100688484,0.023,0.78,15,0.42593333333333333,0.3757916342615311,0.0,1.0,15,0.1996666666666667,0.2820518358302922,0.0,1.0,15,0.1028,0.20781970207713363,0.0,0.765,15,0.26566666666666666,0.3521474258372614,0.0,1.0,15,0.17713333333333334,0.2417793760159594,0.0,0.714,15,0.14206666666666667,0.2570034648645441,0.0,1.0,15,0.28726666666666667,0.21454219254252152,0.0,0.6,15
32,0.4553125,0.3116110222162667,0.0,0.958,16,0.521875,0.31647029876435484,0.0,1.0,16,0.6313125,0.34018009323494125,0.0,1.0,16,0.21756250000000002,0.20422372331995778,0.0,0.562,16,0.06318750000000001,0.09605499726719065,0.0,0.333,16,0.14956250000000001,0.19958054973702555,0.0,0.667,16,0.1305,0.16038620057016542,0.0,0.5,16,0.14656249999999998,0.2303029797896675,0.0,0.75,16,0.24181249999999999,0.22128238934296904,0.0,0.667,16
33,0.8108749999999999,0.14626637775261128,0.419,0.952,24,0.15429166666666666,0.15561364620128265,0.019,0.581,24,0.19975,0.26448362322934427,0.0,1.0,24,0.09558333333333334,0.2401486707395463,0.0,1.0,24,0.09891666666666667,0.22739276816665205,0.0,1.0,24,0.19129166666666667,0.2675698168404986,0.0,1.0,24,0.13575,0.2687002936844077,0.0,1.0,24,0.05620833333333333,0.1305603239441669,0.0,0.545,24,0.49795833333333334,0.3655706057024049,0.0,1.0,24
34,0.8047857142857142,0.19077299380372253,0.227,0.955,14,0.1677857142857143,0.19692176446162907,0.023,0.773,14,0.22407142857142856,0.3115098379198948,0.0,0.941,14,0.14778571428571427,0.2376416754991976,0.0,0.676,14,0.049999999999999996,0.1400549342771779,0.0,0.5,14,0.10121428571428571,0.26989575724753395,0.0,1.0,14,0.074,0.20895932618574362,0.0,0.75,14,0.125,0.2137126035662776,0.0,0.5,14,0.6485714285714286,0.23591873251534803,0.333,1.0,14
35,0.3916,0.3844101397668323,0.0,0.907,10,0.5936,0.3837676380311399,0.093,0.978,10,0.686,0.4051542915976579,0.0,1.0,10,0.49260000000000004,0.32609412410802163,0.0,1.0,10,0.1,0.21081851067789195,0.0,0.5,10,0.1562,0.31598832608535116,0.0,1.0,10,0.1083,0.24857373151642553,0.0,0.75,10,0.0888,0.12259581287031515,0.0,0.333,10,0.3339,0.28157590253586845,0.0,1.0,10
36,0.58795,0.2695761732013695,0.0,0.9,20,0.37770000000000004,0.26811056242567266,0.083,0.975,20,0.3532,0.4116400573827883,0.0,1.0,20,0.0806,0.17752936006252748,0.0,0.5,20,0.06989999999999999,0.1712999523765565,0.0,0.5,20,0.21895000000000003,0.2676927687126655,0.0,1.0,20,0.1,0.3077935056255462,0.0,1.0,20,0.09165,0.17288489477714722,0.0,0.5,20,0.2371,0.30169292509542145,0.0,1.0,20
37,0.44780000000000003,0.26635471336796984,0.0,0.9,25,0.51576,0.2764026772663391,0.1,1.0,25,0.5106,0.32698993358613754,0.0,1.0,25,0.185,0.26733265793763394,0.0,1.0,25,0.04916,0.11866503276028705,0.0,0.48,25,0.18464,0.2211865502240134,0.0,0.6,25,0.34844,0.29591525813989383,0.0,1.0,25,0.09247999999999999,0.16969681788413124,0.0,0.632,25,0.41812,0.21817430340593885,0.0,0.889,25
38,0.4015333333333333,0.2740315067043691,0.0,0.842,15,0.5789333333333333,0.26578521582733106,0.158,0.978,15,0.6885333333333333,0.3647121892018156,0.0,1.0,15,0.24206666666666668,0.22883196163706387,0.0,0.805,15,0.11426666666666667,0.22044515568881679,0.0,0.697,15,0.12493333333333334,0.11174682268839854,0.0,0.333,15,0.17226666666666668,0.2449695219137815,0.0,0.667,15,0.12193333333333335,0.16670138685971508,0.0,0.4,15,0.2928,0.1631371902943742,0.0,0.556,15
39,0.46544444444444444,0.26780331286054876,0.0,0.956,18,0.5137222222222222,0.2761314276924616,0.022,0.975,18,0.373,0.35268432810959666,0.0,1.0,18,0.28205555555555556,0.3054629027677834,0.0,1.0,18,0.12738888888888888,0.2644108075767681,0.0,1.0,18,0.04877777777777778,0.09080137052318588,0.0,0.333,18,0.38433333333333336,0.393962673657409,0.0,1.0,18,0.0641111111111111,0.14439443075820801,0.0,0.5,18,0.39411111111111113,0.24477093466650884,0.0,0.75,18
40,0.8352499999999999,0.2233314393859087,0.148,0.958,12,0.13458333333333333,0.21885838440471597,0.02,0.815,12,0.15066666666666667,0.25255218482643554,0.0,0.85,12,0.03125,0.07769769506350763,0.0,0.25,12,0.1625,0.3068350163731761,0.0,1.0,12,0.15958333333333333,0.22960458434342104,0.0,0.667,12,0.09025,0.1720592524790119,0.0,0.5,12,0.09375,0.20580976432353518,0.0,0.667,12,0.49933333333333335,0.3527178458596599,0.0,1.0,12
41,0.8268064516129032,0.08471655460213144,0.611,0.96,31,0.13806451612903226,0.0799403675597717,0.02,0.357,31,0.1582258064516129,0.25415529500385114,0.0,1.0,31,0.07977419354838709,0.11858968748797098,0.0,0.4,31,0.10670967741935483,0.22925548972683832,0.0,1.0,31,0.21593548387096775,0.32590243279074294,0.0,1.0,31,0.16193548387096773,0.2940406928169264,0.0,1.0,31,0.060000000000000005,0.19560282888206565,0.0,1.0,31,0.5620322580645162,0.37019494718962764,0.0,1.0,31
42,0.6405384615384615,0.27928438773187664,0.043,0.906,13,0.3053076923076923,0.3014043199799301,0.045,0.957,13,0.28592307692307695,0.3733535994957197,0.0,1.0,13,0.1346923076923077,0.21125907657636256,0.0,0.643,13,0.03323076923076924,0.06679964302069516,0.0,0.182,13,0.152,0.25478912849648827,0.0,0.944,13,0.2086923076923077,0.35337666038175763,0.0,0.867,13,0.11307692307692307,0.14485766665849478,0.0,0.4,13,0.3528461538461538,0.32055910691421796,0.0,1.0,13
43,0.58255,0.326542569966,0.0,0.95,20,0.37315,0.33184671080739103,0.025,1.0,20,0.44545,0.3821740406783552,0.0,1.0,20,0.1995,0.2938989264141134,0.0,0.909,20,0.0438,0.10239017222576127,0.0,0.333,20,0.1252,0.242440573293637,0.0,1.0,20,0.17115,0.27162886347677445,0.0,0.929,20,0.18895,0.29639704434210684,0.0,1.0,20,0.2931,0.26970371657958686,0.0,0.867,20
44,0.5035999999999999,0.2856471016248312,0.0,0.857,10,0.44980000000000003,0.286522366782537,0.114,0.919,10,0.46109999999999995,0.3583181237082179,0.0,1.0,10,0.3205,0.2598376629957849,0.0,0.758,10,0.06470000000000001,0.11275543840049973,0.0,0.308,10,0.2609,0.32502938328711145,0.0,1.0,10,0.0654,0.16018891624856224,0.0,0.5,10,0.0912,0.12877007934040163,0.0,0.333,10,0.24359999999999998,0.23802296807941312,0.0,0.667,10
45,0.7678,0.12287102542458446,0.56,0.933,10,0.1935,0.12477735727642611,0.043,0.42,10,0.18480000000000002,0.17902935823800273,0.0,0.5,10,0.28500000000000003,0.32493589111289833,0.0,1.0,10,0.1071,0.20825649249583236,0.0,0.5,10,0.08990000000000001,0.1820845041915063,0.0,0.5,10,0.09290000000000001,0.1965640692836138,0.0,0.5,10,0.1986,0.22022170646873118,0.0,0.5,10,0.6325000000000001,0.22985756459164008,0.2,1.0,10
46,0.6654166666666667,0.22379067261956015,0.216,0.932,12,0.29483333333333334,0.2416721420487356,0.023,0.784,12,0.16316666666666665,0.1948849699570275,0.0,0.568,12,0.3106666666666667,0.333407022157966,0.0,1.0,12,0.057499999999999996,0.12830751412843358,0.0,0.429,12,0.15883333333333335,0.3016436287871481,0.0,1.0,12,0.13508333333333333,0.28838624930443335,0.0,0.955,12,0.3431666666666667,0.4178263739735427,0.0,1.0,12,0.21733333333333335,0.26163066727852463,0.0,0.8,12
47,0.48466666666666663,0.28838526419715105,0.068,0.894,12,0.47300000000000003,0.30188739622581134,0.064,0.909,12,0.5854166666666667,0.31547034389746986,0.0,1.0,12,0.08875,0.1086563598941845,0.0,0.333,12,0.08908333333333333,0.17802270454448593,0.0,0.5,12,0.29191666666666666,0.33541357329648297,0.0,1.0,12,0.15175,0.2890939215108914,0.0,0.957,12,0.11033333333333332,0.18209854142161266,0.0,0.5,12,0.30491666666666667,0.24309125048139035,0.0,0.75,12
48,0.6783333333333333,0.2700782153825858,0.139,0.958,12,0.27775,0.28294462195084935,0.021,0.861,12,0.32,0.3685970946464692,0.0,1.0,12,0.24708333333333332,0.36805272802420663,0.0,1.0,12,0.16458333333333333,0.22018110658494225,0.0,0.5,12,0.08425,0.1542419144779336,0.0,0.5,12,0.17991666666666664,0.35026962558300795,0.0,0.968,12,0.14658333333333332,0.2014774782511044,0.0,0.5,12,0.31983333333333336,0.3339632079173157,0.0,0.905,12
49,0.714,0.22414808416839888,0.182,0.902,12,0.2353333333333333,0.2195645828921551,0.049,0.727,12,0.41175,0.35035206319046874,0.0,0.969,12,0.23950000000000002,0.25486805855722144,0.0,0.8,12,0.09258333333333334,0.1644254229034236,0.0,0.5,12,0.149,0.16148458975169344,0.0,0.5,12,0.1585,0.20186786857654282,0.0,0.5,12,0.25766666666666665,0.232680949461756,0.0,0.5,12,0.3423333333333334,0.33971735132000364,0.0,1.0,12
50,0.3803684210526316,0.3105298716220239,0.0,0.864,19,0.5936842105263157,0.3195302198595757,0.091,1.0,19,0.5746842105263158,0.3474710303882388,0.0,1.0,19,0.3257894736842106,0.28313474980953435,0.0,0.943,19,0.0618421052631579,0.10766628645851069,0.0,0.333,19,0.17321052631578948,0.25251877354793256,0.0,0.818,19,0.3485263157894737,0.3794039723948681,0.0,1.0,19,0.13210526315789473,0.13423399748897946,0.0,0.391,19,0.35489473684210526,0.25036038352228757,0.0,0.9,19
51,0.3284166666666667,0.2896030067439762,0.0,0.863,12,0.6193333333333333,0.29863091642096307,0.118,0.972,12,0.6631666666666667,0.34290200914953517,0.0,1.0,12,0.20533333333333334,0.26478270107368945,0.0,1.0,12,0.14683333333333334,0.21925652611136628,0.0,0.783,12,0.18775,0.2336415767016572,0.0,0.75,12,0.19866666666666666,0.27717022447105194,0.0,0.7,12,0.14825000000000002,0.23272032571307558,0.0,0.8,12,0.25733333333333336,0.2442812586616774,0.0,0.667,12
52,0.7326363636363635,0.24670925103338656,0.083,0.906,11,0.19563636363636364,0.24730397195648623,0.041,0.861,11,0.20272727272727273,0.2813858883842936,0.0,0.714,11,0.18627272727272726,0.21975217446436837,0.0,0.571,11,0.18145454545454545,0.24757841732928323,0.0,0.667,11,0.09627272727272727,0.13098480133900336,0.0,0.333,11,0.08663636363636364,0.2756121451341623,0.0,0.917,11,0.2727272727272727,0.3690282078402926,0.0,1.0,11,0.4426363636363636,0.2540674212595046,0.0,0.8,11
53,0.8123720930232559,0.10972433494375018,0.417,0.977,43,0.14367441860465116,0.1139809342724919,0.023,0.583,43,0.15962790697674417,0.2597782958835892,0.0,1.0,43,0.16655813953488371,0.27389686122139567,0.0,1.0,43,0.07234883720930232,0.15120340820688413,0.0,0.636,43,0.2627674418604651,0.33539733630493096,0.0,1.0,43,0.08974418604651163,0.2162892786263953,0.0,1.0,43,0.1020232558139535,0.16481714086368757,0.0,0.5,43,0.46544186046511626,0.3359126376168988,0.0,1.0,43
54,0.8234999999999999,0.07862604883596506,0.703,0.925,10,0.124,0.07207711919264748,0.022,0.25,10,0.1926,0.30963964718864917,0.0,1.0,10,0.0393,0.06346836482321987,0.0,0.143,10,0.0686,0.14469830683183546,0.0,0.353,10,0.2666,0.4097455036699949,0.0,1.0,10,0.16419999999999998,0.3174995363076229,0.0,1.0,10,0.1401,0.19169504137793678,0.0,0.5,10,0.4704,0.3087592373786842,0.0,1.0,10
55,0.8110952380952382,0.12472600400210122,0.4,0.961,42,0.1515,0.1286292175586717,0.0,0.577,42,0.13290476190476191,0.22244723238620748,0.0,1.0,42,0.11438095238095239,0.2260495253722557,0.0,1.0,42,0.09935714285714285,0.18998046387734785,0.0,0.667,42,0.14423809523809522,0.30201864015514246,0.0,1.0,42,0.09628571428571428,0.23730861718644095,0.0,1.0,42,0.17042857142857143,0.3094159047149845,0.0,1.0,42,0.565595238095238,0.3401584322064668,0.0,1.0,42
56,0.7555384615384615,0.19513611291635016,0.303,0.953,13,0.20107692307692307,0.19733535818434464,0.021,0.636,13,0.12207692307692307,0.2636808239578239,0.0,0.867,13,0.08276923076923078,0.20588797676007936,0.0,0.733,13,0.09115384615384615,0.15437446148561734,0.0,0.444,13,0.13276923076923078,0.21830336455116534,0.0,0.667,13,0.03661538461538462,0.09742906689958124,0.0,0.333,13,0.023846153846153847,0.0859785304149105,0.0,0.31,13,0.42238461538461536,0.33834537050710434,0.0,1.0,13
57,0.6120769230769231,0.2809755213354779,0.0,0.923,13,0.34376923076923077,0.28804951942509055,0.023,1.0,13,0.5055384615384615,0.335930701034359,0.0,0.97,13,0.245,0.31132566014812635,0.0,0.971,13,0.06376923076923077,0.10383492816818582,0.0,0.286,13,0.373,0.3062055409905793,0.0,1.0,13,0.115,0.16896202729213058,0.0,0.5,13,0.23376923076923078,0.2467796432198011,0.0,0.833,13,0.08107692307692307,0.12421786072492523,0.0,0.343,13
58,0.45508333333333334,0.2742502037235784,0.033,0.889,12,0.51775,0.2766806905901721,0.044,0.967,12,0.5550833333333333,0.39032188542589336,0.0,1.0,12,0.21316666666666664,0.2541895618103413,0.0,0.69,12,0.18400000000000002,0.28630403420140627,0.0,1.0,12,0.21575,0.22362554944289428,0.0,0.6,12,0.06275,0.09186761720491661,0.0,0.25,12,0.18008333333333335,0.17995931779323365,0.0,0.5,12,0.1235,0.19068846559005845,0.0,0.586,12
59,0.8069,0.08074300795321744,0.674,0.933,10,0.1401,0.08668006306719749,0.038,0.283,10,0.1955,0.19943545321732545,0.0,0.5,10,0.0876,0.12565225381539677,0.0,0.333,10,0.2612,0.22759310671068717,0.0,0.658,10,0.056400000000000006,0.07521258759897398,0.0,0.2,10,0.1,0.31622776601683794,0.0,1.0,10,0.0602,0.13062822563800416,0.0,0.421,10,0.46699999999999997,0.30611980225613195,0.0,1.0,10
60,0.5091666666666667,0.34247968309570326,0.02,0.932,12,0.35941666666666666,0.34686530221223894,0.045,0.96,12,0.39716666666666667,0.3631708421749475,0.0,0.979,12,0.29950000000000004,0.2844290932568416,0.0,0.766,12,0.20908333333333337,0.3299604544716708,0.0,0.767,12,0.1385,0.10393835585664139,0.0,0.333,12,0.11508333333333333,0.23908060958343713,0.0,0.714,12,0.15416666666666667,0.14557774138884966,0.0,0.4,12,0.28908333333333336,0.20766163839430254,0.0,0.542,12
61,0.4143636363636363,0.26152371698462556,0.048,0.738,11,0.5507272727272727,0.26936929702885254,0.209,0.929,11,0.49163636363636365,0.39439378106843237,0.0,1.0,11,0.24481818181818182,0.23016725144199737,0.0,0.741,11,0.1419090909090909,0.16167959336011117,0.0,0.429,11,0.1060909090909091,0.1305208447302227,0.0,0.333,11,0.21627272727272728,0.23051945293579496,0.0,0.75,11,0.0881818181818182,0.1190552965489719,0.0,0.333,11,0.28154545454545454,0.24669510073625853,0.0,0.613,11
62,0.4126923076923077,0.22519709316336828,0.023,0.857,13,0.5604615384615385,0.21885673220344223,0.143,0.932,13,0.4046923076923077,0.35151324882934937,0.0,1.0,13,0.3230769230769231,0.3085564404174331,0.0,1.0,13,0.1703076923076923,0.2669492413098367,0.0,0.806,13,0.1910769230769231,0.3050520342330855,0.0,0.833,13,0.15923076923076926,0.31546134307448664,0.0,1.0,13,0.029538461538461545,0.0768435807171679,0.0,0.273,13,0.2240769230769231,0.27809035148624556,0.0,0.8,13
63,0.5095882352941177,0.2806799910092295,0.0,0.907,17,0.46305882352941174,0.2874979283812832,0.047,0.974,17,0.44688235294117645,0.4216479399856208,0.0,1.0,17,0.19094117647058823,0.3320727462823913,0.0,1.0,17,0.08664705882352941,0.18416634504452445,0.0,0.667,17,0.27047058823529413,0.28155086521955913,0.0,1.0,17,0.14705882352941177,0.2818611073268702,0.0,1.0,17,0.13658823529411765,0.21373232641072615,0.0,0.6,17,0.21494117647058822,0.3020344497297111,0.0,1.0,17
64,0.8258666666666666,0.11095743499627406,0.5,0.936,15,0.1266,0.11388891831203644,0.022,0.475,15,0.22413333333333335,0.29079591927444004,0.0,1.0,15,0.09860000000000001,0.18673694255365142,0.0,0.579,15,0.11066666666666668,0.2623260421325957,0.0,1.0,15,0.16133333333333333,0.25924083305646417,0.0,1.0,15,0.1278,0.2651380233549527,0.0,1.0,15,0.16786666666666666,0.3016456925094801,0.0,1.0,15,0.4466,0.3351481122471931,0.0,1.0,15
65,0.2872727272727273,0.28734129216285326,0.0,0.784,11,0.7013636363636363,0.2781047546257607,0.216,1.0,11,0.8164545454545454,0.20335356580909206,0.375,1.0,11,0.131,0.11414814934986901,0.0,0.308,11,0.14545454545454548,0.20881827680371454,0.0,0.6,11,0.19336363636363638,0.15081198409096852,0.0,0.5,11,0.013,0.043116122274620194,0.0,0.143,11,0.2512727272727273,0.2421892197886152,0.0,0.714,11,0.22618181818181818,0.12650203016696468,0.077,0.444,11
66,0.709030303030303,0.24802349748165053,0.06,0.976,33,0.2553939393939394,0.2532517200575768,0.023,0.92,33,0.31536363636363635,0.34323040896220663,0.0,1.0,33,0.21193939393939393,0.28053630997095763,0.0,1.0,33,0.10281818181818182,0.2061265470750697,0.0,0.773,33,0.1638787878787879,0.26373302760269685,0.0,1.0,33,0.1904242424242424,0.31197035419081,0.0,1.0,33,0.1092121212121212,0.2089364074269605,0.0,0.6,33,0.25206060606060604,0.28209417082265487,0.0,1.0,33
67,0.6513611111111111,0.24930052464305325,0.023,0.955,36,0.3129722222222222,0.2512308541232387,0.02,0.886,36,0.23441666666666666,0.3201917617392963,0.0,1.0,36,0.27802777777777776,0.340179657249444,0.0,0.947,36,0.051111111111111114,0.09584653739263997,0.0,0.3,36,0.12777777777777777,0.1643647704886232,0.0,0.5,36,0.12816666666666665,0.2539137648887905,0.0,0.9,36,0.16161111111111112,0.22909065925683259,0.0,0.667,36,0.2574722222222222,0.24995342264522707,0.0,0.7,36
68,0.4747,0.3682312226486686,0.0,0.881,10,0.479,0.39191155464806937,0.07,0.946,10,0.5181,0.37942074271183435,0.0,1.0,10,0.1522,0.16638362633117212,0.0,0.5,10,0.0809,0.20848791598342364,0.0,0.667,10,0.20860000000000004,0.2752086884933363,0.0,0.778,10,0.1305,0.26570043700043516,0.0,0.833,10,0.0917,0.21687172347829134,0.0,0.667,10,0.37120000000000003,0.2603048640003145,0.0,0.667,10
69,0.6184615384615384,0.27727231361503785,0.088,0.909,13,0.3557692307692308,0.2904112468684577,0.045,0.912,13,0.536923076923077,0.3542817761656348,0.0,1.0,13,0.17553846153846153,0.2925507407227606,0.0,1.0,13,0.08592307692307692,0.18734391794169244,0.0,0.632,13,0.2373076923076923,0.26780446368429106,0.0,0.9,13,0.0923076923076923,0.17308686866011558,0.0,0.583,13,0.21376923076923077,0.2447053172852856,0.0,0.7,13,0.15307692307692305,0.21120190242927164,0.0,0.706,13
70,0.7675172413793103,0.24311220523654378,0.054,0.977,29,0.20120689655172413,0.24735029806074402,0.0,0.946,29,0.35051724137931034,0.3209824895857867,0.0,1.0,29,0.1466896551724138,0.2705720267782256,0.0,0.886,29,0.1395862068965517,0.27507369366373946,0.0,1.0,29,0.13803448275862068,0.2739905476417833,0.0,1.0,29,0.12089655172413794,0.23379682034187382,0.0,1.0,29,0.20051724137931035,0.2644817872057485,0.0,0.8,29,0.35651724137931035,0.326455599769233,0.0,1.0,29
71,0.5428,0.28206399081636463,0.0,0.917,60,0.42701666666666666,0.29183827026060266,0.042,0.98,60,0.5123,0.3307101911167459,0.0,1.0,60,0.24475,0.26620889115281926,0.0,1.0,60,0.05221666666666667,0.11160874330410185,0.0,0.6,60,0.2074,0.27950453742413195,0.0,1.0,60,0.15125000000000002,0.2355524789489235,0.0,0.878,60,0.19263333333333332,0.24451383563964035,0.0,1.0,60,0.3026666666666667,0.2514347080841834,0.0,0.8,60
72,0.6813548387096774,0.23315939446182832,0.0,0.929,31,0.2753225806451613,0.24231417445082518,0.023,0.967,31,0.4328387096774194,0.33664928306019937,0.0,1.0,31,0.15516129032258066,0.25930819459659626,0.0,1.0,31,0.09961290322580646,0.166283428202042,0.0,0.5,31,0.20816129032258066,0.2371929027569745,0.0,1.0,31,0.18648387096774194,0.26012392828134073,0.0,1.0,31,0.20274193548387098,0.2652720575487156,0.0,1.0,31,0.20261290322580644,0.217394676018734,0.0,1.0,31
73,0.6494444444444444,0.23057121452453744,0.1,0.927,18,0.30627777777777776,0.23482704663233614,0.024,0.85,18,0.3114444444444444,0.3135542400254038,0.0,1.0,18,0.24422222222222223,0.2702263877817908,0.0,1.0,18,0.17594444444444446,0.27758718232449003,0.0,1.0,18,0.08466666666666667,0.1699463583189777,0.0,0.667,18,0.24983333333333332,0.34053975322921076,0.0,1.0,18,0.13094444444444445,0.26200347375834143,0.0,1.0,18,0.4431111111111111,0.2711354965996519,0.0,1.0,18
74,0.5458333333333333,0.32090322339901606,0.022,0.929,12,0.42474999999999996,0.3302211724394315,0.0,0.978,12,0.6296666666666667,0.412644538497137,0.0,1.0,12,0.2955,0.34321700000278116,0.0,0.864,12,0.04666666666666667,0.066188894060633,0.0,0.2,12,0.39625,0.3293103330515844,0.0,1.0,12,0.10316666666666667,0.12868766511020066,0.0,0.4,12,0.17066666666666666,0.20888810982016767,0.0,0.625,12,0.15808333333333333,0.19619723764774585,0.0,0.526,12
75,0.30494117647058827,0.28460684957240473,0.0,0.75,17,0.6770588235294117,0.28991991794895605,0.159,1.0,17,0.6478823529411765,0.3903432595730553,0.0,1.0,17,0.21629411764705883,0.24172085261357842,0.0,0.881,17,0.04976470588235295,0.11193107779553714,0.0,0.333,17,0.1671764705882353,0.22260313207986251,0.0,0.667,17,0.3170588235294118,0.264110646933306,0.0,1.0,17,0.12905882352941175,0.20797489950359252,0.0,0.6,17,0.391,0.24697646649023056,0.0,0.75,17
76,0.5093,0.30515171090240784,0.0,0.848,10,0.4687,0.2979847311524535,0.13,0.974,10,0.5686,0.2437627261635106,0.25,0.944,10,0.23159999999999997,0.23742657344488163,0.0,0.722,10,0.014299999999999998,0.045220570540407824,0.0,0.143,10,0.1238,0.17416582136955958,0.0,0.429,10,0.3151,0.41420377432692074,0.0,1.0,10,0.20939999999999998,0.18300831796518005,0.0,0.5,10,0.4755,0.21550625152056366,0.25,1.0,10
77,0.573,0.3057567660739497,0.02,0.891,16,0.3751875,0.31603232297767686,0.043,0.94,16,0.447125,0.30815880646186306,0.0,0.978,16,0.1586875,0.16071619654948702,0.0,0.533,16,0.1085,0.1799644409320908,0.0,0.605,16,0.21862499999999999,0.3277932020852985,0.0,1.0,16,0.280875,0.35900471213249185,0.0,1.0,16,0.1318125,0.15236807134917296,0.0,0.375,16,0.43075,0.26553229558756125,0.0,1.0,16
78,0.7865294117647059,0.12156485802189033,0.5,0.932,17,0.1655294117647059,0.12518242570697516,0.042,0.45,17,0.19370588235294117,0.22728582355315366,0.0,0.692,17,0.2101764705882353,0.3425102617612569,0.0,1.0,17,0.12194117647058823,0.26710425646838615,0.0,1.0,17,0.08929411764705883,0.13393644234574584,0.0,0.375,17,0.10688235294117648,0.2514410672386626,0.0,1.0,17,0.23800000000000002,0.2908577831174542,0.0,1.0,17,0.37823529411764706,0.35432868381838717,0.0,1.0,17
79,0.5378064516129032,0.28834960486127925,0.026,0.938,31,0.42938709677419357,0.2890515152954983,0.0,0.921,31,0.5221612903225806,0.3546286411420819,0.0,1.0,31,0.14025806451612902,0.18856687014459628,0.0,0.8,31,0.10019354838709676,0.24025742019132157,0.0,1.0,31,0.2015483870967742,0.2875672487969469,0.0,1.0,31,0.1574838709677419,0.23636114612568934,0.0,1.0,31,0.17503225806451614,0.2706312970163118,0.0,1.0,31,0.2292258064516129,0.20460721878392907,0.0,0.692,31
80,0.7133499999999999,0.2786913143927322,0.0,0.976,40,0.228375,0.2769229910078214,0.0,0.958,40,0.2768,0.3605037927891808,0.0,1.0,40,0.15555,0.27235374338984497,0.0,0.889,40,0.08795,0.1482793534739974,0.0,0.667,40,0.23765,0.25534687819734203,0.0,1.0,40,0.13394999999999999,0.199140711751573,0.0,0.667,40,0.172725,0.18875828900121625,0.0,0.583,40,0.320175,0.30116524874440953,0.0,1.0,40
81,0.8456666666666667,0.05768304199098149,0.756,0.93,12,0.11241666666666666,0.051500147101878765,0.041,0.22,12,0.08833333333333333,0.155856771855872,0.0,0.5,12,0.16666666666666666,0.2562748288045236,0.0,0.667,12,0.0375,0.0882274951990076,0.0,0.25,12,0.2595,0.28880490426457917,0.0,0.714,12,0.05833333333333333,0.15050420310248863,0.0,0.5,12,0.20908333333333332,0.30266046332582996,0.0,1.0,12,0.59225,0.33020437885979315,0.0,1.0,12
82,0.717516129032258,0.26208343085968405,0.043,0.955,31,0.23361290322580644,0.26615204644705814,0.0,0.913,31,0.3404838709677419,0.3671793268479533,0.0,1.0,31,0.14629032258064517,0.2804679653184879,0.0,1.0,31,0.07706451612903226,0.1457483986153012,0.0,0.6,31,0.2084516129032258,0.27704269691507577,0.0,1.0,31,0.0862258064516129,0.22330736809420615,0.0,1.0,31,0.21380645161290324,0.29176433633497645,0.0,1.0,31,0.08812903225806452,0.15737253931049167,0.0,0.714,31
83,0.46276470588235297,0.29307454883778394,0.024,0.909,17,0.5055294117647059,0.2966593411741527,0.068,0.976,17,0.39117647058823524,0.3370684713997509,0.0,1.0,17,0.17394117647058824,0.22704390285477702,0.0,0.767,17,0.1863529411764706,0.26000791843145626,0.0,1.0,17,0.11023529411764706,0.19980976246537752,0.0,0.714,17,0.3265882352941176,0.3386336624627581,0.0,0.923,17,0.08852941176470588,0.1769933323769072,0.0,0.545,17,0.4631764705882353,0.22709255692726857,0.0,0.867,17
84,0.4706,0.3302329817299026,0.022,0.93,10,0.4928,0.3426860565201527,0.023,0.978,10,0.43309999999999993,0.4773134190445519,0.0,1.0,10,0.12079999999999999,0.24487357282211297,0.0,0.788,10,0.044,0.09783886980359312,0.0,0.286,10,0.19039999999999999,0.3289198483926847,0.0,1.0,10,0.3094,0.3606738138540141,0.0,1.0,10,0.1212,0.2052233471665011,0.0,0.5,10,0.4104,0.3569482377662684,0.0,1.0,10
85,0.71075,0.23353143646666036,0.188,0.929,12,0.23950000000000002,0.2508663171709369,0.024,0.792,12,0.3709166666666666,0.31312862832834026,0.0,0.946,12,0.22999999999999998,0.2621217621293932,0.0,0.75,12,0.10241666666666667,0.14828624550530844,0.0,0.438,12,0.28825,0.30547254749441444,0.0,1.0,12,0.04833333333333333,0.07828425283812986,0.0,0.25,12,0.16083333333333333,0.21970593294150473,0.0,0.667,12,0.30033333333333334,0.29011136837532936,0.0,1.0,12
86,0.767,0.2191814316952967,0.118,0.93,17,0.18252941176470586,0.21987897740776027,0.049,0.882,17,0.2507058823529412,0.2758629108601504,0.0,0.933,17,0.1507058823529412,0.21815469416960823,0.0,0.625,17,0.03529411764705882,0.09145474612197714,0.0,0.3,17,0.18723529411764706,0.22740644488771772,0.0,0.5,17,0.07841176470588235,0.1543871184812424,0.0,0.5,17,0.31570588235294117,0.39760796720920377,0.0,1.0,17,0.3262941176470588,0.3019297858579628,0.0,0.75,17
87,0.5466153846153846,0.3097944314276642,0.061,0.923,13,0.4096923076923077,0.32229783963889275,0.049,0.939,13,0.47646153846153844,0.3302460232878451,0.0,1.0,13,0.22923076923076924,0.2967513419925156,0.0,1.0,13,0.1593846153846154,0.23027141176646979,0.0,0.583,13,0.12200000000000001,0.15737534749763066,0.0,0.5,13,0.09,0.14797353366959465,0.0,0.5,13,0.29330769230769227,0.3196173192573124,0.0,1.0,13,0.22899999999999998,0.23637893307145627,0.0,0.667,13
88,0.6506923076923077,0.1923267118799781,0.22,0.905,13,0.31,0.19944213864343377,0.024,0.707,13,0.41923076923076924,0.255247642446231,0.0,0.821,13,0.11638461538461538,0.14807854810963136,0.0,0.4,13,0.044076923076923076,0.06643977415482077,0.0,0.2,13,0.12315384615384616,0.1515491373305735,0.0,0.429,13,0.0783846153846154,0.12675799676387184,0.0,0.333,13,0.38176923076923075,0.27382511263157056,0.0,0.8,13,0.21615384615384617,0.24002251496954966,0.0,0.8,13
89,0.6290952380952382,0.2742701049625906,0.13,0.912,21,0.33371428571428574,0.27983980111076817,0.024,0.833,21,0.4229523809523809,0.32860576321642265,0.0,1.0,21,0.1743333333333333,0.3176226272376282,0.0,1.0,21,0.04690476190476191,0.08203651916183716,0.0,0.25,21,0.1758095238095238,0.207021404460413,0.0,0.8,21,0.11490476190476191,0.20511726030783092,0.0,0.667,21,0.2000952380952381,0.24172254854727657,0.0,0.692,21,0.08957142857142857,0.13592003951903908,0.0,0.429,21
90,0.7830999999999999,0.15572015497894504,0.472,0.953,10,0.18250000000000002,0.17153247182061152,0.023,0.528,10,0.1006,0.19675546018118814,0.0,0.6,10,0.1661,0.27197975823374965,0.0,0.842,10,0.2384,0.31328588293193876,0.0,1.0,10,0.025,0.07905694150420949,0.0,0.25,10,0.3266,0.38702603989338435,0.0,1.0,10,0.036699999999999997,0.07776038694462481,0.0,0.2,10,0.6364,0.3219006748120365,0.0,1.0,10
91,0.8599444444444445,0.06862813024873916,0.648,0.93,18,0.10022222222222223,0.07671149584495952,0.021,0.333,18,0.030555555555555558,0.07502722817297905,0.0,0.25,18,0.08611111111111111,0.23997889340741146,0.0,1.0,18,0.0661111111111111,0.13638306298540534,0.0,0.44,18,0.25016666666666665,0.3233084940933986,0.0,1.0,18,0.12927777777777777,0.3224537915925603,0.0,1.0,18,0.19111111111111112,0.2848299572993743,0.0,1.0,18,0.4972222222222222,0.31975533947720564,0.0,1.0,18
92,0.7836363636363637,0.12530384888523793,0.558,0.929,11,0.14927272727272725,0.09244467633032301,0.043,0.288,11,0.3688181818181819,0.36478591479985034,0.0,1.0,11,0.18572727272727274,0.18380483721006416,0.0,0.5,11,0.04772727272727273,0.1582934559033259,0.0,0.525,11,0.2618181818181818,0.2854311889691868,0.0,1.0,11,0.028272727272727272,0.06597589091341004,0.0,0.2,11,0.3543636363636363,0.32002039707720903,0.0,1.0,11,0.1419090909090909,0.19873170584758465,0.0,0.667,11
93,0.7433958333333334,0.1984398445301828,0.023,0.932,48,0.20010416666666667,0.2150587489831195,0.0,0.932,48,0.33887500000000004,0.34759493575381983,0.0,1.0,48,0.1643125,0.2936193915164121,0.0,1.0,48,0.051083333333333335,0.10595298703195162,0.0,0.483,48,0.1975,0.18949215444377818,0.0,0.5,48,0.0763125,0.19348705561739618,0.0,1.0,48,0.40827083333333336,0.3293965946666938,0.0,1.0,48,0.15704166666666666,0.24816740732162548,0.0,1.0,48
94,0.48651923076923076,0.2684824812910165,0.0,0.9,52,0.4839038461538462,0.27132017549746623,0.043,1.0,52,0.5858076923076923,0.31322879180895796,0.0,1.0,52,0.17698076923076922,0.1967660590037501,0.0,0.821,52,0.03421153846153846,0.09446305150453012,0.0,0.5,52,0.1811346153846154,0.23140135990636673,0.0,1.0,52,0.30690384615384614,0.3167227562058693,0.0,1.0,52,0.206,0.27136315295985514,0.0,1.0,52,0.42978846153846156,0.20147255313857262,0.0,1.0,52
95,0.40024,0.25003787713064596,0.021,0.842,25,0.56808,0.2575460994333506,0.105,0.979,25,0.5976,0.35991133167304784,0.0,1.0,25,0.21131999999999998,0.2799874580524397,0.0,1.0,25,0.04136,0.08261652377097452,0.0,0.286,25,0.22192,0.20699636067654267,0.0,0.8,25,0.152,0.21231580252067908,0.0,0.6,25,0.29192,0.2536751400249277,0.0,0.75,25,0.19932000000000002,0.17693683430346926,0.0,0.556,25
96,0.3134,0.3261663515583557,0.0,0.884,10,0.667,0.3346955498824434,0.093,1.0,10,0.529,0.4034826170013056,0.0,0.976,10,0.2705,0.36795025328009884,0.0,0.976,10,0.1373,0.20211440654573176,0.0,0.5,10,0.188,0.16704490414256878,0.0,0.5,10,0.2734,0.3196443162155224,0.0,0.971,10,0.0444,0.09360341874098403,0.0,0.222,10,0.4165,0.26335158164620076,0.0,0.69,10
97,0.33327586206896553,0.24931031961790168,0.0,0.851,29,0.6470344827586206,0.258930145400346,0.149,1.0,29,0.7034137931034483,0.2630452863293667,0.125,1.0,29,0.25768965517241377,0.2623356769277914,0.0,1.0,29,0.06079310344827586,0.15477019353829655,0.0,0.721,29,0.2620344827586207,0.29918752871719345,0.0,1.0,29,0.12444827586206897,0.20963345326799354,0.0,0.75,29,0.22124137931034485,0.28496724813970337,0.0,1.0,29,0.2917241379310345,0.22064303694813164,0.0,0.842,29
98,0.5560357142857143,0.35474221022354485,0.0,0.955,28,0.4104285714285714,0.3663052186735991,0.023,1.0,28,0.4262142857142857,0.36483556490286057,0.0,1.0,28,0.3061428571428571,0.37661068554358423,0.0,1.0,28,0.08864285714285713,0.21262211555048555,0.0,1.0,28,0.155,0.25017549395929606,0.0,1.0,28,0.2522142857142857,0.33221271154831766,0.0,1.0,28,0.09014285714285715,0.20255510714018402,0.0,0.667,28,0.4459642857142857,0.3055043773879102,0.0,1.0,28
99,0.6702,0.2581381197903341,0.078,0.947,10,0.2857,0.26813970239410645,0.0,0.882,10,0.35,0.37239017769598115,0.0,1.0,10,0.1025,0.16746359471704755,0.0,0.5,10,0.0839,0.12287342177125929,0.0,0.3,10,0.2616,0.19718361437446516,0.0,0.5,10,0.059399999999999994,0.08642684768056741,0.0,0.25,10,0.1744,0.14300598278083024,0.0,0.4,10,0.11279999999999998,0.15300747984621174,0.0,0.5,10
100,0.4846363636363636,0.24596596216845645,0.152,0.878,11,0.48063636363636364,0.25289613390768656,0.073,0.826,11,0.42618181818181816,0.3298277787518263,0.0,0.842,11,0.302,0.322039749099393,0.0,0.919,11,0.030272727272727274,0.1004032777443953,0.0,0.333,11,0.07572727272727273,0.17257119742824462,0.0,0.5,11,0.5538181818181819,0.404401982730505,0.0,1.0,11,0.04845454545454546,0.15008755020744632,0.0,0.5,11,0.48418181818181816,0.19764403263535088,0.0,0.714,11
101,0.8672857142857142,0.04549121398083977,0.778,0.933,14,0.09978571428571428,0.04403700990937329,0.047,0.178,14,0.1960714285714286,0.2130552345450188,0.0,0.5,14,0.10307142857142858,0.2236919118532707,0.0,0.8,14,0.02378571428571429,0.08899799355683732,0.0,0.333,14,0.3035,0.35143611959194826,0.0,1.0,14,0.11307142857142857,0.27657200044214786,0.0,1.0,14,0.09521428571428571,0.19294645673044936,0.0,0.5,14,0.6242142857142857,0.32823401093437277,0.0,1.0,14
102,0.7694230769230769,0.1675305758545402,0.152,0.932,26,0.19088461538461537,0.17229958257014483,0.021,0.848,26,0.21257692307692308,0.28791056570774515,0.0,1.0,26,0.10684615384615384,0.1635529742457024,0.0,0.625,26,0.17538461538461536,0.2067454622327807,0.0,0.733,26,0.16896153846153844,0.29402700294622336,0.0,1.0,26,0.05519230769230769,0.1423744413104457,0.0,0.667,26,0.12073076923076924,0.19962475952492623,0.0,0.667,26,0.43311538461538457,0.30069749941402263,0.0,1.0,26
103,0.7753157894736842,0.14135339976714742,0.447,0.955,19,0.18126315789473685,0.13537226127536992,0.021,0.426,19,0.18768421052631581,0.18335365118674013,0.0,0.5,19,0.07973684210526316,0.1629136929328816,0.0,0.5,19,0.14726315789473685,0.20938583261669064,0.0,0.667,19,0.07584210526315789,0.14033027041704738,0.0,0.5,19,0.151,0.2755019661151865,0.0,1.0,19,0.05742105263157895,0.11707135326110298,0.0,0.357,19,0.5197894736842105,0.30584429207384606,0.0,1.0,19
104,0.8405263157894737,0.06743751710620942,0.673,0.942,19,0.11936842105263157,0.05956248868608105,0.048,0.269,19,0.1723157894736842,0.24927362311581736,0.0,0.714,19,0.08105263157894738,0.17842473473403928,0.0,0.75,19,0.10857894736842107,0.18006428351794368,0.0,0.5,19,0.14463157894736844,0.25002537882878917,0.0,0.917,19,0.04447368421052631,0.09990349144218728,0.0,0.333,19,0.06121052631578947,0.12651727108597044,0.0,0.5,19,0.5785789473684211,0.2224216006170548,0.2,1.0,19
105,0.6678,0.26578003794760163,0.071,0.878,15,0.2828,0.27367347593175967,0.047,0.881,15,0.262,0.2928812533629091,0.0,0.973,15,0.1424,0.14617738734643115,0.0,0.36,15,0.12126666666666666,0.18530880276163994,0.0,0.5,15,0.061733333333333335,0.10191836135335175,0.0,0.333,15,0.2538666666666667,0.36987929820158255,0.0,1.0,15,0.058866666666666664,0.13683298822530576,0.0,0.5,15,0.6649999999999999,0.2102196130580725,0.333,1.0,15
106,0.8650909090909091,0.06891800134283428,0.778,1.0,11,0.06836363636363636,0.053032580037695176,0.0,0.156,11,0.04090909090909091,0.0917010954628728,0.0,0.25,11,0.05909090909090909,0.13568010505999364,0.0,0.4,11,0.145,0.17956670069921093,0.0,0.429,11,0.08872727272727272,0.1529124526708606,0.0,0.429,11,0.043272727272727275,0.10523316103690027,0.0,0.333,11,0.036727272727272726,0.10054460792015742,0.0,0.333,11,0.2337272727272727,0.30098275396078455,0.0,0.75,11
107,0.7596666666666666,0.19413380684298548,0.061,0.946,42,0.20095238095238094,0.19594635308388805,0.022,0.909,42,0.15752380952380954,0.22459885520799816,0.0,0.789,42,0.14821428571428572,0.25168743059153753,0.0,0.933,42,0.17264285714285715,0.26314642325079474,0.0,1.0,42,0.12283333333333332,0.18803371735353375,0.0,0.833,42,0.1598095238095238,0.2966403125487769,0.0,1.0,42,0.1127857142857143,0.21398444617676052,0.0,1.0,42,0.4675238095238095,0.31353353872765316,0.0,1.0,42
108,0.5524285714285714,0.2035775090666997,0.16,0.818,14,0.4095714285714286,0.20367874942426606,0.159,0.82,14,0.23907142857142857,0.3015527672374628,0.0,1.0,14,0.22278571428571428,0.36304443012083004,0.0,1.0,14,0.12114285714285714,0.20913074936429202,0.0,0.712,14,0.1637142857142857,0.27538069553352407,0.0,1.0,14,0.0,0.0,0.0,0.0,14,0.09350000000000001,0.15677605292017904,0.0,0.424,14,0.14042857142857143,0.2139578370706622,0.0,0.629,14
109,0.5359565217391304,0.24990735674749903,0.023,1.0,46,0.43154347826086953,0.25405508646063696,0.0,0.977,46,0.17473913043478262,0.28001098667196045,0.0,1.0,46,0.13136956521739132,0.24831399107632096,0.0,1.0,46,0.10532608695652174,0.17957035815125516,0.0,0.615,46,0.1800217391304348,0.2621758942330668,0.0,1.0,46,0.13404347826086957,0.2738932441276053,0.0,1.0,46,0.11643478260869565,0.2145227936269413,0.0,1.0,46,0.17473913043478262,0.25632093032694675,0.0,1.0,46
110,0.7025,0.20709111706983174,0.161,1.0,14,0.25414285714285717,0.21385432034371044,0.0,0.806,14,0.11707142857142858,0.21978887221979268,0.0,0.667,14,0.12964285714285714,0.2222537036613986,0.0,0.739,14,0.09542857142857142,0.15425937911179355,0.0,0.5,14,0.14785714285714285,0.20412961837739543,0.0,0.667,14,0.18785714285714286,0.3055801184488428,0.0,0.846,14,0.1557142857142857,0.29395091912961063,0.0,1.0,14,0.5655,0.3405856381632627,0.0,1.0,14
111,0.366,0.3008393812873131,0.0,0.816,25,0.6098,0.305065839888157,0.15,1.0,25,0.7134,0.25242474125964753,0.182,1.0,25,0.18364,0.22091775996208785,0.0,0.81,25,0.10251999999999999,0.1686846466042479,0.0,0.6,25,0.23148,0.28583840423101536,0.0,1.0,25,0.21756,0.27292689497372735,0.0,1.0,25,0.1166,0.16649824823903303,0.0,0.6,25,0.25983999999999996,0.20333688794707172,0.0,0.615,25
112,0.7511842105263158,0.20563439811933323,0.0,0.978,38,0.2205263157894737,0.2057035043969715,0.022,0.978,38,0.16989473684210524,0.3301178978153668,0.0,1.0,38,0.20271052631578948,0.2615513910428929,0.0,0.826,38,0.05144736842105263,0.10913584328800928,0.0,0.467,38,0.1493157894736842,0.24235568068475455,0.0,1.0,38,0.1408421052631579,0.26410599083596736,0.0,1.0,38,0.08597368421052631,0.1672656871554153,0.0,0.714,38,0.5847368421052631,0.2469727727865286,0.0,1.0,38
113,0.8600714285714286,0.09724470662731709,0.61,0.975,14,0.10671428571428572,0.0869946316393485,0.025,0.366,14,0.14114285714285715,0.1961823551788399,0.0,0.5,14,0.04757142857142858,0.12092446102722675,0.0,0.333,14,0.20428571428571426,0.306377200540427,0.0,0.795,14,0.05835714285714285,0.14393139773081914,0.0,0.5,14,0.11307142857142857,0.19501418657890757,0.0,0.5,14,0.16114285714285717,0.30218559176130794,0.0,1.0,14,0.5977857142857143,0.24577136923178408,0.0,1.0,14
114,0.8173333333333334,0.10951443633012904,0.545,0.974,18,0.126,0.09838160995059284,0.0,0.364,18,0.058,0.12429992191564442,0.0,0.4,18,0.17966666666666667,0.29318875670602296,0.0,0.867,18,0.1441111111111111,0.22348519858578583,0.0,0.818,18,0.09388888888888888,0.1531949503425538,0.0,0.429,18,0.1948888888888889,0.33644646263889033,0.0,1.0,18,0.08800000000000001,0.2399615165224722,0.0,1.0,18,0.3466111111111111,0.26731500230536326,0.0,1.0,18
115,0.7537272727272728,0.14160514885348688,0.531,0.978,11,0.172,0.12302357497650603,0.0,0.327,11,0.16218181818181818,0.1843408897568948,0.0,0.545,11,0.21754545454545451,0.3217077442761873,0.0,1.0,11,0.05454545454545454,0.06551391247111354,0.0,0.158,11,0.20172727272727276,0.2238924254677192,0.0,0.667,11,0.05772727272727273,0.11270944140496032,0.0,0.333,11,0.13554545454545455,0.15570765147311397,0.0,0.364,11,0.2611818181818182,0.1924867882124995,0.0,0.571,11
116,0.788,0.1706682942630724,0.41,0.977,13,0.1843846153846154,0.18435542594923285,0.0,0.59,13,0.04184615384615385,0.09176677517294059,0.0,0.3,13,0.23392307692307693,0.359682142439326,0.0,0.917,13,0.09584615384615384,0.18258096202043544,0.0,0.591,13,0.047,0.1395241914508018,0.0,0.5,13,0.16184615384615386,0.32464669158790815,0.0,1.0,13,0.038461538461538464,0.13867504905630726,0.0,0.5,13,0.5846153846153845,0.2819469626429583,0.0,1.0,13
117,0.7520263157894737,0.22209426861949258,0.031,0.978,38,0.21210526315789474,0.22333683075469327,0.0,0.906,38,0.20513157894736841,0.2877956455028681,0.0,1.0,38,0.1976315789473684,0.2804650983781232,0.0,1.0,38,0.11986842105263157,0.21801155077911633,0.0,1.0,38,0.1896315789473684,0.29805499411410386,0.0,1.0,38,0.10489473684210526,0.23175263950491795,0.0,1.0,38,0.12681578947368422,0.234352685850997,0.0,1.0,38,0.38634210526315793,0.3170695444489579,0.0,1.0,38
118,0.6968125000000001,0.30114696716608874,0.0,0.956,16,0.26525,0.3048777897234672,0.0,1.0,16,0.2619375,0.3681078589670877,0.0,0.975,16,0.1279375,0.2447231003263348,0.0,0.675,16,0.1809375,0.28134379176848145,0.0,1.0,16,0.0345625,0.06887570326319725,0.0,0.182,16,0.1260625,0.29368043147839,0.0,1.0,16,0.11193750000000001,0.15777556581000327,0.0,0.5,16,0.3051875,0.3245902481077746,0.0,1.0,16
119,0.16636363636363638,0.14196568087201408,0.0,0.36,11,0.803,0.1626345596729059,0.56,1.0,11,0.8595454545454545,0.10612762471323252,0.731,1.0,11,0.17345454545454547,0.12177303776810663,0.0,0.464,11,0.021454545454545452,0.04783589371249091,0.0,0.125,11,0.291,0.2075263838647992,0.0,0.625,11,0.12045454545454545,0.19900319778152492,0.0,0.5,11,0.29545454545454547,0.19028051063435986,0.0,0.636,11,0.24981818181818183,0.1031724945727476,0.15,0.444,11
120,0.7405333333333334,0.20571751320219492,0.236,0.929,15,0.225,0.21895009216061742,0.0,0.764,15,0.17666666666666667,0.27344956878127763,0.0,1.0,15,0.16133333333333333,0.2887486961421809,0.0,1.0,15,0.05606666666666667,0.10161092929592247,0.0,0.3,15,0.22619999999999998,0.36559446697907544,0.0,1.0,15,0.17079999999999998,0.2887973090495923,0.0,0.974,15,0.043333333333333335,0.1178174536346478,0.0,0.4,15,0.5799333333333333,0.30049993265192176,0.0,1.0,15
121,0.7172444444444446,0.2003668403380926,0.262,0.978,45,0.24195555555555556,0.20287792517978026,0.0,0.714,45,0.2212666666666667,0.2602286057925364,0.0,1.0,45,0.15415555555555557,0.2186655764939565,0.0,1.0,45,0.11397777777777779,0.17863770966156983,0.0,0.6,45,0.16144444444444445,0.2682467957578309,0.0,1.0,45,0.12224444444444445,0.24909136289865025,0.0,1.0,45,0.12364444444444445,0.23148406145363595,0.0,1.0,45,0.4174222222222222,0.31359944695632536,0.0,1.0,45
122,0.7285217391304348,0.20575821414404588,0.082,0.932,23,0.2296521739130435,0.20728737379775058,0.023,0.918,23,0.1612608695652174,0.22866812342768011,0.0,0.844,23,0.2101304347826087,0.29169602863688365,0.0,1.0,23,0.1071304347826087,0.1314061380702197,0.0,0.444,23,0.12343478260869566,0.23191295900263892,0.0,1.0,23,0.25395652173913047,0.2889912672887711,0.0,1.0,23,0.08856521739130434,0.22614372463042903,0.0,1.0,23,0.511695652173913,0.26744233614380375,0.0,1.0,23
123,0.84,0.11089146345263313,0.444,0.952,25,0.11784,0.11602394867727381,0.0,0.533,25,0.13940000000000002,0.24364454983985723,0.0,1.0,25,0.10407999999999999,0.19617231371084623,0.0,0.778,25,0.06848,0.14436531208477102,0.0,0.429,25,0.23792000000000002,0.34789568838949414,0.0,1.0,25,0.06364,0.21956678558774165,0.0,1.0,25,0.07416,0.15682120392344906,0.0,0.5,25,0.42128,0.3644583332380626,0.0,1.0,25
124,0.8393,0.08271779332969009,0.674,0.952,10,0.11779999999999999,0.07949115953641918,0.024,0.302,10,0.0986,0.17466679389308343,0.0,0.5,10,0.0167,0.05281003692481193,0.0,0.167,10,0.1351,0.2288582530738186,0.0,0.595,10,0.0722,0.11941226439896736,0.0,0.333,10,0.060899999999999996,0.1233679681098605,0.0,0.333,10,0.0081,0.025614449047363878,0.0,0.081,10,0.5364,0.3043799526177037,0.0,1.0,10
125,0.8174166666666668,0.0910598787345531,0.647,0.93,12,0.15316666666666667,0.08620887249564108,0.047,0.333,12,0.07758333333333334,0.16923112669489687,0.0,0.556,12,0.06591666666666667,0.12977705241425905,0.0,0.333,12,0.09225,0.17286575190539674,0.0,0.488,12,0.07725,0.1601233189536342,0.0,0.429,12,0.14166666666666666,0.30883456393154557,0.0,1.0,12,0.1595,0.30404111564063174,0.0,1.0,12,0.5256666666666666,0.32099853676622986,0.0,1.0,12
126,0.7162222222222222,0.2748219863529964,0.108,0.93,18,0.24911111111111112,0.27982660363978107,0.024,0.865,18,0.20877777777777778,0.3206461409598099,0.0,1.0,18,0.2075,0.29169449166994604,0.0,1.0,18,0.179,0.26997058663317164,0.0,1.0,18,0.13105555555555556,0.25987134197345607,0.0,1.0,18,0.08366666666666667,0.22044367027589132,0.0,0.895,18,0.15605555555555556,0.2633346053580596,0.0,1.0,18,0.5276666666666667,0.3424256037705812,0.0,1.0,18
127,0.7774634146341464,0.18365568933532492,0.043,0.957,82,0.18121951219512195,0.18787045867885555,0.0,0.935,82,0.17043902439024392,0.25637882356845515,0.0,0.976,82,0.15873170731707317,0.27108369846751545,0.0,1.0,82,0.07774390243902439,0.19014703933350896,0.0,1.0,82,0.1813048780487805,0.316861487401251,0.0,1.0,82,0.16163414634146342,0.2929954919888794,0.0,1.0,82,0.11231707317073172,0.22671382287519642,0.0,1.0,82,0.46130487804878045,0.31356038617526294,0.0,1.0,82
128,0.7874615384615384,0.1711211147036972,0.354,0.977,13,0.16430769230769232,0.1737380137905848,0.023,0.604,13,0.18753846153846154,0.15887186418862603,0.0,0.5,13,0.10946153846153847,0.21611093423849678,0.0,0.759,13,0.1126923076923077,0.1917221881679255,0.0,0.615,13,0.10661538461538463,0.17019622913054333,0.0,0.6,13,0.2803846153846154,0.4072977081655666,0.0,1.0,13,0.15746153846153849,0.18826294350571465,0.0,0.5,13,0.47846153846153844,0.3505970182856226,0.0,1.0,13
129,0.760470588235294,0.1870792337644196,0.238,0.957,17,0.1942941176470588,0.19215285735121215,0.0,0.738,17,0.24300000000000002,0.32693405298316663,0.0,1.0,17,0.19747058823529412,0.2783291930536255,0.0,0.857,17,0.13864705882352943,0.16539684896351206,0.0,0.471,17,0.11782352941176472,0.23899221621585232,0.0,0.867,17,0.07505882352941176,0.131306640439581,0.0,0.385,17,0.11176470588235293,0.27987196389862024,0.0,1.0,17,0.3518235294117647,0.27741850949741026,0.0,1.0,17
130,0.356,0.27404338667039163,0.0,0.767,10,0.5805,0.3051903777425931,0.091,1.0,10,0.7245,0.3280088921558886,0.0,1.0,10,0.1772,0.16158162711837698,0.0,0.61,10,0.019899999999999998,0.046696300115153064,0.0,0.143,10,0.2258,0.19313081346877592,0.0,0.571,10,0.2184,0.3171253520122428,0.0,0.909,10,0.2319,0.3169316259945599,0.0,1.0,10,0.1291,0.12715122230373302,0.0,0.333,10
131,0.77825,0.21658847656747157,0.167,0.969,12,0.19858333333333333,0.22398963382399212,0.022,0.833,12,0.11983333333333333,0.24438525224561222,0.0,0.857,12,0.10416666666666667,0.18117436771009168,0.0,0.571,12,0.12716666666666668,0.1911471747744194,0.0,0.538,12,0.09966666666666668,0.22893601064423436,0.0,0.667,12,0.23725,0.4026230190321282,0.0,1.0,12,0.09775,0.28549769144107245,0.0,1.0,12,0.5978333333333333,0.3096422667100429,0.0,1.0,12
132,0.7394137931034483,0.2042293034174681,0.023,0.955,29,0.22906896551724137,0.2079237379141144,0.0,0.977,29,0.1859655172413793,0.2706715831248822,0.0,1.0,29,0.16934482758620692,0.26708135141911743,0.0,1.0,29,0.043586206896551724,0.10603655610933002,0.0,0.333,29,0.15441379310344827,0.23978733393830748,0.0,1.0,29,0.2453103448275862,0.3671338898868481,0.0,1.0,29,0.1700689655172414,0.2992237494196421,0.0,1.0,29,0.42617241379310344,0.3490856494334795,0.0,1.0,29
133,0.8030434782608695,0.13504931027418687,0.423,0.979,23,0.1468695652173913,0.12896028435418191,0.021,0.577,23,0.1693913043478261,0.19710881607755162,0.0,0.667,23,0.13086956521739132,0.22342363030144125,0.0,1.0,23,0.15852173913043477,0.219242470496857,0.0,0.588,23,0.17056521739130434,0.2999145069223071,0.0,1.0,23,0.1538695652173913,0.2171416178751525,0.0,0.714,23,0.07678260869565218,0.15952200091117075,0.0,0.5,23,0.6313913043478261,0.2432900885644047,0.0,1.0,23
134,0.8333333333333334,0.13023056476879766,0.1,0.976,54,0.11116666666666666,0.12789570485655377,0.0,0.883,54,0.09609259259259259,0.18247556243916957,0.0,0.882,54,0.05196296296296296,0.12195312476567305,0.0,0.5,54,0.1298888888888889,0.20373499867606104,0.0,1.0,54,0.14585185185185187,0.2635930545229376,0.0,1.0,54,0.032,0.0917673432274187,0.0,0.5,54,0.1169074074074074,0.24833857507166168,0.0,1.0,54,0.5409074074074074,0.3465421790069536,0.0,1.0,54
135,0.6407391304347826,0.3390182641086015,0.023,0.977,23,0.328,0.340002673786278,0.023,0.971,23,0.3753913043478261,0.3631665957719473,0.0,1.0,23,0.2000869565217391,0.3096919162715626,0.0,1.0,23,0.03178260869565218,0.08123756213708215,0.0,0.333,23,0.14443478260869566,0.2557027439833848,0.0,1.0,23,0.21721739130434783,0.31937523620652913,0.0,0.963,23,0.051478260869565216,0.12682481459413983,0.0,0.5,23,0.4569130434782609,0.32156194271703326,0.0,1.0,23
136,0.8128125,0.12386617442492794,0.581,1.0,16,0.1284375,0.09790401336683463,0.0,0.333,16,0.092875,0.1864259906772658,0.0,0.667,16,0.02,0.04470495871078882,0.0,0.143,16,0.22718750000000001,0.24615041979786803,0.0,0.633,16,0.017625000000000002,0.04533707092435505,0.0,0.167,16,0.0420625,0.10602985035671166,0.0,0.417,16,0.0828125,0.24975246912359714,0.0,1.0,16,0.4556875,0.28143696008164953,0.0,1.0,16
137,0.8105,0.150491638748913,0.342,0.925,16,0.14825,0.14565598740411143,0.025,0.605,16,0.15175,0.2503734543969601,0.0,1.0,16,0.2141875,0.3766967336819722,0.0,1.0,16,0.1335,0.3001135340722463,0.0,1.0,16,0.1270625,0.29163572454919395,0.0,1.0,16,0.0855625,0.254499500654389,0.0,1.0,16,0.0885,0.25722389728276285,0.0,1.0,16,0.638625,0.30630853182153883,0.0,1.0,16
138,0.43225,0.26391237548755436,0.0,0.907,32,0.5329375,0.26923331259876293,0.07,1.0,32,0.61665625,0.33038263343554614,0.0,1.0,32,0.1616875,0.264621755317088,0.0,1.0,32,0.0699375,0.12642808423713053,0.0,0.524,32,0.180875,0.2326414588741585,0.0,1.0,32,0.2621875,0.339353601624447,0.0,1.0,32,0.17500000000000002,0.21503338075449976,0.0,0.8,32,0.178,0.1386089882110941,0.0,0.548,32
139,0.48572000000000004,0.24755681502771573,0.057,0.837,25,0.47576,0.2548970838070403,0.109,0.917,25,0.45148000000000005,0.3659221365263381,0.0,1.0,25,0.22972,0.2489580821477115,0.0,0.8,25,0.15876,0.2635134847909432,0.0,1.0,25,0.15688000000000002,0.19315825118280605,0.0,0.5,25,0.12304,0.21045179178773146,0.0,0.714,25,0.21084,0.2561340274153358,0.0,1.0,25,0.22628,0.19745537892563644,0.0,0.667,25
140,0.7678666666666667,0.1875091870765143,0.161,0.897,15,0.189,0.18963913098303314,0.065,0.804,15,0.16366666666666668,0.19639088816027322,0.0,0.5,15,0.17253333333333334,0.3118639508015055,0.0,1.0,15,0.04593333333333334,0.12181805324022421,0.0,0.455,15,0.15293333333333334,0.2966157848286632,0.0,1.0,15,0.18706666666666666,0.3676812413464892,0.0,1.0,15,0.0666,0.1378750987566024,0.0,0.333,15,0.5521999999999999,0.37135046981062436,0.0,1.0,15
141,0.84136,0.08307133890180643,0.571,0.978,50,0.11560000000000001,0.07883643620477393,0.0,0.393,50,0.1747,0.2583406428634527,0.0,1.0,50,0.08156000000000001,0.19225335749834838,0.0,1.0,50,0.13092,0.2544131173617317,0.0,1.0,50,0.1794,0.3049603520566742,0.0,1.0,50,0.09166,0.22866467829999637,0.0,1.0,50,0.1536,0.2791071040124276,0.0,1.0,50,0.50968,0.3140744380764872,0.0,1.0,50
142,0.8231538461538462,0.16355979852123714,0.41,0.955,13,0.13453846153846155,0.16348221890296172,0.024,0.59,13,0.05184615384615384,0.14298359238845448,0.0,0.5,13,0.13076923076923078,0.2982857002512172,0.0,1.0,13,0.14546153846153848,0.20287583040890447,0.0,0.5,13,0.15,0.2972092416687835,0.0,1.0,13,0.06769230769230769,0.09931379949045738,0.0,0.25,13,0.14615384615384613,0.2961288700756947,0.0,1.0,13,0.4320769230769231,0.3352723921277696,0.0,1.0,13
143,0.6015454545454545,0.3159431479353093,0.133,0.9,11,0.36372727272727273,0.33776148119911215,0.044,0.867,11,0.24954545454545454,0.29600383904144334,0.0,0.906,11,0.25336363636363635,0.28354374361896,0.0,0.846,11,0.039,0.09555626614722867,0.0,0.304,11,0.10918181818181819,0.23468950474267836,0.0,0.75,11,0.5164545454545455,0.4175237391182359,0.0,1.0,11,0.05545454545454545,0.12486421716117364,0.0,0.4,11,0.588,0.2517002185140092,0.0,1.0,11
144,0.6515,0.2381732562652659,0.196,0.904,10,0.3321,0.23416871885221752,0.096,0.783,10,0.21059999999999998,0.2738284945809045,0.0,0.714,10,0.3327,0.4558732889252841,0.0,1.0,10,0.1042,0.25411886982276627,0.0,0.792,10,0.1083,0.18442104603927997,0.0,0.5,10,0.13999999999999999,0.1940790217067951,0.0,0.5,10,0.175,0.33437337746231466,0.0,1.0,10,0.3841,0.3744947559342083,0.0,1.0,10
145,0.7473529411764706,0.16331983237518588,0.189,0.857,17,0.2174705882352941,0.1739192045344112,0.054,0.811,17,0.17964705882352944,0.22138200615013592,0.0,0.633,17,0.25929411764705884,0.32526234886355243,0.0,0.875,17,0.11188235294117647,0.2577830682843962,0.0,0.773,17,0.1274705882352941,0.27834064508418876,0.0,1.0,17,0.357,0.4036770057855661,0.0,1.0,17,0.04964705882352941,0.13137919411786186,0.0,0.5,17,0.5767058823529412,0.2818613942849132,0.0,1.0,17
146,0.4631,0.36255741307795347,0.0,0.857,10,0.5086,0.36458445142685697,0.115,1.0,10,0.6776,0.3131329855934482,0.167,1.0,10,0.19329999999999997,0.3025759959635485,0.0,0.976,10,0.059899999999999995,0.14319951117235005,0.0,0.455,10,0.1324,0.22624283905180784,0.0,0.6,10,0.1091,0.21324292355068772,0.0,0.6,10,0.3466,0.3859277998106209,0.0,1.0,10,0.152,0.16640980206172418,0.0,0.455,10
147,0.7788,0.18845482496511357,0.184,0.939,20,0.1888,0.18728717043760984,0.047,0.816,20,0.16505,0.1914172832212114,0.0,0.571,20,0.10565,0.19710998132221033,0.0,0.625,20,0.0806,0.1618158147238299,0.0,0.613,20,0.0713,0.14182350039100675,0.0,0.5,20,0.0732,0.21581780815259308,0.0,0.944,20,0.10205,0.2563161031555413,0.0,1.0,20,0.4967,0.23990987342837947,0.0,1.0,20
148,0.8603928571428572,0.08199292620153244,0.625,0.977,28,0.10860714285714286,0.07345108691715983,0.023,0.312,28,0.07510714285714284,0.16791032423328528,0.0,0.667,28,0.09946428571428571,0.19981796941083876,0.0,0.727,28,0.10882142857142858,0.17985118407366243,0.0,0.5,28,0.17996428571428572,0.30370569113106327,0.0,1.0,28,0.05714285714285715,0.1687175404799645,0.0,0.6,28,0.07367857142857144,0.14749916599172336,0.0,0.5,28,0.647,0.31222522734813185,0.0,1.0,28
149,0.841,0.07626551364429777,0.673,0.976,15,0.10546666666666665,0.05803553919387507,0.023,0.22,15,0.1372,0.24189082543282087,0.0,0.9,15,0.07886666666666667,0.15585930774106438,0.0,0.5,15,0.11699999999999999,0.1886315380387308,0.0,0.583,15,0.21733333333333332,0.34767917614348076,0.0,1.0,15,0.034133333333333335,0.07083871688225168,0.0,0.2,15,0.036000000000000004,0.07759142073340694,0.0,0.286,15,0.5728666666666666,0.22982225015578164,0.0,1.0,15
150,0.6885882352941176,0.2794575233428887,0.0,0.93,17,0.2693529411764706,0.29347464566306036,0.023,1.0,17,0.20176470588235296,0.261130841105509,0.0,1.0,17,0.17941176470588238,0.2653483697951453,0.0,0.897,17,0.13852941176470587,0.21869188303611628,0.0,0.75,17,0.15564705882352942,0.24726553064885293,0.0,1.0,17,0.3138823529411765,0.41673865946671856,0.0,1.0,17,0.08535294117647059,0.19694096233912037,0.0,0.75,17,0.4671764705882353,0.28103096699788216,0.0,0.875,17
151,0.7516250000000001,0.23015095471564254,0.096,0.921,24,0.20966666666666667,0.23961502940934357,0.026,0.904,24,0.18120833333333333,0.3016170879668842,0.0,1.0,24,0.10491666666666666,0.24530405563329957,0.0,0.903,24,0.09570833333333334,0.1886476999863633,0.0,0.738,24,0.04754166666666667,0.11748005535322625,0.0,0.5,24,0.13254166666666667,0.23642040285063803,0.0,0.833,24,0.12866666666666668,0.29416834379782203,0.0,1.0,24,0.556625,0.26787534617235037,0.0,1.0,24
152,0.8277692307692308,0.1241744234912839,0.231,0.95,39,0.13158974358974357,0.13114209207226496,0.0,0.744,39,0.14333333333333334,0.1990747457262345,0.0,0.765,39,0.07235897435897436,0.19994913658221436,0.0,1.0,39,0.053102564102564094,0.1396855104703334,0.0,0.5,39,0.14264102564102563,0.2423997879949011,0.0,1.0,39,0.1305897435897436,0.2854881984793507,0.0,1.0,39,0.18176923076923077,0.3278115201034744,0.0,1.0,39,0.4682564102564103,0.3257979449669217,0.0,1.0,39
153,0.7935,0.1643901316521627,0.372,0.938,14,0.1727857142857143,0.16789382110380108,0.021,0.605,14,0.2714285714285714,0.27356695546223986,0.0,0.667,14,0.11921428571428572,0.1914130365190693,0.0,0.5,14,0.07842857142857143,0.13338418444231184,0.0,0.333,14,0.14921428571428572,0.20313170360874003,0.0,0.5,14,0.16192857142857142,0.33256542775259085,0.0,1.0,14,0.09985714285714287,0.2704062064441504,0.0,1.0,14,0.605642857142857,0.3296012992746183,0.0,1.0,14
154,0.5534444444444444,0.298624340488223,0.0,0.905,18,0.41544444444444445,0.2966450091235457,0.067,0.917,18,0.45355555555555555,0.3555033254121331,0.0,1.0,18,0.266,0.33062667768950527,0.0,0.857,18,0.10488888888888888,0.16023691609939872,0.0,0.481,18,0.166,0.20225726192154386,0.0,0.778,18,0.173,0.2824833154885643,0.0,1.0,18,0.18461111111111111,0.2223878802476559,0.0,0.625,18,0.2565,0.20354512435098715,0.0,0.632,18
155,0.8124545454545454,0.09705396811708795,0.646,0.911,11,0.14527272727272728,0.09410110616681497,0.044,0.354,11,0.14263636363636364,0.17927312834179734,0.0,0.5,11,0.04872727272727273,0.09323528399601827,0.0,0.286,11,0.20136363636363636,0.24814764666515488,0.0,0.611,11,0.06818181818181818,0.16166744767071584,0.0,0.5,11,0.07718181818181818,0.17994377909881637,0.0,0.571,11,0.12218181818181818,0.19940301812250397,0.0,0.667,11,0.5762727272727273,0.32751888217600245,0.0,1.0,11
156,0.7366666666666667,0.2068538706660424,0.25,0.939,15,0.22873333333333334,0.2190542876831699,0.044,0.729,15,0.24113333333333334,0.25892549029365486,0.0,0.625,15,0.1836,0.2913931561114149,0.0,0.853,15,0.19913333333333333,0.2351521898281034,0.0,0.714,15,0.13906666666666664,0.2648078728508832,0.0,1.0,15,0.18166666666666667,0.33622136982025624,0.0,1.0,15,0.08380000000000001,0.10426490986219394,0.0,0.333,15,0.7373333333333334,0.2887749164677438,0.0,1.0,15
157,0.35509999999999997,0.3147281032055581,0.0,0.842,20,0.61745,0.31317667369612384,0.105,0.98,20,0.71085,0.27377887254613265,0.143,1.0,20,0.37665,0.33344695388117074,0.0,1.0,20,0.060450000000000004,0.1504678580820152,0.0,0.625,20,0.26515,0.30811161255212965,0.0,1.0,20,0.21164999999999998,0.2730500773426774,0.0,0.917,20,0.22565,0.2762800400432789,0.0,0.783,20,0.37975,0.17414751006878593,0.0,0.75,20
158,0.5906,0.3348484967705151,0.0,0.949,20,0.3698,0.3127927849484215,0.026,0.964,20,0.5563,0.32963953199310236,0.0,1.0,20,0.14135,0.19606585225646156,0.0,0.75,20,0.0967,0.21264304163996228,0.0,0.824,20,0.1443,0.17819152912703673,0.0,0.667,20,0.2023,0.28347896979456777,0.0,1.0,20,0.21525,0.279710164841733,0.0,1.0,20,0.15875,0.20649910793741305,0.0,0.739,20
159,0.5308387096774193,0.29819301319494323,0.0,0.946,31,0.4347741935483871,0.3130472498604025,0.02,0.98,31,0.5457741935483871,0.3379729485898163,0.0,1.0,31,0.1225483870967742,0.18342443288898339,0.0,0.694,31,0.079,0.1688514139709822,0.0,0.583,31,0.28680645161290325,0.3272999052199515,0.0,1.0,31,0.11893548387096775,0.2634959753625433,0.0,1.0,31,0.1338709677419355,0.2324426440989237,0.0,1.0,31,0.2374516129032258,0.2589796438216303,0.0,1.0,31
160,0.84505,0.1244226561700925,0.375,0.952,20,0.11679999999999999,0.13350363685170372,0.0,0.625,20,0.1052,0.24487259845414347,0.0,1.0,20,0.0886,0.1538914176328642,0.0,0.579,20,0.133,0.26703577524960564,0.0,1.0,20,0.0875,0.2470217335420211,0.0,1.0,20,0.09079999999999999,0.2614446907393406,0.0,0.941,20,0.05089999999999999,0.14293130481016691,0.0,0.6,20,0.5743,0.3365809670323339,0.0,1.0,20
161,0.8170400000000001,0.1613679749310046,0.122,0.946,25,0.14496,0.17039157843039074,0.018,0.878,25,0.12423999999999999,0.18465289058122,0.0,0.667,25,0.12152000000000002,0.23561835667027306,0.0,0.972,25,0.0596,0.16076043252823957,0.0,0.647,25,0.10824,0.1987547232143176,0.0,0.5,25,0.17268,0.30358479320721365,0.0,1.0,25,0.11436,0.28697602687332613,0.0,1.0,25,0.55872,0.2803777986931205,0.0,1.0,25
162,0.8017878787878788,0.16006478328628332,0.222,1.0,33,0.15142424242424243,0.16160330099951362,0.0,0.75,33,0.08066666666666666,0.2040713212743688,0.0,0.889,33,0.12930303030303028,0.28535750437482854,0.0,1.0,33,0.2079090909090909,0.25627528700066404,0.0,1.0,33,0.06557575757575758,0.14534808011783093,0.0,0.6,33,0.08030303030303032,0.16175337802664372,0.0,0.5,33,0.06563636363636363,0.12996293177811757,0.0,0.5,33,0.6433333333333333,0.2803282302349635,0.0,1.0,33
163,0.4730833333333333,0.26806052855595314,0.053,0.825,12,0.48941666666666667,0.2646182355886695,0.15,0.895,12,0.56275,0.3249598926301242,0.0,0.97,12,0.1849166666666667,0.1485667638919733,0.0,0.424,12,0.07841666666666668,0.11763151891574063,0.0,0.333,12,0.34008333333333335,0.369829065757125,0.0,1.0,12,0.22958333333333333,0.2948726869602397,0.0,1.0,12,0.15791666666666668,0.20973466281918873,0.0,0.652,12,0.35375,0.2378196891459043,0.0,0.591,12
164,0.26,0.2669906365399356,0.0,0.844,12,0.7231666666666667,0.2719919227855968,0.111,1.0,12,0.7827500000000001,0.24945618124960617,0.333,1.0,12,0.4068333333333334,0.34138989528991714,0.0,0.951,12,0.17316666666666666,0.2507932264321396,0.0,0.795,12,0.13891666666666666,0.18609062227035972,0.0,0.5,12,0.2305,0.3437064021939232,0.0,1.0,12,0.10883333333333334,0.114792962512622,0.0,0.286,12,0.41816666666666663,0.22250631587903436,0.0,0.722,12
165,0.8168787878787879,0.09974459809175056,0.452,0.98,33,0.13336363636363635,0.10350688931836198,0.0,0.516,33,0.14484848484848487,0.23389435665649905,0.0,0.875,33,0.14775757575757575,0.2706269376723969,0.0,1.0,33,0.06536363636363636,0.15367026757432173,0.0,0.65,33,0.19175757575757577,0.3149508920354718,0.0,1.0,33,0.10939393939393939,0.25834665899159837,0.0,1.0,33,0.18245454545454545,0.3148610895010976,0.0,1.0,33,0.39639393939393935,0.33043975806812537,0.0,1.0,33
166,0.8124666666666667,0.08353602017493214,0.667,0.955,15,0.10453333333333334,0.056109416916117275,0.023,0.214,15,0.1,0.280305955290694,0.0,1.0,15,0.13,0.18665820559055452,0.0,0.5,15,0.13520000000000001,0.2982717361256822,0.0,1.0,15,0.08866666666666667,0.1792068504217828,0.0,0.667,15,0.1148,0.2659721252849092,0.0,1.0,15,0.1804,0.2894452329148691,0.0,1.0,15,0.45220000000000005,0.3078606363739467,0.0,1.0,15
167,0.7775714285714287,0.14894640971514878,0.5,0.933,14,0.16707142857142857,0.14394040662489688,0.023,0.474,14,0.03571428571428571,0.09078412990032035,0.0,0.25,14,0.10357142857142856,0.2706575225363125,0.0,1.0,14,0.08771428571428572,0.12980958158983286,0.0,0.345,14,0.15257142857142858,0.23379896501900096,0.0,0.75,14,0.11307142857142857,0.19501418657890754,0.0,0.5,14,0.07528571428571429,0.1537907812438847,0.0,0.5,14,0.4605714285714286,0.37187771238275763,0.0,1.0,14
168,0.7527999999999999,0.22163774247381446,0.206,0.975,10,0.2082,0.23010277896820128,0.025,0.794,10,0.2904,0.34243351341700057,0.0,1.0,10,0.2024,0.37664784613747626,0.0,1.0,10,0.1804,0.2686952838357152,0.0,0.654,10,0.06470000000000001,0.15476293699289462,0.0,0.5,10,0.1376,0.27586317059167015,0.0,0.882,10,0.12050000000000001,0.20659420772777407,0.0,0.5,10,0.4258,0.3380840789573571,0.0,1.0,10
169,0.77775,0.15356972061871146,0.469,0.898,12,0.1755,0.13799242403447043,0.07,0.469,12,0.20975,0.240165899100828,0.0,0.667,12,0.1805,0.3585089069516075,0.0,1.0,12,0.10083333333333333,0.28650395311673305,0.0,1.0,12,0.12525,0.16984866258472037,0.0,0.5,12,0.21008333333333332,0.2745112875087234,0.0,0.8,12,0.10658333333333332,0.1679342178210013,0.0,0.429,12,0.48233333333333334,0.30847935936058213,0.0,1.0,12
170,0.7827272727272727,0.14581707095473487,0.404,0.929,11,0.18254545454545454,0.14140464181657098,0.048,0.558,11,0.08281818181818182,0.11963429122272444,0.0,0.375,11,0.14054545454545456,0.2316563677675896,0.0,0.7,11,0.13190909090909092,0.13700033178460158,0.0,0.333,11,0.03590909090909091,0.10027407894910287,0.0,0.333,11,0.2121818181818182,0.28719742971754403,0.0,0.75,11,0.0510909090909091,0.1500436300183747,0.0,0.5,11,0.637909090909091,0.25632497129443105,0.2,1.0,11
171,0.7528666666666666,0.22756156676088052,0.174,0.907,15,0.21026666666666666,0.2331463264214333,0.047,0.783,15,0.1526,0.20764901705935015,0.0,0.714,15,0.1062,0.25119406271418343,0.0,0.955,15,0.13573333333333334,0.210751535044966,0.0,0.615,15,0.059333333333333335,0.13130915900307655,0.0,0.5,15,0.13766666666666666,0.2096996718665825,0.0,0.667,15,0.10606666666666667,0.22069871728110205,0.0,0.765,15,0.5767333333333333,0.2872764886870851,0.0,1.0,15
172,0.7201875,0.2803141615521176,0.024,0.958,16,0.2371875,0.294454799870314,0.021,0.951,16,0.213375,0.34254690676363336,0.0,1.0,16,0.052562500000000005,0.13516654849974283,0.0,0.526,16,0.06493750000000001,0.14113892387762256,0.0,0.5,16,0.208375,0.3361602544422328,0.0,1.0,16,0.0709375,0.22586292856509235,0.0,0.885,16,0.107625,0.2725134553252983,0.0,1.0,16,0.5201875,0.3107801406675358,0.148,1.0,16
173,0.41661538461538467,0.33358920307806184,0.0,0.828,13,0.5486923076923077,0.34676153780741614,0.138,1.0,13,0.6044615384615385,0.3929621727733717,0.0,1.0,13,0.11584615384615385,0.15835658398787117,0.0,0.5,13,0.049,0.11975391434103522,0.0,0.333,13,0.20215384615384616,0.2144546751467724,0.0,0.6,13,0.23284615384615387,0.2333816067280675,0.0,0.5,13,0.3140769230769231,0.31641414357833353,0.0,1.0,13,0.14038461538461539,0.16331540979626838,0.0,0.5,13
174,0.5466428571428571,0.27600212015430303,0.0,0.93,14,0.4262142857142857,0.27362219280534317,0.07,0.941,14,0.43628571428571433,0.34028594956672464,0.0,1.0,14,0.24178571428571427,0.2138821309367988,0.0,0.611,14,0.12942857142857142,0.2524668186227539,0.0,0.704,14,0.10914285714285714,0.15731441185035838,0.0,0.5,14,0.1332142857142857,0.267781247855963,0.0,0.97,14,0.14785714285714288,0.2333105745049379,0.0,0.8,14,0.5603571428571429,0.2855099640300484,0.167,1.0,14
175,0.7691538461538462,0.21575095447986867,0.119,0.951,13,0.19846153846153847,0.20444951103904008,0.047,0.81,13,0.1893846153846154,0.20343858142018295,0.0,0.5,13,0.19346153846153843,0.37164692370237096,0.0,1.0,13,0.031615384615384615,0.08387842239568973,0.0,0.286,13,0.11292307692307692,0.2295068849869438,0.0,0.833,13,0.2753846153846154,0.375229604922448,0.0,1.0,13,0.14146153846153847,0.29598328088610437,0.0,1.0,13,0.6466153846153847,0.30913388104550493,0.2,1.0,13
176,0.6712727272727274,0.24881482709400216,0.125,0.905,11,0.29463636363636364,0.2636381128468616,0.095,0.875,11,0.2273636363636364,0.3157870398630295,0.0,0.889,11,0.26936363636363636,0.3874416788956172,0.0,0.976,11,0.15936363636363637,0.22358142710309042,0.0,0.556,11,0.058545454545454546,0.08316653610240556,0.0,0.25,11,0.3594545454545454,0.36729915971490146,0.0,1.0,11,0.10236363636363635,0.1808968063439887,0.0,0.6,11,0.46318181818181814,0.2433556320210478,0.0,1.0,11
177,0.8155833333333332,0.1558550948992705,0.4,0.951,12,0.13441666666666666,0.1808170639239024,0.0,0.6,12,0.18300000000000002,0.28237016324482495,0.0,0.7,12,0.08333333333333333,0.16422453217986943,0.0,0.5,12,0.07783333333333332,0.12973948255382142,0.0,0.333,12,0.1905,0.3093340353962775,0.0,1.0,12,0.10766666666666667,0.20453643077738382,0.0,0.667,12,0.17666666666666667,0.24864005869505182,0.0,0.667,12,0.2794166666666667,0.3680169112550359,0.0,1.0,12
178,0.7556956521739131,0.18630118205417434,0.262,0.979,23,0.19752173913043478,0.19303223225085242,0.0,0.69,23,0.1337391304347826,0.2717293468594514,0.0,1.0,23,0.07804347826086958,0.12904596723679146,0.0,0.4,23,0.0917391304347826,0.19114183629186904,0.0,0.667,23,0.185,0.2937656765642861,0.0,1.0,23,0.13817391304347826,0.2145692624292833,0.0,0.6,23,0.15513043478260868,0.2549037794127292,0.0,1.0,23,0.5090869565217391,0.3557490066482622,0.0,1.0,23
179,0.332875,0.2786017169126325,0.022,0.815,16,0.6424375,0.28573086841758394,0.13,0.978,16,0.5469375,0.3247219259099494,0.0,0.958,16,0.2143125,0.23638407130487168,0.0,0.946,16,0.038,0.09759439874637614,0.0,0.367,16,0.120125,0.17878436732555786,0.0,0.714,16,0.16525,0.2385113554249916,0.0,0.818,16,0.1524375,0.2580550248170598,0.0,1.0,16,0.341875,0.18117721527094222,0.043,0.75,16
180,0.47500000000000003,0.368181032546861,0.0,0.867,12,0.5004166666666666,0.3751202130549942,0.1,1.0,12,0.5186666666666667,0.390067903956439,0.0,0.971,12,0.21208333333333332,0.3015977026477892,0.0,0.771,12,0.03416666666666667,0.09667643628792558,0.0,0.333,12,0.1585,0.2865676185475254,0.0,1.0,12,0.3336666666666667,0.3142411735459171,0.0,1.0,12,0.10558333333333335,0.1643258726562632,0.0,0.462,12,0.31858333333333333,0.29744837851094075,0.0,0.75,12
181,0.5795714285714285,0.3171535229866715,0.0,0.933,21,0.3909523809523809,0.32570254469231213,0.044,1.0,21,0.44,0.3707857872141272,0.0,1.0,21,0.17395238095238094,0.23756440730683462,0.0,0.731,21,0.0891904761904762,0.22239955464155478,0.0,0.967,21,0.1935714285714286,0.3328915095685937,0.0,1.0,21,0.16871428571428573,0.3084307285043342,0.0,1.0,21,0.18985714285714286,0.30290663342262514,0.0,1.0,21,0.2593809523809524,0.22944900875586197,0.0,0.714,21
182,0.5177058823529412,0.2852993525899336,0.0,0.949,17,0.43464705882352944,0.2941236859674154,0.0,1.0,17,0.523,0.34204623225523184,0.0,0.962,17,0.3318823529411765,0.35484096479143673,0.0,1.0,17,0.066,0.10613434882261256,0.0,0.25,17,0.27447058823529413,0.29350492279667534,0.0,1.0,17,0.16911764705882354,0.2779039587593484,0.0,1.0,17,0.16870588235294118,0.19396867166693516,0.0,0.625,17,0.07570588235294118,0.1302846713479191,0.0,0.429,17
183,0.6550571428571429,0.2539943193965453,0.07,0.929,35,0.3055142857142857,0.26644935192801117,0.047,0.93,35,0.11699999999999999,0.20722678682175863,0.0,0.933,35,0.2971714285714286,0.3425647629379337,0.0,1.0,35,0.04437142857142857,0.10655379357099282,0.0,0.5,35,0.06434285714285713,0.16007827917048856,0.0,0.667,35,0.3052285714285714,0.3364568922404985,0.0,1.0,35,0.029771428571428574,0.11766629926700879,0.0,0.5,35,0.5851428571428572,0.2493674518665581,0.0,1.0,35
184,0.679125,0.2518093118720087,0.078,0.953,56,0.2838392857142857,0.2578883321965476,0.024,0.902,56,0.2285535714285714,0.29036027274235193,0.0,1.0,56,0.16673214285714286,0.2740174839193779,0.0,1.0,56,0.11235714285714285,0.18526417782295526,0.0,0.724,56,0.11142857142857143,0.241643076920024,0.0,1.0,56,0.24273214285714287,0.36744723757649533,0.0,1.0,56,0.047910714285714286,0.11004598655036975,0.0,0.5,56,0.5376964285714286,0.3032663947238981,0.0,1.0,56
185,0.3443076923076923,0.251353132934319,0.041,0.821,13,0.6318461538461538,0.2525621527973679,0.154,0.943,13,0.5596153846153846,0.29650956658584066,0.167,1.0,13,0.34446153846153843,0.34752544640275757,0.0,0.967,13,0.09338461538461539,0.12022862835832021,0.0,0.333,13,0.13953846153846156,0.19870103815557322,0.0,0.562,13,0.4386923076923077,0.32290720664389655,0.0,0.875,13,0.09953846153846155,0.15180448795771015,0.0,0.5,13,0.3555384615384615,0.2119617164272106,0.129,0.682,13
186,0.8349333333333334,0.06685000979449299,0.683,0.907,15,0.13946666666666668,0.07580601810511077,0.043,0.317,15,0.22080000000000002,0.29223405492369103,0.0,1.0,15,0.1442,0.18072639146352856,0.0,0.6,15,0.1288,0.27989569485792376,0.0,1.0,15,0.06113333333333334,0.14251058440223544,0.0,0.5,15,0.25666666666666665,0.3378198308199773,0.0,1.0,15,0.09666666666666666,0.18172454298693264,0.0,0.5,15,0.6176666666666667,0.25458303912382657,0.111,1.0,15
187,0.8656,0.08707621183002086,0.667,0.958,10,0.087,0.07230337321161287,0.021,0.25,10,0.21390000000000003,0.33747311003989633,0.0,1.0,10,0.1722,0.2874136778621056,0.0,0.889,10,0.1333,0.21939312761443658,0.0,0.5,10,0.144,0.20951213170920038,0.0,0.5,10,0.14550000000000002,0.33255283623642257,0.0,1.0,10,0.2,0.34960294939005054,0.0,1.0,10,0.4723,0.30352193770247754,0.0,1.0,10
188,0.8197692307692308,0.09995331217815956,0.596,0.975,26,0.12734615384615383,0.10527143669873318,0.025,0.395,26,0.21103846153846154,0.2771580748625926,0.0,1.0,26,0.12642307692307692,0.2371775997984503,0.0,1.0,26,0.09315384615384614,0.17662767445849303,0.0,0.658,26,0.23346153846153847,0.32917378155244753,0.0,1.0,26,0.08203846153846153,0.14417752412057316,0.0,0.4,26,0.17734615384615385,0.32361927536012963,0.0,1.0,26,0.4811153846153846,0.3026242986837741,0.0,1.0,26
189,0.8398125,0.08175591212057184,0.65,0.978,16,0.11925,0.06786407984591947,0.022,0.325,16,0.116625,0.24182028450897167,0.0,0.833,16,0.0755625,0.1750329373765597,0.0,0.667,16,0.188625,0.3444129062622363,0.0,1.0,16,0.0868125,0.20389383471143346,0.0,0.667,16,0.1423125,0.28681927381773586,0.0,1.0,16,0.02775,0.08598023028580466,0.0,0.333,16,0.6786875,0.24823556520638482,0.0,1.0,16
190,0.8170999999999999,0.04971127750431597,0.756,0.905,10,0.1286,0.057457617230248746,0.053,0.244,10,0.12669999999999998,0.16745151868857777,0.0,0.5,10,0.01,0.03162277660168379,0.0,0.1,10,0.1478,0.21809773548164646,0.0,0.571,10,0.0795,0.16187186290396488,0.0,0.5,10,0.046700000000000005,0.07893745766252054,0.0,0.2,10,0.0,0.0,0.0,0.0,10,0.7041000000000001,0.19412450185955973,0.5,1.0,10
191,0.8558333333333333,0.09891119371650632,0.617,0.977,12,0.10883333333333334,0.09569538160541533,0.022,0.362,12,0.15533333333333332,0.19483435077630493,0.0,0.625,12,0.034249999999999996,0.06211883772254597,0.0,0.143,12,0.16116666666666665,0.22433490926548083,0.0,0.567,12,0.06483333333333334,0.1485302744367034,0.0,0.5,12,0.03333333333333333,0.07112387827309517,0.0,0.2,12,0.19925,0.3119808050622229,0.0,1.0,12,0.5439166666666667,0.3769539297467466,0.0,1.0,12
192,0.5223636363636364,0.34315339798034133,0.024,0.932,11,0.4358181818181819,0.3461366256788837,0.044,0.929,11,0.4343636363636364,0.34270257446575236,0.0,1.0,11,0.13245454545454546,0.19660232126623717,0.0,0.615,11,0.07927272727272727,0.13614851516567555,0.0,0.429,11,0.1780909090909091,0.21740444086791538,0.0,0.6,11,0.18072727272727274,0.30651984957228817,0.0,1.0,11,0.19845454545454544,0.3162534944111649,0.0,1.0,11,0.5924545454545455,0.3152194041096974,0.0,1.0,11
193,0.5924117647058823,0.3102537386606987,0.029,0.952,17,0.3709411764705882,0.3186378176292472,0.048,0.971,17,0.3776470588235294,0.39969471806249685,0.0,1.0,17,0.2953529411764706,0.3404847539127983,0.0,0.881,17,0.1228235294117647,0.2310787839931756,0.0,0.733,17,0.23570588235294115,0.3267628659873017,0.0,1.0,17,0.2218235294117647,0.3379626893782281,0.0,1.0,17,0.09905882352941177,0.14424088818199027,0.0,0.368,17,0.4761764705882353,0.26468382914670985,0.0,1.0,17
194,0.7127857142857144,0.18546414895998245,0.211,0.909,14,0.24778571428571428,0.1974955417496532,0.023,0.789,14,0.3082857142857143,0.29777777686658286,0.0,1.0,14,0.08099999999999999,0.11375276835177377,0.0,0.294,14,0.0795,0.13471265716331185,0.0,0.333,14,0.066,0.12815915586008375,0.0,0.375,14,0.33714285714285713,0.4313071112047936,0.0,1.0,14,0.09757142857142857,0.14667479164973954,0.0,0.412,14,0.4777857142857143,0.3669875660378341,0.0,1.0,14
195,0.4649,0.37579795103220026,0.0,0.929,10,0.5109,0.38457348669229224,0.048,1.0,10,0.6616,0.35566219928465836,0.0,1.0,10,0.3249,0.30572916482112433,0.0,1.0,10,0.032100000000000004,0.06774207620739778,0.0,0.167,10,0.3255,0.3860406570413133,0.0,1.0,10,0.08280000000000001,0.12330071640775923,0.0,0.333,10,0.2691,0.3101173433825762,0.0,1.0,10,0.1298,0.16496316087067575,0.0,0.5,10
196,0.6808125,0.25662715334378267,0.0,0.907,16,0.29225,0.26141193545819597,0.07,1.0,16,0.2748125,0.3148149125544511,0.0,1.0,16,0.2725,0.34286868234549117,0.0,1.0,16,0.0703125,0.14726426076954313,0.0,0.5,16,0.23175,0.37235153640970337,0.0,1.0,16,0.0989375,0.26035500603342865,0.0,1.0,16,0.140625,0.2750602055308376,0.0,1.0,16,0.364875,0.25804440832280534,0.0,0.8,16
197,0.6188965517241379,0.29148246024510954,0.026,0.927,29,0.34648275862068967,0.29841768674719465,0.06,0.974,29,0.2641034482758621,0.3310466459177604,0.0,0.969,29,0.2700344827586207,0.3040573821264923,0.0,1.0,29,0.11913793103448277,0.18567093090002215,0.0,0.6,29,0.12072413793103448,0.25627578567848186,0.0,1.0,29,0.19506896551724137,0.27755847917079723,0.0,0.955,29,0.1436551724137931,0.24413012862904385,0.0,1.0,29,0.4878620689655172,0.33777546685609394,0.0,1.0,29
198,0.7927272727272728,0.15803049187937232,0.277,0.953,22,0.15872727272727272,0.16595558264564472,0.044,0.723,22,0.13336363636363638,0.20753325504133535,0.0,0.667,22,0.1349090909090909,0.20728101677051836,0.0,0.667,22,0.06240909090909091,0.15048229102927663,0.0,0.594,22,0.17713636363636362,0.3070990681560881,0.0,1.0,22,0.11172727272727273,0.2566203758784897,0.0,1.0,22,0.08950000000000001,0.22991815313901848,0.0,1.0,22,0.5592727272727273,0.3236712296993123,0.0,1.0,22
199,0.728,0.2314788975263188,0.0,0.978,26,0.22888461538461538,0.24502903124700584,0.0,1.0,26,0.21457692307692305,0.3256733545228314,0.0,1.0,26,0.2018846153846154,0.2941627205371989,0.0,1.0,26,0.1405769230769231,0.2945104647481203,0.0,1.0,26,0.11611538461538462,0.2300315329554758,0.0,1.0,26,0.14426923076923076,0.2988971137622186,0.0,1.0,26,0.1771923076923077,0.2993797614042431,0.0,1.0,26,0.33438461538461534,0.3112772496567106,0.0,1.0,26
200,0.29964864864864865,0.2602779727966297,0.0,0.844,37,0.675945945945946,0.2692082987355852,0.14,1.0,37,0.7764054054054054,0.24922027956759002,0.0,1.0,37,0.20221621621621622,0.19215938626496948,0.0,0.714,37,0.0914054054054054,0.19214367590996118,0.0,0.846,37,0.20186486486486485,0.25222720821625205,0.0,1.0,37,0.17267567567567568,0.2579357213267219,0.0,1.0,37,0.2232972972972973,0.2133685992810544,0.0,0.667,37,0.2567027027027027,0.18752108990500016,0.0,0.647,37
201,0.3963548387096774,0.31445535437081223,0.0,0.905,31,0.5700967741935483,0.31779493963232636,0.071,0.979,31,0.6788064516129032,0.33634321948022466,0.0,1.0,31,0.2195806451612903,0.2342129763261846,0.0,0.923,31,0.10638709677419354,0.16601559714262892,0.0,0.5,31,0.20864516129032257,0.22659031288312642,0.0,0.8,31,0.17300000000000001,0.2965926499426444,0.0,1.0,31,0.23274193548387095,0.24690713068438447,0.0,1.0,31,0.25816129032258067,0.20495806022602014,0.0,0.75,31
202,0.7879444444444444,0.16459271380564963,0.278,0.933,18,0.1688888888888889,0.17940846884361522,0.0,0.722,18,0.18661111111111112,0.22226802550839087,0.0,0.731,18,0.18044444444444446,0.23710241575225582,0.0,0.808,18,0.14072222222222222,0.20158659081092484,0.0,0.63,18,0.12433333333333334,0.18070255052075462,0.0,0.5,18,0.10061111111111111,0.19568496256780538,0.0,0.714,18,0.1696111111111111,0.32302451899086704,0.0,1.0,18,0.5220555555555556,0.3364963896707332,0.0,1.0,18
203,0.38410344827586207,0.2837992681994474,0.0,0.902,29,0.5857586206896551,0.28912770969299234,0.039,1.0,29,0.6565862068965518,0.28264054875929545,0.0,1.0,29,0.13903448275862068,0.20589568835397845,0.0,0.814,29,0.08548275862068966,0.1644405278272915,0.0,0.667,29,0.2469655172413793,0.29932405787977645,0.0,1.0,29,0.14020689655172414,0.24765995975333727,0.0,1.0,29,0.25351724137931037,0.28931811714167494,0.0,1.0,29,0.24206896551724139,0.20814605638391842,0.0,0.667,29
204,0.3644,0.2872896651885305,0.0,0.943,30,0.6166,0.29211731228725735,0.029,0.976,30,0.6978000000000001,0.3392755364820346,0.0,1.0,30,0.20903333333333332,0.19313109418275942,0.0,0.667,30,0.04103333333333333,0.09407644849227431,0.0,0.412,30,0.18916666666666665,0.2327659892405384,0.0,0.8,30,0.19136666666666668,0.27903497288324636,0.0,1.0,30,0.2304,0.299723849913377,0.0,1.0,30,0.22949999999999998,0.18722487861503287,0.0,0.833,30
205,0.6928571428571428,0.25731888466135033,0.0,0.933,35,0.2620285714285714,0.2706713315959028,0.023,1.0,35,0.2064285714285714,0.280739494666401,0.0,1.0,35,0.2224857142857143,0.30646143327347675,0.0,0.85,35,0.08194285714285714,0.21908914957657044,0.0,1.0,35,0.06288571428571428,0.11729168553566925,0.0,0.462,35,0.25520000000000004,0.37486662726267606,0.0,1.0,35,0.07537142857142858,0.15295464258751887,0.0,0.667,35,0.5188857142857143,0.24527101114392424,0.0,1.0,35
206,0.4345625,0.334458561210005,0.0,0.93,16,0.530125,0.3437184652202051,0.023,1.0,16,0.5894375000000001,0.3793018092495737,0.0,1.0,16,0.1998125,0.2726086862763792,0.0,0.976,16,0.15081250000000002,0.24940414825472865,0.0,0.853,16,0.08925,0.1486689835394951,0.0,0.5,16,0.338,0.3500081903803585,0.0,1.0,16,0.0689375,0.1044269880506631,0.0,0.308,16,0.4551875,0.2799464755389263,0.0,0.8,16
207,0.4238235294117647,0.32824366621728546,0.028,0.824,17,0.5503529411764706,0.33219703136400663,0.14,0.972,17,0.5141176470588236,0.4152134815900342,0.0,1.0,17,0.14311764705882352,0.1688926738911953,0.0,0.613,17,0.043647058823529414,0.08961999022014466,0.0,0.316,17,0.2581176470588235,0.3751847682064367,0.0,1.0,17,0.40194117647058825,0.4175186329058015,0.0,1.0,17,0.05841176470588235,0.10499229663618743,0.0,0.333,17,0.43464705882352944,0.2232168063723223,0.0,0.704,17
208,0.85225,0.07950387831210919,0.595,0.943,16,0.11775,0.08575818716989457,0.039,0.405,16,0.09225,0.15709381485808624,0.0,0.5,16,0.040875,0.10056432435676846,0.0,0.333,16,0.0493125,0.13452767683020966,0.0,0.522,16,0.1975,0.30823562415788347,0.0,1.0,16,0.0804375,0.2508712734318804,0.0,1.0,16,0.05475000000000001,0.1448624635070567,0.0,0.5,16,0.5994375,0.23549578021697118,0.25,1.0,16
209,0.5338333333333333,0.28236095718942367,0.0,0.892,24,0.41850000000000004,0.297942655702329,0.047,0.978,24,0.486,0.36127250945367617,0.0,1.0,24,0.13983333333333334,0.2520192654241487,0.0,0.879,24,0.03525,0.08685182283887186,0.0,0.333,24,0.29070833333333335,0.32108640028701835,0.0,1.0,24,0.09379166666666666,0.16177116934696387,0.0,0.739,24,0.23354166666666668,0.24047850471899573,0.0,0.7,24,0.10612500000000001,0.1584471692230019,0.0,0.636,24
210,0.29258333333333336,0.23251410840217976,0.0,0.757,12,0.6815833333333333,0.23369267243864356,0.216,0.977,12,0.739,0.25627400109329007,0.364,1.0,12,0.28783333333333333,0.2157316655364982,0.07,0.906,12,0.06666666666666667,0.15391103293983205,0.0,0.533,12,0.16175,0.17464047484631234,0.0,0.571,12,0.20941666666666667,0.24565846888176543,0.0,0.733,12,0.12666666666666668,0.14408793611310192,0.0,0.4,12,0.3145833333333334,0.16367232138599,0.023,0.545,12
211,0.2521333333333333,0.24413429169404363,0.0,0.629,15,0.7292000000000001,0.2523603432735478,0.327,1.0,15,0.8042666666666667,0.2029804588295796,0.5,1.0,15,0.29619999999999996,0.2690616498659209,0.0,0.854,15,0.1378,0.22509718536033022,0.0,0.667,15,0.14953333333333332,0.1500213635580264,0.0,0.5,15,0.25153333333333333,0.2534512820661051,0.0,0.667,15,0.23779999999999998,0.247661404802144,0.0,0.667,15,0.3204666666666667,0.1802616616662197,0.128,0.692,15
212,0.2418,0.27639262963090333,0.0,0.857,15,0.7368,0.2791868805759223,0.143,1.0,15,0.8158,0.2870256832709276,0.0,1.0,15,0.32466666666666666,0.3133256331373997,0.0,0.919,15,0.10133333333333333,0.13087544060052272,0.0,0.375,15,0.19466666666666665,0.23864907490367723,0.0,0.7,15,0.12040000000000001,0.28365869833808577,0.0,1.0,15,0.19146666666666665,0.22210675253987558,0.0,0.625,15,0.35973333333333335,0.16212625885254925,0.0,0.667,15
213,0.2897391304347826,0.3098761068250143,0.0,0.818,23,0.6909130434782609,0.31320874727182973,0.136,1.0,23,0.6865217391304348,0.3665416842926745,0.0,1.0,23,0.3133478260869565,0.3505543154252149,0.0,0.9,23,0.12034782608695653,0.22740544662375656,0.0,1.0,23,0.14321739130434782,0.19622110824311972,0.0,0.75,23,0.2301304347826087,0.33121845363992103,0.0,1.0,23,0.13917391304347826,0.17714161057647765,0.0,0.643,23,0.23578260869565218,0.1598376894118585,0.0,0.625,23
214,0.5104166666666666,0.2862932392505623,0.0,0.889,24,0.4656666666666667,0.2938770323535467,0.067,1.0,24,0.5488333333333334,0.2921543169756973,0.0,1.0,24,0.17883333333333332,0.1796098832050384,0.0,0.667,24,0.088375,0.1773926650363415,0.0,0.667,24,0.21883333333333332,0.2317087126895143,0.0,0.667,24,0.16104166666666667,0.25094144114525596,0.0,0.857,24,0.11966666666666666,0.18341344758120434,0.0,0.5,24,0.318125,0.2257319134263705,0.0,0.75,24
215,0.5781818181818182,0.24102647911871355,0.079,0.904,11,0.3845454545454546,0.25060541240618234,0.019,0.921,11,0.2843636363636364,0.3161601722947635,0.0,0.943,11,0.030454545454545456,0.04578070256421069,0.0,0.111,11,0.13872727272727273,0.32634003459860417,0.0,1.0,11,0.10454545454545454,0.2985857878856138,0.0,1.0,11,0.2767272727272727,0.38985743314937343,0.0,1.0,11,0.11636363636363636,0.2514741627791105,0.0,0.727,11,0.4566363636363636,0.24241422100498675,0.0,1.0,11
216,0.519,0.2838940949418588,0.019,0.86,15,0.46140000000000003,0.2859717268742289,0.139,0.963,15,0.4759333333333334,0.3333819059848558,0.0,1.0,15,0.24593333333333334,0.28886859757797606,0.0,0.92,15,0.034133333333333335,0.08579282909316793,0.0,0.316,15,0.18713333333333332,0.2876868005976208,0.0,1.0,15,0.17906666666666665,0.29732220777818674,0.0,0.75,15,0.24053333333333335,0.3000947152071127,0.0,0.714,15,0.5432,0.24740429607079523,0.0,1.0,15
217,0.5965,0.2808535601024531,0.0,0.907,10,0.3707,0.2812373651482952,0.047,0.977,10,0.6750999999999999,0.2978621791664356,0.0,1.0,10,0.1694,0.20154745787972067,0.0,0.643,10,0.17450000000000002,0.17592817347492193,0.0,0.462,10,0.11839999999999999,0.16466410254413882,0.0,0.429,10,0.048799999999999996,0.09540067551589394,0.0,0.286,10,0.24699999999999997,0.30838648190577717,0.0,1.0,10,0.2647,0.3185777595641116,0.0,1.0,10
218,0.5533333333333333,0.306051706511863,0.049,0.909,18,0.41111111111111115,0.3047436509764519,0.087,0.914,18,0.5120555555555556,0.3435159851100729,0.0,1.0,18,0.19172222222222224,0.24621076708800807,0.0,0.771,18,0.13772222222222222,0.2160889810064787,0.0,0.667,18,0.2306666666666667,0.3023208268593833,0.0,1.0,18,0.10533333333333333,0.23033351777751473,0.0,0.75,18,0.11416666666666668,0.17878684317957416,0.0,0.667,18,0.18661111111111112,0.15236725713141797,0.0,0.444,18
219,0.7679230769230769,0.10373079062205648,0.524,0.923,13,0.18546153846153846,0.11434641474092033,0.051,0.476,13,0.04161538461538462,0.10483680847038607,0.0,0.375,13,0.1,0.18708286933869708,0.0,0.5,13,0.11284615384615385,0.15068999422315457,0.0,0.444,13,0.15546153846153846,0.27809039758821086,0.0,1.0,13,0.04561538461538461,0.09269802089000109,0.0,0.25,13,0.1526923076923077,0.2609100689942113,0.0,0.765,13,0.6627692307692308,0.3118905133339139,0.0,1.0,13
220,0.6267692307692307,0.28465158640173716,0.122,0.905,13,0.3233846153846154,0.31137184053302425,0.07,0.857,13,0.15276923076923077,0.19721990849732263,0.0,0.524,13,0.3053076923076923,0.38180304360044603,0.0,0.976,13,0.0021538461538461538,0.007765802747153209,0.0,0.028,13,0.0923076923076923,0.27827306272059005,0.0,1.0,13,0.3923076923076923,0.4129677922500705,0.0,1.0,13,0.08976923076923077,0.27735781758291755,0.0,1.0,13,0.6166923076923077,0.21454113227047497,0.25,1.0,13
221,0.41154545454545455,0.26483102674587194,0.043,0.775,11,0.5679090909090909,0.2603334225739962,0.2,0.891,11,0.5863636363636364,0.3539099525945188,0.0,1.0,11,0.16127272727272726,0.22757684017012408,0.0,0.659,11,0.07954545454545454,0.09908215140615755,0.0,0.267,11,0.16245454545454546,0.19264961128243352,0.0,0.625,11,0.2489090909090909,0.4024995539240893,0.0,1.0,11,0.14981818181818182,0.19484343364959372,0.0,0.571,11,0.10263636363636364,0.15957711159641455,0.0,0.533,11
222,0.5347021276595745,0.2784020329521615,0.0,0.913,47,0.4331914893617021,0.28570139765434577,0.0,1.0,47,0.5248297872340425,0.36549824951397497,0.0,1.0,47,0.23097872340425532,0.24004351864154372,0.0,1.0,47,0.1298936170212766,0.2427906804710372,0.0,1.0,47,0.16817021276595745,0.21716506636647098,0.0,1.0,47,0.12240425531914893,0.24589567066352316,0.0,1.0,47,0.14908510638297873,0.20310158411250806,0.0,0.656,47,0.1992127659574468,0.2078850995528448,0.0,1.0,47
223,0.710076923076923,0.15292615949016133,0.419,0.927,13,0.26684615384615384,0.1518589510883077,0.049,0.581,13,0.44361538461538463,0.373452035845198,0.0,1.0,13,0.11161538461538462,0.15770147878271912,0.0,0.5,13,0.0,0.0,0.0,0.0,13,0.21153846153846154,0.36737211275594833,0.0,1.0,13,0.2436153846153846,0.3825745109259847,0.0,1.0,13,0.16030769230769232,0.316385414912304,0.0,1.0,13,0.39415384615384613,0.34825513783093137,0.0,1.0,13
224,0.733111111111111,0.2587894644843653,0.038,0.974,18,0.22850000000000004,0.25234016490350764,0.0,0.904,18,0.21544444444444444,0.22906824624532424,0.0,0.583,18,0.19138888888888891,0.33469321139161756,0.0,1.0,18,0.05077777777777778,0.21543186600150147,0.0,0.914,18,0.11616666666666668,0.2589999432205252,0.0,1.0,18,0.1577777777777778,0.30836944144694467,0.0,1.0,18,0.10688888888888888,0.2616144196621497,0.0,1.0,18,0.4083888888888889,0.28816440137918187,0.0,1.0,18
225,0.7447368421052631,0.17983938578176517,0.4,0.977,19,0.20952631578947367,0.19007962320536817,0.0,0.6,19,0.1424736842105263,0.22385296970731397,0.0,0.643,19,0.22726315789473683,0.31842683480323547,0.0,1.0,19,0.07663157894736843,0.16041931531192308,0.0,0.6,19,0.06431578947368422,0.23222236772149113,0.0,1.0,19,0.25294736842105264,0.3405977545571267,0.0,1.0,19,0.025578947368421052,0.06583423272758944,0.0,0.25,19,0.5028421052631579,0.25563760442337435,0.0,1.0,19
226,0.6906111111111112,0.2722533722340468,0.0,0.929,18,0.28150000000000003,0.2801959923297388,0.043,0.971,18,0.2127777777777778,0.3162667443705886,0.0,1.0,18,0.1335,0.24492333734552654,0.0,0.714,18,0.04516666666666666,0.1015545347555281,0.0,0.353,18,0.1998888888888889,0.2796121029293531,0.0,1.0,18,0.2167777777777778,0.3559781149181135,0.0,1.0,18,0.10883333333333334,0.18263890765177968,0.0,0.5,18,0.5093888888888889,0.2923386712236519,0.0,1.0,18
227,0.7033157894736842,0.22878268991209527,0.111,0.927,38,0.25792105263157894,0.24330643358918616,0.024,0.867,38,0.2556578947368421,0.21822084973785835,0.0,0.737,38,0.20868421052631578,0.2928335109740001,0.0,1.0,38,0.10671052631578946,0.21168831088957907,0.0,1.0,38,0.1281578947368421,0.25765171613610593,0.0,1.0,38,0.21681578947368424,0.33350123426678346,0.0,1.0,38,0.08752631578947369,0.1836509228153363,0.0,0.833,38,0.5245000000000001,0.30220484819120663,0.0,1.0,38
228,0.4199,0.2565438883829952,0.02,0.796,10,0.5488999999999999,0.2735639068135838,0.163,0.959,10,0.4492,0.42518252289784647,0.0,1.0,10,0.1722,0.1859490969772821,0.0,0.571,10,0.10869999999999999,0.175261106796561,0.0,0.5,10,0.3024,0.3022527272186491,0.0,1.0,10,0.07,0.12008237913106892,0.0,0.333,10,0.1741,0.21412480784190638,0.0,0.5,10,0.1451,0.1276204877317466,0.0,0.349,10
229,0.5123589743589744,0.29679866356447293,0.023,0.933,39,0.4570769230769231,0.29302401416009216,0.044,0.977,39,0.45479487179487177,0.3662360598738972,0.0,1.0,39,0.23810256410256408,0.2892802133491982,0.0,1.0,39,0.0881025641025641,0.16099702430590956,0.0,0.515,39,0.18725641025641027,0.26829017263802835,0.0,1.0,39,0.20623076923076922,0.3212920020904465,0.0,1.0,39,0.11897435897435898,0.20213459392711153,0.0,1.0,39,0.3204871794871795,0.26929575521845395,0.0,1.0,39
230,0.7388536585365854,0.2313650320354839,0.071,0.977,41,0.22670731707317074,0.23150402198476372,0.0,0.857,41,0.1536341463414634,0.22848936037565962,0.0,1.0,41,0.18370731707317073,0.2989652357634946,0.0,0.941,41,0.08963414634146341,0.1684455039616019,0.0,0.667,41,0.15014634146341466,0.29400344904232073,0.0,1.0,41,0.2818292682926829,0.36335395294664297,0.0,1.0,41,0.1287560975609756,0.25706913277247084,0.0,1.0,41,0.579439024390244,0.3172032509906296,0.0,1.0,41
231,0.39740000000000003,0.26054465219895356,0.0,0.889,20,0.5763,0.2631471671497669,0.044,0.977,20,0.4906,0.3404369328717992,0.0,1.0,20,0.17804999999999999,0.24343170986628065,0.0,0.706,20,0.045450000000000004,0.09392632891345161,0.0,0.333,20,0.1849,0.2517040660023299,0.0,1.0,20,0.253,0.32438735779117045,0.0,0.958,20,0.19619999999999999,0.2493552950267845,0.0,0.75,20,0.24555,0.19275385858654037,0.0,0.559,20
232,0.7642307692307693,0.08992140442830605,0.596,0.884,13,0.1809230769230769,0.10393945476290638,0.023,0.385,13,0.05538461538461538,0.1021759417716474,0.0,0.333,13,0.13530769230769232,0.27659609078202363,0.0,1.0,13,0.24800000000000003,0.36309456986667626,0.0,1.0,13,0.28892307692307695,0.4143133800917814,0.0,1.0,13,0.13576923076923078,0.2842417263076605,0.0,0.778,13,0.06953846153846154,0.1461720535217633,0.0,0.5,13,0.4580769230769231,0.3261807938190265,0.0,1.0,13
233,0.5435625,0.25243612228311013,0.043,0.841,16,0.43074999999999997,0.26335464048819546,0.114,0.957,16,0.3798125,0.3259759129649511,0.0,1.0,16,0.14475,0.21365283366558313,0.0,0.613,16,0.081375,0.10881781410535071,0.0,0.333,16,0.1901875,0.26062341126614086,0.0,0.875,16,0.11631250000000001,0.25389911874600907,0.0,0.9,16,0.1283125,0.2798956278686754,0.0,1.0,16,0.3085625,0.3058021078519026,0.0,0.8,16
234,0.5678571428571428,0.21931496744421014,0.05,0.884,14,0.41407142857142853,0.22394177275001106,0.093,0.95,14,0.3364285714285714,0.35434396897879944,0.0,0.917,14,0.28121428571428575,0.2426993006777122,0.0,0.6,14,0.20485714285714288,0.2553509973901255,0.0,0.714,14,0.10914285714285714,0.14034510056552477,0.0,0.385,14,0.07378571428571427,0.15803318958683651,0.0,0.5,14,0.17864285714285713,0.20751889891427577,0.0,0.5,14,0.1437142857142857,0.17384096559407775,0.0,0.429,14
235,0.8042727272727273,0.1322422707829013,0.439,0.907,11,0.14390909090909093,0.14145632155931,0.068,0.561,11,0.1507272727272727,0.21030173128583177,0.0,0.565,11,0.08045454545454546,0.14850007652278407,0.0,0.435,11,0.16854545454545455,0.21844512520830656,0.0,0.625,11,0.138,0.2948033242689098,0.0,1.0,11,0.15645454545454546,0.33140348931064795,0.0,1.0,11,0.07272727272727274,0.10808246010254477,0.0,0.25,11,0.40345454545454545,0.213346836693851,0.0,0.667,11
236,0.88075,0.054419971824077,0.788,0.977,16,0.0860625,0.04883232365281559,0.0,0.162,16,0.096,0.18199633695947473,0.0,0.5,16,0.015625,0.06249999999999999,0.0,0.25,16,0.09275,0.19026385188294004,0.0,0.656,16,0.19525,0.35568965873825087,0.0,1.0,16,0.0356875,0.08550377671970598,0.0,0.25,16,0.00775,0.02117703158298317,0.0,0.062,16,0.5371875,0.36866357179231407,0.0,1.0,16
237,0.8440999999999999,0.1136099076274209,0.568,0.957,10,0.11699999999999999,0.1209995408623061,0.022,0.432,10,0.2083,0.28664730554773715,0.0,0.75,10,0.10840000000000001,0.16692393477269818,0.0,0.5,10,0.0381,0.104709598413899,0.0,0.333,10,0.07980000000000001,0.167040780117378,0.0,0.5,10,0.1881,0.33489250348266814,0.0,1.0,10,0.125,0.21245914639969934,0.0,0.5,10,0.5084,0.41279163428215615,0.0,1.0,10
238,0.8238723404255319,0.15202010979976885,0.278,0.975,47,0.13944680851063831,0.14976674741376111,0.021,0.667,47,0.19270212765957448,0.2990106087178337,0.0,1.0,47,0.11527659574468085,0.2213822880986898,0.0,1.0,47,0.14940425531914894,0.2438990043631271,0.0,1.0,47,0.11487234042553192,0.187238584956673,0.0,0.667,47,0.1028936170212766,0.24020283403846635,0.0,1.0,47,0.1222127659574468,0.24942934315110535,0.0,1.0,47,0.4867659574468085,0.32238690047599616,0.0,1.0,47
239,0.8226666666666667,0.11957373786864232,0.548,0.955,12,0.12966666666666668,0.11598458622775805,0.023,0.429,12,0.12958333333333336,0.20006837846247985,0.0,0.556,12,0.12783333333333335,0.20348322840574418,0.0,0.667,12,0.12741666666666665,0.25354090877852914,0.0,0.762,12,0.17441666666666666,0.2477632514879452,0.0,0.727,12,0.09008333333333333,0.16673684128717398,0.0,0.5,12,0.020833333333333332,0.07216878364870323,0.0,0.25,12,0.6454166666666666,0.27166639245199026,0.167,1.0,12
240,0.336,0.2606498870829673,0.022,0.825,12,0.6328333333333334,0.2632271170520149,0.15,0.978,12,0.45741666666666664,0.4698548051034361,0.0,1.0,12,0.1785,0.327014456171978,0.0,1.0,12,0.04041666666666666,0.09758954706816554,0.0,0.333,12,0.20283333333333334,0.21822375228330682,0.0,0.667,12,0.1155,0.19771444054494353,0.0,0.545,12,0.08891666666666669,0.14809239028594975,0.0,0.393,12,0.2243333333333333,0.24137911837580064,0.0,0.722,12
241,0.3350714285714286,0.3360758761135564,0.0,0.93,14,0.6360714285714285,0.3306949475750247,0.047,0.98,14,0.6845714285714285,0.3515927964357269,0.0,1.0,14,0.22185714285714284,0.2719439583508273,0.0,0.774,14,0.05042857142857143,0.09742272226327293,0.0,0.278,14,0.20685714285714285,0.2719125586662734,0.0,0.75,14,0.18264285714285713,0.2706731230847266,0.0,0.857,14,0.11907142857142858,0.18712047303427662,0.0,0.667,14,0.3300714285714286,0.19906568853433368,0.0,0.788,14
242,0.41355555555555557,0.26575778937667865,0.061,0.921,18,0.5385555555555555,0.291876731076307,0.059,0.939,18,0.5027777777777778,0.34453541703977436,0.0,0.964,18,0.22722222222222221,0.25424179217604825,0.0,0.889,18,0.05883333333333333,0.09370494996028131,0.0,0.312,18,0.2207777777777778,0.25331114453910714,0.0,1.0,18,0.27472222222222226,0.31309607725867666,0.0,1.0,18,0.15072222222222223,0.1959239965351377,0.0,0.667,18,0.49822222222222223,0.24652301063235826,0.0,1.0,18
243,0.43628,0.24514443361686455,0.021,0.846,25,0.54632,0.2488858038003239,0.154,0.958,25,0.1718,0.3323079645950926,0.0,1.0,25,0.16635999999999998,0.29335542719824814,0.0,1.0,25,0.05795999999999999,0.13077413097907906,0.0,0.579,25,0.19899999999999998,0.2770129359193658,0.0,1.0,25,0.18332,0.2835056907130202,0.0,1.0,25,0.04784,0.1089994954116761,0.0,0.5,25,0.18376,0.27956383886332653,0.0,1.0,25
244,0.5741875,0.2579501809135503,0.156,0.909,16,0.396,0.24534275344233558,0.068,0.844,16,0.31925,0.391984438466631,0.0,1.0,16,0.2645,0.3788570530776307,0.0,1.0,16,0.1074375,0.16597950425680075,0.0,0.5,16,0.2041875,0.27604111257806024,0.0,1.0,16,0.0903125,0.24885784931696786,0.0,1.0,16,0.06256250000000001,0.12737816073932506,0.0,0.385,16,0.174875,0.24719219917572913,0.0,0.6,16
245,0.16466666666666666,0.2131633318856835,0.0,0.75,12,0.8146666666666667,0.2332226144240474,0.159,0.977,12,0.8039166666666667,0.3144685150689922,0.167,1.0,12,0.3560833333333333,0.3185979108341403,0.059,0.917,12,0.06325,0.11508820727835435,0.0,0.368,12,0.1705,0.20880852473019393,0.0,0.5,12,0.2598333333333333,0.339991399178202,0.0,0.969,12,0.16175,0.2543941555217737,0.0,0.667,12,0.3724166666666667,0.21958450778824554,0.059,0.667,12
246,0.5023,0.23168467555902114,0.18,0.8,10,0.4309,0.21308185698875862,0.176,0.82,10,0.19849999999999998,0.29869912398041387,0.0,0.818,10,0.2273,0.3243205033433577,0.0,1.0,10,0.05,0.1124366488294631,0.0,0.333,10,0.1321,0.31217888390401355,0.0,1.0,10,0.1833,0.3374578327567592,0.0,1.0,10,0.0077,0.02434953798329652,0.0,0.077,10,0.3198,0.3468194535105165,0.0,1.0,10
247,0.42535555555555554,0.2767745353791483,0.024,0.891,45,0.5412444444444445,0.2924378065624736,0.047,0.976,45,0.22355555555555556,0.34464438559949373,0.0,1.0,45,0.11122222222222222,0.2611038533270282,0.0,1.0,45,0.09804444444444445,0.20257265313457243,0.0,1.0,45,0.11753333333333332,0.23176806588405655,0.0,1.0,45,0.10593333333333334,0.22645693951509957,0.0,1.0,45,0.07504444444444446,0.17577878085246754,0.0,1.0,45,0.2076,0.3105316116246168,0.0,1.0,45
248,0.6725,0.19148189415574957,0.268,0.886,20,0.2815,0.21056227982288406,0.068,0.707,20,0.2023,0.20181807858094694,0.0,0.667,20,0.15215,0.25598237501005705,0.0,1.0,20,0.122,0.1728957702444483,0.0,0.571,20,0.1623,0.30873751413065914,0.0,1.0,20,0.15495,0.30409926962995765,0.0,1.0,20,0.05700000000000001,0.12387854833199373,0.0,0.357,20,0.50195,0.27207980156757805,0.0,1.0,20
249,0.7779393939393939,0.2155576981045242,0.045,0.958,33,0.18475757575757576,0.21550942994203154,0.021,0.909,33,0.15742424242424244,0.24285708635726364,0.0,0.903,33,0.19806060606060608,0.25477550649958725,0.0,0.897,33,0.10906060606060607,0.2153109581793765,0.0,0.8,33,0.10396969696969698,0.25088823269143234,0.0,1.0,33,0.1744848484848485,0.3142376808655474,0.0,1.0,33,0.01790909090909091,0.0879802405502095,0.0,0.5,33,0.5867575757575757,0.21964118897406154,0.0,1.0,33
250,0.8197142857142857,0.1350586360246362,0.516,0.945,14,0.12635714285714286,0.13375500401443344,0.018,0.452,14,0.08985714285714286,0.2177754161243456,0.0,0.786,14,0.09907142857142857,0.18041467801693975,0.0,0.5,14,0.185,0.3108039203791949,0.0,0.857,14,0.125,0.20277460013901757,0.0,0.5,14,0.03571428571428571,0.09644482565490176,0.0,0.333,14,0.07121428571428572,0.18388883706088416,0.0,0.667,14,0.3897142857142857,0.40199568091277726,0.0,1.0,14
251,0.7786666666666666,0.23156568542568365,0.0,0.978,24,0.17441666666666666,0.23128091646056873,0.018,0.957,24,0.19833333333333333,0.30485558472206453,0.0,1.0,24,0.08712500000000001,0.17692796679661077,0.0,0.641,24,0.15808333333333333,0.1827357123818717,0.0,0.5,24,0.15441666666666667,0.24144473067560304,0.0,1.0,24,0.10070833333333333,0.2833784501589575,0.0,1.0,24,0.08958333333333333,0.248353695303723,0.0,1.0,24,0.5297916666666667,0.34918140036708545,0.0,1.0,24
252,0.5682666666666667,0.2068579452760022,0.147,0.914,15,0.40293333333333337,0.21593466825033203,0.057,0.853,15,0.3308666666666667,0.3439684094021814,0.0,1.0,15,0.26553333333333334,0.318361624272656,0.0,1.0,15,0.07733333333333334,0.19076674862499593,0.0,0.684,15,0.27493333333333336,0.3150690324962059,0.0,1.0,15,0.07980000000000001,0.13688065709118394,0.0,0.429,15,0.014466666666666666,0.03251344044428103,0.0,0.111,15,0.2815333333333333,0.23576134018072073,0.0,0.6,15
253,0.5876363636363636,0.24571905613007416,0.103,0.864,11,0.383,0.25586988881070005,0.098,0.897,11,0.5075454545454545,0.2836721218718412,0.167,1.0,11,0.08827272727272727,0.11913109661972471,0.0,0.333,11,0.02954545454545454,0.06631042698756151,0.0,0.182,11,0.18345454545454543,0.18167408380744,0.0,0.5,11,0.13636363636363635,0.3233348953414316,0.0,1.0,11,0.4602727272727272,0.37515972356026994,0.0,1.0,11,0.08972727272727272,0.09863477166708595,0.0,0.286,11
254,0.8424736842105264,0.08444549091379905,0.619,0.943,19,0.0953157894736842,0.04486158048384801,0.019,0.215,19,0.08510526315789474,0.17236488903126482,0.0,0.667,19,0.11842105263157894,0.27404689699828017,0.0,1.0,19,0.17952631578947367,0.3256237379452706,0.0,1.0,19,0.14821052631578946,0.2663453436898478,0.0,1.0,19,0.041578947368421056,0.1250005847939537,0.0,0.5,19,0.08089473684210526,0.2502258745695448,0.0,1.0,19,0.6412105263157895,0.36636936112607704,0.0,1.0,19
255,0.6998333333333333,0.24691913778818483,0.208,0.955,12,0.2715,0.2443326718747506,0.023,0.771,12,0.19258333333333333,0.24974767569519343,0.0,0.778,12,0.07641666666666667,0.1202621820201281,0.0,0.333,12,0.11891666666666667,0.20098188897751385,0.0,0.5,12,0.36358333333333337,0.3558200409127506,0.0,1.0,12,0.12725,0.18742180187529364,0.0,0.5,12,0.10408333333333335,0.188238947922983,0.0,0.615,12,0.39633333333333337,0.3440241358692818,0.0,1.0,12
256,0.46425,0.24200562738128736,0.02,0.8,20,0.5115999999999999,0.2527206487720967,0.167,0.98,20,0.4107,0.3843481289280934,0.0,1.0,20,0.34275,0.31590502820009886,0.0,1.0,20,0.041,0.13708967483865597,0.0,0.6,20,0.1862,0.3084391264688092,0.0,1.0,20,0.177,0.28772629537918776,0.0,0.923,20,0.13965,0.25510684552081103,0.0,1.0,20,0.25025,0.2730120249906104,0.0,0.848,20
257,0.8160999999999999,0.10542590313879972,0.514,0.921,20,0.12455000000000001,0.11210872307485124,0.0,0.459,20,0.18415,0.22465676158601547,0.0,0.75,20,0.11945000000000001,0.2420788203522933,0.0,1.0,20,0.0752,0.1297514222617516,0.0,0.333,20,0.17604999999999998,0.3215882419623283,0.0,1.0,20,0.0912,0.15760430130384667,0.0,0.5,20,0.1116,0.2751136415910227,0.0,1.0,20,0.3962,0.33628255663167667,0.0,1.0,20
258,0.7229,0.18112515623795117,0.413,0.913,10,0.2399,0.1983484307979269,0.043,0.587,10,0.09230000000000001,0.12887207265777606,0.0,0.312,10,0.0861,0.16689614202318226,0.0,0.5,10,0.1166,0.27260520904780966,0.0,0.833,10,0.2611,0.40721832800927155,0.0,1.0,10,0.03610000000000001,0.10469049622577974,0.0,0.333,10,0.1944,0.21269393764541364,0.0,0.5,10,0.3653,0.3355582578993467,0.0,1.0,10
259,0.8696875,0.04729442356134603,0.791,0.946,16,0.081625,0.04212659492529631,0.021,0.14,16,0.125,0.2063618181738085,0.0,0.5,16,0.05625,0.1547847968417226,0.0,0.5,16,0.08275,0.1227210929981748,0.0,0.357,16,0.061,0.14647001968548604,0.0,0.5,16,0.0494375,0.1663638457317775,0.0,0.667,16,0.06318750000000001,0.13989911543680325,0.0,0.5,16,0.6823125,0.3150220561061294,0.0,1.0,16
260,0.7285692307692307,0.20727359404531379,0.071,0.959,65,0.21036923076923075,0.19950341234791333,0.0,0.881,65,0.2453076923076923,0.30612435805756105,0.0,1.0,65,0.12206153846153846,0.1961738607813135,0.0,0.812,65,0.06643076923076922,0.1599158928576567,0.0,1.0,65,0.1675076923076923,0.2022402750348057,0.0,1.0,65,0.08161538461538462,0.19873425191600816,0.0,1.0,65,0.26644615384615383,0.27948814994832694,0.0,1.0,65,0.16044615384615385,0.22730479473943896,0.0,0.857,65
261,0.6712592592592592,0.2475258483149701,0.059,0.932,27,0.28814814814814815,0.248854097461468,0.02,0.853,27,0.2595925925925926,0.337526780619446,0.0,1.0,27,0.1948148148148148,0.31193084009576383,0.0,1.0,27,0.06103703703703704,0.1462028310473768,0.0,0.5,27,0.19744444444444442,0.2970540398043806,0.0,1.0,27,0.22596296296296295,0.3631092738134689,0.0,1.0,27,0.19662962962962963,0.31034089794043085,0.0,1.0,27,0.4896666666666667,0.3291577830674009,0.0,1.0,27
262,0.5698181818181818,0.3004848808781627,0.067,0.878,11,0.39290909090909093,0.3189339914607581,0.082,0.933,11,0.3180909090909091,0.3942908709431286,0.0,1.0,11,0.20881818181818182,0.2728258852021993,0.0,0.788,11,0.025090909090909087,0.07152825252367703,0.0,0.238,11,0.24345454545454545,0.2329323350831153,0.0,0.583,11,0.2369090909090909,0.25270831191136334,0.0,0.667,11,0.04990909090909091,0.09972106552324293,0.0,0.333,11,0.3479090909090909,0.21870228830327978,0.0,0.61,11
263,0.7553333333333333,0.1492659818355587,0.352,0.958,21,0.21252380952380953,0.15683450482837605,0.021,0.648,21,0.19938095238095238,0.2788321136796255,0.0,0.857,21,0.12342857142857143,0.22751364166321356,0.0,1.0,21,0.121,0.17225126995177711,0.0,0.576,21,0.15557142857142855,0.15946240040478868,0.0,0.5,21,0.07880952380952382,0.13327326027662828,0.0,0.5,21,0.10142857142857142,0.23273946193728548,0.0,1.0,21,0.4091904761904762,0.30518135903878846,0.0,0.857,21
264,0.8655000000000002,0.07627472276798737,0.681,0.935,10,0.098,0.08457343948703203,0.0,0.319,10,0.1142,0.22384210705068178,0.0,0.692,10,0.09770000000000001,0.1887020284881844,0.0,0.5,10,0.09380000000000001,0.17761681602070606,0.0,0.5,10,0.0263,0.08316790246242839,0.0,0.263,10,0.1,0.31622776601683794,0.0,1.0,10,0.10529999999999999,0.2086805373451647,0.0,0.5,10,0.5992,0.30445499576200824,0.0,1.0,10
265,0.8486956521739131,0.07983757666251523,0.513,0.977,46,0.10280434782608695,0.06024712794084688,0.0,0.246,46,0.14382608695652174,0.21312221891026922,0.0,0.714,46,0.10245652173913043,0.21670130046492203,0.0,1.0,46,0.13780434782608697,0.22201657791607643,0.0,1.0,46,0.08495652173913043,0.18731470328736305,0.0,0.778,46,0.1280217391304348,0.2808356964593304,0.0,1.0,46,0.06108695652173913,0.1865882961777919,0.0,1.0,46,0.6475217391304348,0.3172744860793383,0.0,1.0,46
266,0.6295833333333333,0.29343311405538813,0.158,0.975,12,0.33475000000000005,0.30095125700170966,0.0,0.808,12,0.1443333333333333,0.25127251896671626,0.0,0.73,12,0.22666666666666668,0.32847203653869655,0.0,0.892,12,0.1855,0.31318553896721,0.0,1.0,12,0.04791666666666666,0.08970705691642135,0.0,0.25,12,0.17741666666666667,0.34227034990522104,0.0,0.933,12,0.05325,0.1079158973881555,0.0,0.357,12,0.4216666666666667,0.274255134478607,0.0,1.0,12
267,0.7752727272727273,0.12940949803556992,0.489,0.889,11,0.20127272727272727,0.13813623051834803,0.07,0.489,11,0.17854545454545453,0.20880199406919642,0.0,0.55,11,0.09727272727272727,0.1391187197389991,0.0,0.4,11,0.039,0.12934836682386058,0.0,0.429,11,0.06745454545454545,0.1173510661531148,0.0,0.292,11,0.17954545454545456,0.33437265547181444,0.0,1.0,11,0.1741818181818182,0.33422232665751644,0.0,1.0,11,0.46218181818181814,0.3078898563388597,0.0,1.0,11
268,0.8308461538461539,0.14342738714978873,0.222,0.953,26,0.1416923076923077,0.14245750783465763,0.034,0.75,26,0.1418846153846154,0.20478756347455812,0.0,0.8,26,0.15273076923076923,0.24581807219035912,0.0,1.0,26,0.10526923076923077,0.23483586739547394,0.0,1.0,26,0.2604230769230769,0.33904998723809715,0.0,1.0,26,0.12853846153846155,0.24195375273291064,0.0,1.0,26,0.17496153846153847,0.2827908740775389,0.0,1.0,26,0.5458846153846154,0.2877564702206471,0.0,1.0,26
269,0.6590833333333334,0.2347092274039762,0.064,0.925,36,0.31263888888888886,0.2364975569523805,0.022,0.936,36,0.18936111111111112,0.22562841168330322,0.0,0.875,36,0.1463611111111111,0.20973563669912487,0.0,0.722,36,0.1618888888888889,0.2681089094035991,0.0,1.0,36,0.09241666666666666,0.14093450859986606,0.0,0.5,36,0.15252777777777776,0.23504193985768476,0.0,0.957,36,0.1575,0.25171940160197653,0.0,1.0,36,0.4073888888888889,0.2649267583721721,0.0,1.0,36
270,0.46900000000000003,0.27018832938032933,0.027,0.898,16,0.4955625,0.28063973792034513,0.061,0.973,16,0.59075,0.3021320903181256,0.0,0.969,16,0.2949375,0.2773033161840418,0.0,0.9,16,0.0083125,0.03325,0.0,0.133,16,0.2410625,0.2018496036656996,0.0,0.6,16,0.2628125,0.37187797617856677,0.0,1.0,16,0.191625,0.21201505449692323,0.0,0.5,16,0.4445625,0.16360846300441387,0.222,0.75,16
271,0.817,0.14754781928025562,0.096,0.957,40,0.14325,0.1494320444129568,0.021,0.885,40,0.1591,0.2699213370690213,0.0,1.0,40,0.08845,0.20729045026057225,0.0,0.833,40,0.16499999999999998,0.2263103156605084,0.0,0.744,40,0.13797500000000001,0.25707661109941327,0.0,1.0,40,0.11865,0.25001174844189694,0.0,1.0,40,0.0616,0.12224393435741296,0.0,0.412,40,0.5583750000000001,0.2822030263426016,0.0,1.0,40
272,0.853,0.093637599285757,0.66,0.974,17,0.10205882352941177,0.07982361068962875,0.0,0.298,17,0.11270588235294117,0.18846974714323594,0.0,0.5,17,0.04764705882352942,0.12741268636622816,0.0,0.5,17,0.11252941176470588,0.2151366187004954,0.0,0.632,17,0.25,0.3930869814684786,0.0,1.0,17,0.058823529411764705,0.24253562503633297,0.0,1.0,17,0.013352941176470587,0.0305653831492233,0.0,0.091,17,0.5548823529411765,0.3915734098405019,0.0,1.0,17
273,0.32553333333333334,0.3052784747184721,0.0,0.857,30,0.6595666666666666,0.3105486450132092,0.071,1.0,30,0.7334666666666667,0.30453036011190254,0.0,1.0,30,0.2939333333333333,0.2564535224858538,0.0,0.9,30,0.0337,0.09454652202797419,0.0,0.333,30,0.1890666666666667,0.2184935781165225,0.0,0.667,30,0.3313,0.3603027606199331,0.0,1.0,30,0.20129999999999998,0.3113214493535359,0.0,1.0,30,0.3031333333333333,0.1518201597928952,0.0,0.575,30
274,0.3021754385964912,0.3125828531769627,0.0,0.943,57,0.6785263157894738,0.3106624319362438,0.057,1.0,57,0.7119298245614035,0.30854918915843194,0.0,1.0,57,0.24166666666666667,0.25623993592315925,0.0,0.969,57,0.0566140350877193,0.11809072698353053,0.0,0.6,57,0.23315789473684212,0.275577367246198,0.0,1.0,57,0.26263157894736844,0.29487028816431354,0.0,1.0,57,0.19745614035087722,0.23025747003358146,0.0,1.0,57,0.2915614035087719,0.20697998674335813,0.0,0.75,57
275,0.3070909090909091,0.32162165802242065,0.0,0.825,11,0.6705454545454544,0.3194662309654539,0.175,0.949,11,0.6709090909090909,0.2757380838931955,0.286,1.0,11,0.40254545454545454,0.35183074443157003,0.0,0.917,11,0.028181818181818183,0.06292983105303586,0.0,0.167,11,0.17036363636363638,0.14015796283284992,0.0,0.4,11,0.4012727272727272,0.2517348171823242,0.143,0.81,11,0.15890909090909092,0.1847936441252537,0.0,0.444,11,0.4280909090909091,0.19543666725845205,0.143,0.737,11
276,0.251625,0.24927785701903007,0.0,0.773,16,0.729,0.2563898073897114,0.182,1.0,16,0.7470625,0.29831470379449954,0.0,1.0,16,0.202625,0.20907442853363645,0.0,0.639,16,0.09425,0.2488398413973668,0.0,1.0,16,0.1585,0.19610881333246263,0.0,0.667,16,0.32406250000000003,0.32563383705219173,0.0,1.0,16,0.134,0.17865310893833708,0.0,0.455,16,0.3925625,0.24025319109916798,0.049,0.778,16
277,0.467,0.3126111230997936,0.0,0.915,22,0.4821363636363636,0.3180099272865768,0.043,1.0,22,0.47900000000000004,0.3768370874478658,0.0,1.0,22,0.16822727272727273,0.20628711656057064,0.0,0.711,22,0.10522727272727272,0.20615411059694475,0.0,0.769,22,0.22627272727272726,0.27003389237335196,0.0,1.0,22,0.03759090909090909,0.12350464000958061,0.0,0.571,22,0.28945454545454546,0.2786596707835781,0.0,1.0,22,0.20959090909090908,0.1781197187262943,0.0,0.514,22
278,0.4078181818181818,0.28374383453453866,0.0,0.744,11,0.5603636363636363,0.2928280289614615,0.196,0.978,11,0.581,0.3417803388142741,0.077,1.0,11,0.23027272727272727,0.2213197193695541,0.091,0.739,11,0.11136363636363637,0.24783150434408968,0.0,0.625,11,0.20118181818181818,0.3187089010937154,0.0,1.0,11,0.1269090909090909,0.2879570990774336,0.0,0.938,11,0.2692727272727273,0.36527498981153667,0.0,1.0,11,0.2909090909090909,0.15059645051956208,0.043,0.568,11
279,0.17251162790697674,0.23341209950408714,0.0,0.875,43,0.8081395348837209,0.2425540275009289,0.062,1.0,43,0.871279069767442,0.19072522314044146,0.25,1.0,43,0.33648837209302324,0.3125475485420862,0.0,0.932,43,0.07116279069767442,0.1915546583978874,0.0,1.0,43,0.2607906976744186,0.2232379211406878,0.0,1.0,43,0.24846511627906978,0.30388166155650675,0.0,1.0,43,0.18539534883720932,0.24650974476390564,0.0,1.0,43,0.3855348837209302,0.18932264584656347,0.056,0.742,43
280,0.5005625,0.28203946975556454,0.043,0.86,16,0.473625,0.28629143077174585,0.098,0.932,16,0.233625,0.35157282318176986,0.0,1.0,16,0.0726875,0.18922357807630635,0.0,0.657,16,0.12593749999999998,0.21144249612286234,0.0,0.697,16,0.092875,0.13631134704540682,0.0,0.375,16,0.1395,0.24792552645233337,0.0,0.75,16,0.0175,0.06244997998398399,0.0,0.25,16,0.2164375,0.3180148777966213,0.0,1.0,16
281,0.3510714285714286,0.31342560503269334,0.0,0.882,14,0.6295714285714286,0.31753030486159034,0.088,0.975,14,0.6806428571428571,0.3361422792035121,0.0,1.0,14,0.22514285714285714,0.2424001323758388,0.0,0.821,14,0.01157142857142857,0.029674423811953426,0.0,0.091,14,0.22285714285714286,0.23877986551596883,0.0,0.7,14,0.3287857142857143,0.2883785382421537,0.0,1.0,14,0.2247857142857143,0.1904057120068491,0.0,0.562,14,0.3354285714285714,0.2146581232800424,0.0,0.781,14
282,0.759,0.17626589762817607,0.279,0.974,19,0.20336842105263156,0.17630976859755665,0.0,0.698,19,0.14573684210526316,0.2587512409213965,0.0,0.9,19,0.107,0.14843891373595777,0.0,0.5,19,0.1748421052631579,0.24775800539995893,0.0,0.778,19,0.2005263157894737,0.270411696086018,0.0,1.0,19,0.1403157894736842,0.2633451585175241,0.0,1.0,19,0.08221052631578947,0.12952888092681122,0.0,0.5,19,0.4159473684210527,0.28581782731200783,0.0,1.0,19
283,0.7081428571428571,0.24951055385196935,0.022,0.957,14,0.2662142857142857,0.2483809662506457,0.022,0.956,14,0.3416428571428572,0.36485921566098245,0.0,1.0,14,0.16278571428571428,0.23184317596547507,0.0,0.533,14,0.16685714285714284,0.3120795897358081,0.0,1.0,14,0.22028571428571428,0.37783969506238374,0.0,1.0,14,0.13214285714285715,0.3010284569075353,0.0,1.0,14,0.06542857142857143,0.13136719780577139,0.0,0.333,14,0.4312142857142857,0.38449030768446774,0.0,1.0,14
284,0.5073571428571428,0.25662232265240775,0.085,0.921,14,0.47414285714285714,0.25481029357992135,0.073,0.872,14,0.4005714285714285,0.347170256233432,0.0,1.0,14,0.29614285714285715,0.3132231588703927,0.0,1.0,14,0.1377857142857143,0.2997758594918309,0.0,1.0,14,0.23807142857142857,0.3865425569735477,0.0,1.0,14,0.08078571428571428,0.14531407818474204,0.0,0.5,14,0.017857142857142856,0.0668153104781061,0.0,0.25,14,0.3020714285714286,0.29731502699111134,0.0,1.0,14
285,0.53156,0.2985840306066842,0.044,0.932,25,0.44476,0.3001751266621981,0.068,0.956,25,0.32612,0.3270871851153247,0.0,1.0,25,0.19524,0.2789429870063056,0.0,1.0,25,0.07992,0.19330738044196172,0.0,0.838,25,0.06116,0.14773503308288122,0.0,0.5,25,0.12072000000000001,0.2887630978270365,0.0,1.0,25,0.11263999999999999,0.20102277648730918,0.0,0.5,25,0.32336,0.3097857969629983,0.0,1.0,25
286,0.7631842105263158,0.17859660952309164,0.103,0.957,38,0.20057894736842105,0.18371667840233324,0.021,0.897,38,0.171,0.23640277128297435,0.0,1.0,38,0.17907894736842103,0.2998072697655403,0.0,1.0,38,0.08510526315789474,0.15246812506468257,0.0,0.5,38,0.11947368421052632,0.21853513995893326,0.0,1.0,38,0.20126315789473684,0.3625705287743395,0.0,1.0,38,0.04189473684210526,0.11458333199706884,0.0,0.5,38,0.5098947368421053,0.3137943714267642,0.0,1.0,38
287,0.7817272727272727,0.10949346182223933,0.533,0.969,11,0.1910909090909091,0.11266805629410188,0.031,0.467,11,0.3114545454545455,0.37812626558766416,0.0,1.0,11,0.03736363636363636,0.06416116072402794,0.0,0.143,11,0.2515454545454545,0.21101391595644284,0.0,0.5,11,0.16645454545454544,0.2419517983551119,0.0,0.714,11,0.10227272727272728,0.26111648393354675,0.0,0.875,11,0.18027272727272728,0.30735292121894364,0.0,1.0,11,0.3906363636363636,0.33564125870556283,0.0,1.0,11
288,0.7318333333333333,0.16537331505818384,0.333,0.905,12,0.23883333333333334,0.15651536859382406,0.048,0.615,12,0.104,0.15561899860644499,0.0,0.5,12,0.11408333333333333,0.17812276580204367,0.0,0.5,12,0.055,0.11402471821336094,0.0,0.333,12,0.19191666666666665,0.3488845754253073,0.0,1.0,12,0.10641666666666667,0.20578296525193426,0.0,0.667,12,0.12325000000000001,0.28557028270398926,0.0,1.0,12,0.4183333333333333,0.300667540145207,0.0,0.833,12
289,0.5156842105263157,0.23893049957201148,0.119,0.892,19,0.44321052631578944,0.2560537224332617,0.091,0.881,19,0.37426315789473685,0.36236489315257026,0.0,1.0,19,0.17821052631578949,0.2207269753809414,0.0,0.571,19,0.14657894736842106,0.23516124864759727,0.0,0.667,19,0.145,0.21419954352062573,0.0,0.75,19,0.12373684210526316,0.25479378199836283,0.0,1.0,19,0.05626315789473684,0.12562149590702273,0.0,0.5,19,0.32026315789473686,0.2783534607703073,0.0,1.0,19
290,0.5004736842105263,0.3110849059556736,0.056,0.907,19,0.4765263157894737,0.31840337247325,0.093,0.93,19,0.3355789473684211,0.3733835257613029,0.0,1.0,19,0.17163157894736844,0.2888096663753013,0.0,0.917,19,0.06652631578947368,0.1017018345847052,0.0,0.312,19,0.15573684210526317,0.3145569798418904,0.0,1.0,19,0.26942105263157895,0.34995433286033095,0.0,1.0,19,0.14,0.26485677471250596,0.0,1.0,19,0.4118421052631579,0.28986649477875437,0.0,1.0,19
291,0.766,0.1752141546793523,0.265,0.933,14,0.1942857142857143,0.17497447223542623,0.022,0.676,14,0.15764285714285714,0.20626368752451021,0.0,0.6,14,0.1809285714285714,0.29692616649875836,0.0,0.944,14,0.08542857142857142,0.1543615706887388,0.0,0.429,14,0.19942857142857143,0.26725203152015203,0.0,0.75,14,0.21507142857142858,0.3148192312290473,0.0,0.944,14,0.06021428571428571,0.0875690308547215,0.0,0.2,14,0.5412857142857143,0.2660865760125188,0.0,1.0,14
292,0.6981818181818181,0.2742921136969921,0.043,0.977,11,0.2658181818181818,0.28236494760568925,0.0,0.957,11,0.242,0.31914542139908575,0.0,0.955,11,0.1650909090909091,0.24491853933316463,0.0,0.75,11,0.09418181818181819,0.1599455020823144,0.0,0.5,11,0.17309090909090907,0.23376203906770426,0.0,0.571,11,0.1759090909090909,0.2530966039066722,0.0,0.667,11,0.12663636363636363,0.30108878183262583,0.0,1.0,11,0.42518181818181816,0.24189039591592643,0.0,0.667,11
293,0.5188,0.31707036787094783,0.0,0.92,45,0.4498888888888889,0.33418164781653364,0.02,1.0,45,0.47984444444444446,0.3418068936186813,0.0,1.0,45,0.19937777777777776,0.26975184630667237,0.0,1.0,45,0.10640000000000001,0.173148307423539,0.0,0.667,45,0.1583111111111111,0.25180456186045835,0.0,1.0,45,0.27644444444444444,0.31363742497258573,0.0,1.0,45,0.14766666666666667,0.23641777352044333,0.0,1.0,45,0.4243777777777778,0.23939832619686083,0.0,1.0,45
294,0.5776666666666667,0.3272834004993596,0.088,0.911,12,0.3933333333333333,0.3329879422696409,0.047,0.895,12,0.5141666666666667,0.39565431039397675,0.0,1.0,12,0.26875,0.24726435062683236,0.0,0.625,12,0.11475,0.19818867273383714,0.0,0.5,12,0.13849999999999998,0.3064659257345972,0.0,1.0,12,0.29483333333333334,0.38645823797270734,0.0,1.0,12,0.17341666666666666,0.22843398025104178,0.0,0.667,12,0.476,0.30149476099775085,0.0,1.0,12
295,0.4110666666666667,0.28669610137819196,0.0,0.891,45,0.5600222222222222,0.2939530334230043,0.022,0.974,45,0.6007333333333333,0.3519519853616399,0.0,1.0,45,0.20755555555555555,0.25488424784199554,0.0,0.875,45,0.07788888888888888,0.1488851329995135,0.0,0.8,45,0.20355555555555555,0.2790690331307385,0.0,1.0,45,0.23824444444444445,0.31804882097761744,0.0,1.0,45,0.18302222222222223,0.21609577936319316,0.0,0.667,45,0.44224444444444444,0.24633302989278885,0.0,1.0,45
296,0.5202,0.3121056838552237,0.0,0.977,20,0.45955,0.31534700602752885,0.0,1.0,20,0.5742,0.3436536812425831,0.0,1.0,20,0.14665,0.22018491630541145,0.0,0.923,20,0.0308,0.09317024598466028,0.0,0.4,20,0.21115,0.26594603231720365,0.0,1.0,20,0.13915,0.19397674168773293,0.0,0.5,20,0.29205000000000003,0.2786998904688849,0.0,1.0,20,0.08925000000000001,0.10282477430330841,0.0,0.282,20
297,0.5302941176470588,0.2967153022481909,0.0,0.911,17,0.4325294117647059,0.2926534037148421,0.089,0.973,17,0.5854117647058823,0.28926157254799884,0.0,1.0,17,0.11599999999999999,0.16197299157575623,0.0,0.5,17,0.046411764705882354,0.09114347125790842,0.0,0.333,17,0.16547058823529412,0.18052150759918428,0.0,0.462,17,0.11588235294117646,0.24251646396506288,0.0,1.0,17,0.2945294117647059,0.24212835378344755,0.0,0.714,17,0.0911764705882353,0.08365347818091431,0.0,0.231,17
298,0.5912727272727273,0.2679545076721386,0.075,0.93,11,0.38745454545454544,0.2775987621140857,0.023,0.925,11,0.5134545454545454,0.3834079716532674,0.0,1.0,11,0.1582727272727273,0.2353257703308717,0.0,0.639,11,0.08109090909090909,0.11116785015952638,0.0,0.333,11,0.23490909090909093,0.35565051793732977,0.0,1.0,11,0.14854545454545454,0.22433339637083183,0.0,0.5,11,0.0939090909090909,0.13880162430278295,0.0,0.333,11,0.46,0.3114777680670002,0.0,1.0,11
299,0.3159230769230769,0.27120916329727923,0.0,0.765,13,0.6416923076923078,0.27534172241519106,0.195,0.967,13,0.7561538461538462,0.22270153649890775,0.259,1.0,13,0.31430769230769234,0.29158714666899177,0.0,0.765,13,0.027307692307692307,0.045340167282783256,0.0,0.125,13,0.2036923076923077,0.2588324376295034,0.0,1.0,13,0.05415384615384615,0.08323245175795932,0.0,0.25,13,0.43630769230769234,0.22406784114615252,0.0,0.75,13,0.07838461538461537,0.07133902445545783,0.0,0.212,13
300,0.5922666666666667,0.3126720021882051,0.0,0.951,15,0.3768666666666666,0.32316047907826734,0.049,1.0,15,0.4497333333333334,0.34396728803491655,0.0,1.0,15,0.3800666666666667,0.3534686218982764,0.0,0.909,15,0.08906666666666667,0.1737364451718533,0.0,0.5,15,0.2064,0.21489359493213644,0.0,0.5,15,0.25433333333333336,0.35422403456946094,0.0,1.0,15,0.11033333333333334,0.22357634255971934,0.0,0.667,15,0.35086666666666666,0.2537433649144254,0.0,0.778,15
301,0.5775,0.33171692055820035,0.0,0.913,14,0.39121428571428574,0.33895749190522595,0.05,0.974,14,0.34142857142857147,0.3813521922127819,0.0,1.0,14,0.18342857142857144,0.22514259217923832,0.0,0.667,14,0.07035714285714287,0.12890700711565872,0.0,0.333,14,0.08621428571428572,0.21098639349910278,0.0,0.75,14,0.2627857142857143,0.32099992297421276,0.0,0.933,14,0.2060714285714286,0.3233819994718592,0.0,1.0,14,0.3964285714285714,0.31570719498774963,0.0,1.0,14
302,0.8586458333333334,0.1158852127558171,0.175,0.977,48,0.09902083333333334,0.1104562086295863,0.018,0.775,48,0.07504166666666666,0.18810419909271575,0.0,1.0,48,0.058291666666666665,0.1572086238679027,0.0,0.778,48,0.12679166666666666,0.23283488427066365,0.0,1.0,48,0.15510416666666668,0.22889291741302084,0.0,0.857,48,0.08810416666666666,0.2262830311690107,0.0,1.0,48,0.06902083333333334,0.1958585561695549,0.0,1.0,48,0.6805833333333333,0.3280773023420803,0.0,1.0,48
303,0.8281818181818181,0.06157892201365363,0.75,0.913,11,0.13863636363636364,0.06527368953456321,0.043,0.227,11,0.12118181818181818,0.211979630239237,0.0,0.5,11,0.045454545454545456,0.10112997936948631,0.0,0.25,11,0.13954545454545456,0.2122895963707895,0.0,0.615,11,0.10390909090909091,0.3002800208290437,0.0,1.0,11,0.15154545454545454,0.32019724034924585,0.0,1.0,11,0.11118181818181819,0.29917380172127983,0.0,1.0,11,0.43672727272727274,0.2607048487884684,0.0,0.75,11
304,0.7937142857142857,0.20157053683185278,0.235,0.947,14,0.17285714285714285,0.2070632965815255,0.023,0.735,14,0.23207142857142854,0.3424622302106892,0.0,1.0,14,0.12878571428571428,0.2719146298639813,0.0,1.0,14,0.16371428571428573,0.254361774030439,0.0,0.684,14,0.05671428571428571,0.1694558842392223,0.0,0.636,14,0.09842857142857143,0.26576557463174316,0.0,0.968,14,0.12364285714285715,0.2894736887586098,0.0,1.0,14,0.6221428571428572,0.2500030329486354,0.25,1.0,14
305,0.65709375,0.23246634988884987,0.167,0.936,32,0.30884375,0.23570540790256836,0.022,0.833,32,0.42090625000000004,0.3505605059711864,0.0,1.0,32,0.17084375,0.2732766658328326,0.0,1.0,32,0.09978125,0.2033174435775328,0.0,1.0,32,0.13418750000000002,0.15656132210940593,0.0,0.5,32,0.03315625,0.07527331248577178,0.0,0.333,32,0.28696875,0.25183231548188517,0.0,0.667,32,0.08621875,0.13254402418356773,0.0,0.545,32
306,0.2420408163265306,0.24734194946669763,0.0,0.875,49,0.7344285714285714,0.2547729381233415,0.125,1.0,49,0.8046326530612244,0.22168480757951062,0.1,1.0,49,0.17820408163265306,0.1876819094895932,0.0,0.818,49,0.05679591836734694,0.12106781494817906,0.0,0.5,49,0.21246938775510205,0.21826676167410533,0.0,1.0,49,0.1672244897959184,0.2918060332728262,0.0,1.0,49,0.22720408163265307,0.2534333393281026,0.0,1.0,49,0.2110408163265306,0.1491394704048967,0.0,0.6,49
307,0.6481851851851852,0.2769550139861703,0.0,0.935,27,0.31333333333333335,0.28376954354925726,0.022,0.957,27,0.22288888888888891,0.3408576663622937,0.0,1.0,27,0.17255555555555555,0.2457676096411363,0.0,1.0,27,0.11718518518518518,0.20641519715910847,0.0,0.667,27,0.24414814814814817,0.3167143463879987,0.0,1.0,27,0.055407407407407405,0.10407588180644531,0.0,0.333,27,0.2392222222222222,0.31398901662972634,0.0,1.0,27,0.3624074074074074,0.2802234354745759,0.0,1.0,27
308,0.6343636363636364,0.2874815725319704,0.081,0.886,11,0.33236363636363636,0.3041566283108993,0.091,0.919,11,0.18936363636363637,0.27303379744173534,0.0,0.857,11,0.37099999999999994,0.36180105030251086,0.0,1.0,11,0.0,0.0,0.0,0.0,11,0.16663636363636364,0.32487606028369426,0.0,1.0,11,0.35754545454545456,0.43148797518270743,0.0,1.0,11,0.13636363636363635,0.3233348953414316,0.0,1.0,11,0.45354545454545453,0.32499180409246126,0.0,1.0,11
309,0.7726,0.20063299828293454,0.333,0.933,10,0.2043,0.2074340859164665,0.022,0.641,10,0.1474,0.20613059506590045,0.0,0.5,10,0.06939999999999999,0.09439774008594344,0.0,0.25,10,0.09330000000000001,0.1577058090947262,0.0,0.4,10,0.1617,0.31071961279870597,0.0,1.0,10,0.0708,0.14958743262720972,0.0,0.375,10,0.1,0.31622776601683794,0.0,1.0,10,0.44320000000000004,0.3385724278332317,0.0,1.0,10
310,0.7937631578947368,0.13732806138518167,0.453,0.955,38,0.15657894736842107,0.1302647266310701,0.0,0.491,38,0.1626842105263158,0.23372692604869189,0.0,0.867,38,0.07723684210526316,0.13224535637083848,0.0,0.409,38,0.16594736842105262,0.21401666358063082,0.0,0.6,38,0.10576315789473685,0.20639904072301257,0.0,1.0,38,0.13076315789473686,0.27874636676439896,0.0,1.0,38,0.09126315789473684,0.15953118549836873,0.0,0.5,38,0.5673421052631579,0.2936465310645758,0.0,1.0,38
311,0.6875526315789473,0.25382380538885,0.023,0.955,38,0.27260526315789474,0.2590540525328887,0.0,0.953,38,0.2118684210526316,0.30444989567384967,0.0,1.0,38,0.1591578947368421,0.2520318004726827,0.0,0.971,38,0.1268421052631579,0.23070802025864706,0.0,1.0,38,0.11805263157894737,0.18740661780815807,0.0,0.667,38,0.13052631578947368,0.23492733055162782,0.0,0.889,38,0.08292105263157894,0.21146495225283657,0.0,1.0,38,0.5046578947368421,0.3086368701867801,0.0,1.0,38
312,0.624642857142857,0.2736209076421265,0.025,0.909,14,0.3385714285714286,0.28713216315989254,0.045,0.975,14,0.3407857142857143,0.31855519472755756,0.0,0.974,14,0.2135,0.3946146611179453,0.0,1.0,14,0.08592857142857144,0.14872869687698226,0.0,0.5,14,0.08185714285714285,0.14314105853095624,0.0,0.5,14,0.22664285714285715,0.2874638725509312,0.0,0.75,14,0.03978571428571428,0.10571673222592284,0.0,0.357,14,0.5305714285714286,0.3024005785214537,0.0,1.0,14
313,0.671,0.29064376821119003,0.091,0.947,11,0.28754545454545455,0.2849425779473344,0.0,0.886,11,0.2596363636363636,0.354717147239113,0.0,1.0,11,0.25981818181818184,0.3289376287936114,0.0,0.917,11,0.09554545454545454,0.18311218617905453,0.0,0.545,11,0.10272727272727272,0.11076830856259466,0.0,0.25,11,0.16827272727272727,0.3205108706141153,0.0,1.0,11,0.22472727272727272,0.3348713457162589,0.0,1.0,11,0.06327272727272727,0.11035949520461835,0.0,0.267,11
314,0.6001818181818183,0.31838807081353354,0.088,0.978,11,0.3489090909090909,0.32898281248279665,0.0,0.912,11,0.36463636363636365,0.36791392273934753,0.0,0.913,11,0.24372727272727274,0.32244723317438806,0.0,0.783,11,0.028363636363636365,0.07582515773445213,0.0,0.25,11,0.24881818181818183,0.3863648064153406,0.0,1.0,11,0.21281818181818182,0.3300238834332504,0.0,0.812,11,0.1821818181818182,0.24311224493300135,0.0,0.625,11,0.2490909090909091,0.20090069912544087,0.0,0.5,11
315,0.8466734693877551,0.06825881742648773,0.641,1.0,49,0.09575510204081633,0.055072879975933145,0.0,0.256,49,0.06797959183673469,0.1719044659343185,0.0,1.0,49,0.031857142857142855,0.08277353643123708,0.0,0.333,49,0.18679591836734694,0.25652606914241655,0.0,1.0,49,0.055326530612244906,0.12999765827299578,0.0,0.6,49,0.054632653061224494,0.13909120117713397,0.0,0.5,49,0.03571428571428571,0.15957482570881915,0.0,1.0,49,0.6051020408163265,0.30113377736605423,0.0,1.0,49
316,0.8408333333333333,0.06888545479528271,0.667,0.949,18,0.08888888888888889,0.04420392435185563,0.041,0.2,18,0.09444444444444444,0.2007665375862698,0.0,0.667,18,0.081,0.1930278858245159,0.0,0.625,18,0.1325,0.2021595904230121,0.0,0.649,18,0.11733333333333335,0.21447692869205415,0.0,0.667,18,0.08861111111111113,0.1540172407801034,0.0,0.429,18,0.10333333333333333,0.26227713228119426,0.0,1.0,18,0.5125,0.21559036593120978,0.0,1.0,18
317,0.8719090909090909,0.04985971662566227,0.75,0.981,22,0.09131818181818181,0.05083342204236103,0.019,0.2,22,0.05,0.16256866681058632,0.0,0.6,22,0.033363636363636366,0.09544110398043565,0.0,0.4,22,0.15136363636363637,0.19428563789150524,0.0,0.562,22,0.06468181818181819,0.13219335995270115,0.0,0.5,22,0.06959090909090909,0.1608565344501885,0.0,0.667,22,0.01927272727272727,0.07270238210427747,0.0,0.333,22,0.5350909090909091,0.32200235271114896,0.0,1.0,22
318,0.8473,0.06439642847239281,0.717,0.929,10,0.11410000000000001,0.08107397171033924,0.0,0.283,10,0.1267,0.2319866135984766,0.0,0.667,10,0.0225,0.04779876799899996,0.0,0.125,10,0.1871,0.24843440896050523,0.0,0.55,10,0.005,0.015811388300841896,0.0,0.05,10,0.05,0.15811388300841897,0.0,0.5,10,0.1069,0.17885714349104923,0.0,0.5,10,0.5817,0.34538868604000983,0.0,1.0,10
319,0.8647,0.04588161093752293,0.771,0.933,10,0.0745,0.031514546905622276,0.041,0.118,10,0.06670000000000001,0.1610383322207618,0.0,0.5,10,0.05,0.15811388300841897,0.0,0.5,10,0.1711,0.27782266526209365,0.0,0.8,10,0.0395,0.10494998808956581,0.0,0.333,10,0.1,0.31622776601683794,0.0,1.0,10,0.014299999999999998,0.045220570540407824,0.0,0.143,10,0.6817,0.33668978468482097,0.0,1.0,10
320,0.5514166666666667,0.23587417999407817,0.19,0.886,12,0.4196666666666667,0.2234503537836998,0.114,0.786,12,0.49441666666666667,0.3545351523367242,0.0,0.969,12,0.2290833333333333,0.2849990297697467,0.0,1.0,12,0.06016666666666667,0.10906364558311257,0.0,0.25,12,0.17783333333333332,0.20107747639940063,0.0,0.5,12,0.07175,0.15463865505223343,0.0,0.5,12,0.2920833333333333,0.24888276113037397,0.0,0.846,12,0.1155,0.14519234890936294,0.0,0.4,12
321,0.8378125,0.09085242154175088,0.571,0.953,16,0.101375,0.08269693666232948,0.023,0.381,16,0.016375,0.05135091690190805,0.0,0.2,16,0.0625,0.11180339887498951,0.0,0.25,16,0.025875000000000002,0.07075014723188451,0.0,0.214,16,0.2375625,0.3738527283570363,0.0,1.0,16,0.203125,0.4001952648395531,0.0,1.0,16,0.0104375,0.041749999999999995,0.0,0.167,16,0.667,0.28076063351783015,0.0,1.0,16
322,0.8852,0.05874577999028242,0.784,0.951,10,0.0776,0.04103440291051184,0.022,0.143,10,0.15,0.31863912014830964,0.0,1.0,10,0.1083,0.24857373151642553,0.0,0.75,10,0.0903,0.15786566018823303,0.0,0.5,10,0.1333,0.3220076086057595,0.0,1.0,10,0.15,0.3374742788552764,0.0,1.0,10,0.0625,0.1586619397054981,0.0,0.5,10,0.525,0.432210082662998,0.0,1.0,10
323,0.8478,0.10174281301399134,0.532,0.936,15,0.1138,0.10492868326357943,0.021,0.468,15,0.05,0.14015297764534704,0.0,0.5,15,0.0,0.0,0.0,0.0,15,0.059533333333333334,0.14136723537685542,0.0,0.5,15,0.08413333333333334,0.25879773311732596,0.0,1.0,15,0.1358666666666667,0.28135967491214275,0.0,1.0,15,0.03966666666666666,0.09678080289770181,0.0,0.333,15,0.5266666666666667,0.29287848934978056,0.0,1.0,15
324,0.8658333333333333,0.03831409266796878,0.783,0.933,12,0.07033333333333333,0.03219919065423662,0.022,0.135,12,0.0,0.0,0.0,0.0,12,0.020833333333333332,0.07216878364870322,0.0,0.25,12,0.1465,0.267415747139509,0.0,0.667,12,0.10716666666666667,0.29294424953108966,0.0,1.0,12,0.0,0.0,0.0,0.0,12,0.11091666666666666,0.2917332088595934,0.0,1.0,12,0.6528333333333333,0.31340964576829167,0.0,1.0,12
325,0.3553636363636363,0.22102772347706645,0.047,0.61,11,0.624,0.2192528221027041,0.366,0.93,11,0.7174545454545455,0.19681431027055102,0.333,1.0,11,0.15227272727272728,0.182737019188281,0.0,0.583,11,0.0979090909090909,0.11573284282817435,0.0,0.3,11,0.17781818181818182,0.16881991480972747,0.0,0.5,11,0.19363636363636363,0.29443038998285237,0.0,1.0,11,0.2931818181818182,0.2437112300169273,0.0,0.765,11,0.15818181818181817,0.1626854745709144,0.0,0.556,11
326,0.8846470588235293,0.0730196387765567,0.697,1.0,17,0.07711764705882353,0.07446801524223434,0.0,0.303,17,0.14982352941176472,0.2744242234420364,0.0,1.0,17,0.0888235294117647,0.16673153394533594,0.0,0.444,17,0.0681764705882353,0.1520765577324944,0.0,0.5,17,0.10647058823529412,0.26030105590619945,0.0,1.0,17,0.09052941176470587,0.20556267829030236,0.0,0.714,17,0.049058823529411766,0.16429069913884176,0.0,0.667,17,0.5494117647058824,0.39335782991182616,0.0,1.0,17
327,0.8829411764705882,0.045072816902534646,0.795,0.951,17,0.07458823529411765,0.03732133910969938,0.0,0.159,17,0.052941176470588235,0.13284223283101432,0.0,0.5,17,0.011764705882352941,0.048507125007266595,0.0,0.2,17,0.22547058823529412,0.30375177317323165,0.0,1.0,17,0.1342941176470588,0.268886073622706,0.0,1.0,17,0.07023529411764706,0.19394732835610443,0.0,0.75,17,0.08794117647058824,0.19463538687384013,0.0,0.667,17,0.5313529411764706,0.33465989100437304,0.0,1.0,17
328,0.8588000000000001,0.05852179081333727,0.717,0.933,20,0.08275,0.04753710462143728,0.023,0.175,20,0.14215,0.24961787111292208,0.0,1.0,20,0.00835,0.037342335224246494,0.0,0.167,20,0.13405,0.21468029473467848,0.0,0.594,20,0.02665,0.08481700115077477,0.0,0.333,20,0.04205,0.11584357647503084,0.0,0.5,20,0.10035000000000001,0.24839448146255713,0.0,1.0,20,0.6252,0.3317406406088632,0.0,1.0,20
329,0.8373333333333334,0.060179025843853214,0.698,0.917,12,0.11775000000000001,0.06472195777463641,0.062,0.302,12,0.03183333333333333,0.07444562791159408,0.0,0.2,12,0.09783333333333333,0.1697092879728226,0.0,0.5,12,0.15083333333333335,0.2010715988865356,0.0,0.565,12,0.04758333333333333,0.14392893343170401,0.0,0.5,12,0.13225,0.29135705211678303,0.0,1.0,12,0.03666666666666667,0.08519105088866524,0.0,0.286,12,0.6148333333333333,0.1738472858225828,0.333,0.8,12
330,0.8493333333333334,0.11069185026137073,0.275,0.953,36,0.10152777777777779,0.10692947906009592,0.024,0.686,36,0.07525,0.16460990683604504,0.0,0.5,36,0.07155555555555555,0.14200491831410925,0.0,0.5,36,0.10288888888888889,0.1803602391687699,0.0,0.579,36,0.1507777777777778,0.19727198209739497,0.0,0.667,36,0.04397222222222222,0.13134262415771555,0.0,0.5,36,0.10300000000000001,0.2121904804650765,0.0,1.0,36,0.5786666666666667,0.2715891855621017,0.0,1.0,36
331,0.8627,0.05994040900410132,0.73,0.933,20,0.08704999999999999,0.047982973954035855,0.024,0.189,20,0.05595,0.11895486760244739,0.0,0.333,20,0.05,0.10943779776177595,0.0,0.333,20,0.17654999999999998,0.20971546513261596,0.0,0.571,20,0.061250000000000006,0.13574778276758626,0.0,0.5,20,0.075,0.23084512921915967,0.0,1.0,20,0.06555,0.2231809449987304,0.0,1.0,20,0.52085,0.3426589949820452,0.0,1.0,20
332,0.851125,0.05680126172307563,0.739,0.933,16,0.081625,0.0521023032120462,0.019,0.239,16,0.0208125,0.08325,0.0,0.333,16,0.021312499999999998,0.06507095486210931,0.0,0.25,16,0.24231250000000001,0.30160055675235964,0.0,1.0,16,0.03125,0.125,0.0,0.5,16,0.0098125,0.02445190858263079,0.0,0.091,16,0.0625,0.17288878891742326,0.0,0.667,16,0.5773125,0.24796578224962137,0.0,1.0,16
333,0.36939130434782613,0.29367247358091025,0.0,0.946,23,0.5990869565217392,0.2987493496445532,0.027,1.0,23,0.5926521739130435,0.36532857050452194,0.0,1.0,23,0.23365217391304346,0.24672318104150878,0.0,0.833,23,0.08313043478260869,0.11114785580389021,0.0,0.389,23,0.27752173913043476,0.22216616827075783,0.0,1.0,23,0.09521739130434782,0.23258370077374865,0.0,1.0,23,0.3043913043478261,0.25203818959010504,0.0,0.68,23,0.11569565217391305,0.17082671570459632,0.0,0.583,23
334,0.54671875,0.24323587839856714,0.022,0.911,32,0.4090625,0.24942229218477982,0.054,0.956,32,0.4663125,0.27294445110149573,0.0,1.0,32,0.186,0.19842834084780556,0.0,0.727,32,0.09196875,0.15042166204137727,0.0,0.591,32,0.22668750000000001,0.20967062302881234,0.0,0.714,32,0.10328125,0.20689895217542867,0.0,0.909,32,0.2759375,0.26232126787709226,0.0,1.0,32,0.09571875,0.18545379989410107,0.0,1.0,32
335,0.49450000000000005,0.3219227823217515,0.039,0.905,10,0.4445,0.3249653827717654,0.048,0.941,10,0.4175,0.3185056252773777,0.0,0.979,10,0.1373,0.17939097586618513,0.0,0.5,10,0.051500000000000004,0.09607896058277621,0.0,0.308,10,0.1032,0.12337548829127735,0.0,0.4,10,0.0616,0.11538938907504066,0.0,0.333,10,0.5496000000000001,0.2007747217377947,0.154,0.792,10,0.046200000000000005,0.0649970939521316,0.0,0.2,10
336,0.44082352941176467,0.30412543368117817,0.0,0.789,17,0.5257058823529411,0.3148262943088383,0.143,1.0,17,0.6532941176470588,0.3183859224090087,0.0,1.0,17,0.16417647058823528,0.158046763370101,0.0,0.385,17,0.0816470588235294,0.12744064362305624,0.0,0.381,17,0.20123529411764707,0.3084127772587747,0.0,1.0,17,0.012941176470588235,0.03691454758668203,0.0,0.125,17,0.16123529411764706,0.3101244769064038,0.0,1.0,17,0.18876470588235295,0.22007598955013374,0.0,0.75,17
337,0.5451818181818182,0.33757378542484695,0.0,0.961,22,0.4021363636363636,0.3459001088195627,0.023,0.931,22,0.6223181818181818,0.39742796728148005,0.0,1.0,22,0.18868181818181817,0.28470258271758025,0.0,1.0,22,0.09518181818181817,0.22693603805470247,0.0,1.0,22,0.21059090909090908,0.24343409376802178,0.0,0.667,22,0.10127272727272728,0.15598418168219794,0.0,0.5,22,0.26327272727272727,0.3740291791288841,0.0,1.0,22,0.18936363636363637,0.2403090362438186,0.0,1.0,22
338,0.8203714285714286,0.08916708892802971,0.5,0.956,35,0.11331428571428571,0.06823478991410356,0.022,0.333,35,0.07714285714285715,0.19893039617164693,0.0,1.0,35,0.04694285714285714,0.10509182059657413,0.0,0.5,35,0.13948571428571427,0.2054118347338816,0.0,0.75,35,0.12422857142857142,0.291972509354027,0.0,1.0,35,0.008857142857142857,0.03212671863761016,0.0,0.143,35,0.11697142857142857,0.2503842324619229,0.0,1.0,35,0.5468285714285714,0.2968462154554983,0.0,1.0,35
339,0.8556842105263157,0.08581767017706718,0.646,0.939,19,0.09942105263157895,0.08026436582352489,0.0,0.292,19,0.2423157894736842,0.3502844959032235,0.0,1.0,19,0.07636842105263159,0.23623227988249096,0.0,1.0,19,0.1783157894736842,0.27949002220941604,0.0,1.0,19,0.07521052631578946,0.14332735605651856,0.0,0.5,19,0.09084210526315789,0.2400282999884006,0.0,1.0,19,0.05636842105263159,0.1435390812157348,0.0,0.5,19,0.6322631578947369,0.363522709378545,0.0,1.0,19
340,0.8228333333333334,0.0949991609421375,0.5,0.953,24,0.12183333333333334,0.08026676537140641,0.022,0.425,24,0.11412499999999999,0.16253676841550813,0.0,0.588,24,0.002458333333333333,0.012043324568683957,0.0,0.059,24,0.23058333333333333,0.23281489506111683,0.0,0.667,24,0.06508333333333334,0.12967582211260398,0.0,0.5,24,0.04466666666666667,0.11568310036537284,0.0,0.5,24,0.042083333333333334,0.14185630104062186,0.0,0.667,24,0.5549583333333333,0.27611174158405455,0.0,1.0,24
341,0.8604545454545455,0.08876076119137738,0.66,1.0,11,0.08581818181818181,0.07302714314803528,0.0,0.277,11,0.007,0.0232163735324878,0.0,0.077,11,0.05318181818181818,0.1253449785047795,0.0,0.385,11,0.19745454545454547,0.16099836249873078,0.0,0.5,11,0.034727272727272725,0.06623758888892456,0.0,0.2,11,0.05090909090909091,0.11095445421023399,0.0,0.333,11,0.013,0.043116122274620194,0.0,0.143,11,0.5880909090909091,0.4137633271679486,0.0,1.0,11
342,0.8510000000000001,0.15284501954594396,0.404,0.976,11,0.11872727272727274,0.16347727114745395,0.0,0.596,11,0.16445454545454546,0.24994573956615612,0.0,0.8,11,0.03754545454545455,0.10088742601173215,0.0,0.333,11,0.304,0.33788666739011763,0.0,1.0,11,0.12963636363636363,0.19449229945027272,0.0,0.5,11,0.024272727272727276,0.06165077600337389,0.0,0.2,11,0.08263636363636363,0.15253017585204096,0.0,0.5,11,0.36327272727272725,0.4268606542910909,0.0,1.0,11
343,0.5794166666666667,0.21871794137378828,0.073,0.816,12,0.39491666666666664,0.23686454062619972,0.104,0.927,12,0.5311666666666667,0.297091915172066,0.0,1.0,12,0.0835,0.1734848696572701,0.0,0.571,12,0.018416666666666668,0.04619220385486816,0.0,0.15,12,0.18308333333333335,0.15578741828841539,0.0,0.5,12,0.09025,0.13592787191608777,0.0,0.333,12,0.39491666666666664,0.2917802592653754,0.0,1.0,12,0.06691666666666667,0.09335022844918565,0.0,0.3,12
344,0.363974358974359,0.25425479213819385,0.0,0.844,39,0.598025641025641,0.26716823865551237,0.111,1.0,39,0.6396153846153846,0.3038276533085489,0.0,1.0,39,0.2342051282051282,0.22342691958235936,0.0,0.913,39,0.09153846153846154,0.16345349349100174,0.0,0.63,39,0.19538461538461538,0.16125994304466693,0.0,0.667,39,0.10605128205128206,0.19951097433447623,0.0,1.0,39,0.36369230769230765,0.2731917731910521,0.0,1.0,39,0.13153846153846155,0.14048915413351237,0.0,0.6,39
345,0.4678888888888889,0.2589369418782902,0.0,0.854,18,0.4802222222222222,0.2761411735189418,0.073,0.955,18,0.5559999999999999,0.34422017577673264,0.0,1.0,18,0.20883333333333332,0.2882040229135073,0.0,1.0,18,0.056,0.131706893830023,0.0,0.5,18,0.1521111111111111,0.15710913737192894,0.0,0.5,18,0.10027777777777777,0.2623416733856275,0.0,1.0,18,0.3937222222222222,0.22452926065190007,0.0,0.714,18,0.10666666666666666,0.17838557050587325,0.0,0.75,18
346,0.817952380952381,0.11716675133777339,0.364,0.93,21,0.13971428571428574,0.12425302525779518,0.018,0.614,21,0.1854761904761905,0.21120691727488924,0.0,0.6,21,0.10233333333333333,0.19849265309661546,0.0,0.846,21,0.115,0.2129664292793585,0.0,0.714,21,0.17376190476190476,0.3305033895078695,0.0,1.0,21,0.09490476190476191,0.20483088262317886,0.0,0.667,21,0.11242857142857142,0.24760726391375748,0.0,1.0,21,0.6126666666666667,0.29494157613556843,0.0,1.0,21
347,0.8002499999999999,0.14015137492988372,0.356,0.976,20,0.15940000000000001,0.1451287631544376,0.023,0.622,20,0.1267,0.2172968137436854,0.0,0.778,20,0.15585,0.28726262969807376,0.0,1.0,20,0.12295,0.21575119076331764,0.0,0.706,20,0.21025,0.318454801386815,0.0,1.0,20,0.2122,0.36001704638004367,0.0,1.0,20,0.09245,0.1476925950465322,0.0,0.5,20,0.44495000000000007,0.33122984149188134,0.0,1.0,20
348,0.685,0.15775470026134072,0.413,0.93,12,0.26133333333333336,0.15934943496681256,0.047,0.543,12,0.23391666666666666,0.22333157507222848,0.0,0.611,12,0.19291666666666665,0.19842308257097935,0.0,0.444,12,0.08258333333333333,0.13088194426021235,0.0,0.429,12,0.24633333333333332,0.26579326666802644,0.0,1.0,12,0.03816666666666667,0.10872553713016286,0.0,0.375,12,0.4005,0.22775205816852676,0.0,0.773,12,0.12716666666666668,0.16546289522720706,0.0,0.5,12
349,0.6752333333333334,0.18425351413545518,0.229,0.957,30,0.27040000000000003,0.1735460984172853,0.043,0.6,30,0.2346,0.233340893145186,0.0,0.7,30,0.14780000000000001,0.21853184096886516,0.0,0.667,30,0.09046666666666667,0.11833871122634657,0.0,0.417,30,0.06810000000000001,0.09053380012745098,0.0,0.238,30,0.08020000000000001,0.14344490712224797,0.0,0.5,30,0.23850000000000002,0.23603312888455824,0.0,1.0,30,0.20713333333333334,0.23919833544186905,0.0,1.0,30
350,0.7863939393939394,0.15684425782323436,0.195,0.927,33,0.16360606060606062,0.1570288467515482,0.039,0.756,33,0.10203030303030303,0.23005562980077301,0.0,0.905,33,0.108,0.22549071488644493,0.0,1.0,33,0.06309090909090909,0.12160961198553645,0.0,0.4,33,0.1605757575757576,0.2548235946570478,0.0,0.8,33,0.15084848484848484,0.25757803686602937,0.0,1.0,33,0.06975757575757575,0.19334845976614193,0.0,1.0,33,0.5697878787878788,0.3150572128177434,0.0,1.0,33
351,0.8045185185185185,0.1778943875039713,0.022,0.977,27,0.15222222222222223,0.18349792145822028,0.0,0.978,27,0.1072962962962963,0.1547267603563468,0.0,0.5,27,0.1007037037037037,0.22547979865420228,0.0,0.953,27,0.12140740740740741,0.2223054480904871,0.0,1.0,27,0.13396296296296295,0.21711171911137955,0.0,0.833,27,0.14437037037037037,0.2402607794985319,0.0,0.895,27,0.08148148148148149,0.1697870544966367,0.0,0.5,27,0.5486296296296297,0.3413439668482566,0.0,1.0,27
352,0.35758333333333336,0.2605495794149999,0.095,0.946,12,0.6201666666666666,0.26305541529333987,0.027,0.905,12,0.7637499999999999,0.254187162611261,0.25,1.0,12,0.2004166666666667,0.20244481103538198,0.0,0.676,12,0.023583333333333335,0.055526338276751526,0.0,0.158,12,0.23725,0.17957531972558327,0.0,0.625,12,0.04591666666666666,0.06833268661926048,0.0,0.158,12,0.4226666666666667,0.24436944212078615,0.0,0.842,12,0.13708333333333333,0.10610582910329182,0.0,0.364,12
353,0.24005882352941174,0.23067386896553627,0.0,0.833,17,0.7421764705882353,0.22761047737695358,0.167,1.0,17,0.7894117647058824,0.2092988469938169,0.353,1.0,17,0.1443529411764706,0.1396486399756862,0.0,0.488,17,0.03935294117647059,0.06598668537711849,0.0,0.2,17,0.24329411764705883,0.15900069367218278,0.0,0.5,17,0.06647058823529413,0.16293254649051045,0.0,0.667,17,0.4037647058823529,0.28092604218276135,0.0,1.0,17,0.16376470588235292,0.10671371128618191,0.0,0.361,17
354,0.4394705882352941,0.26120086084445115,0.024,0.911,17,0.527,0.2780977795668279,0.022,0.974,17,0.5652352941176471,0.33308848850788975,0.0,1.0,17,0.2221764705882353,0.23617240400132425,0.0,0.744,17,0.04176470588235295,0.05429034146577629,0.0,0.136,17,0.19870588235294118,0.2338139657681621,0.0,1.0,17,0.05088235294117647,0.09865335926423209,0.0,0.3,17,0.44994117647058823,0.2311337466133611,0.0,0.75,17,0.1031764705882353,0.09606653637851582,0.0,0.286,17
355,0.336,0.29091533705415623,0.0,0.833,16,0.625625,0.30421743868489853,0.114,1.0,16,0.66575,0.30373595989499386,0.2,1.0,16,0.24,0.19881381575064982,0.0,0.647,16,0.049062499999999995,0.10008694137265527,0.0,0.367,16,0.3258125,0.2659150788629082,0.0,1.0,16,0.1156875,0.23968777433708768,0.0,0.818,16,0.240875,0.1746836664755275,0.0,0.536,16,0.1415625,0.10995209184003732,0.0,0.308,16
356,0.8735588235294118,0.07099047788322828,0.714,0.979,34,0.07152941176470588,0.052396643018837515,0.0,0.19,34,0.09311764705882353,0.22542670174795745,0.0,1.0,34,0.10049999999999999,0.2885166084185334,0.0,1.0,34,0.1709705882352941,0.28080614312693614,0.0,1.0,34,0.15367647058823528,0.2745792064991653,0.0,1.0,34,0.08508823529411765,0.25067126458312,0.0,1.0,34,0.09211764705882353,0.23746843678060284,0.0,1.0,34,0.4450294117647059,0.38373060983835555,0.0,1.0,34
357,0.8471,0.06494519056695253,0.689,0.907,10,0.1051,0.06451606173831616,0.044,0.267,10,0.09830000000000001,0.16219333456642965,0.0,0.4,10,0.041600000000000005,0.10565793865110185,0.0,0.333,10,0.0935,0.15249426218713935,0.0,0.368,10,0.0912,0.1776249481976623,0.0,0.5,10,0.0766,0.13868525516434688,0.0,0.333,10,0.0886,0.17801323296629137,0.0,0.5,10,0.6517000000000001,0.23458239490635266,0.25,1.0,10
358,0.8744615384615385,0.03688182792066075,0.83,0.96,13,0.063,0.032580669115289826,0.02,0.132,13,0.05130769230769231,0.14249759332200704,0.0,0.5,13,0.057692307692307696,0.11474928076418361,0.0,0.333,13,0.12784615384615383,0.21208561406259427,0.0,0.6,13,0.23146153846153844,0.27530486597728204,0.0,1.0,13,0.015384615384615385,0.05547001962252292,0.0,0.2,13,0.07692307692307693,0.21371260356627758,0.0,0.75,13,0.5063846153846154,0.3974540934626997,0.0,1.0,13
359,0.8196923076923077,0.08767590377386539,0.605,0.929,13,0.14015384615384616,0.07937867697923895,0.041,0.349,13,0.23115384615384615,0.3035349639810451,0.0,1.0,13,0.04484615384615384,0.11077142091851894,0.0,0.333,13,0.08146153846153847,0.16864588906177316,0.0,0.526,13,0.07046153846153846,0.1589641549661513,0.0,0.5,13,0.2692307692307692,0.39406749714698913,0.0,1.0,13,0.1723846153846154,0.1938248945403808,0.0,0.5,13,0.641,0.2414446106252943,0.25,1.0,13
360,0.8510714285714285,0.09839298701726609,0.409,0.952,28,0.10210714285714285,0.10216629120312168,0.022,0.591,28,0.08096428571428571,0.1626565302267229,0.0,0.5,28,0.061892857142857145,0.13033129844552827,0.0,0.5,28,0.1429642857142857,0.22116099082440796,0.0,0.667,28,0.1424642857142857,0.26271805506098445,0.0,1.0,28,0.047607142857142855,0.19696104884444732,0.0,1.0,28,0.10296428571428572,0.21559125972506693,0.0,1.0,28,0.6256071428571428,0.30672612216954076,0.0,1.0,28
361,0.5378181818181818,0.3001385740559911,0.167,0.976,11,0.4180909090909091,0.30545882031640686,0.0,0.806,11,0.3867272727272727,0.3929173172333057,0.0,0.921,11,0.10090909090909089,0.11417745359347836,0.0,0.345,11,0.1819090909090909,0.3220827392287437,0.0,1.0,11,0.22036363636363634,0.226637275278041,0.0,0.667,11,0.20054545454545455,0.321087951700578,0.0,1.0,11,0.24645454545454548,0.3068593696260108,0.0,0.75,11,0.09918181818181818,0.12596175465737067,0.0,0.4,11
362,0.5382121212121211,0.2936263311565992,0.0,0.938,33,0.4170606060606061,0.3047192293113798,0.0,0.933,33,0.5013636363636365,0.342032054252761,0.0,1.0,33,0.1686969696969697,0.19985580502710024,0.0,0.75,33,0.07154545454545454,0.0940462289611773,0.0,0.333,33,0.1472121212121212,0.1449958528665039,0.0,0.5,33,0.1077878787878788,0.2030575284210976,0.0,1.0,33,0.3624545454545455,0.2624817959055793,0.0,1.0,33,0.09809090909090909,0.1650229839363982,0.0,0.667,33
363,0.8627272727272728,0.09079394872755081,0.522,0.951,22,0.10586363636363635,0.08559889599563182,0.037,0.413,22,0.038318181818181814,0.11508729041724987,0.0,0.5,22,0.042909090909090904,0.09947572524701649,0.0,0.333,22,0.12022727272727272,0.1858496401518947,0.0,0.667,22,0.12622727272727274,0.2507508594332101,0.0,1.0,22,0.08713636363636364,0.25263832523317475,0.0,1.0,22,0.04654545454545455,0.1489000071229418,0.0,0.667,22,0.6736818181818182,0.3428820964043355,0.0,1.0,22
364,0.4342142857142857,0.2895219344876145,0.024,0.955,14,0.5299285714285714,0.2997333338629046,0.023,0.952,14,0.6397857142857143,0.3504533719827303,0.0,1.0,14,0.2007142857142857,0.23754074260135755,0.0,0.683,14,0.07264285714285713,0.15191374432317084,0.0,0.417,14,0.21814285714285717,0.24374004347092576,0.0,0.8,14,0.253,0.3282841170974642,0.0,1.0,14,0.1662142857142857,0.17594281351158858,0.0,0.5,14,0.12064285714285715,0.13930520291948742,0.0,0.463,14
365,0.3377142857142857,0.26019898978611405,0.0,0.944,21,0.628,0.26230325960612844,0.028,0.973,21,0.6974285714285715,0.3053017476904728,0.0,1.0,21,0.19695238095238096,0.19699428321412685,0.0,0.618,21,0.039047619047619046,0.056802707849605366,0.0,0.167,21,0.20885714285714285,0.14921336592754877,0.0,0.429,21,0.06742857142857143,0.1573202375502184,0.0,0.647,21,0.43657142857142855,0.2373665038350128,0.0,0.833,21,0.16376190476190478,0.15350827494369962,0.0,0.524,21
366,0.8442727272727272,0.07586315430970544,0.705,0.955,11,0.09409090909090909,0.045348549139866745,0.023,0.175,11,0.09636363636363637,0.20632317985494153,0.0,0.667,11,0.14327272727272727,0.15183549710729102,0.0,0.4,11,0.04890909090909091,0.11082730218267929,0.0,0.316,11,0.13481818181818184,0.21656491783380716,0.0,0.545,11,0.050272727272727274,0.15000272724793434,0.0,0.5,11,0.06563636363636363,0.1587118601285189,0.0,0.5,11,0.6739999999999999,0.23206421525086546,0.333,1.0,11
367,0.40326190476190477,0.29242794063593863,0.0,0.917,42,0.565952380952381,0.30027141806437035,0.042,1.0,42,0.5389285714285714,0.3370210525997899,0.0,1.0,42,0.17047619047619048,0.18047812354359324,0.0,0.667,42,0.0255,0.06295459068094145,0.0,0.25,42,0.2422619047619048,0.23787874135056142,0.0,1.0,42,0.06307142857142857,0.12315237297202648,0.0,0.4,42,0.40578571428571425,0.31111816716045726,0.0,1.0,42,0.10366666666666667,0.11472611429318529,0.0,0.5,42
368,0.5727333333333333,0.2658615285838709,0.067,0.905,15,0.3706,0.25068671399064724,0.067,0.833,15,0.5349333333333333,0.3299827845437366,0.0,1.0,15,0.12586666666666665,0.20710517226991795,0.0,0.714,15,0.1694,0.2113182434149972,0.0,0.538,15,0.1892,0.18385289150373924,0.0,0.5,15,0.05006666666666667,0.08265631655636892,0.0,0.25,15,0.2292,0.2541355656225348,0.0,0.6,15,0.11853333333333334,0.117349822975499,0.0,0.333,15
369,0.6649,0.25817024959855034,0.029,0.881,10,0.2892,0.26109461886450286,0.071,0.943,10,0.3315,0.2950439703577154,0.0,0.968,10,0.07050000000000001,0.11804824813985546,0.0,0.333,10,0.10469999999999999,0.1579972221978039,0.0,0.5,10,0.22799999999999998,0.2627030431664028,0.0,0.833,10,0.095,0.23857214143035782,0.0,0.75,10,0.1814,0.18412507826052496,0.0,0.5,10,0.10739999999999998,0.11656204833096881,0.0,0.355,10
370,0.5991428571428572,0.20781898029638335,0.14,0.905,21,0.3392380952380952,0.21131372524327538,0.0,0.837,21,0.14842857142857144,0.20570356618896316,0.0,0.75,21,0.053,0.1108674884715984,0.0,0.452,21,0.07180952380952381,0.1255856755556218,0.0,0.458,21,0.15233333333333332,0.16814586921281574,0.0,0.667,21,0.02119047619047619,0.07350824378776782,0.0,0.333,21,0.4375238095238095,0.23655858028142182,0.0,0.828,21,0.06690476190476191,0.12581450821026358,0.0,0.462,21
371,0.8543125,0.11743294185761222,0.487,0.977,16,0.0935,0.12045580102261576,0.0,0.513,16,0.125,0.2755331800951263,0.0,1.0,16,0.1166875,0.2708053959949838,0.0,1.0,16,0.11575,0.18579468955453668,0.0,0.5,16,0.144375,0.28946292220823955,0.0,1.0,16,0.03125,0.125,0.0,0.5,16,0.0,0.0,0.0,0.0,16,0.6031875,0.32058097650983597,0.0,1.0,16
372,0.8269333333333333,0.08783951817024586,0.6,0.936,15,0.0988,0.05257538804965141,0.042,0.24,15,0.07666666666666666,0.14743844559033864,0.0,0.5,15,0.030000000000000002,0.07973169292786186,0.0,0.25,15,0.13933333333333334,0.19598967416920815,0.0,0.526,15,0.05053333333333333,0.10291596201802342,0.0,0.333,15,0.016666666666666666,0.06454972243679027,0.0,0.25,15,0.031733333333333336,0.09111724524453306,0.0,0.333,15,0.6011333333333333,0.27616606460261417,0.0,1.0,15
373,0.8494666666666667,0.08536465199087859,0.622,0.935,15,0.08913333333333333,0.05043222703598884,0.022,0.222,15,0.1,0.2146425600188103,0.0,0.75,15,0.03333333333333333,0.10465362369445673,0.0,0.4,15,0.20493333333333333,0.30233058223140596,0.0,1.0,15,0.13706666666666667,0.29536018366604205,0.0,1.0,15,0.0684,0.13711767625968999,0.0,0.333,15,0.02766666666666667,0.08581846843080762,0.0,0.333,15,0.5110666666666667,0.34402459768092725,0.0,1.0,15
374,0.85425,0.10496417137636671,0.578,0.96,12,0.10983333333333334,0.10239924834004427,0.023,0.4,12,0.08866666666666667,0.19415473366894925,0.0,0.647,12,0.01958333333333333,0.06783865662978103,0.0,0.235,12,0.12675,0.15488888979464663,0.0,0.4,12,0.10066666666666667,0.16674931284216238,0.0,0.5,12,0.041666666666666664,0.14433756729740646,0.0,0.5,12,0.057166666666666664,0.11906059063529059,0.0,0.375,12,0.7123333333333334,0.27934447074057744,0.25,1.0,12
375,0.2913157894736842,0.25331075615000354,0.0,0.697,19,0.6749473684210526,0.2664456320786684,0.242,1.0,19,0.7723684210526316,0.25747323712622505,0.3,1.0,19,0.21489473684210528,0.18093058667064132,0.0,0.606,19,0.08894736842105262,0.1371169305066991,0.0,0.462,19,0.23173684210526313,0.1870816346189436,0.0,0.667,19,0.09342105263157895,0.15293038205139609,0.0,0.667,19,0.29473684210526313,0.2207597593426602,0.0,0.692,19,0.17942105263157893,0.12417922343195636,0.0,0.5,19
376,0.5163582089552238,0.250413700218957,0.0,0.956,67,0.40467164179104476,0.2428104628105922,0.024,1.0,67,0.23153731343283582,0.25225247864104694,0.0,0.933,67,0.1311641791044776,0.20759602356608928,0.0,1.0,67,0.05847761194029851,0.0697552774605958,0.0,0.286,67,0.11186567164179105,0.09813409124414811,0.0,0.421,67,0.014462686567164179,0.04474890496652741,0.0,0.25,67,0.5465970149253732,0.20546171653291345,0.0,1.0,67,0.08219402985074627,0.12274082559135562,0.0,0.5,67
377,0.48016666666666663,0.230183447580902,0.033,0.833,30,0.4483,0.2455003546594812,0.093,0.9,30,0.3908,0.24074172739752622,0.0,0.815,30,0.16106666666666666,0.20304372441173477,0.0,0.8,30,0.07653333333333333,0.15008979687652582,0.0,0.692,30,0.1642,0.1431766210929222,0.0,0.667,30,0.03123333333333333,0.07570572944806996,0.0,0.286,30,0.5291666666666667,0.20584277283022787,0.0,0.875,30,0.08453333333333334,0.11197713231244827,0.0,0.429,30
378,0.31363636363636366,0.2220933464682239,0.0,0.667,11,0.6473636363636364,0.22715425275669957,0.256,1.0,11,0.6588181818181819,0.26590367360449085,0.053,1.0,11,0.20145454545454547,0.18577425205682496,0.0,0.5,11,0.13072727272727275,0.20291776211514403,0.0,0.667,11,0.23109090909090907,0.1972614785230277,0.0,0.55,11,0.004818181818181818,0.01598010126262147,0.0,0.053,11,0.418,0.2753895422851056,0.1,0.864,11,0.09281818181818181,0.11041088549759771,0.0,0.348,11
379,0.8154666666666667,0.14692168305727016,0.341,0.951,15,0.13993333333333333,0.1413806749103117,0.02,0.585,15,0.14406666666666668,0.291399692780176,0.0,1.0,15,0.07933333333333333,0.18660717589427828,0.0,0.667,15,0.08466666666666667,0.18747596671370467,0.0,0.548,15,0.14906666666666665,0.29211457308652683,0.0,1.0,15,0.1796,0.2607499623339241,0.0,0.75,15,0.1549333333333333,0.3106988589492742,0.0,1.0,15,0.6088,0.3352867003454975,0.0,1.0,15
380,0.876,0.06788225099390857,0.698,0.957,12,0.09658333333333334,0.06337114102769112,0.022,0.279,12,0.20925000000000002,0.2433848897229541,0.0,0.667,12,0.10691666666666666,0.17220888918738056,0.0,0.5,12,0.021750000000000002,0.07534421012924616,0.0,0.261,12,0.2654166666666667,0.37920022495518196,0.0,1.0,12,0.07641666666666667,0.19938881993519977,0.0,0.667,12,0.07733333333333334,0.2002826790193089,0.0,0.667,12,0.7519166666666667,0.23538767185348952,0.5,1.0,12
381,0.7761538461538462,0.18121481090768404,0.396,0.944,13,0.18453846153846154,0.1899116528742665,0.02,0.562,13,0.22553846153846152,0.3036586942014053,0.0,1.0,13,0.19423076923076926,0.32389817171608987,0.0,0.81,13,0.17323076923076924,0.23102963512868285,0.0,0.679,13,0.009615384615384616,0.03466876226407682,0.0,0.125,13,0.19215384615384618,0.2779351981289422,0.0,0.714,13,0.016923076923076923,0.04345008925664315,0.0,0.143,13,0.47161538461538466,0.32831604145536825,0.0,1.0,13
382,0.8103529411764706,0.1626133993466062,0.25,0.955,17,0.14452941176470588,0.1652203519723958,0.041,0.727,17,0.13047058823529412,0.19287402548265112,0.0,0.5,17,0.023176470588235295,0.06543339676162858,0.0,0.2,17,0.16270588235294117,0.19431892750896734,0.0,0.5,17,0.09752941176470588,0.24293211954346908,0.0,1.0,17,0.10588235294117647,0.3009787954227302,0.0,1.0,17,0.06388235294117647,0.24167666476951732,0.0,1.0,17,0.4914117647058823,0.33659230881430013,0.0,1.0,17
383,0.3016111111111111,0.33829453559059675,0.0,0.889,18,0.6763333333333333,0.3362605782285342,0.111,1.0,18,0.7364999999999999,0.3620975250496181,0.0,1.0,18,0.2611111111111111,0.2365946866513151,0.0,0.867,18,0.06322222222222222,0.15863074234933358,0.0,0.5,18,0.22538888888888892,0.24094279010706082,0.0,0.8,18,0.06983333333333334,0.1090726956720905,0.0,0.333,18,0.18416666666666667,0.27865543766662165,0.0,1.0,18,0.14833333333333332,0.15154032660726086,0.0,0.5,18
384,0.43549999999999994,0.32104319143883236,0.0,0.952,14,0.5285714285714286,0.32505874363441883,0.045,0.972,14,0.6653571428571429,0.2912742844660489,0.118,1.0,14,0.13385714285714287,0.16731952718025525,0.0,0.571,14,0.11892857142857143,0.23573696694073587,0.0,0.783,14,0.14150000000000001,0.145970360532014,0.0,0.5,14,0.18085714285714286,0.31764538939923775,0.0,1.0,14,0.26542857142857146,0.26689891900686474,0.0,0.75,14,0.15335714285714283,0.1831004798308451,0.0,0.647,14
385,0.5579285714285714,0.3231647506210355,0.0,0.941,14,0.40771428571428575,0.33591263254497694,0.039,0.975,14,0.5882857142857143,0.2892830470640845,0.0,1.0,14,0.09328571428571429,0.13037191095030848,0.0,0.36,14,0.11307142857142857,0.17470963351789176,0.0,0.625,14,0.16407142857142856,0.18550200674249995,0.0,0.5,14,0.18242857142857144,0.29767657055828334,0.0,1.0,14,0.2265714285714286,0.21929773027893953,0.0,0.667,14,0.10992857142857142,0.10273301041326213,0.0,0.282,14
386,0.8316666666666667,0.15195355327514118,0.271,0.95,18,0.1335,0.1568109577503697,0.0,0.708,18,0.17994444444444443,0.16755419570017346,0.0,0.5,18,0.19866666666666666,0.23404574716218599,0.0,0.667,18,0.1376111111111111,0.21458088805003084,0.0,0.571,18,0.13516666666666666,0.25518488107529363,0.0,1.0,18,0.24444444444444446,0.354752974903121,0.0,1.0,18,0.08894444444444444,0.16941507406444514,0.0,0.667,18,0.5500555555555555,0.28163920854676766,0.0,1.0,18
387,0.7881384615384616,0.17530499109793238,0.108,0.977,65,0.1719846153846154,0.1767649827726504,0.022,0.865,65,0.18873846153846155,0.25128036364556255,0.0,1.0,65,0.14826153846153847,0.22433605350867292,0.0,0.846,65,0.11735384615384616,0.20887319948126057,0.0,1.0,65,0.1678,0.31001059457702407,0.0,1.0,65,0.20872307692307693,0.33370727758828483,0.0,1.0,65,0.05933846153846154,0.1817797668989763,0.0,1.0,65,0.6100307692307693,0.269792163597206,0.0,1.0,65
388,0.8355499999999999,0.13322220259085152,0.481,0.956,20,0.12289999999999998,0.13451350939785306,0.021,0.481,20,0.05825,0.131958875172692,0.0,0.467,20,0.07685,0.1264687500406409,0.0,0.333,20,0.0526,0.10499192951440552,0.0,0.333,20,0.1068,0.26039961193276934,0.0,1.0,20,0.22974999999999998,0.3591243553862352,0.0,1.0,20,0.05775,0.15113879121696824,0.0,0.526,20,0.5627500000000001,0.3153380600328212,0.0,1.0,20
389,0.7844390243902439,0.20832787244875417,0.059,0.977,41,0.17153658536585367,0.2144191103377886,0.0,0.882,41,0.1700731707317073,0.261161577404095,0.0,0.897,41,0.1633658536585366,0.2891372300567294,0.0,1.0,41,0.10802439024390245,0.17937760281106416,0.0,0.708,41,0.2447317073170732,0.34171150290780694,0.0,1.0,41,0.18290243902439024,0.32444589725238077,0.0,1.0,41,0.10163414634146341,0.20782237079986854,0.0,1.0,41,0.5087804878048781,0.3312899419085284,0.0,1.0,41
390,0.40330434782608693,0.2663750661930055,0.0,0.92,23,0.5605217391304348,0.26198644475087174,0.071,0.921,23,0.5858260869565217,0.320932682289082,0.0,1.0,23,0.23604347826086958,0.2583997041689957,0.0,0.857,23,0.09647826086956521,0.2140961698874464,0.0,1.0,23,0.24504347826086956,0.20116376825879717,0.0,0.75,23,0.049782608695652174,0.09649821313547687,0.0,0.273,23,0.3505217391304348,0.23738975806298293,0.0,0.8,23,0.03382608695652174,0.0457777756458634,0.0,0.143,23
391,0.8466666666666667,0.07087529677050879,0.703,1.0,27,0.09596296296296297,0.05396756966455479,0.0,0.244,27,0.02622222222222222,0.08096738818016763,0.0,0.333,27,0.010814814814814817,0.03939741990481985,0.0,0.167,27,0.16233333333333333,0.23509637958145527,0.0,0.72,27,0.07103703703703704,0.21236081079171354,0.0,1.0,27,0.06392592592592593,0.14980780659691578,0.0,0.5,27,0.06974074074074074,0.15744073185038251,0.0,0.5,27,0.5978518518518519,0.3094067156179964,0.0,1.0,27
392,0.3884285714285714,0.31403569475844234,0.0,0.872,14,0.5887857142857144,0.32511043770278536,0.119,1.0,14,0.732,0.2764695003348192,0.2,1.0,14,0.13792857142857143,0.17455281955095087,0.0,0.69,14,0.0071428571428571435,0.02672612419124244,0.0,0.1,14,0.2552857142857143,0.22326749343864105,0.0,0.5,14,0.14657142857142857,0.22153475653190033,0.0,0.636,14,0.25042857142857144,0.2898826590949449,0.0,1.0,14,0.17157142857142857,0.10357361877184029,0.04,0.464,14
393,0.8103999999999999,0.06635627743895492,0.744,0.932,10,0.10110000000000001,0.04269126894863216,0.041,0.184,10,0.12810000000000002,0.24349056563972976,0.0,0.714,10,0.05670000000000001,0.09173639772013434,0.0,0.2,10,0.1646,0.20901259930125424,0.0,0.6,10,0.1746,0.3211116801225255,0.0,1.0,10,0.017599999999999998,0.04526514479523216,0.0,0.143,10,0.0303,0.06920830072244867,0.0,0.208,10,0.6273,0.3631152403545984,0.0,1.0,10
394,0.6587142857142857,0.22649903815626737,0.119,0.909,21,0.2865238095238095,0.2270765551631474,0.068,0.857,21,0.23452380952380952,0.29104254311829036,0.0,0.938,21,0.15457142857142858,0.2198082281054491,0.0,0.688,21,0.03676190476190476,0.0917076358663251,0.0,0.4,21,0.09576190476190477,0.11704225936041425,0.0,0.4,21,0.020761904761904763,0.0542650023144796,0.0,0.2,21,0.4776666666666667,0.26753678874751663,0.0,0.833,21,0.1362857142857143,0.2488202449273657,0.0,1.0,21
395,0.39691666666666664,0.2789498026961884,0.0,0.886,12,0.557,0.31752823782804235,0.0,1.0,12,0.6435833333333333,0.31010539508464874,0.0,1.0,12,0.15358333333333332,0.152517932378359,0.0,0.5,12,0.06375,0.10924628140124495,0.0,0.333,12,0.3080833333333333,0.17990828892589253,0.0,0.667,12,0.05241666666666667,0.12013738978453971,0.0,0.4,12,0.3993333333333333,0.2483693486188127,0.0,0.826,12,0.1035,0.10755928597754821,0.0,0.303,12
396,0.4812727272727273,0.2962134336393241,0.034,0.922,22,0.4722272727272727,0.29619924629629546,0.045,0.917,22,0.5821363636363637,0.30663648331604787,0.0,1.0,22,0.19318181818181818,0.2538673512577623,0.0,0.788,22,0.050227272727272725,0.10180884600829698,0.0,0.333,22,0.19636363636363638,0.17955382412406526,0.0,0.667,22,0.11831818181818181,0.22505584203622006,0.0,0.778,22,0.40231818181818185,0.2646797501318719,0.0,1.0,22,0.08854545454545454,0.11766567945332285,0.0,0.357,22
397,0.42105405405405405,0.27849106767502396,0.0,0.881,37,0.534972972972973,0.2866778569992696,0.071,1.0,37,0.5441081081081082,0.327307940612488,0.0,1.0,37,0.24459459459459462,0.23768600429271525,0.0,0.872,37,0.06886486486486487,0.13304639169230537,0.0,0.72,37,0.19127027027027027,0.18510892418739244,0.0,0.75,37,0.07716216216216217,0.1702711095598744,0.0,0.9,37,0.42705405405405406,0.2355942776547505,0.0,0.864,37,0.06462162162162162,0.0707555853120646,0.0,0.261,37
398,0.5072,0.3531281794350475,0.027,0.909,10,0.42489999999999994,0.38425901276208063,0.023,0.952,10,0.5063,0.43674631589109536,0.0,1.0,10,0.1613,0.19238505947996873,0.0,0.5,10,0.0613,0.1458629874612169,0.0,0.464,10,0.2683,0.2984675861798062,0.0,1.0,10,0.0361,0.08285791050547518,0.0,0.25,10,0.41319999999999996,0.2869687555582779,0.0,0.875,10,0.2223,0.30968193360285,0.0,1.0,10
399,0.8849230769230769,0.04242927750673573,0.8,0.953,13,0.06269230769230769,0.029604010469823777,0.023,0.118,13,0.07692307692307693,0.2773500981126146,0.0,1.0,13,0.025615384615384616,0.09235758267150065,0.0,0.333,13,0.09915384615384615,0.1768077327465469,0.0,0.5,13,0.18715384615384614,0.3247490944698297,0.0,1.0,13,0.05384615384615385,0.10843035103531219,0.0,0.333,13,0.03523076923076923,0.09590720675576112,0.0,0.333,13,0.48715384615384616,0.3416557346593806,0.0,1.0,13
400,0.8728,0.09713884678930235,0.658,0.971,10,0.084,0.08866416036558025,0.0,0.289,10,0.06999999999999999,0.1636391694484477,0.0,0.5,10,0.0417,0.09006176892678837,0.0,0.25,10,0.0222,0.07020256405573802,0.0,0.222,10,0.25,0.42491829279939874,0.0,1.0,10,0.05,0.15811388300841897,0.0,0.5,10,0.0,0.0,0.0,0.0,10,0.5017,0.34966016835397956,0.0,1.0,10
401,0.7878421052631579,0.20814211575478228,0.024,0.946,19,0.1358421052631579,0.19196303554993044,0.026,0.902,19,0.15010526315789474,0.2509379947177837,0.0,0.972,19,0.041210526315789475,0.09231562943833775,0.0,0.333,19,0.09378947368421053,0.13532659217503262,0.0,0.333,19,0.17642105263157895,0.2129995607166763,0.0,0.667,19,0.09178947368421053,0.22694286577789877,0.0,0.8,19,0.10331578947368421,0.1699473946816024,0.0,0.5,19,0.593,0.3239854249122259,0.0,1.0,19
402,0.8352142857142857,0.07092424604638865,0.657,0.93,28,0.09907142857142857,0.0530345300314934,0.02,0.229,28,0.10692857142857141,0.2134865645128827,0.0,1.0,28,0.024,0.07088227067677993,0.0,0.25,28,0.15325000000000003,0.2061140685621902,0.0,0.625,28,0.16599999999999998,0.2978208509477791,0.0,1.0,28,0.05317857142857142,0.19258399871444812,0.0,1.0,28,0.07514285714285715,0.1611433027499561,0.0,0.5,28,0.4699285714285714,0.3238994961371252,0.0,1.0,28
403,0.8203333333333332,0.08640110829816659,0.633,0.956,12,0.1025,0.06674442435003979,0.022,0.245,12,0.14983333333333335,0.2090571184817173,0.0,0.5,12,0.10758333333333332,0.1929180034641818,0.0,0.5,12,0.11275,0.22035802479353708,0.0,0.667,12,0.057999999999999996,0.1446934062705755,0.0,0.5,12,0.004,0.013856406460551019,0.0,0.048,12,0.041666666666666664,0.10049001156454518,0.0,0.333,12,0.6185,0.27409470825046783,0.0,1.0,12
404,0.40389285714285716,0.26314836531757546,0.024,0.81,28,0.5447142857142857,0.27227707254340056,0.152,0.929,28,0.4482857142857143,0.34224540222465416,0.0,1.0,28,0.18732142857142858,0.21605264337423577,0.0,0.828,28,0.05496428571428571,0.10979593264505212,0.0,0.447,28,0.15717857142857142,0.1726460849104915,0.0,0.625,28,0.04632142857142857,0.09918036453348367,0.0,0.412,28,0.4582857142857143,0.2522667396556826,0.0,0.824,28,0.06210714285714286,0.11433263339135095,0.0,0.556,28
405,0.56634375,0.2484794545118693,0.044,0.881,32,0.37571875,0.26397204573101934,0.041,0.953,32,0.37503125,0.35225270294757277,0.0,1.0,32,0.18025,0.22357159494111975,0.0,0.756,32,0.0514375,0.09812432453024139,0.0,0.4,32,0.14190625,0.13771226650801371,0.0,0.5,32,0.06921875,0.17875929650988695,0.0,0.875,32,0.42025,0.31571271138335916,0.0,1.0,32,0.09156249999999999,0.13825734245216595,0.0,0.6,32
406,0.5850869565217391,0.22768137885360729,0.095,0.932,23,0.34,0.23901426355307376,0.023,0.881,23,0.2833478260869565,0.27668173522785283,0.0,0.857,23,0.1658695652173913,0.18901786936877546,0.0,0.622,23,0.07339130434782608,0.094516828290202,0.0,0.306,23,0.11165217391304348,0.08715170091473841,0.0,0.348,23,0.044521739130434786,0.10440649124944178,0.0,0.5,23,0.5018695652173912,0.20479952599994555,0.0,0.75,23,0.07169565217391305,0.12674973006340584,0.0,0.438,23
407,0.32608333333333334,0.22087242649973038,0.0,0.61,12,0.6331666666666667,0.25864923012146057,0.171,0.964,12,0.62125,0.2836752704958772,0.0,1.0,12,0.16658333333333333,0.157185737459243,0.0,0.538,12,0.08116666666666668,0.14048153119204176,0.0,0.4,12,0.16625,0.1473092757679323,0.0,0.4,12,0.11875000000000001,0.15219134188729183,0.0,0.423,12,0.36874999999999997,0.3244836807774917,0.0,1.0,12,0.159,0.20249893377946013,0.0,0.725,12
408,0.3510196078431373,0.289437488255829,0.0,0.889,51,0.6202745098039216,0.2995610841502194,0.073,1.0,51,0.740078431372549,0.27318622535825304,0.0,1.0,51,0.1342156862745098,0.1250450020953241,0.0,0.435,51,0.05145098039215686,0.12040270989068146,0.0,0.625,51,0.2132549019607843,0.21560304665168853,0.0,0.769,51,0.14129411764705882,0.2386224879693988,0.0,1.0,51,0.31686274509803924,0.28673681449076915,0.0,1.0,51,0.17580392156862742,0.16612898839249496,0.0,0.737,51
409,0.5415,0.36452935937473385,0.0,0.889,14,0.4135,0.3744423032478281,0.07,0.967,14,0.5621428571428572,0.3619850947086203,0.0,1.0,14,0.2487857142857143,0.33150430524444835,0.0,0.897,14,0.08135714285714286,0.11293334122587341,0.0,0.333,14,0.19178571428571428,0.20894724345980384,0.0,0.625,14,0.06542857142857143,0.1538844293046492,0.0,0.5,14,0.41035714285714286,0.3001332030289877,0.0,1.0,14,0.16,0.17774744399330708,0.0,0.5,14
410,0.7086666666666667,0.2421721151027371,0.171,0.932,12,0.25508333333333333,0.24797450687642483,0.065,0.829,12,0.21291666666666664,0.24695875928559166,0.0,0.741,12,0.165,0.18053355266089358,0.0,0.5,12,0.1685,0.24409852705227636,0.0,0.805,12,0.09425,0.09627906880993964,0.0,0.25,12,0.052,0.17271310946716864,0.0,0.6,12,0.43025,0.2995824746057571,0.0,1.0,12,0.1055,0.18625666553051318,0.0,0.5,12
411,0.8244,0.091445429993339,0.657,0.909,10,0.0787,0.04551202527293687,0.045,0.2,10,0.15,0.24152294576982397,0.0,0.5,10,0.0611,0.15810998281786848,0.0,0.5,10,0.2646,0.18823224425633825,0.0,0.556,10,0.125,0.3173238794109962,0.0,1.0,10,0.055600000000000004,0.15713490311760078,0.0,0.5,10,0.0,0.0,0.0,0.0,10,0.5333,0.2784038034542232,0.25,1.0,10
412,0.8331875,0.053896467107470654,0.732,0.915,16,0.11093750000000001,0.050068577970619456,0.044,0.2,16,0.046875,0.09482325664097391,0.0,0.333,16,0.028625,0.08694969810183358,0.0,0.333,16,0.21656250000000002,0.23919781736741105,0.0,0.75,16,0.0969375,0.17959230449363173,0.0,0.5,16,0.035250000000000004,0.08771202882159322,0.0,0.333,16,0.015625,0.0625,0.0,0.25,16,0.5463125,0.20578555788328134,0.0,0.75,16
413,0.86,0.046288947564906535,0.771,0.953,10,0.0915,0.04895859929005776,0.023,0.167,10,0.045,0.09559753599799992,0.0,0.25,10,0.08,0.25298221281347033,0.0,0.8,10,0.05,0.15811388300841897,0.0,0.5,10,0.075,0.1687371394276382,0.0,0.5,10,0.125,0.3173238794109962,0.0,1.0,10,0.075,0.1687371394276382,0.0,0.5,10,0.6525000000000001,0.3241334601672589,0.0,1.0,10
414,0.8814545454545454,0.0620827893000365,0.707,0.935,11,0.07227272727272728,0.03767251228439884,0.025,0.146,11,0.06663636363636365,0.11918244227005313,0.0,0.333,11,0.07727272727272728,0.14029190347920362,0.0,0.4,11,0.16327272727272726,0.2707622909155154,0.0,0.8,11,0.11036363636363636,0.1466630646940618,0.0,0.333,11,0.053,0.11936917525056459,0.0,0.333,11,0.08336363636363636,0.16246370223977585,0.0,0.5,11,0.42872727272727273,0.30371041829647233,0.0,1.0,11
415,0.8405,0.05442509447939349,0.738,0.958,12,0.077,0.03744329045369811,0.021,0.14,12,0.0,0.0,0.0,0.0,12,0.02775,0.0961288198200727,0.0,0.333,12,0.18666666666666668,0.21381399449620744,0.0,0.571,12,0.08008333333333333,0.18663550199804058,0.0,0.636,12,0.06741666666666667,0.13062330178684417,0.0,0.333,12,0.027083333333333334,0.06524284472552364,0.0,0.2,12,0.5945,0.3752108498140503,0.0,1.0,12
416,0.23909090909090908,0.27639770423990667,0.0,0.898,11,0.745090909090909,0.27764994311018854,0.082,1.0,11,0.724909090909091,0.34733714300243057,0.0,1.0,11,0.12199999999999998,0.12184908698878297,0.0,0.429,11,0.09663636363636363,0.1417866515066018,0.0,0.364,11,0.20181818181818184,0.18691325163391612,0.0,0.667,11,0.10781818181818181,0.22759868988279267,0.0,0.765,11,0.2655454545454546,0.31243378934947597,0.0,1.0,11,0.14636363636363636,0.11850930151449947,0.0,0.341,11
417,0.8567857142857143,0.06155695120584065,0.689,0.932,14,0.07771428571428572,0.035002040756830985,0.0,0.133,14,0.07142857142857142,0.2672612419124244,0.0,1.0,14,0.04164285714285714,0.10709852196269286,0.0,0.333,14,0.17464285714285713,0.2161038237453531,0.0,0.5,14,0.046142857142857145,0.1323270174999783,0.0,0.5,14,0.02378571428571429,0.08899799355683732,0.0,0.333,14,0.005285714285714285,0.013441775131332866,0.0,0.038,14,0.5273571428571429,0.364260179023151,0.0,1.0,14
418,0.8354285714285714,0.08308158799969018,0.653,0.955,28,0.09582142857142857,0.05951971573223919,0.0,0.271,28,0.12842857142857142,0.2121328075577374,0.0,0.75,28,0.05167857142857143,0.09635276757886004,0.0,0.333,28,0.18410714285714286,0.21247053639499958,0.0,0.75,28,0.06464285714285714,0.14733590100470328,0.0,0.556,28,0.044392857142857144,0.1402873609802168,0.0,0.667,28,0.057107142857142856,0.10819472818187219,0.0,0.429,28,0.5811428571428571,0.35133751992927387,0.0,1.0,28
419,0.44746153846153847,0.29110525455712616,0.029,0.881,13,0.5333076923076923,0.28104933867424553,0.119,0.943,13,0.5733846153846154,0.3746590757968143,0.0,1.0,13,0.1176923076923077,0.09884447768707551,0.0,0.286,13,0.08138461538461539,0.15904430119809307,0.0,0.5,13,0.29538461538461536,0.15744921851268875,0.0,0.5,13,0.12069230769230768,0.14659887710767355,0.0,0.462,13,0.3024615384615385,0.22691136866796524,0.0,0.643,13,0.11223076923076923,0.13210422264646066,0.0,0.391,13
420,0.38775,0.31684288384541365,0.0,0.929,24,0.5757916666666666,0.3309215037840041,0.07,1.0,24,0.6910416666666667,0.29490786758294335,0.0,1.0,24,0.18804166666666666,0.23320665945571267,0.0,0.828,24,0.06916666666666667,0.14457544041438883,0.0,0.55,24,0.2910833333333333,0.29011136042781116,0.0,1.0,24,0.12825,0.19015285613330182,0.0,0.8,24,0.1775,0.18986242158582828,0.0,0.636,24,0.19341666666666665,0.22451937394212182,0.0,1.0,24
421,0.8314999999999999,0.08977286152655857,0.614,0.918,10,0.13369999999999999,0.08420220371885234,0.061,0.341,10,0.1912,0.23041643459903927,0.0,0.667,10,0.0222,0.07020256405573802,0.0,0.222,10,0.06760000000000001,0.21376996982738244,0.0,0.676,10,0.14140000000000003,0.324743728020864,0.0,1.0,10,0.063,0.1560085467744209,0.0,0.5,10,0.0885,0.18853307991496407,0.0,0.5,10,0.6527000000000001,0.3512441537670849,0.0,1.0,10
422,0.709125,0.21632081829674057,0.37,0.909,8,0.242875,0.21683004371429448,0.045,0.593,8,0.279625,0.24561813421883746,0.0,0.571,8,0.155625,0.3054457807860505,0.0,0.812,8,0.049125,0.09535113678249613,0.0,0.25,8,0.176375,0.3481698836159481,0.0,1.0,8,0.122,0.291612756922601,0.0,0.833,8,0.05362499999999999,0.10639540470742681,0.0,0.286,8,0.1735,0.21195147692674512,0.0,0.5,8
423,0.6994583333333333,0.2683799997677962,0.023,0.951,24,0.24991666666666668,0.2735820227800171,0.0,0.932,24,0.29150000000000004,0.3558833467889993,0.0,0.951,24,0.12654166666666666,0.2455552676949807,0.0,0.75,24,0.07945833333333334,0.184385460892137,0.0,0.722,24,0.23575000000000002,0.32382553676458187,0.0,1.0,24,0.08783333333333333,0.17006844317015088,0.0,0.556,24,0.23191666666666666,0.2929038893661146,0.0,1.0,24,0.31925,0.2439223415262574,0.0,0.667,24
424,0.73575,0.21881592239765563,0.184,0.952,20,0.2081,0.20715971463684982,0.048,0.816,20,0.20220000000000002,0.22511625067015814,0.0,0.667,20,0.10855000000000001,0.2611916970954072,0.0,0.9,20,0.034350000000000006,0.09837964862286251,0.0,0.409,20,0.1237,0.17228834459768463,0.0,0.5,20,0.1903,0.3393372953272304,0.0,1.0,20,0.2103,0.2919960526048976,0.0,1.0,20,0.4676,0.30497496014556585,0.0,1.0,20
425,0.839625,0.14877685831952686,0.5,0.956,8,0.097625,0.12662987404242335,0.0,0.395,8,0.0875,0.18077215335491092,0.0,0.5,8,0.025,0.07071067811865477,0.0,0.2,8,0.0625,0.11572751247156893,0.0,0.25,8,0.25,0.3535533905932738,0.0,1.0,8,0.041625,0.11773327906756018,0.0,0.333,8,0.03125,0.08838834764831845,0.0,0.25,8,0.425,0.4166190448976481,0.0,1.0,8
426,0.7667058823529412,0.1894517632228196,0.205,0.953,17,0.18794117647058825,0.19028480975508635,0.0,0.744,17,0.1735294117647059,0.3614716651494033,0.0,1.0,17,0.10247058823529412,0.18907839566138263,0.0,0.667,17,0.01076470588235294,0.030535899797952383,0.0,0.1,17,0.28870588235294115,0.3968369886845672,0.0,1.0,17,0.03223529411764706,0.10430396050232507,0.0,0.429,17,0.155,0.2780836205172825,0.0,1.0,17,0.41958823529411765,0.29012326234368235,0.0,1.0,17
427,0.6605555555555556,0.28176945856103314,0.031,0.929,9,0.29488888888888887,0.27100804621101404,0.048,0.906,9,0.4131111111111111,0.3386917641619163,0.0,1.0,9,0.3612222222222223,0.4389669058647183,0.0,1.0,9,0.026777777777777775,0.08033333333333334,0.0,0.241,9,0.07244444444444445,0.12792391401836398,0.0,0.333,9,0.16122222222222224,0.3274163167046573,0.0,1.0,9,0.25155555555555553,0.3578362443601511,0.0,1.0,9,0.28355555555555556,0.25049007520813626,0.0,0.731,9
428,0.6346666666666666,0.2893961729662924,0.047,0.913,24,0.30691666666666667,0.28982602227613347,0.022,0.93,24,0.48770833333333335,0.36137821680299176,0.0,1.0,24,0.14016666666666666,0.1941153101205271,0.0,0.6,24,0.060125000000000005,0.15544251348971425,0.0,0.733,24,0.24720833333333334,0.2937105909426558,0.0,1.0,24,0.04779166666666667,0.09639185387133928,0.0,0.333,24,0.32445833333333335,0.27056494505525586,0.0,0.765,24,0.11616666666666668,0.14344690478624353,0.0,0.545,24
429,0.8203611111111111,0.14534611946813183,0.25,1.0,36,0.12936111111111112,0.15167072469715018,0.0,0.75,36,0.09691666666666666,0.16542022246388138,0.0,0.667,36,0.14308333333333334,0.2736623962894009,0.0,1.0,36,0.076,0.12927269074104003,0.0,0.417,36,0.2180277777777778,0.3092222026875183,0.0,1.0,36,0.061361111111111116,0.19247117079526893,0.0,1.0,36,0.12819444444444444,0.26142180687752714,0.0,1.0,36,0.4504444444444445,0.3310083679947377,0.0,1.0,36
430,0.7995714285714286,0.17042287740458187,0.333,0.956,21,0.15233333333333332,0.17776735733349175,0.0,0.647,21,0.1627142857142857,0.23787310542748266,0.0,0.75,21,0.0740952380952381,0.15792305239005,0.0,0.5,21,0.059380952380952375,0.1601937814618521,0.0,0.63,21,0.11661904761904761,0.254754877517679,0.0,1.0,21,0.18728571428571428,0.3353575916625629,0.0,1.0,21,0.1432857142857143,0.25588867557145684,0.0,1.0,21,0.4199523809523809,0.3141223449852742,0.0,1.0,21
431,0.632875,0.26804026438826933,0.0,1.0,16,0.331125,0.27201442976430495,0.0,1.0,16,0.3830625,0.3369269888764231,0.0,1.0,16,0.20875,0.3280919586538709,0.0,1.0,16,0.067,0.13358742455785275,0.0,0.5,16,0.2469375,0.3232609820253598,0.0,1.0,16,0.1504375,0.25568756161899364,0.0,0.714,16,0.10475,0.16656029939134154,0.0,0.571,16,0.20875,0.20563219592272022,0.0,0.655,16
432,0.7434545454545455,0.24465214637781685,0.211,0.905,11,0.21027272727272728,0.2554905442121453,0.022,0.763,11,0.3330909090909091,0.3028539101763273,0.0,0.931,11,0.13154545454545455,0.2590518726573362,0.0,0.759,11,0.030272727272727274,0.07701180547044836,0.0,0.25,11,0.176,0.1410319112825179,0.0,0.333,11,0.14200000000000002,0.24372935810033225,0.0,0.562,11,0.11936363636363638,0.21213734830400457,0.0,0.667,11,0.39909090909090905,0.3740442365671351,0.0,1.0,11
433,0.8395,0.089359946284675,0.609,0.976,16,0.12062500000000001,0.09126655101039666,0.023,0.391,16,0.07350000000000001,0.12211470017979,0.0,0.333,16,0.0166875,0.047211183350275535,0.0,0.167,16,0.2165,0.311770856025169,0.0,1.0,16,0.2309375,0.28632463364742705,0.0,1.0,16,0.09375,0.2579603328679302,0.0,1.0,16,0.1000625,0.2153825956292662,0.0,0.667,16,0.613875,0.30640754451111896,0.0,1.0,16
434,0.7933333333333333,0.20417431649243137,0.184,0.951,12,0.1668333333333333,0.20270705837526112,0.049,0.789,12,0.08833333333333333,0.11869237038613219,0.0,0.31,12,0.10733333333333334,0.20263461668428692,0.0,0.655,12,0.14441666666666667,0.22680486540128933,0.0,0.609,12,0.07416666666666667,0.16462896758984116,0.0,0.5,12,0.23608333333333334,0.3873646293359863,0.0,1.0,12,0.04591666666666667,0.14334475817751308,0.0,0.5,12,0.5365,0.3286925891799482,0.0,1.0,12
435,0.731,0.2918115830463212,0.071,0.913,8,0.212625,0.316296848590958,0.019,0.929,8,0.14775,0.23828239548904992,0.0,0.649,8,0.132125,0.18369574028811883,0.0,0.4,8,0.01925,0.05444722215136417,0.0,0.154,8,0.176625,0.22060108632034042,0.0,0.5,8,0.18662499999999999,0.31944547377335886,0.0,0.85,8,0.24875,0.3511205531682002,0.0,1.0,8,0.38525,0.27006017847879754,0.0,0.667,8
436,0.7943,0.11363334388332177,0.514,0.976,20,0.16635,0.10871124233733288,0.024,0.459,20,0.13574999999999998,0.22491866951130765,0.0,0.857,20,0.1226,0.24211097933755393,0.0,1.0,20,0.12969999999999998,0.22409751167034878,0.0,0.667,20,0.0796,0.13679966143386849,0.0,0.5,20,0.1944,0.33768693068861094,0.0,1.0,20,0.14465,0.3038764075288366,0.0,1.0,20,0.5145,0.3032566222646562,0.0,1.0,20
437,0.7797272727272727,0.17777170534362105,0.162,0.976,22,0.18331818181818182,0.18209191461447533,0.024,0.811,22,0.21577272727272725,0.2798814258826629,0.0,0.9,22,0.1148181818181818,0.21284638689812052,0.0,0.69,22,0.19786363636363635,0.26495431689876286,0.0,1.0,22,0.12436363636363637,0.23632917830746275,0.0,1.0,22,0.05145454545454546,0.1058915560610082,0.0,0.368,22,0.059409090909090904,0.10474261382796952,0.0,0.333,22,0.5685,0.2697260956353068,0.0,1.0,22
438,0.8343999999999999,0.08607387008326693,0.692,0.94,10,0.1233,0.0928846955459653,0.043,0.308,10,0.2233,0.3235669430993634,0.0,1.0,10,0.014299999999999998,0.045220570540407824,0.0,0.143,10,0.09630000000000001,0.2147484575031914,0.0,0.63,10,0.15,0.31622776601683794,0.0,1.0,10,0.025,0.07905694150420949,0.0,0.25,10,0.025,0.07905694150420949,0.0,0.25,10,0.4096,0.32849968712990346,0.0,1.0,10
439,0.7331395348837209,0.18831275674302966,0.231,0.972,43,0.22453488372093022,0.1947004229747172,0.0,0.733,43,0.19420930232558142,0.23670541850473484,0.0,0.9,43,0.1453953488372093,0.22027808610015395,0.0,0.8,43,0.12986046511627908,0.17936018316376803,0.0,0.615,43,0.18206976744186046,0.3105703965401202,0.0,1.0,43,0.10502325581395348,0.2447742875124806,0.0,1.0,43,0.11625581395348837,0.24755538995615817,0.0,1.0,43,0.500906976744186,0.34095124731463317,0.0,1.0,43
440,0.803625,0.16293639205881186,0.442,0.958,8,0.155625,0.16428193318630194,0.021,0.535,8,0.08625000000000001,0.12271075165375107,0.0,0.273,8,0.16525,0.3298167239976945,0.0,0.955,8,0.06875,0.1944543648263006,0.0,0.55,8,0.020749999999999998,0.03865876356015541,0.0,0.091,8,0.318125,0.4609612433352102,0.0,1.0,8,0.252,0.39521675788646127,0.0,1.0,8,0.38725,0.32682487665414944,0.0,1.0,8
441,0.7679166666666667,0.2372924771183648,0.044,0.936,12,0.19025,0.2459505216317076,0.021,0.956,12,0.21791666666666668,0.36284844277499995,0.0,0.976,12,0.16233333333333333,0.2902814725974315,0.0,1.0,12,0.2784166666666667,0.3222002365366022,0.0,1.0,12,0.16366666666666665,0.20749340989900175,0.0,0.667,12,0.10416666666666667,0.2106418042482776,0.0,0.667,12,0.15133333333333335,0.19527525250892455,0.0,0.5,12,0.4678333333333333,0.27025436951587717,0.167,1.0,12
442,0.6909090909090909,0.246053024588382,0.026,0.884,11,0.22054545454545457,0.2695786948689987,0.023,0.949,11,0.26227272727272727,0.3255097820063449,0.0,0.946,11,0.08272727272727273,0.11690003499493994,0.0,0.25,11,0.11418181818181818,0.13906172599376018,0.0,0.353,11,0.165,0.23185469587653385,0.0,0.643,11,0.17954545454545454,0.3124629141630615,0.0,0.941,11,0.09745454545454546,0.12529993107449314,0.0,0.333,11,0.3304545454545455,0.32525785575028426,0.0,1.0,11
443,0.6110909090909091,0.30403435810626883,0.024,0.9,11,0.3654545454545454,0.3048623832605012,0.085,0.976,11,0.24227272727272728,0.38241367415642735,0.0,0.975,11,0.10772727272727273,0.19906084040267233,0.0,0.65,11,0.060272727272727276,0.1876454587295365,0.0,0.625,11,0.04427272727272727,0.10632223747560143,0.0,0.333,11,0.15381818181818183,0.34222385018634166,0.0,0.846,11,0.2120909090909091,0.334077971301747,0.0,1.0,11,0.23418181818181819,0.27536986697233895,0.0,0.818,11
444,0.7684,0.15982123942526716,0.343,0.93,15,0.18486666666666668,0.16254048579910646,0.023,0.629,15,0.15466666666666667,0.23457580762689392,0.0,0.667,15,0.07693333333333333,0.19432758302363956,0.0,0.75,15,0.07266666666666666,0.13965757442845017,0.0,0.444,15,0.25393333333333334,0.3295038405730364,0.0,1.0,15,0.057066666666666675,0.2060317127693372,0.0,0.8,15,0.09293333333333334,0.2572892942824885,0.0,1.0,15,0.35686666666666667,0.23560768440859683,0.0,0.667,15
445,0.8416666666666667,0.0778315488731915,0.667,0.923,9,0.096,0.051730068625510245,0.02,0.208,9,0.26655555555555555,0.31088587580940014,0.0,1.0,9,0.09633333333333333,0.22398883900766128,0.0,0.667,9,0.3171111111111111,0.34551318514799273,0.0,1.0,9,0.0971111111111111,0.16025561179288267,0.0,0.5,9,0.09366666666666666,0.17010584939971937,0.0,0.5,9,0.021444444444444447,0.04848997605462161,0.0,0.143,9,0.4906666666666667,0.40272416118231597,0.0,1.0,9
446,0.858,0.07553806987208501,0.725,0.953,8,0.106875,0.06180484839973549,0.023,0.2,8,0.177125,0.2689670386072295,0.0,0.667,8,0.151,0.1723302477387945,0.0,0.375,8,0.1875,0.37201190457142247,0.0,1.0,8,0.166625,0.35632606957272,0.0,1.0,8,0.0,0.0,0.0,0.0,8,0.322875,0.43742801448597557,0.0,1.0,8,0.510375,0.4044936649689337,0.0,1.0,8
447,0.8329047619047619,0.06377688042065456,0.721,0.977,21,0.11114285714285714,0.05548989612018184,0.023,0.191,21,0.24690476190476193,0.33990894438980346,0.0,1.0,21,0.21295238095238098,0.28597910346570365,0.0,1.0,21,0.05171428571428572,0.11860950335329074,0.0,0.438,21,0.08804761904761904,0.1937489293365195,0.0,0.8,21,0.16666666666666666,0.33335001624918714,0.0,1.0,21,0.2166190476190476,0.3288748205914336,0.0,1.0,21,0.45195238095238094,0.2820711747397235,0.0,1.0,21
448,0.6869999999999999,0.18944430014424524,0.218,0.867,15,0.28346666666666664,0.19979627719492768,0.044,0.764,15,0.2112,0.24395058047540225,0.0,0.842,15,0.16219999999999998,0.31833275492343366,0.0,0.958,15,0.073,0.1636834924917162,0.0,0.6,15,0.07766666666666668,0.12506036637598356,0.0,0.333,15,0.1829333333333333,0.3285510324932505,0.0,1.0,15,0.0546,0.12510498448446064,0.0,0.375,15,0.53,0.2495118090534852,0.0,1.0,15
449,0.7017894736842105,0.19429290000962993,0.273,0.911,19,0.2799473684210526,0.1893918552995381,0.065,0.705,19,0.2104736842105263,0.20663531171313299,0.0,0.667,19,0.1852105263157895,0.23663229303132563,0.0,0.75,19,0.10326315789473683,0.19484063063188142,0.0,0.511,19,0.05605263157894737,0.11037233635100305,0.0,0.4,19,0.1758421052631579,0.30419844823146736,0.0,0.968,19,0.041105263157894735,0.11573191950789745,0.0,0.4,19,0.35668421052631577,0.2671884587975683,0.0,0.8,19
450,0.7375555555555555,0.221579947654598,0.053,0.932,18,0.23077777777777778,0.22353353625365782,0.045,0.921,18,0.25122222222222224,0.27587519675209393,0.0,1.0,18,0.21755555555555556,0.2996192136739805,0.0,0.829,18,0.10733333333333334,0.1834573199283531,0.0,0.611,18,0.24733333333333332,0.33938300418467005,0.0,1.0,18,0.1547777777777778,0.2567080180593269,0.0,0.938,18,0.0771111111111111,0.15857412031598006,0.0,0.5,18,0.5416666666666666,0.2674463112696915,0.0,1.0,18
451,0.482,0.2925726017123395,0.026,0.946,12,0.4965,0.3008111760496336,0.0,0.974,12,0.4121666666666666,0.38999902874781933,0.0,1.0,12,0.32316666666666666,0.36226906959866007,0.0,1.0,12,0.1025,0.2002823007656942,0.0,0.643,12,0.23216666666666666,0.2973760500637453,0.0,0.75,12,0.21741666666666667,0.36601352641009255,0.0,1.0,12,0.15775,0.30664285563027704,0.0,1.0,12,0.3990833333333333,0.33731626873235027,0.0,0.9,12
452,0.6506470588235294,0.29765498928635287,0.0,0.918,17,0.3130588235294118,0.3087858219276419,0.041,1.0,17,0.2701764705882353,0.3313940696689739,0.0,1.0,17,0.15011764705882352,0.2838115312916613,0.0,0.897,17,0.022058823529411766,0.06607426748386554,0.0,0.25,17,0.17976470588235294,0.27396339386215557,0.0,1.0,17,0.19699999999999998,0.30868248249617275,0.0,1.0,17,0.1902941176470588,0.2741427011398175,0.0,0.833,17,0.45805882352941174,0.31422930930059567,0.0,1.0,17
453,0.6918518518518518,0.24423124346590117,0.082,0.975,27,0.2664814814814815,0.2573955905381637,0.023,0.918,27,0.23262962962962963,0.30906075431466523,0.0,0.97,27,0.13703703703703704,0.19803330750959772,0.0,0.7,27,0.05588888888888889,0.14956458171159406,0.0,0.538,27,0.11877777777777779,0.20601425143633098,0.0,0.8,27,0.3611481481481481,0.4257803427647879,0.0,1.0,27,0.09259259259259259,0.2666174527236844,0.0,1.0,27,0.5288148148148148,0.2791458175656363,0.0,1.0,27
454,0.7078333333333333,0.26596439725282894,0.138,0.913,12,0.25075,0.2773508198522717,0.062,0.862,12,0.14633333333333334,0.15003837892857666,0.0,0.4,12,0.11283333333333334,0.27832513143422527,0.0,0.971,12,0.09991666666666667,0.21455300609463018,0.0,0.667,12,0.07175,0.1800995305632164,0.0,0.625,12,0.2916666666666667,0.45016831868926,0.0,1.0,12,0.1849166666666667,0.29548741192487477,0.0,1.0,12,0.49933333333333335,0.27356678869846,0.0,1.0,12
455,0.7579375,0.1969431284237491,0.238,0.976,16,0.1790625,0.22126890691343568,0.0,0.762,16,0.1360625,0.26854756717075895,0.0,0.969,16,0.1588125,0.2838850045939963,0.0,1.0,16,0.017812500000000002,0.049488340377641805,0.0,0.167,16,0.2923125,0.3281117124293696,0.0,1.0,16,0.0565,0.14488018037905206,0.0,0.5,16,0.21050000000000002,0.28650770786606544,0.0,1.0,16,0.3665,0.3840741247901677,0.0,1.0,16
456,0.78425,0.10269337160415257,0.622,0.925,8,0.15825,0.12115839691435812,0.025,0.356,8,0.1775,0.34107560954804644,0.0,1.0,8,0.040875,0.08869117768977927,0.0,0.25,8,0.036375000000000005,0.07338341093189932,0.0,0.2,8,0.17049999999999998,0.3585554350445688,0.0,1.0,8,0.167625,0.34764429172852607,0.0,1.0,8,0.05,0.1414213562373095,0.0,0.4,8,0.702,0.28858719900330204,0.25,1.0,8
457,0.755,0.22932040064906165,0.152,0.976,14,0.19714285714285715,0.21146662116781426,0.024,0.758,14,0.2725,0.38071506607758715,0.0,1.0,14,0.16335714285714284,0.24817630431203141,0.0,0.667,14,0.05935714285714285,0.1890736963127411,0.0,0.706,14,0.25357142857142856,0.32589585743011507,0.0,1.0,14,0.14285714285714285,0.29129204408128784,0.0,1.0,14,0.15478571428571428,0.36081833881660397,0.0,1.0,14,0.3955,0.32183147764008413,0.0,1.0,14
458,0.7626774193548387,0.1993493394515892,0.024,0.951,31,0.18574193548387097,0.20617548637700772,0.019,0.976,31,0.12741935483870967,0.26544927628375614,0.0,1.0,31,0.11435483870967741,0.18943715728214405,0.0,0.583,31,0.061129032258064514,0.1323519907759819,0.0,0.5,31,0.1340967741935484,0.2707476506316918,0.0,1.0,31,0.2404516129032258,0.31366732256853247,0.0,1.0,31,0.18483870967741936,0.28658728708419634,0.0,1.0,31,0.3840322580645162,0.34518724231649195,0.0,1.0,31
459,0.7382083333333332,0.26748717631459196,0.021,0.955,24,0.23320833333333332,0.26501828963409246,0.022,0.957,24,0.25795833333333335,0.33275274528206916,0.0,1.0,24,0.14920833333333333,0.2800978057698801,0.0,0.867,24,0.10595833333333333,0.24554951314510298,0.0,1.0,24,0.16691666666666669,0.23294875657192463,0.0,0.7,24,0.08904166666666667,0.22221503083170643,0.0,0.923,24,0.05320833333333334,0.20620609765510067,0.0,1.0,24,0.4013333333333333,0.2805666109650359,0.0,1.0,24
460,0.14364285714285716,0.23358760739746087,0.0,0.825,14,0.8390000000000001,0.23248556613591836,0.175,1.0,14,0.8920714285714286,0.16556498342422452,0.562,1.0,14,0.10892857142857142,0.14329016514950152,0.0,0.571,14,0.09528571428571429,0.10512514781581382,0.0,0.25,14,0.244,0.2883339410101793,0.0,1.0,14,0.09642857142857143,0.26923273154700883,0.0,1.0,14,0.1562857142857143,0.17411509392946362,0.0,0.5,14,0.23364285714285712,0.1342555583395151,0.0,0.452,14
461,0.7040909090909091,0.3290928302304547,0.0,0.935,11,0.26536363636363636,0.3328751335643059,0.022,0.978,11,0.16918181818181818,0.31780082384468994,0.0,1.0,11,0.09881818181818182,0.20636706044416012,0.0,0.667,11,0.18181818181818182,0.2630858484152343,0.0,0.667,11,0.12881818181818183,0.2872026525580215,0.0,0.75,11,0.1439090909090909,0.2637386792055555,0.0,0.75,11,0.07572727272727273,0.13145652582438874,0.0,0.333,11,0.3967272727272727,0.27390001493577576,0.0,0.75,11
462,0.872625,0.035604724806848724,0.811,0.932,8,0.058875000000000004,0.02764281100033063,0.023,0.113,8,0.0625,0.1767766952966369,0.0,0.5,8,0.041625,0.11773327906756018,0.0,0.333,8,0.1355,0.16688404871133045,0.0,0.429,8,0.113125,0.17399296989082225,0.0,0.5,8,0.083375,0.17819647062401978,0.0,0.5,8,0.080375,0.17678391773978924,0.0,0.5,8,0.39575,0.32045358478257036,0.0,1.0,8
463,0.806,0.09993998198919186,0.551,0.917,10,0.1336,0.11290625413245371,0.034,0.429,10,0.14540000000000003,0.19098586335119155,0.0,0.455,10,0.1076,0.2864325400508818,0.0,0.909,10,0.025,0.07905694150420949,0.0,0.25,10,0.25,0.37267799624996495,0.0,1.0,10,0.05,0.15811388300841897,0.0,0.5,10,0.225,0.3425800798515744,0.0,1.0,10,0.3538,0.2757711611705135,0.0,0.75,10
464,0.8346470588235294,0.10939146514723543,0.512,0.952,17,0.13117647058823528,0.11043620063984773,0.045,0.488,17,0.08876470588235295,0.15777378165104172,0.0,0.5,17,0.2342941176470588,0.38731411101099233,0.0,1.0,17,0.09064705882352941,0.20438014249691389,0.0,0.757,17,0.11429411764705882,0.17652080780529894,0.0,0.5,17,0.18623529411764705,0.3429793232491874,0.0,1.0,17,0.22723529411764706,0.3290285947702275,0.0,1.0,17,0.4424705882352941,0.3189341855397166,0.0,1.0,17
465,0.7896666666666666,0.21834890067101875,0.125,0.933,12,0.16774999999999998,0.2275130865366969,0.067,0.875,12,0.06591666666666667,0.12977705241425902,0.0,0.333,12,0.03816666666666667,0.09955978864557474,0.0,0.333,12,0.0625,0.15539539012701528,0.0,0.5,12,0.25,0.4522670168666455,0.0,1.0,12,0.14583333333333334,0.29326836401721434,0.0,1.0,12,0.09725,0.229900818536247,0.0,0.667,12,0.43741666666666673,0.3411138062111805,0.0,1.0,12
466,0.6477857142857143,0.28063010929292354,0.128,0.958,14,0.32092857142857145,0.2931412010213913,0.0,0.872,14,0.21807142857142855,0.34942754598072245,0.0,1.0,14,0.22342857142857145,0.3355062109446226,0.0,1.0,14,0.10550000000000001,0.27149238550024823,0.0,1.0,14,0.2780714285714286,0.36694339623974165,0.0,1.0,14,0.12928571428571428,0.28613214498829803,0.0,1.0,14,0.27864285714285714,0.32161051627057247,0.0,1.0,14,0.2829285714285715,0.31211449188391754,0.0,1.0,14
467,0.8301666666666666,0.07921872291703558,0.718,0.977,12,0.11716666666666668,0.07414216483257423,0.022,0.231,12,0.10316666666666667,0.1530447547931551,0.0,0.333,12,0.10325,0.19992185973524756,0.0,0.667,12,0.13191666666666665,0.19928118933868902,0.0,0.5,12,0.3196666666666667,0.34483918078730647,0.0,1.0,12,0.04858333333333333,0.11483779733593684,0.0,0.333,12,0.08133333333333333,0.12683441842406068,0.0,0.333,12,0.46625,0.36906321828503735,0.0,1.0,12
468,0.7934444444444444,0.20462716774118186,0.395,0.932,9,0.17222222222222222,0.210274093612229,0.039,0.605,9,0.31177777777777776,0.3194674387859339,0.0,0.895,9,0.23755555555555555,0.22472767470380184,0.0,0.5,9,0.06477777777777777,0.1302034732426307,0.0,0.333,9,0.06477777777777777,0.1302034732426307,0.0,0.333,9,0.25377777777777777,0.34085362612776243,0.0,0.867,9,0.06666666666666668,0.12009267254916096,0.0,0.333,9,0.5368888888888889,0.3395472884755688,0.0,1.0,9
469,0.907375,0.035556544505095766,0.857,0.957,8,0.0665,0.0384893306180891,0.0,0.119,8,0.03125,0.08838834764831845,0.0,0.25,8,0.0,0.0,0.0,0.0,8,0.128125,0.20504246075943813,0.0,0.5,8,0.309375,0.43464630530384785,0.0,1.0,8,0.03125,0.08838834764831845,0.0,0.25,8,0.025,0.07071067811865477,0.0,0.2,8,0.460375,0.3942131176696904,0.0,1.0,8
470,0.787875,0.18714504497085369,0.333,0.906,8,0.17525000000000002,0.20224225219134742,0.057,0.667,8,0.025,0.07071067811865477,0.0,0.2,8,0.025,0.07071067811865477,0.0,0.2,8,0.2305,0.26400000000000007,0.0,0.667,8,0.018750000000000003,0.03498060687213498,0.0,0.083,8,0.1145,0.16008747608729426,0.0,0.333,8,0.091625,0.1296180515426547,0.0,0.333,8,0.577125,0.34284583686715936,0.0,1.0,8
471,0.8736666666666666,0.08357481678113332,0.698,0.958,9,0.09422222222222222,0.0837940597205103,0.0,0.279,9,0.08144444444444446,0.1624770069202956,0.0,0.4,9,0.044444444444444446,0.13333333333333336,0.0,0.4,9,0.1,0.22220486043288973,0.0,0.65,9,0.08333333333333333,0.1767766952966369,0.0,0.5,9,0.08333333333333333,0.1767766952966369,0.0,0.5,9,0.09444444444444444,0.1740051084818425,0.0,0.5,9,0.28522222222222227,0.3746204004648498,0.0,1.0,9
472,0.8475238095238096,0.10519012265779476,0.447,0.93,21,0.11195238095238096,0.10658915338367042,0.023,0.5,21,0.07838095238095237,0.15219115486468857,0.0,0.588,21,0.05690476190476191,0.12552525831955286,0.0,0.412,21,0.1039047619047619,0.21288421847612493,0.0,0.667,21,0.11319047619047617,0.19064039945604894,0.0,0.5,21,0.0642857142857143,0.15583874449479593,0.0,0.5,21,0.10952380952380951,0.2467889015024012,0.0,1.0,21,0.5223333333333333,0.33342605377104734,0.0,1.0,21
473,0.41550000000000004,0.35711194945625163,0.0,0.897,10,0.5581,0.35269169728437516,0.077,0.98,10,0.6325000000000001,0.3639341362878118,0.0,1.0,10,0.3365,0.40465685051246403,0.0,0.929,10,0.0269,0.04571275047025234,0.0,0.125,10,0.22400000000000003,0.19156664056609068,0.0,0.5,10,0.5441,0.3059899962053952,0.067,1.0,10,0.0908,0.17631020642290932,0.0,0.533,10,0.3399,0.1718283704423949,0.0,0.591,10
474,0.8462307692307692,0.10742606282629452,0.564,0.977,13,0.11646153846153846,0.10723775406747335,0.023,0.41,13,0.11792307692307692,0.1729380725088519,0.0,0.5,13,0.1346923076923077,0.24905166285176814,0.0,0.667,13,0.19853846153846152,0.31494142719576057,0.0,1.0,13,0.22438461538461538,0.3143590140962873,0.0,1.0,13,0.05292307692307692,0.09083819088399396,0.0,0.25,13,0.16669230769230767,0.29462783999914893,0.0,1.0,13,0.609,0.38239530157504115,0.0,1.0,13
475,0.6178181818181818,0.25063493397742886,0.056,0.932,22,0.3575,0.2553221587757411,0.048,0.926,22,0.3058636363636364,0.3418199603320223,0.0,0.939,22,0.18822727272727272,0.25205629224217846,0.0,0.857,22,0.0625,0.14871921450137088,0.0,0.5,22,0.1765,0.21728251304739293,0.0,0.5,22,0.2245909090909091,0.33690604301226446,0.0,1.0,22,0.11513636363636363,0.25441329245270067,0.0,1.0,22,0.39213636363636367,0.2724482118468171,0.0,1.0,22
476,0.7224,0.18606999877584898,0.395,0.889,10,0.2347,0.1739968390517483,0.07,0.581,10,0.1567,0.259051281924384,0.0,0.833,10,0.3544,0.4091889539076049,0.0,1.0,10,0.04,0.12649110640673517,0.0,0.4,10,0.17770000000000002,0.18053196085150378,0.0,0.5,10,0.1533,0.3190054161852986,0.0,1.0,10,0.1927,0.19300722496551492,0.0,0.5,10,0.3016,0.28130773975211637,0.0,0.688,10
477,0.7399090909090908,0.15610538398495716,0.426,0.917,11,0.22663636363636364,0.15092267737306592,0.083,0.556,11,0.20072727272727275,0.26902865680409993,0.0,0.741,11,0.08509090909090909,0.1673633499577817,0.0,0.519,11,0.04872727272727273,0.08790914731595445,0.0,0.25,11,0.2250909090909091,0.2325091200557322,0.0,0.714,11,0.3139090909090909,0.3204463931909531,0.0,1.0,11,0.0,0.0,0.0,0.0,11,0.4233636363636364,0.35711658396867335,0.0,1.0,11
478,0.5913999999999999,0.291634169618186,0.118,0.95,10,0.3876,0.28886336639394833,0.048,0.863,10,0.1125,0.31430036942743517,0.0,1.0,10,0.225,0.415832498329155,0.0,1.0,10,0.014299999999999998,0.045220570540407824,0.0,0.143,10,0.3444,0.3924315085322392,0.0,1.0,10,0.0698,0.12106086623402848,0.0,0.333,10,0.0861,0.16689614202318226,0.0,0.5,10,0.1292,0.27255735380119744,0.0,0.667,10
479,0.6562399999999999,0.27005852452138346,0.094,0.952,25,0.30576000000000003,0.2796119751846595,0.023,0.906,25,0.33116,0.3615993040185043,0.0,1.0,25,0.24944,0.2986642596629198,0.0,0.912,25,0.033920000000000006,0.08288994711865448,0.0,0.333,25,0.24936,0.3154780605155716,0.0,1.0,25,0.26348,0.37474192452940197,0.0,1.0,25,0.12248,0.21790826051345552,0.0,0.8,25,0.52716,0.3008778378899538,0.0,1.0,25
480,0.6623571428571429,0.2936627073945306,0.073,0.957,14,0.2989285714285715,0.3008911032981136,0.022,0.927,14,0.31057142857142855,0.36997166508671037,0.0,0.974,14,0.23235714285714287,0.2633607082261184,0.0,0.758,14,0.049571428571428565,0.13162692867209336,0.0,0.444,14,0.17164285714285715,0.2755845834537241,0.0,1.0,14,0.20935714285714285,0.33197140913566103,0.0,1.0,14,0.18914285714285714,0.2817898445358109,0.0,1.0,14,0.3577857142857143,0.3008618846354148,0.0,1.0,14
481,0.8220000000000001,0.08688087081910333,0.689,0.95,8,0.10137499999999999,0.059811459723749544,0.025,0.222,8,0.020875,0.05904341622907672,0.0,0.167,8,0.083375,0.17819647062401978,0.0,0.5,8,0.15100000000000002,0.2816182826857254,0.0,0.667,8,0.0,0.0,0.0,0.0,8,0.0,0.0,0.0,0.0,8,0.114625,0.2397254009427096,0.0,0.667,8,0.502125,0.39647606214895603,0.0,1.0,8
482,0.747,0.19264417400424486,0.276,0.932,10,0.21480000000000002,0.1904531438438337,0.064,0.69,10,0.181,0.25114670347561135,0.0,0.684,10,0.065,0.1718526500620032,0.0,0.545,10,0.0417,0.13186697842902143,0.0,0.417,10,0.0125,0.03952847075210474,0.0,0.125,10,0.3571,0.47735811155427815,0.0,1.0,10,0.11850000000000001,0.313012335575169,0.0,1.0,10,0.24089999999999998,0.24104976434107728,0.0,0.75,10
483,0.8253076923076923,0.11931497853398002,0.568,0.955,13,0.13184615384615384,0.12607461160879177,0.0,0.378,13,0.16669230769230767,0.24599098378307305,0.0,0.667,13,0.13092307692307692,0.22404332227587204,0.0,0.75,13,0.05815384615384615,0.15947092010449543,0.0,0.556,13,0.2771538461538462,0.35512975238022654,0.0,1.0,13,0.09876923076923078,0.1985573610849662,0.0,0.556,13,0.08376923076923076,0.15121185681362967,0.0,0.5,13,0.5536923076923077,0.3393617501073117,0.0,1.0,13
484,0.8465454545454545,0.07175146498346027,0.683,0.913,11,0.12081818181818181,0.06811287423361047,0.075,0.317,11,0.14236363636363636,0.18133850817036778,0.0,0.5,11,0.24245454545454545,0.3425292290115878,0.0,1.0,11,0.053909090909090907,0.09538391326157106,0.0,0.25,11,0.19090909090909092,0.4011347540529129,0.0,1.0,11,0.12118181818181818,0.3081158282795021,0.0,1.0,11,0.16818181818181818,0.31801943908566915,0.0,1.0,11,0.4560909090909091,0.37672017587208,0.0,1.0,11
485,0.6970000000000001,0.18158429762195064,0.436,0.905,8,0.279625,0.1863575193009394,0.089,0.545,8,0.3385,0.2326100354056733,0.0,0.667,8,0.286875,0.2691056284913311,0.0,0.667,8,0.071375,0.2018789860287593,0.0,0.571,8,0.15,0.18322507626258086,0.0,0.5,8,0.13125,0.28402401809907357,0.0,0.8,8,0.260375,0.300244632401171,0.0,0.75,8,0.427875,0.20123578033171505,0.167,0.75,8
486,0.8527333333333333,0.05136211314448294,0.756,0.917,15,0.09373333333333332,0.04459414866591911,0.023,0.182,15,0.016666666666666666,0.06454972243679027,0.0,0.25,15,0.043333333333333335,0.0903696114115064,0.0,0.25,15,0.12113333333333333,0.19499409026453915,0.0,0.6,15,0.3272,0.38192523576517656,0.0,1.0,15,0.044000000000000004,0.10360570861271526,0.0,0.333,15,0.03726666666666666,0.1289099722767054,0.0,0.5,15,0.5533333333333333,0.3691797213643603,0.0,1.0,15
487,0.8737222222222223,0.03703067973761848,0.824,0.976,18,0.08211111111111111,0.04569964459752252,0.0,0.176,18,0.043500000000000004,0.10270703624444456,0.0,0.333,18,0.05277777777777778,0.13336396706913867,0.0,0.5,18,0.14855555555555555,0.253239069149669,0.0,0.75,18,0.10688888888888888,0.26161441966214977,0.0,1.0,18,0.03705555555555556,0.08683078352358833,0.0,0.25,18,0.07683333333333334,0.2039504697656935,0.0,0.8,18,0.5462777777777778,0.31816529288212947,0.0,1.0,18
488,0.836111111111111,0.044329573775427976,0.735,0.889,9,0.11088888888888888,0.04026612858360127,0.045,0.163,9,0.037000000000000005,0.11100000000000002,0.0,0.333,9,0.037000000000000005,0.111,0.0,0.333,9,0.037000000000000005,0.11100000000000002,0.0,0.333,9,0.1111111111111111,0.3333333333333333,0.0,1.0,9,0.022222222222222223,0.06666666666666667,0.0,0.2,9,0.25222222222222224,0.3172466618334139,0.0,1.0,9,0.48277777777777775,0.3552160531907932,0.0,1.0,9
489,0.851,0.05668112560632512,0.757,0.943,9,0.11944444444444444,0.05876459629553987,0.029,0.243,9,0.177,0.22270103277712927,0.0,0.667,9,0.022222222222222223,0.06666666666666667,0.0,0.2,9,0.14444444444444446,0.24037008503093263,0.0,0.6,9,0.0,0.0,0.0,0.0,9,0.18888888888888888,0.34801021696368506,0.0,1.0,9,0.0,0.0,0.0,0.0,9,0.6208888888888889,0.2767401508836604,0.0,1.0,9
490,0.8489090909090908,0.07075797417316941,0.762,0.977,11,0.08818181818181818,0.056392939596758354,0.023,0.195,11,0.11745454545454546,0.18145598013643066,0.0,0.5,11,0.018181818181818184,0.06030226891555272,0.0,0.2,11,0.10099999999999999,0.19096806015666595,0.0,0.567,11,0.1398181818181818,0.15205579119640145,0.0,0.333,11,0.10981818181818181,0.27273680286379326,0.0,0.875,11,0.13809090909090907,0.22069547097548442,0.0,0.714,11,0.6113636363636363,0.3365237800593809,0.0,1.0,11
491,0.73325,0.2059193670208942,0.294,0.909,8,0.226,0.20831363716418433,0.068,0.676,8,0.34487500000000004,0.3560238505252944,0.0,0.909,8,0.24175000000000002,0.34711741529344214,0.0,1.0,8,0.128625,0.2382932991684228,0.0,0.529,8,0.1,0.17728105208558367,0.0,0.5,8,0.025,0.07071067811865475,0.0,0.2,8,0.13325,0.18506118679275474,0.0,0.4,8,0.5915,0.15263120819244574,0.364,0.8,8
492,0.8081111111111111,0.0995772764586786,0.628,0.941,18,0.1533888888888889,0.09894272787169764,0.039,0.348,18,0.11877777777777777,0.18619014807940312,0.0,0.5,18,0.043611111111111114,0.09722874114465929,0.0,0.333,18,0.18105555555555555,0.3084031876355866,0.0,1.0,18,0.15888888888888889,0.26135166502331203,0.0,0.727,18,0.1508888888888889,0.23261553458035553,0.0,0.667,18,0.013888888888888888,0.05892556509887896,0.0,0.25,18,0.5605555555555556,0.3029222812814073,0.0,1.0,18
493,0.8518571428571429,0.0389355624330511,0.795,0.941,14,0.08685714285714285,0.0469612887106246,0.039,0.154,14,0.014285714285714287,0.05345224838248488,0.0,0.2,14,0.014285714285714287,0.05345224838248488,0.0,0.2,14,0.14742857142857144,0.2922008567053503,0.0,1.0,14,0.19642857142857142,0.35751271398279066,0.0,1.0,14,0.005928571428571429,0.022182683078731225,0.0,0.083,14,0.11264285714285714,0.2727451916357822,0.0,1.0,14,0.5690000000000001,0.2622570670749775,0.0,1.0,14
494,0.7760526315789474,0.20982571436636815,0.282,0.962,19,0.19252631578947368,0.21846112504950335,0.0,0.714,19,0.11426315789473683,0.2092172826155364,0.0,0.818,19,0.1223157894736842,0.15858192857376732,0.0,0.545,19,0.06699999999999999,0.15744452285734736,0.0,0.59,19,0.2633157894736842,0.3658579039025305,0.0,1.0,19,0.20126315789473684,0.33412736129693343,0.0,1.0,19,0.06715789473684211,0.23303344136694554,0.0,1.0,19,0.4231052631578947,0.2323686952373658,0.0,0.833,19
495,0.715923076923077,0.27130654910957014,0.1,0.94,13,0.23907692307692308,0.2649375591651932,0.024,0.88,13,0.1509230769230769,0.2283817934725612,0.0,0.667,13,0.18630769230769229,0.29792487437142734,0.0,0.977,13,0.12923076923076923,0.22775174856487704,0.0,0.7,13,0.18076923076923077,0.3684053822096328,0.0,1.0,13,0.14953846153846154,0.27759491331333125,0.0,0.9,13,0.059153846153846154,0.12301683228583409,0.0,0.333,13,0.6013846153846154,0.2545933157218712,0.0,1.0,13
496,0.6900869565217391,0.3042504818915252,0.079,0.955,23,0.27204347826086955,0.3087760998553762,0.0,0.921,23,0.1896086956521739,0.2845458485392971,0.0,0.853,23,0.2186086956521739,0.35282930963729525,0.0,1.0,23,0.08039130434782608,0.1506678282394857,0.0,0.5,23,0.059565217391304354,0.20778678453185362,0.0,1.0,23,0.30508695652173917,0.41465877681024765,0.0,1.0,23,0.011869565217391305,0.056924435037581406,0.0,0.273,23,0.5459565217391305,0.2736925079953895,0.0,1.0,23
497,0.28903225806451616,0.2889071920035876,0.0,0.977,31,0.6895806451612903,0.28538661194872106,0.0,1.0,31,0.6399032258064516,0.36419970298713034,0.0,1.0,31,0.23541935483870968,0.27115626173771074,0.0,0.923,31,0.09529032258064517,0.18355928988538228,0.0,0.643,31,0.13948387096774192,0.24585942744689726,0.0,1.0,31,0.3193870967741935,0.3640663563527355,0.0,1.0,31,0.11612903225806452,0.18575857843546711,0.0,0.667,31,0.41638709677419355,0.2135611820875312,0.0,0.774,31
498,0.4394814814814815,0.3041766149877618,0.0,0.918,27,0.5256296296296297,0.3076385426673207,0.082,0.984,27,0.5715555555555556,0.3156550372861212,0.0,1.0,27,0.2501851851851852,0.26362255025480846,0.0,1.0,27,0.08611111111111112,0.17472975470562296,0.0,0.667,27,0.2028148148148148,0.24843077305931524,0.0,1.0,27,0.313962962962963,0.34006181355312015,0.0,1.0,27,0.14514814814814814,0.24596446017568402,0.0,1.0,27,0.36533333333333334,0.24277213121012817,0.0,1.0,27
499,0.46040625,0.30974483352456633,0.0,0.955,32,0.5060625,0.3257866843652107,0.045,1.0,32,0.51440625,0.36659856390396783,0.0,1.0,32,0.1715625,0.2493057376123775,0.0,0.962,32,0.06125,0.11912747306440136,0.0,0.4,32,0.1778125,0.1927819154783038,0.0,0.5,32,0.19490625,0.3328391415582395,0.0,1.0,32,0.15121875,0.2319736823747817,0.0,1.0,32,0.47025,0.20011802968861056,0.146,1.0,32
500,0.49429999999999996,0.33071002739896205,0.034,0.864,10,0.48889999999999995,0.3321925311890347,0.114,0.966,10,0.5202,0.4070781524747088,0.0,1.0,10,0.2394,0.2731898810554869,0.0,0.875,10,0.08580000000000002,0.12151707698920346,0.0,0.333,10,0.2098,0.21015697836511532,0.0,0.6,10,0.2859,0.3393632763475349,0.0,0.96,10,0.221,0.3457423575117428,0.0,1.0,10,0.42089999999999994,0.21382570784013163,0.0,0.75,10
501,0.5504117647058823,0.2618690175506472,0.0,0.878,17,0.3929411764705883,0.26169387425679147,0.122,1.0,17,0.33847058823529413,0.37286913214408396,0.0,1.0,17,0.20641176470588235,0.30140629945795955,0.0,1.0,17,0.052176470588235296,0.06906449458125864,0.0,0.208,17,0.1151764705882353,0.07693929042930346,0.0,0.208,17,0.007588235294117647,0.01776604494368897,0.0,0.059,17,0.49552941176470583,0.2644714345744779,0.0,0.857,17,0.08464705882352941,0.14637406753608653,0.0,0.5,17
502,0.8124102564102564,0.1544764873862546,0.34,0.977,39,0.15879487179487178,0.16036671453548013,0.0,0.66,39,0.16987179487179488,0.2278645926961633,0.0,0.938,39,0.17182051282051283,0.3050587408313763,0.0,1.0,39,0.11687179487179487,0.2178853125997566,0.0,0.727,39,0.14025641025641025,0.2418895700574212,0.0,1.0,39,0.1727948717948718,0.3183360669983168,0.0,1.0,39,0.07823076923076923,0.15368156783263884,0.0,0.5,39,0.4467948717948718,0.31026806571832105,0.0,1.0,39
503,0.8563333333333333,0.11220628324652768,0.583,0.972,9,0.10177777777777779,0.11963776345470707,0.0,0.396,9,0.08733333333333333,0.181367031182627,0.0,0.5,9,0.2853333333333333,0.40375208977787347,0.0,1.0,9,0.212,0.16638133909786879,0.0,0.5,9,0.11944444444444444,0.27817400629422184,0.0,0.846,9,0.11777777777777779,0.17175329529428088,0.0,0.5,9,0.168,0.27439205527857397,0.0,0.75,9,0.41888888888888887,0.3517315895837494,0.0,1.0,9
504,0.491625,0.2874637554793399,0.143,0.865,8,0.459875,0.2813413978476277,0.054,0.857,8,0.548875,0.2975386829592799,0.2,1.0,8,0.19075,0.2661925994463407,0.0,0.767,8,0.006625,0.01873832970144351,0.0,0.053,8,0.14375,0.1815416127031407,0.0,0.474,8,0.38275000000000003,0.4636500373588437,0.0,1.0,8,0.14550000000000002,0.28605643798783087,0.0,0.8,8,0.172375,0.16532473455942054,0.0,0.5,8
505,0.6698235294117647,0.24701979558684098,0.243,0.933,17,0.2824705882352941,0.2539609019236669,0.022,0.732,17,0.22770588235294117,0.25104948832498203,0.0,0.708,17,0.13176470588235295,0.21607103271024228,0.0,0.667,17,0.13894117647058823,0.27352455798982556,0.0,1.0,17,0.09247058823529412,0.1783287405492518,0.0,0.562,17,0.12170588235294118,0.25953606799101214,0.0,1.0,17,0.12847058823529411,0.2266903498296351,0.0,0.833,17,0.3290588235294118,0.3196764908834076,0.0,1.0,17
506,0.5212142857142857,0.27720894051833306,0.0,0.846,14,0.4494285714285714,0.2780657681710775,0.089,0.972,14,0.3803571428571429,0.4145534403970795,0.0,0.97,14,0.3217857142857143,0.36245449126995,0.0,1.0,14,0.14264285714285715,0.28631763081285394,0.0,1.0,14,0.10678571428571429,0.1758636616033212,0.0,0.5,14,0.1582142857142857,0.2862218554713294,0.0,1.0,14,0.13599999999999998,0.19418191312430566,0.0,0.5,14,0.33,0.2926160519283825,0.0,0.781,14
507,0.8517857142857144,0.047609272806280675,0.778,0.922,14,0.10107142857142858,0.05572937947136803,0.02,0.194,14,0.13278571428571428,0.21286585829196192,0.0,0.667,14,0.15121428571428572,0.24542684279604618,0.0,0.667,14,0.21392857142857144,0.3152638612302434,0.0,1.0,14,0.01535714285714286,0.04548136920822575,0.0,0.167,14,0.14285714285714285,0.3631365196012814,0.0,1.0,14,0.08335714285714287,0.26755462623916265,0.0,1.0,14,0.665,0.22212609031808941,0.125,1.0,14
508,0.8543333333333334,0.046572524088780085,0.795,0.925,9,0.09788888888888889,0.05631039967102978,0.0,0.154,9,0.06944444444444445,0.11779230780393844,0.0,0.333,9,0.10188888888888889,0.17569749887551364,0.0,0.5,9,0.034666666666666665,0.10400000000000001,0.0,0.312,9,0.20555555555555557,0.36094013046179524,0.0,1.0,9,0.1111111111111111,0.33333333333333337,0.0,1.0,9,0.05,0.1,0.0,0.25,9,0.5861111111111111,0.28726444456477923,0.0,1.0,9
509,0.8463999999999999,0.07447511569069802,0.674,0.978,15,0.10673333333333333,0.06949559766804006,0.022,0.244,15,0.07126666666666666,0.12507167468905106,0.0,0.333,15,0.11553333333333334,0.27654368465725176,0.0,1.0,15,0.09666666666666666,0.1686702898161578,0.0,0.5,15,0.17026666666666668,0.29553860435934026,0.0,1.0,15,0.13553333333333334,0.211347671137484,0.0,0.5,15,0.0862,0.21238314434059968,0.0,0.75,15,0.6358666666666667,0.3432239724117405,0.0,1.0,15
510,0.25225000000000003,0.2781040109546982,0.0,0.763,12,0.7293333333333334,0.29005903265411753,0.237,1.0,12,0.7578333333333332,0.28945900426746984,0.273,1.0,12,0.231,0.3604078497783007,0.0,1.0,12,0.04733333333333334,0.06510038867826064,0.0,0.182,12,0.243,0.18767670461340016,0.0,0.636,12,0.15241666666666667,0.1876221824127769,0.0,0.565,12,0.35158333333333336,0.3033861800452094,0.0,1.0,12,0.18991666666666665,0.15475403260031906,0.0,0.463,12
511,0.7984444444444444,0.17022126123894687,0.474,0.935,9,0.14944444444444444,0.16904519448294822,0.022,0.5,9,0.05355555555555555,0.14187856701340684,0.0,0.429,9,0.12122222222222222,0.2589805870030502,0.0,0.786,9,0.1388888888888889,0.23576123750759181,0.0,0.667,9,0.10177777777777779,0.18525305515549384,0.0,0.5,9,0.19899999999999998,0.31014553035631515,0.0,0.958,9,0.060111111111111115,0.1122958641763405,0.0,0.333,9,0.4378888888888889,0.36807690923380554,0.0,1.0,9
512,0.845,0.06448477118115346,0.735,0.927,8,0.103125,0.06361589536316488,0.044,0.235,8,0.2125,0.3642506985972318,0.0,1.0,8,0.0,0.0,0.0,0.0,8,0.189,0.21999545449849642,0.0,0.548,8,0.215625,0.34050170442199806,0.0,1.0,8,0.034625,0.07204946217703502,0.0,0.2,8,0.05,0.14142135623730953,0.0,0.4,8,0.5615,0.2641038756679976,0.125,1.0,8
513,0.8300588235294118,0.062214819967025645,0.733,0.943,17,0.12429411764705882,0.05350439784013362,0.029,0.222,17,0.09658823529411766,0.15760237102575958,0.0,0.5,17,0.05782352941176471,0.11083446851843835,0.0,0.333,17,0.21629411764705883,0.3001474147618721,0.0,1.0,17,0.12111764705882354,0.20900833785788944,0.0,0.75,17,0.0,0.0,0.0,0.0,17,0.026470588235294117,0.07524469885568254,0.0,0.25,17,0.6714117647058824,0.26336264418656863,0.0,1.0,17
514,0.4712758620689655,0.28891903173129957,0.0,0.927,29,0.49955172413793103,0.29074124310690724,0.049,0.974,29,0.4838275862068966,0.35082719280555014,0.0,1.0,29,0.17182758620689653,0.2337584328449102,0.0,0.972,29,0.08272413793103449,0.20761638673141594,0.0,1.0,29,0.1900344827586207,0.24596624082506888,0.0,1.0,29,0.13986206896551726,0.2670050459846795,0.0,1.0,29,0.15624137931034482,0.26048206068918967,0.0,1.0,29,0.21010344827586208,0.1859964179431548,0.0,0.6,29
515,0.6884545454545455,0.2295976322335941,0.189,0.915,11,0.2596363636363636,0.24430524870631526,0.043,0.784,11,0.18899999999999997,0.3461979202710496,0.0,0.966,11,0.2934545454545454,0.3417447479146866,0.0,1.0,11,0.17981818181818182,0.3216721368666606,0.0,1.0,11,0.10099999999999999,0.24085472800009552,0.0,0.8,11,0.15154545454545454,0.26310886098205194,0.0,0.667,11,0.1,0.18439088914585774,0.0,0.5,11,0.18772727272727271,0.23716622479142807,0.0,0.667,11
516,0.7998888888888889,0.1445220090889658,0.482,0.932,9,0.1671111111111111,0.1436562254519835,0.045,0.482,9,0.14588888888888887,0.2235332438612009,0.0,0.5,9,0.23011111111111113,0.3791195208784574,0.0,0.92,9,0.03788888888888889,0.08504475945707125,0.0,0.25,9,0.16644444444444445,0.2947058326158099,0.0,0.824,9,0.04711111111111111,0.11135241852385207,0.0,0.333,9,0.12955555555555553,0.21278399323675118,0.0,0.583,9,0.5187777777777778,0.3041417341379582,0.0,1.0,9
517,0.5202272727272728,0.2636763766470777,0.067,0.885,22,0.45272727272727276,0.26596333113136766,0.096,0.933,22,0.4927727272727273,0.25773222202200147,0.0,0.939,22,0.17072727272727273,0.22007491837319784,0.0,0.88,22,0.17381818181818182,0.24969460134210741,0.0,1.0,22,0.21013636363636365,0.2591221986878273,0.0,1.0,22,0.21554545454545454,0.2925294819936921,0.0,1.0,22,0.09345454545454546,0.14559524039601718,0.0,0.4,22,0.30822727272727274,0.2079413680682912,0.0,0.6,22
518,0.6006666666666667,0.251997354483468,0.0,0.915,15,0.35706666666666664,0.25717961112995014,0.064,0.979,15,0.4391333333333333,0.33701311264584066,0.0,1.0,15,0.16353333333333334,0.20307488649217442,0.0,0.674,15,0.09659999999999999,0.1300822816528062,0.0,0.364,15,0.1282,0.1505196712345979,0.0,0.5,15,0.23946666666666666,0.3278039193234418,0.0,1.0,15,0.17773333333333333,0.2546062693276668,0.0,0.75,15,0.24193333333333333,0.19884432772062338,0.0,0.68,15
519,0.5938695652173913,0.2884151528530651,0.0,0.962,23,0.3709130434782609,0.2949613091797693,0.038,1.0,23,0.5896521739130435,0.29031966843709184,0.0,1.0,23,0.13621739130434782,0.1606608388448782,0.0,0.486,23,0.07691304347826088,0.16842314487986887,0.0,0.667,23,0.20604347826086955,0.2633993646469989,0.0,1.0,23,0.20152173913043478,0.2715696578253605,0.0,1.0,23,0.19808695652173913,0.2559829385371892,0.0,1.0,23,0.22260869565217392,0.21758566528870976,0.0,0.6,23
520,0.35438888888888886,0.2756453686914506,0.024,0.838,18,0.6186111111111111,0.2825524706896233,0.162,0.976,18,0.6365555555555555,0.3005980748680522,0.0,1.0,18,0.3938888888888889,0.3051400621294094,0.0,1.0,18,0.06805555555555555,0.09191458453190769,0.0,0.292,18,0.23233333333333336,0.1314359606983792,0.0,0.533,18,0.07966666666666668,0.12060338498810154,0.0,0.333,18,0.47,0.23003196708795268,0.0,0.833,18,0.16777777777777778,0.22358326664619382,0.0,1.0,18
521,0.7760555555555555,0.16259313067836187,0.265,0.936,18,0.1975,0.1687414485850712,0.028,0.735,18,0.23411111111111113,0.2990644016593571,0.0,0.92,18,0.05222222222222222,0.09227870543697601,0.0,0.25,18,0.1413888888888889,0.26325991158121975,0.0,1.0,18,0.16522222222222224,0.29709209416997395,0.0,1.0,18,0.08333333333333333,0.25724787771376323,0.0,1.0,18,0.10783333333333334,0.21674877026586498,0.0,0.667,18,0.4956666666666667,0.3068998687060076,0.0,1.0,18
522,0.3553636363636363,0.28559971079326185,0.0,0.86,22,0.6033636363636363,0.3027676376765562,0.108,1.0,22,0.6541363636363636,0.3255055109554025,0.0,1.0,22,0.20586363636363636,0.23056789010625908,0.0,0.75,22,0.19813636363636364,0.2871844098856783,0.0,0.806,22,0.17022727272727273,0.17938437894993928,0.0,0.5,22,0.08454545454545455,0.15495213616521877,0.0,0.5,22,0.1771818181818182,0.21236662735840678,0.0,0.667,22,0.29568181818181816,0.205282937468228,0.0,0.75,22
523,0.22988235294117645,0.25587958162799473,0.0,0.814,17,0.7431764705882353,0.268067443774444,0.14,0.981,17,0.8025882352941176,0.2735863800574531,0.0,1.0,17,0.17482352941176474,0.15900677473543293,0.0,0.55,17,0.07058823529411765,0.24434787159486612,0.0,1.0,17,0.24458823529411766,0.2376084117891056,0.0,0.667,17,0.12047058823529412,0.21333750187410172,0.0,0.8,17,0.22464705882352942,0.21201943931408465,0.0,0.6,17,0.189,0.14935528112524177,0.0,0.515,17
524,0.5287,0.29126531583854315,0.057,0.927,20,0.44095000000000006,0.31027483148433355,0.049,0.943,20,0.53345,0.3133016832652549,0.0,1.0,20,0.21070000000000003,0.2524659643553854,0.0,1.0,20,0.10485,0.2534019638107761,0.0,1.0,20,0.2015,0.21792816295863715,0.0,0.667,20,0.10745,0.21705868112708965,0.0,0.75,20,0.19965,0.2793165107148067,0.0,0.833,20,0.2057,0.2163262886426306,0.0,0.75,20
525,0.6788888888888889,0.2693396760804303,0.087,0.905,9,0.27444444444444444,0.27872392753005215,0.048,0.87,9,0.14533333333333334,0.22493554632383028,0.0,0.5,9,0.07522222222222223,0.16393731864479316,0.0,0.5,9,0.089,0.09944470825539184,0.0,0.25,9,0.13922222222222225,0.2112881786670623,0.0,0.5,9,0.14544444444444443,0.29966485909725515,0.0,0.889,9,0.066,0.11085237931591727,0.0,0.261,9,0.2961111111111111,0.3165416419858707,0.0,0.75,9
526,0.35154545454545455,0.23907127122946567,0.041,0.689,11,0.6172727272727273,0.21897812261004107,0.289,0.917,11,0.7655454545454545,0.29864941440972675,0.125,1.0,11,0.12681818181818183,0.17790773911318092,0.0,0.628,11,0.16172727272727272,0.225218600878831,0.0,0.643,11,0.24772727272727274,0.2329489604652019,0.0,0.75,11,0.17227272727272727,0.30183839746098934,0.0,1.0,11,0.17863636363636365,0.20267475063622145,0.0,0.583,11,0.25445454545454543,0.24613425752477597,0.0,0.698,11
527,0.6141111111111112,0.33792064321540216,0.029,0.929,9,0.365,0.35045149450387564,0.048,0.971,9,0.48933333333333334,0.37208802721936646,0.0,0.973,9,0.107,0.13212115651930995,0.0,0.355,9,0.06944444444444445,0.11779230780393846,0.0,0.333,9,0.19177777777777777,0.17734414127465403,0.0,0.5,9,0.19044444444444444,0.3846060033043917,0.0,1.0,9,0.12044444444444445,0.16201628861869963,0.0,0.417,9,0.222,0.23691876244822824,0.0,0.571,9
528,0.4990833333333333,0.3337403613407866,0.025,0.855,12,0.45966666666666667,0.3443595724697009,0.128,0.975,12,0.6861666666666667,0.31998489547685427,0.0,1.0,12,0.215,0.1964877974466978,0.0,0.579,12,0.13125,0.3032260258079321,0.0,1.0,12,0.11666666666666665,0.1913864882346397,0.0,0.6,12,0.18333333333333335,0.38573031873042957,0.0,1.0,12,0.266,0.34270872870014957,0.0,1.0,12,0.033416666666666664,0.059255162158450315,0.0,0.179,12
529,0.36730769230769234,0.3234484463340293,0.02,0.857,13,0.6073076923076923,0.3217310949160765,0.102,0.959,13,0.680923076923077,0.3253996162511724,0.0,1.0,13,0.2656153846153846,0.3363897884056377,0.0,1.0,13,0.08907692307692307,0.15485125203371866,0.0,0.526,13,0.2107692307692308,0.2608176738151749,0.0,1.0,13,0.19253846153846155,0.18911972195085638,0.0,0.545,13,0.20507692307692307,0.20996129069365047,0.0,0.6,13,0.23053846153846153,0.2670089309943943,0.0,1.0,13
530,0.39477142857142855,0.26258388975651925,0.0,0.822,35,0.5624,0.2791992963078946,0.089,1.0,35,0.6252857142857142,0.3124658636817573,0.0,1.0,35,0.26057142857142856,0.24313325875454606,0.0,0.917,35,0.03825714285714286,0.06657518653511137,0.0,0.25,35,0.19205714285714287,0.19019524687218947,0.0,0.6,35,0.09928571428571428,0.2050177282762713,0.0,1.0,35,0.36114285714285715,0.26766651143641,0.0,1.0,35,0.10342857142857143,0.13265884722814067,0.0,0.667,35
531,0.5090714285714285,0.29708208248944223,0.025,0.976,14,0.46485714285714286,0.2897624642949561,0.024,0.95,14,0.5185000000000001,0.381651623261924,0.0,1.0,14,0.12250000000000001,0.17175060183524607,0.0,0.459,14,0.03585714285714286,0.07248432949250494,0.0,0.25,14,0.22264285714285714,0.3490101623256741,0.0,1.0,14,0.13642857142857143,0.2666220933443826,0.0,1.0,14,0.17735714285714285,0.24563155871622572,0.0,0.667,14,0.17514285714285713,0.19899240694553655,0.0,0.667,14
532,0.39125,0.34390686031457496,0.0,0.926,8,0.561125,0.3549130426698107,0.019,0.971,8,0.74825,0.31733927315369315,0.25,1.0,8,0.175125,0.19227542558973648,0.0,0.523,8,0.0625,0.1767766952966369,0.0,0.5,8,0.28175,0.31709969139958855,0.0,1.0,8,0.07825,0.09099882259834857,0.0,0.222,8,0.276875,0.24732421607505978,0.0,0.6,8,0.159,0.14650402237286378,0.0,0.441,8
533,0.3884375,0.333421848664221,0.0,0.905,16,0.587375,0.32934275458858964,0.095,0.979,16,0.5840625,0.3745592020406565,0.0,1.0,16,0.22237500000000002,0.26242303633637043,0.0,0.789,16,0.10956250000000001,0.21311435701675913,0.0,0.6,16,0.094,0.14740872882340902,0.0,0.4,16,0.46018749999999997,0.35371122284522816,0.0,1.0,16,0.0734375,0.12008661804436553,0.0,0.333,16,0.3915,0.20760282592810084,0.0,0.724,16
534,0.5035,0.34333561736855406,0.021,0.951,14,0.4589285714285714,0.3502703273156351,0.024,0.957,14,0.5732142857142858,0.3916276054093753,0.0,1.0,14,0.30014285714285716,0.3326737503558467,0.0,1.0,14,0.08642857142857142,0.20014599067285258,0.0,0.667,14,0.14414285714285716,0.17139421816962794,0.0,0.5,14,0.16664285714285715,0.19934763109196463,0.0,0.5,14,0.265,0.22014959948599988,0.0,0.737,14,0.12292857142857141,0.1611652111180489,0.0,0.571,14
535,0.30191304347826087,0.21562317994878308,0.0,0.657,23,0.6652173913043479,0.23093189797422162,0.286,1.0,23,0.7038260869565217,0.30006054724973474,0.0,1.0,23,0.22204347826086956,0.2177336734847643,0.0,0.826,23,0.03417391304347826,0.06331138930563976,0.0,0.2,23,0.18278260869565216,0.2043708653230332,0.0,0.667,23,0.12860869565217392,0.23918378995135536,0.0,0.833,23,0.36721739130434783,0.283766542412747,0.0,1.0,23,0.11152173913043478,0.0886647770410947,0.0,0.351,23
536,0.5991666666666667,0.24859489987210967,0.159,0.935,12,0.3821666666666667,0.2550624997679565,0.065,0.841,12,0.5191666666666667,0.3275742340109777,0.0,0.957,12,0.1371666666666667,0.1893648874687718,0.0,0.625,12,0.043583333333333335,0.07352978163899841,0.0,0.2,12,0.21075,0.17162439167607213,0.0,0.519,12,0.0595,0.145541933975932,0.0,0.5,12,0.43291666666666667,0.3546992217059235,0.0,1.0,12,0.05491666666666667,0.08532660070504852,0.0,0.222,12
537,0.8147777777777778,0.09082645233875668,0.683,0.955,9,0.1401111111111111,0.09833672310541526,0.023,0.293,9,0.17588888888888887,0.28393592782723204,0.0,0.75,9,0.19255555555555556,0.2337707804191486,0.0,0.5,9,0.0,0.0,0.0,0.0,9,0.25922222222222224,0.35463424037230873,0.0,1.0,9,0.0,0.0,0.0,0.0,9,0.06477777777777777,0.1302034732426307,0.0,0.333,9,0.32033333333333336,0.33351686614022985,0.0,0.8,9
538,0.8362499999999999,0.07499095183515712,0.66,0.909,8,0.11862500000000001,0.05202454777726158,0.044,0.22,8,0.18662499999999999,0.14297645910129003,0.0,0.4,8,0.066625,0.12838439769469098,0.0,0.333,8,0.08524999999999999,0.1792777175222844,0.0,0.5,8,0.12312500000000001,0.18250826791447794,0.0,0.5,8,0.08425,0.13356940410994472,0.0,0.333,8,0.106125,0.17085953922113084,0.0,0.5,8,0.291125,0.361743965296688,0.0,1.0,8
539,0.7322380952380952,0.20558207722510854,0.118,0.955,21,0.2071904761904762,0.19561713090821545,0.023,0.863,21,0.10904761904761905,0.16703846149629017,0.0,0.5,21,0.14547619047619048,0.30159602435171773,0.0,1.0,21,0.039190476190476185,0.10214970340026398,0.0,0.355,21,0.16180952380952382,0.2494186478689232,0.0,1.0,21,0.07790476190476191,0.14834618456903592,0.0,0.462,21,0.1650952380952381,0.2178014932827378,0.0,0.75,21,0.25495238095238093,0.3143327021152072,0.0,1.0,21
540,0.6005238095238096,0.35050344064611105,0.047,0.953,21,0.3690952380952381,0.358424455745127,0.026,0.953,21,0.5286190476190475,0.3632941612784984,0.0,1.0,21,0.20604761904761904,0.2862228984883069,0.0,0.976,21,0.01680952380952381,0.04595173451309434,0.0,0.182,21,0.20776190476190473,0.25762140919611176,0.0,1.0,21,0.17585714285714285,0.3003593324194016,0.0,1.0,21,0.171,0.22531932895337675,0.0,0.667,21,0.3128571428571429,0.2841563452950305,0.0,1.0,21
541,0.68371875,0.24045189102014003,0.0,0.943,32,0.26571875,0.2441514910968981,0.025,0.969,32,0.39315625,0.32460239791762313,0.0,1.0,32,0.12353125,0.20750343710717253,0.0,0.968,32,0.16503125,0.267617382671725,0.0,1.0,32,0.17353125,0.2636509158784555,0.0,1.0,32,0.11678125,0.2316367755045149,0.0,1.0,32,0.19828125,0.26491401336246156,0.0,1.0,32,0.3114375,0.24258619186563563,0.0,0.8,32
542,0.48055555555555557,0.31744999091514575,0.0,0.907,18,0.48050000000000004,0.3200136486059894,0.07,0.973,18,0.6500555555555556,0.35491249496878424,0.0,1.0,18,0.1736111111111111,0.15850965414610033,0.0,0.533,18,0.04455555555555556,0.08866541352497916,0.0,0.333,18,0.26316666666666666,0.3168741167756573,0.0,1.0,18,0.1821111111111111,0.2885032141504898,0.0,1.0,18,0.29388888888888887,0.2964039153684574,0.0,1.0,18,0.16233333333333333,0.1377294876368379,0.0,0.444,18
543,0.03422222222222222,0.0447430938184257,0.0,0.125,9,0.9294444444444445,0.062159293575279426,0.794,1.0,9,0.9615555555555555,0.07159279138137989,0.821,1.0,9,0.22288888888888886,0.22682947584278174,0.036,0.724,9,0.03177777777777777,0.09533333333333333,0.0,0.286,9,0.49966666666666665,0.30053327602779695,0.167,1.0,9,0.05033333333333333,0.10421372270483382,0.0,0.286,9,0.23866666666666664,0.21714165883128,0.0,0.6,9,0.32966666666666666,0.13127642591112848,0.104,0.517,9
544,0.7394444444444445,0.24105503060043734,0.143,0.925,9,0.21244444444444444,0.24089059296240228,0.027,0.816,9,0.3097777777777778,0.4043515728230131,0.0,1.0,9,0.08688888888888889,0.14764606703570235,0.0,0.385,9,0.10822222222222222,0.2582797793952218,0.0,0.774,9,0.08422222222222223,0.13814555528298567,0.0,0.333,9,0.013888888888888888,0.04166666666666667,0.0,0.125,9,0.17744444444444443,0.34929039176275345,0.0,1.0,9,0.12933333333333336,0.17643837451076227,0.0,0.5,9
545,0.8597058823529412,0.07709228617854898,0.622,0.927,17,0.10535294117647058,0.08581880707082115,0.023,0.356,17,0.14341176470588235,0.32297292046383885,0.0,1.0,17,0.16958823529411765,0.34801868822369464,0.0,1.0,17,0.1493529411764706,0.19638926306460552,0.0,0.5,17,0.08058823529411765,0.13286556119981272,0.0,0.4,17,0.03429411764705882,0.09791435333103772,0.0,0.333,17,0.08794117647058824,0.19255858543188722,0.0,0.6,17,0.7348235294117648,0.3226356759748753,0.125,1.0,17
546,0.6161,0.26901526185536595,0.0,0.878,10,0.3509,0.2626038207388968,0.089,0.952,10,0.35,0.30948487667233254,0.0,1.0,10,0.1461,0.3121639348519015,0.0,1.0,10,0.06,0.18973665961010278,0.0,0.6,10,0.10089999999999999,0.10665359294880267,0.0,0.25,10,0.14279999999999998,0.31216370349189826,0.0,1.0,10,0.2796,0.3308783596563681,0.0,1.0,10,0.1889,0.2030990179964224,0.0,0.533,10
547,0.8697272727272728,0.045734212377805075,0.787,0.923,11,0.08463636363636363,0.02547262345057033,0.043,0.136,11,0.0,0.0,0.0,0.0,11,0.030272727272727274,0.1004032777443953,0.0,0.333,11,0.11263636363636363,0.18958600830613676,0.0,0.5,11,0.31836363636363635,0.37512325247237677,0.0,1.0,11,0.0900909090909091,0.13488324917902486,0.0,0.333,11,0.05372727272727273,0.1505085319236693,0.0,0.5,11,0.5454545454545454,0.3320552254178102,0.0,1.0,11
548,0.46116666666666667,0.28429268955309656,0.0,0.868,12,0.4920833333333334,0.2865155741708018,0.053,0.929,12,0.5968333333333333,0.3228213221901646,0.0,1.0,12,0.09716666666666668,0.08290502050082628,0.0,0.281,12,0.025833333333333333,0.06055025460997941,0.0,0.167,12,0.14658333333333332,0.17500309521072285,0.0,0.5,12,0.13841666666666666,0.24218905400283447,0.0,0.636,12,0.5016666666666667,0.35780450053913604,0.0,1.0,12,0.105,0.08495667344968473,0.0,0.211,12
549,0.557125,0.2571833351077454,0.033,0.897,8,0.386125,0.22927303592005752,0.077,0.867,8,0.595,0.3245229465802732,0.0,1.0,8,0.23375,0.19057937978700634,0.0,0.615,8,0.033375,0.06434047271019563,0.0,0.167,8,0.230375,0.33266153433869,0.0,1.0,8,0.167875,0.3453761665612893,0.0,1.0,8,0.432875,0.3541131528198296,0.0,1.0,8,0.16112500000000002,0.14830898007682666,0.0,0.5,8
550,0.4665882352941177,0.278079792085812,0.0,0.904,34,0.49573529411764705,0.28780078430026956,0.038,1.0,34,0.5971176470588235,0.3247741186794183,0.0,1.0,34,0.12402941176470587,0.14015456517373037,0.0,0.633,34,0.05623529411764706,0.11371843453434093,0.0,0.467,34,0.2426470588235294,0.2520952059636899,0.0,1.0,34,0.11635294117647059,0.20424463679067323,0.0,0.923,34,0.2972941176470588,0.2921527754562219,0.0,1.0,34,0.16211764705882353,0.1665454282745233,0.0,0.548,34
551,0.42594736842105263,0.3225827152640614,0.0,0.907,19,0.5461578947368422,0.31713286089900605,0.093,0.972,19,0.6808421052631579,0.35959070300024515,0.0,1.0,19,0.19773684210526316,0.19240462055703317,0.0,0.636,19,0.06542105263157895,0.10766631361628064,0.0,0.278,19,0.2376842105263158,0.23738694446727432,0.0,0.667,19,0.08178947368421052,0.16064473534527066,0.0,0.667,19,0.3181578947368421,0.2473399062823589,0.0,1.0,19,0.11742105263157894,0.1352702298649607,0.0,0.414,19
552,0.32,0.2678563047605936,0.024,0.771,9,0.6621111111111111,0.26244115742602403,0.229,0.976,9,0.6975555555555555,0.28125216048552903,0.286,1.0,9,0.3602222222222222,0.3372301802099635,0.0,0.941,9,0.063,0.09842763839491427,0.0,0.25,9,0.16777777777777778,0.14499032534774325,0.0,0.429,9,0.35844444444444445,0.3390029908094879,0.0,1.0,9,0.16133333333333333,0.17983881672208588,0.0,0.5,9,0.42177777777777775,0.22882896329888935,0.0,0.786,9
553,0.59,0.3136075800833173,0.061,0.95,8,0.351875,0.317012139244811,0.0,0.879,8,0.457625,0.31825458699421305,0.0,0.966,8,0.13474999999999998,0.2667480084274295,0.0,0.759,8,0.146625,0.16268280925952636,0.0,0.429,8,0.15675,0.34562686320861774,0.0,1.0,8,0.17775000000000002,0.27164143908573934,0.0,0.8,8,0.0,0.0,0.0,0.0,8,0.393625,0.2501684789439766,0.0,0.75,8
554,0.853909090909091,0.05368418148757924,0.698,0.933,22,0.10804545454545456,0.03825786850001581,0.02,0.174,22,0.11586363636363636,0.18896089175995814,0.0,0.6,22,0.05722727272727273,0.11395025306316864,0.0,0.333,22,0.11627272727272726,0.18754940474653398,0.0,0.5,22,0.1925,0.2899212947385154,0.0,1.0,22,0.049227272727272724,0.13275036788333272,0.0,0.5,22,0.09890909090909092,0.16466586921656984,0.0,0.5,22,0.5611818181818182,0.2568773352554977,0.0,1.0,22
555,0.7487142857142858,0.17677475579311172,0.186,0.964,21,0.20866666666666664,0.17452516532962617,0.018,0.767,21,0.16385714285714287,0.22514423948089052,0.0,0.788,21,0.09385714285714286,0.13742135413183998,0.0,0.375,21,0.10795238095238095,0.1858952598079026,0.0,0.607,21,0.1762857142857143,0.2089761093659136,0.0,0.75,21,0.24561904761904763,0.3692533650747784,0.0,1.0,21,0.1656190476190476,0.263997059868188,0.0,1.0,21,0.38176190476190475,0.28652153579825457,0.0,1.0,21
556,0.28209523809523807,0.28999222485472,0.0,0.841,21,0.6959047619047619,0.3033283542239177,0.095,1.0,21,0.7374285714285713,0.27959391470999,0.0,1.0,21,0.3843333333333333,0.3192798667835686,0.0,0.882,21,0.04004761904761905,0.10384193574393544,0.0,0.444,21,0.2725714285714286,0.28904282925348124,0.0,1.0,21,0.3353333333333333,0.3642472145855522,0.0,1.0,21,0.15595238095238095,0.22519357810347881,0.0,0.714,21,0.3606190476190476,0.14260346285784092,0.083,0.614,21
557,0.819,0.12296595057169284,0.487,0.962,17,0.13223529411764706,0.11160786789680462,0.022,0.462,17,0.174,0.20737948307390489,0.0,0.5,17,0.046117647058823534,0.08736481153254809,0.0,0.25,17,0.10300000000000001,0.13142488348863013,0.0,0.375,17,0.12435294117647058,0.1753467782625584,0.0,0.5,17,0.08070588235294117,0.17581800416406532,0.0,0.571,17,0.19888235294117648,0.30542099681278895,0.0,1.0,17,0.4945882352941176,0.3499369691143552,0.0,1.0,17
558,0.7713076923076922,0.11370970686752044,0.561,0.886,13,0.18592307692307694,0.1121854577165727,0.061,0.386,13,0.08030769230769232,0.11870649000467823,0.0,0.4,13,0.10169230769230769,0.22348914388823773,0.0,0.762,13,0.11038461538461539,0.16788614120961984,0.0,0.6,13,0.06515384615384615,0.12121801719343414,0.0,0.371,13,0.05953846153846154,0.12711255864037416,0.0,0.412,13,0.15053846153846154,0.31148103617625883,0.0,1.0,13,0.5501538461538462,0.26219898491853033,0.0,1.0,13
559,0.8876,0.05321904421038272,0.82,0.976,10,0.0703,0.04231640081313364,0.024,0.143,10,0.1333,0.3220076086057595,0.0,1.0,10,0.0333,0.10530384608360704,0.0,0.333,10,0.1404,0.23328770982534755,0.0,0.571,10,0.1511,0.2511884861126313,0.0,0.778,10,0.08,0.16193277068654824,0.0,0.5,10,0.0111,0.03510128202786901,0.0,0.111,10,0.6357,0.40045863983964963,0.0,1.0,10
560,0.5795833333333333,0.3215831458534008,0.032,0.875,12,0.37466666666666665,0.3127587898142282,0.075,0.871,12,0.7009166666666666,0.25883039667400787,0.25,1.0,12,0.14541666666666667,0.14221779605644125,0.0,0.407,12,0.08424999999999999,0.11569719490588745,0.0,0.286,12,0.24258333333333335,0.2965772805414018,0.0,1.0,12,0.06616666666666667,0.11408675593068583,0.0,0.333,12,0.1435,0.1608796840103583,0.0,0.5,12,0.2125,0.18851308129194064,0.0,0.5,12
561,0.3856,0.33218987685616536,0.0,0.867,15,0.5782,0.34260748052879075,0.089,1.0,15,0.6222,0.3872622219781172,0.0,1.0,15,0.24133333333333334,0.27215664257048383,0.0,0.771,15,0.0954,0.11598817673736037,0.0,0.333,15,0.15406666666666666,0.2618820526951198,0.0,1.0,15,0.32586666666666664,0.4030520821834083,0.0,1.0,15,0.14800000000000002,0.20849734496425334,0.0,0.667,15,0.5066666666666666,0.172024361508424,0.2,0.756,15
562,0.8473,0.06105198149482495,0.756,0.927,10,0.09590000000000001,0.06399036385790181,0.02,0.195,10,0.22149999999999997,0.25407621341286996,0.0,0.667,10,0.1119,0.1753000285225305,0.0,0.5,10,0.06000000000000001,0.13498971154211062,0.0,0.4,10,0.2817,0.3791569742350932,0.0,1.0,10,0.06999999999999999,0.1636391694484477,0.0,0.5,10,0.02,0.06324555320336758,0.0,0.2,10,0.8012,0.14584375200878508,0.667,1.0,10
563,0.8696315789473684,0.078764917829588,0.68,1.0,19,0.09757894736842106,0.07057802285372919,0.0,0.26,19,0.21642105263157896,0.3314535857886648,0.0,1.0,19,0.09178947368421053,0.23724450091914515,0.0,1.0,19,0.03505263157894737,0.07733367362296578,0.0,0.25,19,0.09405263157894736,0.18097159804302332,0.0,0.5,19,0.12278947368421053,0.2712544068146622,0.0,1.0,19,0.07226315789473685,0.15212087376135508,0.0,0.5,19,0.42036842105263156,0.3041474807695759,0.0,1.0,19
564,0.8515714285714286,0.05110880442849249,0.773,0.93,14,0.09664285714285714,0.053162460935769824,0.021,0.227,14,0.05185714285714286,0.10961110074528677,0.0,0.333,14,0.02378571428571429,0.08899799355683732,0.0,0.333,14,0.23564285714285713,0.297986733608383,0.0,1.0,14,0.0762142857142857,0.12916249668324994,0.0,0.333,14,0.05357142857142857,0.13617619485048052,0.0,0.5,14,0.03571428571428571,0.09644482565490177,0.0,0.333,14,0.4670714285714285,0.3004835754594236,0.0,1.0,14
565,0.30300000000000005,0.3166392970628321,0.0,0.913,10,0.6787,0.32509829282849206,0.087,0.978,10,0.7729,0.33685620077415823,0.0,1.0,10,0.2003,0.2319837398516447,0.0,0.765,10,0.025,0.052704627669472995,0.0,0.125,10,0.1908,0.23332561892009296,0.0,0.75,10,0.2725,0.4045659539693264,0.0,1.0,10,0.1908,0.2013751612179505,0.0,0.5,10,0.2953,0.1866393134720907,0.0,0.545,10
566,0.5361111111111111,0.2893848840404611,0.0,0.825,9,0.4415555555555556,0.29276659266005367,0.15,1.0,9,0.43555555555555553,0.3374852260140846,0.0,0.935,9,0.20644444444444446,0.2152603720562096,0.0,0.636,9,0.08777777777777779,0.1097346547105537,0.0,0.25,9,0.26499999999999996,0.36042925796888353,0.0,1.0,9,0.26866666666666666,0.2994106711525159,0.0,0.667,9,0.061111111111111116,0.0964798482125211,0.0,0.25,9,0.35200000000000004,0.28012764947430663,0.0,0.75,9
567,0.4746153846153846,0.38276179242916836,0.0,0.932,13,0.4883076923076923,0.39263498413823333,0.045,0.952,13,0.5655384615384615,0.37970725903530284,0.0,1.0,13,0.24623076923076923,0.3034372955120915,0.0,0.9,13,0.14884615384615385,0.2968175214262814,0.0,1.0,13,0.34507692307692306,0.34686415725719427,0.0,1.0,13,0.20892307692307693,0.2500071537438017,0.0,0.6,13,0.1406923076923077,0.16222997288591315,0.0,0.5,13,0.33661538461538465,0.23225831110408746,0.0,0.667,13
568,0.6306666666666666,0.18342466044838698,0.326,0.884,12,0.31808333333333333,0.17160814683634942,0.07,0.609,12,0.1935,0.24889556042645677,0.0,0.818,12,0.06933333333333333,0.14684582721241002,0.0,0.5,12,0.18716666666666668,0.25632076258729675,0.0,0.829,12,0.1785,0.18016230056661284,0.0,0.5,12,0.08816666666666666,0.18907277739409012,0.0,0.6,12,0.212,0.23969981226525813,0.0,0.69,12,0.10908333333333332,0.1974687355384429,0.0,0.636,12
569,0.5073000000000001,0.30076080721712184,0.0,0.872,20,0.44370000000000004,0.31179836601982314,0.026,0.978,20,0.64345,0.32812585438485253,0.0,1.0,20,0.0818,0.07498252427978415,0.0,0.231,20,0.06055000000000001,0.1649288443062963,0.0,0.615,20,0.23245,0.20337636228638298,0.0,0.667,20,0.03515,0.0827420054971126,0.0,0.333,20,0.33845000000000003,0.2797757513663963,0.0,1.0,20,0.13435000000000002,0.146332812811287,0.0,0.385,20
570,0.4767,0.31796192993641376,0.051,0.925,10,0.4888,0.323608061978959,0.025,0.923,10,0.5573,0.41729740260660886,0.0,1.0,10,0.1973,0.19961298666280322,0.0,0.5,10,0.057199999999999994,0.10167245885139636,0.0,0.296,10,0.1861,0.20710461661252805,0.0,0.5,10,0.1217,0.3123061354219962,0.0,1.0,10,0.2191,0.20030057968518766,0.0,0.5,10,0.0642,0.1172166086070286,0.0,0.366,10
571,0.5285,0.2621099218097459,0.043,0.975,10,0.40310000000000007,0.2544315887096831,0.025,0.935,10,0.4586,0.30909301009386947,0.091,1.0,10,0.2266,0.30320810601887865,0.0,1.0,10,0.059899999999999995,0.13039806576615914,0.0,0.4,10,0.18009999999999998,0.14293001395399388,0.0,0.375,10,0.11480000000000001,0.17502875954158695,0.0,0.5,10,0.4203,0.2897750276795201,0.0,0.824,10,0.1266,0.16024786356696857,0.0,0.5,10
572,0.5960909090909091,0.31469873039002066,0.03,0.956,11,0.3576363636363636,0.30689648832375804,0.022,0.909,11,0.41663636363636364,0.3278268667230533,0.0,0.967,11,0.1820909090909091,0.30034095776149294,0.0,0.833,11,0.17045454545454544,0.22806725483346516,0.0,0.677,11,0.19081818181818183,0.19411533591234784,0.0,0.5,11,0.056545454545454545,0.14925907921219642,0.0,0.5,11,0.3492727272727273,0.2610781840403717,0.0,0.694,11,0.09672727272727273,0.19279786871700158,0.0,0.625,11
573,0.5115,0.19336050712150532,0.289,0.778,8,0.4055,0.20879381490565554,0.133,0.667,8,0.264,0.17001764614298126,0.0,0.474,8,0.136,0.16393901305058534,0.0,0.435,8,0.020999999999999998,0.03140973461478827,0.0,0.077,8,0.128625,0.08985534009093252,0.0,0.231,8,0.0,0.0,0.0,0.0,8,0.5982500000000001,0.17136823342898597,0.371,0.864,8,0.099875,0.12731674505511273,0.0,0.333,8
574,0.4469310344827586,0.29463768187617684,0.0,0.955,58,0.5039655172413793,0.30448489522742767,0.0,1.0,58,0.4523793103448276,0.3124049793831329,0.0,1.0,58,0.22520689655172413,0.21770233650566131,0.0,0.8,58,0.07367241379310344,0.11220679341647825,0.0,0.543,58,0.16891379310344828,0.16220133519717375,0.0,1.0,58,0.03020689655172414,0.06723062131820005,0.0,0.353,58,0.4291379310344828,0.23089645649882642,0.0,0.8,58,0.09793103448275861,0.1368073125763008,0.0,0.5,58
575,0.3393333333333333,0.2219419969271251,0.0,0.628,9,0.6136666666666666,0.23822206027150386,0.302,1.0,9,0.5707777777777777,0.3129575761096773,0.118,1.0,9,0.2618888888888889,0.2564563532282075,0.0,0.794,9,0.06288888888888888,0.11887329856242365,0.0,0.368,9,0.1848888888888889,0.1349263173406549,0.042,0.4,9,0.041666666666666664,0.06616645675869307,0.0,0.2,9,0.5735555555555556,0.15107954122838,0.4,0.778,9,0.12977777777777777,0.08195849220455709,0.0,0.231,9
576,0.38375,0.35312755688075576,0.0,0.865,8,0.5962500000000001,0.3621632425933287,0.1,1.0,8,0.56225,0.4737165366998044,0.0,1.0,8,0.397625,0.2924467900319646,0.0,0.842,8,0.09475,0.12229560207020646,0.0,0.333,8,0.278375,0.3258960997881731,0.0,1.0,8,0.12125,0.26933396687808564,0.0,0.778,8,0.16075,0.1581136571312819,0.0,0.375,8,0.237875,0.29702449995148306,0.0,0.763,8
577,0.7801666666666667,0.14734265215088652,0.275,0.978,36,0.18269444444444444,0.14875537338567338,0.022,0.725,36,0.10686111111111112,0.1588428068928124,0.0,0.588,36,0.1488888888888889,0.20277894759392948,0.0,0.778,36,0.049638888888888885,0.1051956416201404,0.0,0.391,36,0.11125,0.2003933809856432,0.0,1.0,36,0.1643611111111111,0.3282243268408951,0.0,1.0,36,0.1322777777777778,0.2553311140025394,0.0,1.0,36,0.4621111111111111,0.3355686668309933,0.0,1.0,36
578,0.6062000000000001,0.2636448168913704,0.07,0.929,20,0.34090000000000004,0.2605128343136001,0.048,0.93,20,0.3411,0.29913082862115525,0.0,0.941,20,0.28769999999999996,0.33203346375423004,0.0,1.0,20,0.07255,0.13053592971809877,0.0,0.48,20,0.21895000000000003,0.3109194302472317,0.0,1.0,20,0.0741,0.14707960608566978,0.0,0.429,20,0.20844999999999997,0.2648947109602923,0.0,1.0,20,0.19455,0.26558326576166574,0.0,1.0,20
579,0.5097777777777778,0.26271530852489994,0.098,0.927,27,0.4391111111111111,0.2555010662830879,0.049,0.848,27,0.5953703703703703,0.287773969548772,0.0,0.939,27,0.1022962962962963,0.1179679926651602,0.0,0.462,27,0.08955555555555555,0.1613365649178362,0.0,0.679,27,0.1767037037037037,0.15004251059534754,0.0,0.5,27,0.06611111111111112,0.13369895383438968,0.0,0.5,27,0.3012592592592593,0.27562482759005147,0.0,0.917,27,0.11788888888888888,0.1368554356114884,0.0,0.5,27
580,0.5473750000000001,0.24819773702970516,0.125,0.911,16,0.4310625,0.259845972003929,0.044,0.875,16,0.47962499999999997,0.32201674387108087,0.0,1.0,16,0.1678125,0.2699049755623882,0.0,0.818,16,0.0434375,0.10958830153503307,0.0,0.412,16,0.1665625,0.1854011753828258,0.0,0.5,16,0.071875,0.22946949688357274,0.0,0.9,16,0.397625,0.35895066977696716,0.0,1.0,16,0.090875,0.11698368832163453,0.0,0.435,16
581,0.42075,0.38203655397282155,0.0,0.938,8,0.5545,0.38330107524727125,0.021,0.98,8,0.51975,0.4479533617305648,0.0,0.981,8,0.13824999999999998,0.24006948398923414,0.0,0.702,8,0.011375,0.03217335854398791,0.0,0.091,8,0.15037499999999998,0.2035246124112336,0.0,0.583,8,0.00775,0.021920310216782975,0.0,0.062,8,0.402375,0.40113942624194177,0.0,1.0,8,0.07325000000000001,0.1103937757044559,0.0,0.333,8
582,0.22884615384615387,0.20026059945058514,0.0,0.514,13,0.7406923076923076,0.22312305446971958,0.385,1.0,13,0.7566153846153847,0.24283654943930855,0.318,1.0,13,0.22084615384615386,0.25152993398859647,0.0,0.838,13,0.0,0.0,0.0,0.0,13,0.3003846153846154,0.33473634860427554,0.0,1.0,13,0.2937692307692308,0.27873947030819357,0.0,0.667,13,0.08830769230769232,0.1141952893186234,0.0,0.333,13,0.2732307692307692,0.14884844296921274,0.056,0.567,13
583,0.241875,0.2575463550508918,0.02,0.767,8,0.74175,0.27403062915354137,0.186,0.96,8,0.8109999999999999,0.1490857854678689,0.5,1.0,8,0.373125,0.3127301152751362,0.0,0.828,8,0.052000000000000005,0.10236210236215354,0.0,0.273,8,0.10225000000000001,0.09514462675316984,0.0,0.25,8,0.39825,0.21085861884887974,0.0,0.6,8,0.123,0.16582090166372704,0.0,0.5,8,0.34475,0.24017062387275545,0.0,0.681,8
584,0.454375,0.3191537638819258,0.107,0.863,8,0.520375,0.3308262113902965,0.078,0.893,8,0.592,0.3140068243116473,0.2,0.97,8,0.17925000000000002,0.2084402963509147,0.0,0.542,8,0.026375000000000003,0.04892541699946388,0.0,0.111,8,0.17575000000000002,0.18024408054476734,0.0,0.556,8,0.0555,0.11866399140911645,0.0,0.333,8,0.428625,0.29819645370124714,0.0,0.75,8,0.03275,0.04444820420605153,0.0,0.121,8
585,0.6021111111111112,0.17695747714620233,0.278,0.865,27,0.36825925925925923,0.1807217565108122,0.038,0.722,27,0.22992592592592592,0.2780167297021926,0.0,0.909,27,0.1754074074074074,0.26028804447547355,0.0,1.0,27,0.03677777777777778,0.09110658733818458,0.0,0.375,27,0.16548148148148148,0.21688926106875728,0.0,0.875,27,0.19403703703703704,0.32715175042519307,0.0,1.0,27,0.19292592592592592,0.27711576668993076,0.0,1.0,27,0.3450370370370371,0.3244147963856768,0.0,1.0,27
586,0.8166666666666667,0.12257864336630513,0.52,0.951,15,0.14326666666666668,0.11596518360923597,0.022,0.42,15,0.3080666666666667,0.30769940495477693,0.0,0.905,15,0.1706,0.26289807911051766,0.0,0.667,15,0.0222,0.08598023028580468,0.0,0.333,15,0.19066666666666665,0.2213767527692704,0.0,0.5,15,0.09446666666666667,0.21103989692766173,0.0,0.667,15,0.31893333333333335,0.311136044352367,0.0,1.0,15,0.1782,0.22275168750362878,0.0,0.667,15
587,0.6491851851851851,0.28010204693139373,0.024,0.933,27,0.297962962962963,0.292592323560048,0.022,0.976,27,0.3508148148148148,0.3968137556778453,0.0,1.0,27,0.1198148148148148,0.21191925839756065,0.0,0.795,27,0.06537037037037037,0.13010650907507934,0.0,0.483,27,0.1954074074074074,0.20349357564216947,0.0,0.778,27,0.062481481481481485,0.11088572439518025,0.0,0.333,27,0.24159259259259258,0.22958713098135683,0.0,0.714,27,0.18266666666666667,0.257031276157352,0.0,1.0,27
588,0.43269565217391304,0.2699837427399537,0.022,0.857,23,0.5363913043478261,0.27400227920923886,0.095,0.978,23,0.6643478260869565,0.2813912851101974,0.0,1.0,23,0.09843478260869565,0.08816401352384322,0.0,0.286,23,0.12,0.17061706191990827,0.0,0.5,23,0.23143478260869568,0.29682943159742536,0.0,1.0,23,0.15191304347826087,0.24031398269072868,0.0,1.0,23,0.188304347826087,0.24209923487217322,0.0,0.8,23,0.262,0.19461220180376432,0.0,0.778,23
589,0.4026666666666667,0.2926027220330946,0.0,0.972,18,0.564,0.2953100066032304,0.028,0.976,18,0.5738333333333334,0.33107991748927607,0.0,1.0,18,0.17683333333333331,0.15444330770259243,0.0,0.407,18,0.05527777777777779,0.08500851552884747,0.0,0.222,18,0.177,0.16810605895928774,0.0,0.5,18,0.22749999999999998,0.26851886777830186,0.0,0.833,18,0.2657777777777778,0.27822220395080227,0.0,1.0,18,0.3182222222222222,0.2344815446282326,0.0,1.0,18
590,0.8567500000000001,0.07570501964863362,0.658,0.956,20,0.10834999999999999,0.0801342787549682,0.0,0.342,20,0.0732,0.14273368650447554,0.0,0.5,20,0.06665,0.2319306327785371,0.0,1.0,20,0.04045,0.10500700477887931,0.0,0.333,20,0.36495,0.36800850605158,0.0,1.0,20,0.02915,0.09072646860350711,0.0,0.333,20,0.16720000000000002,0.1975999680375001,0.0,0.5,20,0.5152,0.28625468968808365,0.0,1.0,20
591,0.7836666666666666,0.17126660503437321,0.404,0.932,9,0.1776666666666667,0.17421753643075086,0.023,0.553,9,0.242,0.23074065528207205,0.0,0.524,9,0.14555555555555555,0.2560908584424243,0.0,0.667,9,0.1547777777777778,0.28465232204295193,0.0,0.714,9,0.12122222222222222,0.33091304665190285,0.0,1.0,9,0.17166666666666666,0.35913089535711074,0.0,1.0,9,0.018,0.036065911883661005,0.0,0.091,9,0.4588888888888889,0.4078594869696071,0.0,1.0,9
592,0.8274444444444444,0.11481954440676805,0.581,0.944,9,0.11711111111111111,0.1031424311867386,0.019,0.349,9,0.05555555555555555,0.11023963796102462,0.0,0.25,9,0.09722222222222222,0.19543398999264291,0.0,0.5,9,0.1431111111111111,0.21957199527970572,0.0,0.517,9,0.10322222222222223,0.18371021867181056,0.0,0.5,9,0.09622222222222224,0.14935258432462575,0.0,0.333,9,0.4092222222222222,0.39940949468489656,0.0,1.0,9,0.5885555555555555,0.4055253108965922,0.0,1.0,9
593,0.758157894736842,0.16804174850246614,0.324,0.977,19,0.1926842105263158,0.1686090325218469,0.023,0.649,19,0.18773684210526317,0.2885055058410234,0.0,0.833,19,0.19273684210526315,0.305864683607576,0.0,0.867,19,0.06873684210526317,0.1960572031336385,0.0,0.667,19,0.21578947368421056,0.30576726424364153,0.0,1.0,19,0.16226315789473686,0.3048799111681813,0.0,1.0,19,0.19331578947368422,0.3425309479337563,0.0,1.0,19,0.4801578947368422,0.29409697251037126,0.0,1.0,19
594,0.47482352941176476,0.27387730722307885,0.0,0.841,17,0.4919411764705882,0.28461168075736004,0.023,1.0,17,0.5937058823529412,0.30621066374023503,0.0,1.0,17,0.23758823529411763,0.20307297297508886,0.0,0.721,17,0.018058823529411766,0.043515041348129405,0.0,0.154,17,0.2580588235294118,0.19040039081769083,0.0,0.571,17,0.08505882352941176,0.1427394788540627,0.0,0.5,17,0.3821764705882353,0.24638213086943767,0.0,1.0,17,0.13894117647058823,0.11675266088415036,0.0,0.333,17
595,0.5982105263157894,0.15137612425396565,0.405,0.93,19,0.34910526315789475,0.16662395944055922,0.0,0.571,19,0.3711578947368421,0.3444304901908357,0.0,1.0,19,0.1676842105263158,0.2696073384740562,0.0,1.0,19,0.11589473684210526,0.17174978400013657,0.0,0.567,19,0.13447368421052633,0.163916770351112,0.0,0.5,19,0.049315789473684216,0.09716826907288142,0.0,0.333,19,0.2648421052631579,0.22775675698182302,0.0,0.882,19,0.0786842105263158,0.16692914419383617,0.0,0.526,19
596,0.5351034482758621,0.25334185611365784,0.047,0.907,29,0.4369310344827586,0.25696079898838414,0.07,0.953,29,0.45620689655172414,0.3818221705856522,0.0,1.0,29,0.12106896551724139,0.17337797912457106,0.0,0.774,29,0.10862068965517242,0.16719672198450702,0.0,0.647,29,0.2116896551724138,0.22726810841701542,0.0,1.0,29,0.12031034482758621,0.22550690573022308,0.0,1.0,29,0.2686551724137931,0.28151532257994527,0.0,1.0,29,0.281448275862069,0.29334944863554513,0.0,1.0,29
597,0.5744444444444444,0.216509301827376,0.229,0.878,9,0.4003333333333334,0.21934333817100535,0.089,0.743,9,0.23155555555555557,0.3005653469343693,0.0,0.75,9,0.21366666666666667,0.321866431924797,0.0,1.0,9,0.08066666666666666,0.13003557205626468,0.0,0.333,9,0.16355555555555557,0.18803597469042402,0.0,0.5,9,0.05211111111111111,0.14195108703744086,0.0,0.429,9,0.11544444444444443,0.16934514394507383,0.0,0.5,9,0.24800000000000003,0.21764190772918712,0.0,0.5,9
598,0.547046511627907,0.26776890831713646,0.023,0.905,43,0.41788372093023257,0.28200356374836366,0.049,0.977,43,0.46562790697674417,0.33412045327680245,0.0,1.0,43,0.18037209302325583,0.2199575741836435,0.0,0.923,43,0.05339534883720931,0.11460182403910378,0.0,0.515,43,0.21125581395348836,0.2376125390533781,0.0,1.0,43,0.023790697674418604,0.056026166565077896,0.0,0.25,43,0.3538372093023256,0.2880160321457453,0.0,1.0,43,0.07916279069767442,0.10658775285506888,0.0,0.346,43
599,0.80925,0.15052930421871827,0.452,0.93,8,0.158,0.1561757252035576,0.023,0.524,8,0.22575,0.3468044941214822,0.0,1.0,8,0.34875,0.4199056866896252,0.0,1.0,8,0.176,0.19383129630833984,0.0,0.423,8,0.059625000000000004,0.14014679803691557,0.0,0.4,8,0.028125,0.052504251528532705,0.0,0.125,8,0.0335,0.04664761515876241,0.0,0.1,8,0.4665,0.40120212219920126,0.0,1.0,8
600,0.7098421052631579,0.22252497067317956,0.149,0.93,19,0.24957894736842104,0.22695406186898354,0.023,0.851,19,0.28142105263157896,0.35409106107350935,0.0,0.971,19,0.09994736842105263,0.13013944388155793,0.0,0.357,19,0.13710526315789473,0.23614729272140542,0.0,0.725,19,0.1270526315789474,0.18324648660697748,0.0,0.667,19,0.14910526315789474,0.2350238509732912,0.0,0.667,19,0.07147368421052631,0.1779873180316984,0.0,0.667,19,0.5783157894736842,0.24426171133792335,0.0,1.0,19
601,0.419,0.2829038201024713,0.0,0.841,8,0.54525,0.28331645607997125,0.114,0.955,8,0.643,0.283895856156544,0.263,1.0,8,0.143625,0.12297611556721086,0.0,0.35,8,0.036375000000000005,0.07338341093189932,0.0,0.2,8,0.20775,0.14460759711321236,0.0,0.429,8,0.067625,0.10295343954567868,0.0,0.25,8,0.333375,0.14572864950212872,0.167,0.588,8,0.11524999999999999,0.11798395774728988,0.0,0.3,8
602,0.6125454545454546,0.24660468918346365,0.216,0.932,11,0.35309090909090907,0.24574517474223356,0.045,0.73,11,0.2985454545454545,0.34236599236383386,0.0,0.913,11,0.09672727272727273,0.14976988409496145,0.0,0.435,11,0.14936363636363637,0.1838228890684034,0.0,0.565,11,0.09972727272727272,0.12210494740926013,0.0,0.333,11,0.049272727272727274,0.08905514124304213,0.0,0.25,11,0.3074545454545455,0.2812576625218818,0.0,0.714,11,0.04572727272727273,0.06579831442991668,0.0,0.167,11
603,0.7825,0.16565361163469708,0.225,0.915,22,0.1673181818181818,0.17396671448560996,0.044,0.775,22,0.13763636363636364,0.2356810890962102,0.0,0.739,22,0.07113636363636364,0.16405031035936607,0.0,0.6,22,0.14454545454545456,0.20030375202075743,0.0,0.643,22,0.17200000000000001,0.25534682296829153,0.0,1.0,22,0.13140909090909092,0.26977744956606786,0.0,1.0,22,0.06363636363636363,0.1288726006028713,0.0,0.5,22,0.5462272727272728,0.3094164910522142,0.0,1.0,22
604,0.7323157894736841,0.24290694437527097,0.07,0.977,19,0.23484210526315788,0.24902214608296605,0.023,0.93,19,0.2446315789473684,0.33277089391390186,0.0,1.0,19,0.21389473684210528,0.28917793344752724,0.0,1.0,19,0.13621052631578948,0.2612456440779589,0.0,0.774,19,0.04863157894736842,0.1342126051897245,0.0,0.5,19,0.2315263157894737,0.3625766384000082,0.0,1.0,19,0.05478947368421052,0.13465329098068798,0.0,0.5,19,0.5506315789473684,0.33711030349893817,0.0,1.0,19
605,0.8271111111111111,0.0978742106538342,0.684,0.952,9,0.131,0.09345988444247082,0.0,0.25,9,0.3257777777777778,0.3212634346520694,0.0,1.0,9,0.07566666666666667,0.184808008484481,0.0,0.556,9,0.18377777777777776,0.23063053666946282,0.0,0.583,9,0.048666666666666664,0.07049290744465006,0.0,0.2,9,0.022222222222222223,0.06666666666666667,0.0,0.2,9,0.13333333333333333,0.21794494717703367,0.0,0.5,9,0.5235555555555556,0.31048675942425913,0.0,1.0,9
606,0.6723333333333333,0.2985221934798148,0.0,0.949,9,0.28655555555555556,0.30663378446899453,0.0,0.98,9,0.159,0.3292529422799438,0.0,0.958,9,0.1791111111111111,0.2509275017034026,0.0,0.583,9,0.08022222222222222,0.17369641459870278,0.0,0.5,9,0.05555555555555555,0.16666666666666669,0.0,0.5,9,0.25666666666666665,0.3578369041896042,0.0,0.963,9,0.0,0.0,0.0,0.0,9,0.5683333333333334,0.2690511103861123,0.0,1.0,9
607,0.6401666666666667,0.2106443937209358,0.08,0.829,12,0.317,0.22300468808769675,0.098,0.92,12,0.5301666666666667,0.31441716161041766,0.0,1.0,12,0.1045,0.12757137039890473,0.0,0.333,12,0.15583333333333335,0.23659740770628349,0.0,0.769,12,0.206,0.29949411892844785,0.0,1.0,12,0.08583333333333333,0.15546577134728423,0.0,0.364,12,0.14808333333333334,0.21358688176151192,0.0,0.667,12,0.17458333333333334,0.18253640151703407,0.0,0.538,12
608,0.4434117647058824,0.24718263966739487,0.122,0.946,17,0.5178823529411765,0.26336283962267276,0.0,0.878,17,0.5848823529411764,0.26385220350438165,0.0,1.0,17,0.15276470588235294,0.20344640861040184,0.0,0.75,17,0.10500000000000001,0.1416280339480853,0.0,0.5,17,0.21852941176470586,0.24438497234053153,0.0,0.667,17,0.07958823529411764,0.12672413879344843,0.0,0.333,17,0.248,0.25669850992945015,0.0,0.857,17,0.10752941176470589,0.12839690302294038,0.0,0.5,17
609,0.8608750000000001,0.08427919163623455,0.692,0.955,8,0.105625,0.08733014125391399,0.0,0.282,8,0.1125,0.1807721533549109,0.0,0.5,8,0.09999999999999999,0.21380899352993948,0.0,0.6,8,0.046875,0.13258252147247765,0.0,0.375,8,0.22325,0.32050663019663106,0.0,0.786,8,0.25,0.4629100498862757,0.0,1.0,8,0.145875,0.2737707265473899,0.0,0.667,8,0.31725000000000003,0.2965876165414097,0.0,0.667,8
610,0.8065,0.17898432581901935,0.342,0.957,10,0.1482,0.174807703872951,0.033,0.632,10,0.127,0.2739849955340215,0.0,0.87,10,0.1983,0.2905665156207783,0.0,0.783,10,0.1291,0.16938939360735272,0.0,0.375,10,0.18330000000000002,0.31862170184858546,0.0,1.0,10,0.1,0.31622776601683794,0.0,1.0,10,0.1617,0.31071961279870597,0.0,1.0,10,0.6463,0.2948197377683146,0.0,1.0,10
611,0.5519090909090909,0.24987518962396083,0.026,0.884,22,0.41813636363636364,0.23686711071511835,0.093,0.923,22,0.48736363636363633,0.25853332574250565,0.0,1.0,22,0.18136363636363637,0.17337862378663402,0.0,0.536,22,0.12645454545454546,0.21665810838908367,0.0,0.645,22,0.24477272727272725,0.2609750821563115,0.0,1.0,22,0.11672727272727274,0.19422598075883568,0.0,0.615,22,0.12936363636363638,0.1731422606536094,0.0,0.5,22,0.2765909090909091,0.22892973742029385,0.0,0.643,22
612,0.4701142857142857,0.3077746283382363,0.0,0.881,35,0.4962285714285714,0.31923254346435714,0.053,1.0,35,0.5440857142857143,0.37536792706925415,0.0,1.0,35,0.2192,0.197663975116417,0.0,0.667,35,0.09854285714285714,0.19711094858079337,0.0,0.75,35,0.226,0.2683988471966125,0.0,1.0,35,0.09505714285714285,0.2038361427942643,0.0,0.818,35,0.2745714285714286,0.3122038630459917,0.0,1.0,35,0.2618285714285714,0.24591132855687034,0.0,0.778,35
613,0.5455714285714286,0.3066172041652423,0.0,0.946,14,0.3977142857142857,0.2954918789906933,0.048,0.947,14,0.3765,0.36559514177886404,0.0,1.0,14,0.10021428571428571,0.10597182395583966,0.0,0.25,14,0.05771428571428572,0.127781922744259,0.0,0.429,14,0.12214285714285714,0.1540328921631087,0.0,0.391,14,0.05085714285714286,0.11588579068857614,0.0,0.333,14,0.33342857142857146,0.3545119536415173,0.0,1.0,14,0.21957142857142856,0.20441124245979245,0.0,0.636,14
614,0.8481111111111111,0.05510772279010549,0.791,0.932,9,0.11588888888888887,0.05875041371012728,0.045,0.205,9,0.11855555555555558,0.19729109908401288,0.0,0.5,9,0.09633333333333333,0.17116074316267735,0.0,0.5,9,0.09866666666666667,0.1957855970187797,0.0,0.444,9,0.1388888888888889,0.22047927592204922,0.0,0.5,9,0.18522222222222223,0.3768493657211651,0.0,1.0,9,0.15433333333333332,0.2235106261456041,0.0,0.5,9,0.6000000000000001,0.34924525766286363,0.0,1.0,9
615,0.7980909090909091,0.208490025922323,0.286,0.979,11,0.17218181818181819,0.1984337764503907,0.021,0.667,11,0.16972727272727273,0.23596317124038274,0.0,0.667,11,0.12418181818181818,0.18497179146119452,0.0,0.5,11,0.03536363636363637,0.07963450599742894,0.0,0.222,11,0.06063636363636364,0.15409235719351738,0.0,0.5,11,0.09090909090909091,0.20225995873897265,0.0,0.5,11,0.09845454545454545,0.3000437846836237,0.0,1.0,11,0.5393636363636364,0.34862595219727194,0.0,1.0,11
616,0.6085217391304348,0.28115393220945345,0.053,0.936,23,0.35534782608695653,0.29223583388882285,0.05,0.947,23,0.41204347826086957,0.3807189942321896,0.0,1.0,23,0.09926086956521739,0.1386221867953927,0.0,0.464,23,0.12134782608695652,0.20747587125772046,0.0,0.6,23,0.21404347826086956,0.31194892913320243,0.0,1.0,23,0.176,0.30445763998535913,0.0,1.0,23,0.16682608695652174,0.275372252542546,0.0,1.0,23,0.39247826086956517,0.3151159771439452,0.0,1.0,23
617,0.3459,0.31629362237572156,0.0,0.8,10,0.641,0.3197311370511167,0.182,1.0,10,0.792,0.22464144269875447,0.3,1.0,10,0.187,0.1326507528143818,0.0,0.409,10,0.0853,0.1696486892898904,0.0,0.467,10,0.11720000000000001,0.1405677377241623,0.0,0.333,10,0.2939,0.4213329245778608,0.0,1.0,10,0.1889,0.25369730432588794,0.0,0.615,10,0.1373,0.0699842045670942,0.0,0.227,10
618,0.39617647058823524,0.20047918697900965,0.075,0.688,17,0.5702352941176471,0.20394531418120543,0.292,0.925,17,0.717,0.2557364365904866,0.091,1.0,17,0.19176470588235292,0.24514448020804092,0.0,0.812,17,0.08211764705882352,0.16809553918565967,0.0,0.5,17,0.20305882352941176,0.1807949358348552,0.0,0.5,17,0.22941176470588234,0.2923217531299051,0.0,1.0,17,0.17376470588235296,0.21918614503766104,0.0,0.526,17,0.18423529411764705,0.17643431122225234,0.0,0.5,17
619,0.38,0.2870293248665253,0.047,0.845,13,0.5943846153846154,0.28311998000304234,0.138,0.926,13,0.5913846153846154,0.33344303323095,0.0,1.0,13,0.21776923076923077,0.18798278017155096,0.0,0.667,13,0.10176923076923076,0.22764195345840577,0.0,0.719,13,0.112,0.17862857180940195,0.0,0.6,13,0.05976923076923077,0.14764380213098113,0.0,0.444,13,0.2103076923076923,0.2869179280489413,0.0,1.0,13,0.19323076923076923,0.19751588705981513,0.0,0.64,13
620,0.6133928571428572,0.23858616570456984,0.071,0.932,28,0.3446071428571429,0.24000576216627775,0.045,0.929,28,0.3025357142857143,0.29977886691296146,0.0,1.0,28,0.17514285714285713,0.22564076895312293,0.0,0.692,28,0.07971428571428572,0.1486290079714657,0.0,0.424,28,0.14778571428571427,0.2811073812413324,0.0,1.0,28,0.1475,0.3055686259830763,0.0,1.0,28,0.18696428571428572,0.27369589533219735,0.0,1.0,28,0.25235714285714284,0.30882515900745333,0.0,1.0,28
621,0.7608181818181818,0.157584782375595,0.524,0.977,11,0.1729090909090909,0.15156744673276948,0.023,0.476,11,0.15645454545454546,0.19943037062411717,0.0,0.5,11,0.031181818181818186,0.05817700264162495,0.0,0.154,11,0.0959090909090909,0.10649737512770402,0.0,0.25,11,0.13363636363636364,0.14679936834146987,0.0,0.4,11,0.05909090909090909,0.14932143486147897,0.0,0.5,11,0.20800000000000002,0.26248390426843315,0.0,0.737,11,0.27736363636363637,0.2515970082203971,0.0,0.667,11
622,0.4962142857142857,0.30477136022038226,0.0,0.955,28,0.4675357142857143,0.31783893919694806,0.022,0.977,28,0.4989642857142857,0.3609547506413816,0.0,1.0,28,0.2558571428571429,0.341563042745131,0.0,1.0,28,0.039464285714285716,0.10016707603645582,0.0,0.357,28,0.19014285714285714,0.2378774527770182,0.0,0.769,28,0.37321428571428567,0.3336483352876373,0.0,1.0,28,0.12582142857142858,0.17606586595203275,0.0,0.5,28,0.5286785714285714,0.3067893539090913,0.0,1.0,28
623,0.600375,0.19014876694690547,0.279,0.842,8,0.36374999999999996,0.20923312357272686,0.105,0.698,8,0.379625,0.20494176001976755,0.0,0.625,8,0.21837499999999999,0.17492360577447189,0.0,0.5,8,0.00625,0.01767766952966369,0.0,0.05,8,0.12775,0.15293486008288443,0.0,0.4,8,0.18325,0.329196315723178,0.0,0.96,8,0.25625000000000003,0.34582974754308554,0.0,1.0,8,0.279125,0.28153377747109287,0.0,0.808,8
624,0.741111111111111,0.23348631889494323,0.143,0.944,9,0.2255555555555556,0.2453406362137707,0.037,0.857,9,0.15000000000000002,0.17544443564844112,0.0,0.5,9,0.21911111111111112,0.3408989749340868,0.0,1.0,9,0.10977777777777778,0.1962044710103326,0.0,0.571,9,0.17444444444444446,0.20596304954476125,0.0,0.5,9,0.19444444444444445,0.2569047056357236,0.0,0.667,9,0.05788888888888889,0.1204537716765694,0.0,0.333,9,0.526,0.3681287139031673,0.0,1.0,9
625,0.8213076923076923,0.08433503089403262,0.609,0.907,13,0.12030769230769231,0.06801762592076731,0.045,0.261,13,0.0,0.0,0.0,0.0,13,0.0,0.0,0.0,0.0,13,0.20561538461538462,0.27149049659903335,0.0,0.742,13,0.07761538461538463,0.12264687688749523,0.0,0.333,13,0.023923076923076922,0.06115616831585285,0.0,0.2,13,0.049692307692307695,0.10518110145156354,0.0,0.333,13,0.6693846153846154,0.33744346155110155,0.0,1.0,13
626,0.8588181818181817,0.05541086207923172,0.788,0.933,11,0.08990909090909091,0.04195582092023595,0.044,0.173,11,0.11663636363636364,0.1771283561303908,0.0,0.5,11,0.10454545454545454,0.1876892983823871,0.0,0.5,11,0.2041818181818182,0.24936271500840623,0.0,0.71,11,0.1159090909090909,0.1649457210996724,0.0,0.5,11,0.1060909090909091,0.3006793822480865,0.0,1.0,11,0.09272727272727273,0.20073270331916068,0.0,0.667,11,0.5863636363636364,0.33559388335524615,0.0,1.0,11
627,0.8658125,0.08399382417773345,0.647,0.975,16,0.096125,0.08561999377092555,0.0,0.353,16,0.0765625,0.1556765744527202,0.0,0.5,16,0.0404375,0.1393446416862402,0.0,0.556,16,0.053875,0.10528999635926166,0.0,0.333,16,0.1375,0.2936299258136564,0.0,1.0,16,0.1526875,0.27624764704880295,0.0,1.0,16,0.0048125,0.01925,0.0,0.077,16,0.427375,0.3827367894519679,0.0,1.0,16
628,0.405125,0.3292998796147453,0.0,0.865,8,0.55925,0.3347441453664916,0.108,0.981,8,0.64175,0.4696754958783473,0.0,1.0,8,0.17275000000000001,0.21956499200529603,0.0,0.657,8,0.015625,0.04419417382415922,0.0,0.125,8,0.317,0.32274757938674,0.0,1.0,8,0.132375,0.153316607524616,0.0,0.333,8,0.204625,0.22379323205648044,0.0,0.5,8,0.1745,0.19160674011407544,0.0,0.571,8
629,0.3021481481481481,0.2812127176935506,0.0,0.93,27,0.6761111111111111,0.29088503324183346,0.047,1.0,27,0.7659999999999999,0.24149358965851211,0.294,1.0,27,0.17355555555555555,0.12439061717438997,0.0,0.485,27,0.06025925925925926,0.12881190598119074,0.0,0.5,27,0.1722962962962963,0.13118419663699377,0.0,0.5,27,0.18611111111111112,0.25654004535704533,0.0,1.0,27,0.25385185185185183,0.23438310251901423,0.0,0.704,27,0.17533333333333334,0.1434034116105278,0.0,0.5,27
630,0.4915483870967742,0.2649083915506991,0.023,0.946,31,0.47958064516129034,0.26225188581381687,0.054,0.932,31,0.3981290322580645,0.3660717363154826,0.0,1.0,31,0.1335806451612903,0.21768107775574622,0.0,1.0,31,0.07648387096774194,0.1378992073865889,0.0,0.4,31,0.20680645161290323,0.291406979938692,0.0,1.0,31,0.16403225806451613,0.24679660773883794,0.0,0.926,31,0.07480645161290322,0.13671927914644147,0.0,0.5,31,0.18264516129032257,0.21199725601794892,0.0,0.667,31
631,0.6231666666666666,0.2644221257876515,0.122,0.917,12,0.3365,0.26091186251299503,0.056,0.857,12,0.30716666666666664,0.34996826695971717,0.0,0.909,12,0.24416666666666667,0.3340375137706251,0.0,0.879,12,0.138,0.2953592573614223,0.0,1.0,12,0.08541666666666668,0.16172392769123187,0.0,0.5,12,0.24025,0.3897258068763917,0.0,1.0,12,0.10149999999999999,0.18289415717095156,0.0,0.5,12,0.18966666666666665,0.17408479299328575,0.0,0.5,12
632,0.35246666666666665,0.22627633758831467,0.024,0.804,15,0.6206666666666667,0.22800052213808217,0.174,0.976,15,0.6699333333333333,0.2873212404924065,0.0,1.0,15,0.2592666666666667,0.2668475933847598,0.0,0.8,15,0.055400000000000005,0.13282146986516472,0.0,0.5,15,0.17253333333333334,0.2082772419728318,0.0,0.667,15,0.29173333333333334,0.3048141041606147,0.0,1.0,15,0.1854,0.28273329178877094,0.0,1.0,15,0.3202,0.20621424365381333,0.0,0.696,15
633,0.5753636363636363,0.32957192620952186,0.027,0.894,11,0.381,0.3361862578988023,0.064,0.946,11,0.31172727272727274,0.4045303674408365,0.0,1.0,11,0.16963636363636364,0.2963630451750936,0.0,1.0,11,0.01681818181818182,0.043705418844390866,0.0,0.143,11,0.0,0.0,0.0,0.0,11,0.32163636363636366,0.37581545277629896,0.0,1.0,11,0.08563636363636364,0.18196003557225018,0.0,0.5,11,0.528909090909091,0.3460544623452946,0.0,1.0,11
634,0.527,0.26365564663022106,0.073,0.927,21,0.445952380952381,0.2756397061728365,0.04,0.927,21,0.28176190476190477,0.33148241352474567,0.0,1.0,21,0.1419047619047619,0.2291154522859392,0.0,0.919,21,0.12057142857142858,0.23583268887679062,0.0,0.867,21,0.12980952380952382,0.24011260255297287,0.0,1.0,21,0.3670952380952381,0.3956652505290179,0.0,1.0,21,0.08495238095238096,0.1345278693024149,0.0,0.5,21,0.4296190476190476,0.3187844845958593,0.0,1.0,21
635,0.7209375,0.1596055424058534,0.318,0.875,16,0.23850000000000002,0.1680063490863763,0.044,0.636,16,0.177875,0.22563831678152538,0.0,0.636,16,0.178375,0.2869387565317728,0.0,1.0,16,0.2198125,0.2183465803869313,0.0,0.667,16,0.149875,0.33604818602892844,0.0,1.0,16,0.090375,0.19851209031190015,0.0,0.667,16,0.08725,0.19430954685758495,0.0,0.741,16,0.399625,0.29793352166772596,0.0,1.0,16
636,0.7342222222222223,0.19333893670040822,0.419,0.922,9,0.232,0.18796143221416464,0.061,0.535,9,0.35177777777777774,0.37159984451617367,0.0,1.0,9,0.040777777777777774,0.07114382927875366,0.0,0.2,9,0.21322222222222223,0.21707359223186143,0.0,0.5,9,0.17844444444444446,0.3297036969428425,0.0,1.0,9,0.12388888888888888,0.1753720647968516,0.0,0.4,9,0.051333333333333335,0.08573068295540402,0.0,0.2,9,0.43944444444444447,0.26393801881839185,0.0,1.0,9
637,0.35826923076923073,0.30419435335881007,0.0,0.884,26,0.615,0.31162297732997796,0.083,0.978,26,0.7624615384615384,0.26390698827719294,0.188,1.0,26,0.13046153846153846,0.13609415292928076,0.0,0.533,26,0.066,0.16000849977423076,0.0,0.643,26,0.2696923076923077,0.23361537093791912,0.0,1.0,26,0.1103076923076923,0.21841625749577695,0.0,1.0,26,0.3384615384615385,0.23817375686993408,0.0,0.824,26,0.14496153846153847,0.12371304887334426,0.0,0.5,26
638,0.33233333333333337,0.25166878326599873,0.0,0.769,18,0.6387222222222222,0.26170522383591527,0.231,1.0,18,0.6737777777777778,0.3163517319387608,0.0,1.0,18,0.23411111111111113,0.284077845356202,0.0,0.907,18,0.15305555555555556,0.23832885639563178,0.0,0.75,18,0.2386111111111111,0.2131547736184669,0.0,0.75,18,0.04516666666666666,0.12622214311191485,0.0,0.5,18,0.34455555555555556,0.25234435441002917,0.0,1.0,18,0.1453888888888889,0.13588063052412577,0.0,0.375,18
639,0.5798260869565217,0.22202019813396856,0.261,0.923,23,0.37656521739130433,0.20526520009865648,0.051,0.722,23,0.28395652173913044,0.33167323435476637,0.0,1.0,23,0.15239130434782608,0.23045246781266765,0.0,1.0,23,0.06030434782608696,0.11187226270195545,0.0,0.375,23,0.1756086956521739,0.21967491252684246,0.0,1.0,23,0.03482608695652174,0.10849618852706848,0.0,0.5,23,0.4427391304347826,0.27033972186378996,0.0,1.0,23,0.06,0.09552153493513196,0.0,0.273,23
640,0.6071428571428571,0.23125805005293484,0.176,0.932,14,0.34035714285714286,0.23506876478133834,0.023,0.735,14,0.36514285714285716,0.33501248131579014,0.0,0.84,14,0.3447142857142857,0.36172438053375316,0.0,0.939,14,0.05385714285714286,0.11479805489028726,0.0,0.4,14,0.10185714285714287,0.10473472507894714,0.0,0.333,14,0.05357142857142857,0.1371690222292944,0.0,0.417,14,0.38371428571428573,0.2658855822664006,0.0,0.778,14,0.04807142857142858,0.08357996105592472,0.0,0.222,14
641,0.5443333333333333,0.24631535078537087,0.065,0.932,42,0.4253095238095238,0.25363479488307095,0.023,0.909,42,0.25361904761904763,0.34560565095177853,0.0,1.0,42,0.13947619047619048,0.23776758872594092,0.0,1.0,42,0.0943095238095238,0.20954299728686435,0.0,0.846,42,0.13926190476190475,0.25895211531391604,0.0,1.0,42,0.17388095238095239,0.2881745915900554,0.0,1.0,42,0.10502380952380953,0.2039663396542744,0.0,1.0,42,0.3069047619047619,0.2971635674682038,0.0,1.0,42
642,0.5746666666666667,0.2423886342219866,0.102,0.86,9,0.381,0.23643127965647864,0.14,0.878,9,0.3552222222222222,0.3096363906979353,0.0,1.0,9,0.2843333333333333,0.3288882789033382,0.0,0.824,9,0.03866666666666666,0.04697339672623218,0.0,0.107,9,0.24222222222222223,0.12172076422880546,0.107,0.5,9,0.01311111111111111,0.03933333333333333,0.0,0.118,9,0.4112222222222222,0.197173006378775,0.0,0.621,9,0.08766666666666667,0.08336666000266534,0.0,0.235,9
643,0.42869999999999997,0.26491132688337643,0.129,0.907,10,0.5293,0.24675496167475766,0.093,0.839,10,0.4819,0.23075646132761796,0.0,0.769,10,0.3875,0.27421615561450785,0.125,0.872,10,0.028800000000000003,0.054909622714663285,0.0,0.167,10,0.1906,0.13876534950131544,0.062,0.5,10,0.032,0.05014866786754049,0.0,0.143,10,0.5701,0.21401996272414506,0.25,0.812,10,0.1443,0.10683949540211138,0.0,0.286,10
644,0.7948235294117647,0.17862398890340767,0.255,0.946,17,0.16076470588235292,0.18171940231155995,0.047,0.745,17,0.10570588235294118,0.2511132126914777,0.0,1.0,17,0.1355294117647059,0.29822498169315453,0.0,1.0,17,0.1141764705882353,0.1617448744528392,0.0,0.5,17,0.16305882352941178,0.29788661236035674,0.0,1.0,17,0.08823529411764706,0.24907918655815178,0.0,1.0,17,0.04623529411764706,0.10321550841065788,0.0,0.286,17,0.43764705882352944,0.35873875264188954,0.0,1.0,17
645,0.803608695652174,0.09209912601028149,0.615,0.951,23,0.1535217391304348,0.0917708953492423,0.043,0.365,23,0.136,0.16545666831804964,0.0,0.5,23,0.0681304347826087,0.13213054988699144,0.0,0.4,23,0.18121739130434783,0.2788192566262464,0.0,0.973,23,0.12639130434782608,0.24634966633378416,0.0,1.0,23,0.16334782608695653,0.31015840655083043,0.0,1.0,23,0.07608695652173914,0.18279718344843238,0.0,0.667,23,0.44130434782608696,0.33070124319839567,0.0,1.0,23
646,0.45625,0.24012600858715827,0.034,0.763,8,0.5325,0.2462263766768877,0.211,0.966,8,0.4985,0.32826731267585657,0.0,0.982,8,0.294,0.22089234611327885,0.0,0.625,8,0.12225,0.1734727232572479,0.0,0.5,8,0.038875,0.07581073708349535,0.0,0.2,8,0.20475000000000002,0.18829365363707828,0.0,0.5,8,0.05625,0.10500850305706541,0.0,0.25,8,0.336375,0.19815141216468066,0.0,0.562,8
647,0.5734545454545454,0.24899171216583238,0.19,0.85,11,0.39618181818181814,0.24276524388051032,0.122,0.786,11,0.4741818181818182,0.25395267991569537,0.0,0.947,11,0.27372727272727276,0.25295892587892244,0.0,0.6,11,0.109,0.21187118728132903,0.0,0.556,11,0.1491818181818182,0.1650816877680975,0.0,0.5,11,0.2058181818181818,0.2794830292457194,0.0,0.778,11,0.06245454545454546,0.10523912165764558,0.0,0.333,11,0.45254545454545453,0.3316966576968673,0.0,1.0,11
648,0.6607272727272727,0.26515810035112675,0.25,0.933,11,0.2867272727272727,0.2650841718809672,0.023,0.636,11,0.13899999999999998,0.3023746021080474,0.0,1.0,11,0.09036363636363637,0.1441084818650677,0.0,0.36,11,0.05372727272727273,0.1505085319236693,0.0,0.5,11,0.049272727272727274,0.10002908667891645,0.0,0.25,11,0.3140909090909091,0.4310557863074,0.0,1.0,11,0.02654545454545455,0.07517494747103405,0.0,0.25,11,0.5747272727272728,0.3365246174974695,0.0,1.0,11
649,0.501090909090909,0.31070772585999673,0.025,0.848,11,0.47963636363636364,0.317029106779574,0.152,0.975,11,0.4116363636363636,0.3571328247941577,0.0,1.0,11,0.3386363636363636,0.360509160140841,0.0,0.889,11,0.10418181818181817,0.15563728228276036,0.0,0.417,11,0.06363636363636363,0.15666989036012807,0.0,0.5,11,0.3090909090909091,0.37819848083921614,0.0,0.975,11,0.15836363636363637,0.31873100656424147,0.0,1.0,11,0.4715454545454545,0.2332639550536532,0.0,0.8,11
650,0.4395,0.2860139856720296,0.0,0.881,16,0.539375,0.2902956825950626,0.071,1.0,16,0.4293125,0.3866179369437826,0.0,1.0,16,0.2175625,0.3052629399386699,0.0,0.931,16,0.0545625,0.1295499742699061,0.0,0.444,16,0.1765625,0.3070311534138949,0.0,1.0,16,0.2436875,0.32517579220067,0.0,1.0,16,0.065,0.13394824871320019,0.0,0.444,16,0.32075000000000004,0.1855181931779199,0.0,0.677,16
651,0.5624166666666667,0.2215439452952161,0.238,0.829,12,0.41375,0.23303691670088356,0.122,0.762,12,0.30491666666666667,0.3011243954168302,0.0,0.909,12,0.17516666666666666,0.2890353338995498,0.0,1.0,12,0.025833333333333333,0.06621841728612055,0.0,0.219,12,0.045750000000000006,0.09985364289799346,0.0,0.333,12,0.3293333333333333,0.2711780137686593,0.0,0.875,12,0.22216666666666665,0.24959233428399463,0.0,0.667,12,0.35841666666666666,0.20706409123454478,0.0,0.636,12
652,0.8774444444444445,0.042632473277746614,0.784,0.93,9,0.07644444444444444,0.020050630358614114,0.044,0.1,9,0.22211111111111112,0.220416335853564,0.0,0.5,9,0.09255555555555556,0.18834483740675714,0.0,0.5,9,0.1111111111111111,0.23576123750759184,0.0,0.667,9,0.17588888888888887,0.3344691482201477,0.0,1.0,9,0.06477777777777777,0.1302034732426307,0.0,0.333,9,0.018555555555555558,0.05566666666666667,0.0,0.167,9,0.5276666666666666,0.25354437481435077,0.25,1.0,9
653,0.6034999999999999,0.2919173072733343,0.178,0.951,8,0.378875,0.3046855228873582,0.0,0.8,8,0.36875,0.34258502594246587,0.0,0.833,8,0.4715,0.3946083048869021,0.0,1.0,8,0.0,0.0,0.0,0.0,8,0.114625,0.17219419062707744,0.0,0.5,8,0.27075,0.3203421162266545,0.0,0.833,8,0.083375,0.23582011152571364,0.0,0.667,8,0.32925,0.23407675786251947,0.0,0.593,8
654,0.636375,0.25625036585339733,0.024,0.898,16,0.3231875,0.28185627986617573,0.048,0.976,16,0.4044375,0.3647664035607811,0.0,0.972,16,0.285375,0.2880853750771346,0.0,0.976,16,0.1155,0.1560307661969267,0.0,0.5,16,0.25975000000000004,0.30530367395976965,0.0,1.0,16,0.1559375,0.2785183342259536,0.0,1.0,16,0.08106250000000001,0.1428950518154262,0.0,0.4,16,0.456125,0.2581169954368238,0.0,0.875,16
655,0.6885,0.1834183352729102,0.382,0.953,8,0.25937499999999997,0.21157567879400235,0.047,0.618,8,0.125,0.194119992346413,0.0,0.5,8,0.2865,0.42812081071985814,0.0,1.0,8,0.072875,0.13674944502368452,0.0,0.333,8,0.007375,0.02085965004500315,0.0,0.059,8,0.36212500000000003,0.3967192017031694,0.0,0.938,8,0.132375,0.35118083965794195,0.0,1.0,8,0.626,0.282162060829284,0.0,0.857,8
656,0.7574444444444445,0.23777411082323024,0.319,0.936,9,0.20111111111111113,0.24700224920253483,0.058,0.638,9,0.058333333333333334,0.12100000000000001,0.0,0.333,9,0.17844444444444443,0.3309075063787127,0.0,0.962,9,0.1481111111111111,0.3379084359868974,0.0,1.0,9,0.127,0.330773336289369,0.0,1.0,9,0.21366666666666667,0.42441842561321486,0.0,1.0,9,0.0,0.0,0.0,0.0,9,0.7108888888888889,0.25168454682620284,0.333,1.0,9
657,0.7458888888888889,0.20618040913508517,0.225,0.903,9,0.2182222222222222,0.2197025135141709,0.065,0.775,9,0.14400000000000002,0.19698350184723593,0.0,0.571,9,0.1482222222222222,0.25289561966243,0.0,0.6,9,0.008555555555555556,0.025666666666666667,0.0,0.077,9,0.057444444444444444,0.11481410095357529,0.0,0.286,9,0.35055555555555556,0.42357942322282105,0.0,1.0,9,0.13077777777777777,0.3293325742231467,0.0,1.0,9,0.727,0.22969164111913173,0.5,1.0,9
658,0.6842222222222222,0.27868251549827167,0.222,0.93,9,0.27955555555555556,0.28226410997110096,0.047,0.778,9,0.16444444444444445,0.25897640390154814,0.0,0.682,9,0.33488888888888885,0.41012816425004406,0.0,1.0,9,0.04,0.06664645526957905,0.0,0.182,9,0.16666666666666666,0.3535533905932738,0.0,1.0,9,0.159,0.33716761410313417,0.0,1.0,9,0.08544444444444445,0.16178080163535408,0.0,0.5,9,0.4748888888888889,0.3392939155232689,0.0,1.0,9
659,0.458,0.30112930302920893,0.032,0.841,15,0.5200666666666667,0.30194026530014806,0.136,0.968,15,0.4124,0.42928076060845244,0.0,1.0,15,0.2476,0.31047309522266636,0.0,1.0,15,0.1002,0.261138769896117,0.0,1.0,15,0.13393333333333332,0.19145214495931825,0.0,0.5,15,0.16213333333333332,0.3271807859069152,0.0,1.0,15,0.15919999999999998,0.27957166216502394,0.0,1.0,15,0.27786666666666665,0.290396494141241,0.0,0.778,15
660,0.8325454545454545,0.1109011845169957,0.596,0.962,11,0.13172727272727272,0.10654772724848796,0.021,0.404,11,0.19845454545454544,0.24498218859189078,0.0,0.6,11,0.009090909090909092,0.03015113445777636,0.0,0.1,11,0.12281818181818181,0.24748447150551414,0.0,0.688,11,0.09536363636363636,0.17663480558897374,0.0,0.5,11,0.09418181818181819,0.17225667951160453,0.0,0.5,11,0.0,0.0,0.0,0.0,11,0.7256363636363636,0.3095229467187442,0.0,1.0,11
661,0.688,0.2432197223362722,0.083,0.884,13,0.2818461538461538,0.2549793606529249,0.047,0.917,13,0.39330769230769225,0.2966609694065445,0.0,0.953,13,0.2827692307692308,0.2809445834579463,0.0,0.8,13,0.08207692307692309,0.13702582575221695,0.0,0.4,13,0.028846153846153848,0.07489308618940975,0.0,0.25,13,0.25,0.38188130791298663,0.0,1.0,13,0.1916923076923077,0.36581151444776056,0.0,1.0,13,0.5556923076923077,0.2906132552079552,0.0,0.857,13
662,0.8474999999999999,0.05043642863380923,0.783,0.922,10,0.1131,0.04103507984368712,0.059,0.174,10,0.08330000000000001,0.14153056207052953,0.0,0.333,10,0.13520000000000001,0.17663005910030655,0.0,0.4,10,0.0341,0.0810712306829275,0.0,0.25,10,0.2091,0.34497228552128323,0.0,1.0,10,0.0091,0.02877672670753225,0.0,0.091,10,0.12050000000000001,0.20393966972830196,0.0,0.5,10,0.5797000000000001,0.11965417762126912,0.333,0.667,10
663,0.5965,0.26516679387025177,0.208,0.909,8,0.34825,0.27592170214444117,0.044,0.771,8,0.30925,0.2799340483552714,0.0,0.771,8,0.124375,0.31846145202923926,0.0,0.909,8,0.15837500000000002,0.28214177667062557,0.0,0.8,8,0.08750000000000001,0.09910312089651149,0.0,0.2,8,0.230875,0.27104529800649296,0.0,0.714,8,0.025,0.07071067811865477,0.0,0.2,8,0.4735,0.22751703232944998,0.0,0.75,8
664,0.6487777777777778,0.2999107274580962,0.073,0.902,9,0.3147777777777778,0.2982774621798376,0.065,0.878,9,0.20366666666666666,0.35134882951277924,0.0,1.0,9,0.07144444444444445,0.1675224694713452,0.0,0.5,9,0.10222222222222221,0.2199305445917971,0.0,0.63,9,0.15166666666666667,0.3256059735324277,0.0,1.0,9,0.1,0.16154643295350105,0.0,0.4,9,0.08844444444444445,0.16737989060152292,0.0,0.5,9,0.23555555555555557,0.3004571979130768,0.0,0.667,9
665,0.8341999999999999,0.07800750879608596,0.644,0.917,15,0.11826666666666667,0.07189721499341628,0.023,0.289,15,0.09326666666666666,0.16084307643817075,0.0,0.4,15,0.06513333333333333,0.1072619401722895,0.0,0.333,15,0.17833333333333334,0.2341146442806743,0.0,0.526,15,0.23066666666666666,0.4052425493572014,0.0,1.0,15,0.0852,0.20673039723963466,0.0,0.667,15,0.07773333333333333,0.16499803750636668,0.0,0.5,15,0.6365999999999999,0.311674234692938,0.0,1.0,15
666,0.744157894736842,0.21560361344062617,0.045,0.953,19,0.2221578947368421,0.19973461925428695,0.023,0.909,19,0.1628947368421053,0.24868831334218833,0.0,0.784,19,0.27063157894736845,0.3033562647973713,0.0,0.919,19,0.04194736842105263,0.11666117781574437,0.0,0.472,19,0.07505263157894737,0.1446860485035753,0.0,0.5,19,0.307421052631579,0.3651461375317915,0.0,1.0,19,0.03531578947368421,0.11579294386081225,0.0,0.5,19,0.6196842105263158,0.3011642321671717,0.0,1.0,19
667,0.7765,0.14797616174385805,0.486,0.878,10,0.1772,0.15810741777524404,0.068,0.486,10,0.0622,0.10033034325555644,0.0,0.222,10,0.06670000000000001,0.21092391993323092,0.0,0.667,10,0.0333,0.07195685435654403,0.0,0.2,10,0.1016,0.1519694413726362,0.0,0.4,10,0.2029,0.30137110751438073,0.0,0.846,10,0.05,0.10801234497346433,0.0,0.3,10,0.4165,0.2911132845550757,0.0,1.0,10
668,0.48100000000000004,0.2683894727646915,0.062,0.872,12,0.48433333333333334,0.2748038418857195,0.085,0.906,12,0.42791666666666667,0.4055244546674508,0.0,1.0,12,0.16941666666666666,0.24943261372137923,0.0,0.724,12,0.11391666666666667,0.24100187035612713,0.0,0.724,12,0.1115,0.26592873276329304,0.0,0.9,12,0.3055833333333333,0.45967527240499473,0.0,1.0,12,0.1845,0.3858064752743743,0.0,1.0,12,0.2011666666666667,0.24184474107964143,0.0,0.667,12
669,0.40346666666666664,0.29271094143898213,0.0,0.756,15,0.5601333333333333,0.30292075028360294,0.19,1.0,15,0.5469333333333334,0.408864536886986,0.0,1.0,15,0.4407333333333333,0.31784710310522096,0.0,1.0,15,0.028733333333333333,0.07148373108284017,0.0,0.261,15,0.27580000000000005,0.3195130670254348,0.0,1.0,15,0.19366666666666668,0.28158623816481076,0.0,1.0,15,0.22446666666666668,0.25356314138034075,0.0,0.824,15,0.3212,0.23781030855945431,0.0,0.778,15
670,0.7058333333333333,0.22848926201715228,0.0,0.921,36,0.2461388888888889,0.24043260448946457,0.042,1.0,36,0.14069444444444443,0.2478386363796809,0.0,0.976,36,0.1966388888888889,0.28858949122316363,0.0,1.0,36,0.11808333333333335,0.21372149768197996,0.0,0.711,36,0.11747222222222223,0.2616649423661719,0.0,1.0,36,0.22611111111111112,0.3338783163949557,0.0,1.0,36,0.04247222222222222,0.10921158654154163,0.0,0.5,36,0.629,0.23418722668595132,0.0,1.0,36
671,0.37546666666666667,0.2574584201288396,0.0,0.86,15,0.6062,0.261732469736343,0.093,0.955,15,0.30893333333333334,0.3822412227650916,0.0,0.929,15,0.24353333333333332,0.3204440817425242,0.0,1.0,15,0.016066666666666667,0.04835355898655927,0.0,0.182,15,0.21486666666666665,0.3221401351379034,0.0,1.0,15,0.045200000000000004,0.09292869770497625,0.0,0.278,15,0.099,0.14622145631101574,0.0,0.5,15,0.24213333333333334,0.31371389756242796,0.0,1.0,15
672,0.7244545454545455,0.24525837952508925,0.2,0.917,11,0.23099999999999998,0.248108847081276,0.07,0.743,11,0.07,0.16703293088490065,0.0,0.52,11,0.1759090909090909,0.29487979060812375,0.0,0.905,11,0.08690909090909091,0.15766321989954066,0.0,0.5,11,0.12727272727272726,0.20045403009622476,0.0,0.5,11,0.3100909090909091,0.41633867332868674,0.0,1.0,11,0.07272727272727274,0.1848832555474351,0.0,0.6,11,0.5159090909090909,0.24858135672067386,0.0,0.833,11
673,0.6155333333333334,0.299657630034837,0.0,0.959,15,0.3574,0.3093559669470015,0.0,0.972,15,0.24666666666666667,0.33444637978662733,0.0,1.0,15,0.22,0.26737373522041075,0.0,0.75,15,0.0788,0.1087718450965795,0.0,0.3,15,0.17893333333333333,0.29324111645700773,0.0,1.0,15,0.30706666666666665,0.33779885533652515,0.0,1.0,15,0.10993333333333334,0.2306702862363962,0.0,0.8,15,0.466,0.23753586195411783,0.0,0.923,15
674,0.5714444444444444,0.35730662762365717,0.0,0.929,18,0.3997777777777778,0.35300950754661076,0.056,0.979,18,0.41233333333333333,0.40645902767249564,0.0,1.0,18,0.16577777777777777,0.19195390241824925,0.0,0.565,18,0.08327777777777778,0.1865651772423705,0.0,0.75,18,0.10783333333333334,0.146587957935721,0.0,0.375,18,0.22499999999999998,0.28214514412433395,0.0,0.8,18,0.12016666666666669,0.17017197184025343,0.0,0.5,18,0.4221111111111111,0.27656929540966524,0.0,1.0,18
675,0.6257272727272727,0.2650136188610279,0.15,0.909,11,0.3468181818181818,0.2569322160344312,0.091,0.8,11,0.27881818181818185,0.3166110605085736,0.0,0.844,11,0.1360909090909091,0.15764228781989595,0.0,0.406,11,0.022727272727272728,0.07537783614444091,0.0,0.25,11,0.12945454545454546,0.18049009038524172,0.0,0.474,11,0.2218181818181818,0.31981957982019116,0.0,0.966,11,0.011363636363636364,0.037688918072220454,0.0,0.125,11,0.45809090909090905,0.2733976790484713,0.0,0.8,11
676,0.6291818181818182,0.232933388839736,0.192,0.875,11,0.3190909090909091,0.24728059145248524,0.05,0.731,11,0.17527272727272727,0.32618831705292295,0.0,0.895,11,0.11354545454545456,0.20710546281368997,0.0,0.6,11,0.055545454545454544,0.11900618776884136,0.0,0.385,11,0.10972727272727273,0.13313834226780122,0.0,0.333,11,0.07572727272727273,0.16009627785122982,0.0,0.5,11,0.021545454545454548,0.05049626448830376,0.0,0.154,11,0.12736363636363637,0.18917625259385637,0.0,0.5,11
677,0.5108181818181818,0.2511186246305989,0.0,0.9,11,0.464,0.2618564492236157,0.1,1.0,11,0.33336363636363636,0.45337010768846964,0.0,1.0,11,0.21518181818181817,0.36908124259621167,0.0,1.0,11,0.07572727272727273,0.17257119742824464,0.0,0.5,11,0.12118181818181818,0.211979630239237,0.0,0.5,11,0.045454545454545456,0.10772684311383458,0.0,0.333,11,0.303,0.40012373086334185,0.0,1.0,11,0.03681818181818182,0.12211209455399429,0.0,0.405,11
678,0.6692307692307692,0.2560475717017425,0.171,0.911,13,0.2694615384615385,0.26506842367730116,0.023,0.805,13,0.21376923076923077,0.36004262568158835,0.0,1.0,13,0.20384615384615384,0.275088726945158,0.0,0.75,13,0.11876923076923077,0.21213955856391403,0.0,0.56,13,0.18653846153846151,0.17980480869756854,0.0,0.5,13,0.09576923076923077,0.2773073366760407,0.0,1.0,13,0.22846153846153847,0.29361187969398633,0.0,1.0,13,0.4333076923076923,0.2851673148099155,0.0,0.8,13
679,0.6785454545454546,0.2724203970470507,0.019,0.913,11,0.28463636363636363,0.2805064251411267,0.022,0.962,11,0.2417272727272727,0.3444839882807591,0.0,0.98,11,0.2787272727272727,0.3774337268737628,0.0,0.961,11,0.10909090909090911,0.20762199042753374,0.0,0.533,11,0.024636363636363637,0.061939119669676815,0.0,0.2,11,0.4122727272727273,0.4060056873761969,0.0,1.0,11,0.04090909090909091,0.09170109546287279,0.0,0.25,11,0.46136363636363636,0.2722463122715431,0.0,0.75,11
680,0.553375,0.31376239303924597,0.024,0.86,8,0.41212499999999996,0.32126866260410236,0.093,0.951,8,0.179125,0.20846475378688978,0.0,0.5,8,0.025,0.07071067811865477,0.0,0.2,8,0.125,0.3535533905932738,0.0,1.0,8,0.166625,0.35632606957271995,0.0,1.0,8,0.125,0.3535533905932738,0.0,1.0,8,0.08837500000000001,0.23421841912442085,0.0,0.667,8,0.216625,0.34131633316575155,0.0,1.0,8
681,0.40164285714285713,0.20899819916149337,0.086,0.788,14,0.5719285714285715,0.21718282418478474,0.152,0.914,14,0.20164285714285715,0.2791899290510252,0.0,0.714,14,0.22157142857142856,0.33082710201640286,0.0,1.0,14,0.07142857142857142,0.2672612419124244,0.0,1.0,14,0.21857142857142858,0.2279445662320672,0.0,0.636,14,0.17857142857142858,0.34624018215144203,0.0,1.0,14,0.157,0.28896845715539476,0.0,1.0,14,0.17835714285714285,0.2988162819018909,0.0,1.0,14
682,0.83904,0.08135850703317182,0.632,0.978,25,0.10164,0.05248323541856009,0.022,0.263,25,0.01372,0.04819363720105245,0.0,0.2,25,0.02,0.09999999999999999,0.0,0.5,25,0.14276,0.21435101274933757,0.0,0.649,25,0.06716,0.16250376405896982,0.0,0.5,25,0.05444,0.14444262990313259,0.0,0.5,25,0.05107999999999999,0.11295386964007327,0.0,0.5,25,0.56808,0.28634971625618905,0.0,1.0,25
683,0.8314999999999999,0.10503359250999447,0.583,0.933,10,0.088,0.045264653858047885,0.024,0.167,10,0.0533,0.11665719009130986,0.0,0.333,10,0.02,0.06324555320336758,0.0,0.2,10,0.1923,0.11585244446660972,0.0,0.333,10,0.0393,0.08090055624036216,0.0,0.25,10,0.0,0.0,0.0,0.0,10,0.0222,0.046801709370492016,0.0,0.111,10,0.5158,0.2632104354567526,0.0,1.0,10
684,0.852625,0.08265234851040666,0.694,0.936,8,0.10550000000000001,0.0835310036539043,0.019,0.278,8,0.025,0.07071067811865475,0.0,0.2,8,0.0625,0.1767766952966369,0.0,0.5,8,0.10675,0.20757287876791614,0.0,0.6,8,0.080375,0.17678391773978924,0.0,0.5,8,0.0,0.0,0.0,0.0,8,0.041625,0.11773327906756016,0.0,0.333,8,0.6375,0.3614510439089326,0.0,1.0,8
685,0.8462500000000001,0.11614442637413892,0.479,0.977,28,0.10664285714285714,0.10117649203091862,0.0,0.479,28,0.12175,0.21392221241134118,0.0,0.8,28,0.05678571428571428,0.11788297937105606,0.0,0.5,28,0.08457142857142856,0.12611735527510598,0.0,0.455,28,0.08296428571428571,0.21415803824259164,0.0,1.0,28,0.15660714285714286,0.32072144822960835,0.0,1.0,28,0.08225,0.2154042925738929,0.0,1.0,28,0.5493214285714286,0.3511790778349341,0.0,1.0,28
686,0.7519166666666667,0.21554015396443996,0.104,0.913,24,0.19662500000000002,0.2201607737639651,0.028,0.826,24,0.09445833333333332,0.1763920976162177,0.0,0.75,24,0.2434166666666667,0.3106012285687322,0.0,1.0,24,0.04633333333333334,0.10316287951654377,0.0,0.375,24,0.05441666666666667,0.12654434406362364,0.0,0.4,24,0.19725,0.30172262672570793,0.0,1.0,24,0.050375,0.12182018555516838,0.0,0.4,24,0.5483333333333333,0.2555054099089756,0.0,1.0,24
687,0.7708695652173914,0.18292802964997065,0.022,0.955,23,0.1826521739130435,0.1903443312181308,0.023,0.956,23,0.10891304347826086,0.23765443075713533,0.0,1.0,23,0.1379130434782609,0.24970235245614802,0.0,0.905,23,0.16678260869565217,0.1995768151322691,0.0,0.64,23,0.11008695652173914,0.2045607073803583,0.0,0.727,23,0.13282608695652173,0.29747981630140785,0.0,1.0,23,0.02665217391304348,0.08004294795787172,0.0,0.333,23,0.6716521739130435,0.30363968010780207,0.0,1.0,23
688,0.843625,0.09163271016088397,0.625,0.909,8,0.09475,0.06220186033047106,0.029,0.234,8,0.040875,0.08869117768977927,0.0,0.25,8,0.03125,0.08838834764831845,0.0,0.25,8,0.14225,0.21143371132748506,0.0,0.61,8,0.141125,0.3482886477375586,0.0,1.0,8,0.0,0.0,0.0,0.0,8,0.079875,0.1727859431286502,0.0,0.5,8,0.62975,0.325524521788627,0.0,1.0,8
689,0.8688750000000001,0.050095444617535546,0.795,0.926,8,0.08825,0.04733995594179856,0.025,0.159,8,0.1145,0.16008747608729423,0.0,0.333,8,0.020875,0.05904341622907672,0.0,0.167,8,0.179625,0.2615841506229742,0.0,0.75,8,0.025,0.07071067811865475,0.0,0.2,8,0.125,0.3535533905932738,0.0,1.0,8,0.125,0.3535533905932738,0.0,1.0,8,0.649625,0.2821053184792618,0.25,1.0,8
690,0.8382499999999999,0.07818756585637805,0.617,0.895,12,0.07708333333333332,0.044438841187193504,0.02,0.152,12,0.06941666666666667,0.1659860116413611,0.0,0.5,12,0.18058333333333332,0.34424686130036325,0.0,1.0,12,0.207,0.2214953313688165,0.0,0.565,12,0.0,0.0,0.0,0.0,12,0.020833333333333332,0.07216878364870323,0.0,0.25,12,0.04508333333333333,0.08058474741011176,0.0,0.25,12,0.5809166666666666,0.3707791448321011,0.0,1.0,12
691,0.8696153846153846,0.043415700811147526,0.804,0.952,13,0.08176923076923076,0.04017286365644071,0.022,0.157,13,0.13738461538461538,0.30089132547082464,0.0,1.0,13,0.08792307692307692,0.1870723841807682,0.0,0.5,13,0.15061538461538462,0.20765738547807477,0.0,0.7,13,0.13976923076923076,0.2976334865361966,0.0,1.0,13,0.1406923076923077,0.3009311617339821,0.0,1.0,13,0.009615384615384616,0.034668762264076815,0.0,0.125,13,0.5743846153846154,0.39274239616266254,0.0,1.0,13
692,0.8503333333333333,0.07402049265800202,0.6,0.952,21,0.10023809523809524,0.06973944705968407,0.024,0.333,21,0.12423809523809523,0.24239882523682016,0.0,1.0,21,0.073,0.1438714704171748,0.0,0.5,21,0.1709047619047619,0.2074658778599278,0.0,0.562,21,0.09442857142857142,0.2365759014414975,0.0,1.0,21,0.0839047619047619,0.17972253747427022,0.0,0.5,21,0.1398095238095238,0.3075466824805007,0.0,1.0,21,0.6220952380952381,0.3383209873421844,0.0,1.0,21
693,0.877,0.05711173259497561,0.787,0.976,9,0.08477777777777779,0.040474614815269636,0.02,0.128,9,0.05,0.1,0.0,0.25,9,0.022222222222222223,0.06666666666666667,0.0,0.2,9,0.11377777777777778,0.19262838431665372,0.0,0.524,9,0.2573333333333333,0.37327838137240144,0.0,1.0,9,0.1111111111111111,0.3333333333333333,0.0,1.0,9,0.22966666666666669,0.35877708956955434,0.0,1.0,9,0.5815555555555556,0.30019081894318117,0.0,1.0,9
694,0.8835172413793103,0.055034807615372716,0.745,0.977,29,0.08206896551724138,0.03723183261143496,0.023,0.17,29,0.08044827586206897,0.15663665558202267,0.0,0.5,29,0.021551724137931036,0.06738884297593681,0.0,0.25,29,0.13344827586206898,0.1815916899858614,0.0,0.55,29,0.11362068965517241,0.20341151354425477,0.0,0.8,29,0.16355172413793104,0.2923733652866896,0.0,1.0,29,0.07148275862068966,0.13812536249200144,0.0,0.5,29,0.6373448275862069,0.3526886805934083,0.0,1.0,29
695,0.8371111111111111,0.06164909659606628,0.714,0.932,9,0.08555555555555555,0.04712778137975284,0.024,0.184,9,0.11477777777777777,0.1402335353773998,0.0,0.333,9,0.041666666666666664,0.08838834764831845,0.0,0.25,9,0.12955555555555553,0.20501957901082954,0.0,0.615,9,0.06866666666666667,0.16639110553151573,0.0,0.5,9,0.1111111111111111,0.33333333333333337,0.0,1.0,9,0.004222222222222222,0.012666666666666666,0.0,0.038,9,0.6268888888888889,0.31162575489055955,0.0,1.0,9
696,0.8423888888888889,0.0523900966044368,0.765,0.933,18,0.08094444444444444,0.040395795095998645,0.0,0.156,18,0.04627777777777778,0.11143914485734334,0.0,0.333,18,0.0,0.0,0.0,0.0,18,0.11983333333333333,0.17366880244067,0.0,0.5,18,0.04922222222222222,0.09913659949522742,0.0,0.333,18,0.03705555555555556,0.09137863839845478,0.0,0.333,18,0.008833333333333334,0.026652998948358073,0.0,0.1,18,0.4861111111111111,0.28865242459092944,0.0,1.0,18
697,0.8424375,0.058861383775782934,0.733,0.953,16,0.076125,0.046811501435722686,0.0,0.152,16,0.06668750000000001,0.17392209702430955,0.0,0.667,16,0.0333125,0.09421020379980079,0.0,0.333,16,0.235125,0.28822627106725257,0.0,1.0,16,0.039,0.07888134549224339,0.0,0.25,16,0.0338125,0.07852321843463456,0.0,0.25,16,0.08524999999999999,0.26028381944843726,0.0,1.0,16,0.32375,0.30490971341256634,0.0,1.0,16
